{
  "type": "FeatureCollection",
  "features": [
    {
      "type": "Feature",
      "id": "1232",
      "properties": {
        "name": "B° El Primaveral",
        "fullName": "Barrio Popular El Primaveral",
        "idRenabap": "1232",
        "familias": "707",
        "tipo": "Asentamiento",
        "decada": "Década 1980",
        "electricidad": "Conexión irregular a la red",
        "cloacas": "Desagüe a cámara séptica y pozo ciego",
        "agua": "Conexión formal a la red de agua con factura",
        "gas": "Gas en garrafa",
        "isRenabap": true,
        "color": "#ea580c",
        "center": [
          -34.466202,
          -58.722611
        ],
        "description": "Asentamiento con 707 familias estimadas (RENABAP oficial). Electricidad: Conexión irregular a la red. Cloacas: Desagüe a cámara séptica y pozo ciego. Agua: Conexión formal a la red de agua con factura."
      },
      "geometry": {
        "type": "MultiPolygon",
        "coordinates": [
          [
            [
              [
                -58.714682628001,
                -34.463373653871
              ],
              [
                -58.717420497958,
                -34.464676897421
              ],
              [
                -58.717911243,
                -34.464072584
              ],
              [
                -58.717857946187,
                -34.463967299951
              ],
              [
                -58.717246056,
                -34.463639142
              ],
              [
                -58.717663364373,
                -34.46314743031
              ],
              [
                -58.717819535,
                -34.463224996
              ],
              [
                -58.717629738,
                -34.463467099
              ],
              [
                -58.718337744,
                -34.463846164
              ],
              [
                -58.717534051755,
                -34.464878804213
              ],
              [
                -58.717918295193,
                -34.465060506837
              ],
              [
                -58.717025421,
                -34.466162375
              ],
              [
                -58.717952613322,
                -34.466722529521
              ],
              [
                -58.717431940032,
                -34.467397038143
              ],
              [
                -58.71558634953,
                -34.466389067202
              ],
              [
                -58.716225703653,
                -34.465588335134
              ],
              [
                -58.716195402796,
                -34.465479650266
              ],
              [
                -58.713956840935,
                -34.46428483168
              ],
              [
                -58.714682628001,
                -34.463373653871
              ]
            ]
          ],
          [
            [
              [
                -58.727333857513,
                -34.464456183839
              ],
              [
                -58.72682897277,
                -34.465166600643
              ],
              [
                -58.72818216648,
                -34.465850794515
              ],
              [
                -58.725628478202,
                -34.469157314282
              ],
              [
                -58.723728136798,
                -34.468141281162
              ],
              [
                -58.723241762771,
                -34.468837287554
              ],
              [
                -58.721145193781,
                -34.467805540909
              ],
              [
                -58.720860700831,
                -34.468220428483
              ],
              [
                -58.720004501227,
                -34.467759626897
              ],
              [
                -58.722391279031,
                -34.464586392458
              ],
              [
                -58.723225867754,
                -34.465049011526
              ],
              [
                -58.724050199971,
                -34.464206197647
              ],
              [
                -58.724819198466,
                -34.464624969347
              ],
              [
                -58.725706327812,
                -34.463601515989
              ],
              [
                -58.727333857513,
                -34.464456183839
              ]
            ]
          ]
        ]
      }
    },
    {
      "type": "Feature",
      "id": "1072",
      "properties": {
        "name": "B° Bella Flor",
        "fullName": "Barrio Popular Bella Flor",
        "idRenabap": "1072",
        "familias": "154",
        "tipo": "Villa",
        "decada": "Década 1960",
        "electricidad": "Conexión irregular a la red",
        "cloacas": "Desagüe a cámara séptica y pozo ciego",
        "agua": "Bomba de agua de pozo domiciliaria",
        "gas": "Gas en garrafa",
        "isRenabap": true,
        "color": "#f97316",
        "center": [
          -34.478909,
          -58.707704
        ],
        "description": "Villa con 154 familias estimadas (RENABAP oficial). Electricidad: Conexión irregular a la red. Cloacas: Desagüe a cámara séptica y pozo ciego. Agua: Bomba de agua de pozo domiciliaria."
      },
      "geometry": {
        "type": "Polygon",
        "coordinates": [
          [
            [
              -58.708890215123,
              -34.478088815373
            ],
            [
              -58.707227834015,
              -34.480142144593
            ],
            [
              -58.706518646041,
              -34.479674946634
            ],
            [
              -58.707337081568,
              -34.478765266539
            ],
            [
              -58.707336486225,
              -34.478619888406
            ],
            [
              -58.70761285147,
              -34.478265474625
            ],
            [
              -58.707695202416,
              -34.478302655261
            ],
            [
              -58.708188787165,
              -34.477705453306
            ],
            [
              -58.708890215123,
              -34.478088815373
            ]
          ]
        ]
      }
    },
    {
      "type": "Feature",
      "id": "222",
      "properties": {
        "name": "B° La Hoya",
        "fullName": "Barrio Popular La Hoya",
        "idRenabap": "222",
        "familias": "154",
        "tipo": "Villa",
        "decada": "Década 1970",
        "electricidad": "Conexión a la red con medidor comunitario",
        "cloacas": "Desagüe sólo a pozo negro/ciego u hoyo",
        "agua": "Bomba de agua de pozo comunitaria",
        "gas": "Gas en garrafa",
        "isRenabap": true,
        "color": "#f97316",
        "center": [
          -34.480129,
          -58.687756
        ],
        "description": "Villa con 154 familias estimadas (RENABAP oficial). Electricidad: Conexión a la red con medidor comunitario. Cloacas: Desagüe sólo a pozo negro/ciego u hoyo. Agua: Bomba de agua de pozo comunitaria."
      },
      "geometry": {
        "type": "Polygon",
        "coordinates": [
          [
            [
              -58.687686991503,
              -34.479122924691
            ],
            [
              -58.688890131425,
              -34.479772492148
            ],
            [
              -58.6877701614,
              -34.48113343472
            ],
            [
              -58.686643639941,
              -34.480522976135
            ],
            [
              -58.687686991503,
              -34.479122924691
            ]
          ]
        ]
      }
    },
    {
      "type": "Feature",
      "id": "823",
      "properties": {
        "name": "B° Olivos II",
        "fullName": "Barrio Popular Olivos II",
        "idRenabap": "823",
        "familias": "13",
        "tipo": "Asentamiento",
        "decada": "Década 1990",
        "electricidad": "Conexión formal a la red con medidor domiciliario con factura",
        "cloacas": "Desagüe a cámara séptica y pozo ciego",
        "agua": "Bomba de agua de pozo domiciliaria",
        "gas": "Gas en garrafa",
        "isRenabap": true,
        "color": "#fb923c",
        "center": [
          -34.478193,
          -58.694509
        ],
        "description": "Asentamiento con 13 familias estimadas (RENABAP oficial). Electricidad: Conexión formal a la red con medidor domiciliario con factura. Cloacas: Desagüe a cámara séptica y pozo ciego. Agua: Bomba de agua de pozo domiciliaria."
      },
      "geometry": {
        "type": "Polygon",
        "coordinates": [
          [
            [
              -58.694496155773,
              -34.477920525212
            ],
            [
              -58.694773938367,
              -34.478078113414
            ],
            [
              -58.694442736943,
              -34.478521497169
            ],
            [
              -58.694317200578,
              -34.478492116318
            ],
            [
              -58.694456090976,
              -34.478310489238
            ],
            [
              -58.694269122822,
              -34.478217004711
            ],
            [
              -58.694496155773,
              -34.477920525212
            ]
          ]
        ]
      }
    },
    {
      "type": "Feature",
      "id": "633",
      "properties": {
        "name": "B° Los Olivos",
        "fullName": "Barrio Popular Los Olivos",
        "idRenabap": "633",
        "familias": "880",
        "tipo": "Asentamiento",
        "decada": "Década 1980",
        "electricidad": "Conexión formal a la red con medidor domiciliario con factura",
        "cloacas": "Desagüe a cámara séptica y pozo ciego",
        "agua": "Bomba de agua de pozo domiciliaria",
        "gas": "Gas en garrafa",
        "isRenabap": true,
        "color": "#ea580c",
        "center": [
          -34.478794,
          -58.696491
        ],
        "description": "Asentamiento con 880 familias estimadas (RENABAP oficial). Electricidad: Conexión formal a la red con medidor domiciliario con factura. Cloacas: Desagüe a cámara séptica y pozo ciego. Agua: Bomba de agua de pozo domiciliaria."
      },
      "geometry": {
        "type": "Polygon",
        "coordinates": [
          [
            [
              -58.696016610511,
              -34.480964841825
            ],
            [
              -58.694313922561,
              -34.480014151788
            ],
            [
              -58.696205949413,
              -34.477730989084
            ],
            [
              -58.696032114636,
              -34.477353454025
            ],
            [
              -58.696219374345,
              -34.477123886016
            ],
            [
              -58.696612926493,
              -34.477338094197
            ],
            [
              -58.696676222701,
              -34.47726253315
            ],
            [
              -58.696923773849,
              -34.477258519914
            ],
            [
              -58.696927097068,
              -34.476905876264
            ],
            [
              -58.697120419504,
              -34.476704955273
            ],
            [
              -58.69772254675,
              -34.47681243441
            ],
            [
              -58.697973332697,
              -34.476607474655
            ],
            [
              -58.698284848973,
              -34.476801908077
            ],
            [
              -58.698163378319,
              -34.477284706281
            ],
            [
              -58.698474057222,
              -34.477473132828
            ],
            [
              -58.698317327829,
              -34.477741713599
            ],
            [
              -58.698429222489,
              -34.477820686693
            ],
            [
              -58.698199602686,
              -34.478109350755
            ],
            [
              -58.697927008269,
              -34.477958373847
            ],
            [
              -58.698222195091,
              -34.477568121331
            ],
            [
              -58.697926627992,
              -34.477428535376
            ],
            [
              -58.697636542121,
              -34.477899227327
            ],
            [
              -58.698228721511,
              -34.478262149093
            ],
            [
              -58.696016610511,
              -34.480964841825
            ]
          ]
        ]
      }
    },
    {
      "type": "Feature",
      "id": "225",
      "properties": {
        "name": "B° Alvear",
        "fullName": "Barrio Popular Alvear",
        "idRenabap": "225",
        "familias": "132",
        "tipo": "Villa",
        "decada": "Década 1970",
        "electricidad": "Conexión irregular a la red",
        "cloacas": "Desagüe sólo a pozo negro/ciego u hoyo",
        "agua": "Bomba de agua de pozo domiciliaria",
        "gas": "Gas en garrafa",
        "isRenabap": true,
        "color": "#f97316",
        "center": [
          -34.483788,
          -58.671008
        ],
        "description": "Villa con 132 familias estimadas (RENABAP oficial). Electricidad: Conexión irregular a la red. Cloacas: Desagüe sólo a pozo negro/ciego u hoyo. Agua: Bomba de agua de pozo domiciliaria."
      },
      "geometry": {
        "type": "Polygon",
        "coordinates": [
          [
            [
              -58.672102566485,
              -34.483732513598
            ],
            [
              -58.67129410072,
              -34.484751733259
            ],
            [
              -58.66992333665,
              -34.483689326324
            ],
            [
              -58.670615484691,
              -34.482898135468
            ],
            [
              -58.672102566485,
              -34.483732513598
            ]
          ]
        ]
      }
    },
    {
      "type": "Feature",
      "id": "1302",
      "properties": {
        "name": "B° Teniente General Ibañez",
        "fullName": "Barrio Popular Teniente General Ibañez",
        "idRenabap": "1302",
        "familias": "44",
        "tipo": "Villa",
        "decada": "Década 2000",
        "electricidad": "Conexión irregular a la red",
        "cloacas": "Desagüe sólo a pozo negro/ciego u hoyo",
        "agua": "Bomba de agua de pozo domiciliaria",
        "gas": "Gas en garrafa",
        "isRenabap": true,
        "color": "#fb923c",
        "center": [
          -34.497626,
          -58.653587
        ],
        "description": "Villa con 44 familias estimadas (RENABAP oficial). Electricidad: Conexión irregular a la red. Cloacas: Desagüe sólo a pozo negro/ciego u hoyo. Agua: Bomba de agua de pozo domiciliaria."
      },
      "geometry": {
        "type": "MultiPolygon",
        "coordinates": [
          [
            [
              [
                -58.653935429606,
                -34.497317314873
              ],
              [
                -58.653799119094,
                -34.497489436949
              ],
              [
                -58.653984477912,
                -34.497670261949
              ],
              [
                -58.65384343667,
                -34.497695108064
              ],
              [
                -58.653832516,
                -34.497889566
              ],
              [
                -58.654143652,
                -34.498252093
              ],
              [
                -58.653998813,
                -34.498371461
              ],
              [
                -58.65370963094,
                -34.498094105886
              ],
              [
                -58.653638653276,
                -34.498147199994
              ],
              [
                -58.653485443503,
                -34.498028407792
              ],
              [
                -58.653528163833,
                -34.497974560587
              ],
              [
                -58.653286099,
                -34.497843145
              ],
              [
                -58.653581742315,
                -34.49759430851
              ],
              [
                -58.653294197261,
                -34.497298492423
              ],
              [
                -58.653618863039,
                -34.497052466651
              ],
              [
                -58.653935429606,
                -34.497317314873
              ]
            ]
          ],
          [
            [
              [
                -58.653054675,
                -34.497219771
              ],
              [
                -58.652893743,
                -34.497345773
              ],
              [
                -58.65263625,
                -34.497137981
              ],
              [
                -58.652797183,
                -34.4970164
              ],
              [
                -58.653054675,
                -34.497219771
              ]
            ]
          ]
        ]
      }
    },
    {
      "type": "Feature",
      "id": "205",
      "properties": {
        "name": "B° La Canchita",
        "fullName": "Barrio Popular La Canchita",
        "idRenabap": "205",
        "familias": "97",
        "tipo": "Asentamiento",
        "decada": "Década 1980",
        "electricidad": "Conexión irregular a la red",
        "cloacas": "Desagüe sólo a pozo negro/ciego u hoyo",
        "agua": "Bomba de agua de pozo comunitaria",
        "gas": "Gas en garrafa",
        "isRenabap": true,
        "color": "#fb923c",
        "center": [
          -34.502264,
          -58.661219
        ],
        "description": "Asentamiento con 97 familias estimadas (RENABAP oficial). Electricidad: Conexión irregular a la red. Cloacas: Desagüe sólo a pozo negro/ciego u hoyo. Agua: Bomba de agua de pozo comunitaria."
      },
      "geometry": {
        "type": "Polygon",
        "coordinates": [
          [
            [
              -58.662330416,
              -34.502462522
            ],
            [
              -58.661931176585,
              -34.502772507321
            ],
            [
              -58.660743937705,
              -34.502764741473
            ],
            [
              -58.660103783955,
              -34.502184018308
            ],
            [
              -58.660732462616,
              -34.501625654402
            ],
            [
              -58.661000972107,
              -34.501831900647
            ],
            [
              -58.661236167,
              -34.501883906
            ],
            [
              -58.661574125,
              -34.501609813
            ],
            [
              -58.662153482,
              -34.502118211
            ],
            [
              -58.662035465,
              -34.502224312
            ],
            [
              -58.662330416,
              -34.502462522
            ]
          ]
        ]
      }
    },
    {
      "type": "Feature",
      "id": "243",
      "properties": {
        "name": "B° Kilómetro 30",
        "fullName": "Barrio Popular Kilómetro 30",
        "idRenabap": "243",
        "familias": "84",
        "tipo": "Villa",
        "decada": "Década 1980",
        "electricidad": "Conexión irregular a la red",
        "cloacas": "Desagüe sólo a pozo negro/ciego u hoyo",
        "agua": "Bomba de agua de pozo comunitaria",
        "gas": "Gas en garrafa",
        "isRenabap": true,
        "color": "#fb923c",
        "center": [
          -34.504792,
          -58.661191
        ],
        "description": "Villa con 84 familias estimadas (RENABAP oficial). Electricidad: Conexión irregular a la red. Cloacas: Desagüe sólo a pozo negro/ciego u hoyo. Agua: Bomba de agua de pozo comunitaria."
      },
      "geometry": {
        "type": "Polygon",
        "coordinates": [
          [
            [
              -58.6611809651,
              -34.504250873998
            ],
            [
              -58.661777828069,
              -34.504668061165
            ],
            [
              -58.661161638364,
              -34.505342419438
            ],
            [
              -58.660626246109,
              -34.504884100879
            ],
            [
              -58.6611809651,
              -34.504250873998
            ]
          ]
        ]
      }
    },
    {
      "type": "Feature",
      "id": "1067",
      "properties": {
        "name": "B° San Calal",
        "fullName": "Barrio Popular San Calal",
        "idRenabap": "1067",
        "familias": "39",
        "tipo": "Villa",
        "decada": "Década 1960",
        "electricidad": "Conexión irregular a la red",
        "cloacas": "Desagüe sólo a pozo negro/ciego u hoyo",
        "agua": "Bomba de agua de pozo comunitaria",
        "gas": "Leña o carbón",
        "isRenabap": true,
        "color": "#fb923c",
        "center": [
          -34.50705,
          -58.658736
        ],
        "description": "Villa con 39 familias estimadas (RENABAP oficial). Electricidad: Conexión irregular a la red. Cloacas: Desagüe sólo a pozo negro/ciego u hoyo. Agua: Bomba de agua de pozo comunitaria."
      },
      "geometry": {
        "type": "Polygon",
        "coordinates": [
          [
            [
              -58.659222662,
              -34.507055443
            ],
            [
              -58.658885426,
              -34.507383174
            ],
            [
              -58.658244397761,
              -34.506945199961
            ],
            [
              -58.658438912,
              -34.506756958
            ],
            [
              -58.659222662,
              -34.507055443
            ]
          ]
        ]
      }
    },
    {
      "type": "Feature",
      "id": "1137",
      "properties": {
        "name": "B° Arroyo Basualdo",
        "fullName": "Barrio Popular Arroyo Basualdo",
        "idRenabap": "1137",
        "familias": "252",
        "tipo": "Villa",
        "decada": "Década 1970",
        "electricidad": "Conexión irregular a la red",
        "cloacas": "Desagüe sólo a pozo negro/ciego u hoyo",
        "agua": "Bomba de agua de pozo domiciliaria",
        "gas": "Gas en garrafa",
        "isRenabap": true,
        "color": "#f97316",
        "center": [
          -34.505837,
          -58.663664
        ],
        "description": "Villa con 252 familias estimadas (RENABAP oficial). Electricidad: Conexión irregular a la red. Cloacas: Desagüe sólo a pozo negro/ciego u hoyo. Agua: Bomba de agua de pozo domiciliaria."
      },
      "geometry": {
        "type": "Polygon",
        "coordinates": [
          [
            [
              -58.665710586701,
              -34.507300775049
            ],
            [
              -58.665736148548,
              -34.508196620704
            ],
            [
              -58.665643597304,
              -34.508286198559
            ],
            [
              -58.665385858371,
              -34.508099323325
            ],
            [
              -58.665412079904,
              -34.508000993251
            ],
            [
              -58.664955767495,
              -34.507439087844
            ],
            [
              -58.665075179002,
              -34.507352061156
            ],
            [
              -58.664940744982,
              -34.507101160419
            ],
            [
              -58.664944381178,
              -34.506782714051
            ],
            [
              -58.664831228478,
              -34.506771398781
            ],
            [
              -58.664801955546,
              -34.506614058792
            ],
            [
              -58.664171170163,
              -34.50611888308
            ],
            [
              -58.664058266211,
              -34.506208291409
            ],
            [
              -58.663613015828,
              -34.50584932029
            ],
            [
              -58.663353778776,
              -34.506101853951
            ],
            [
              -58.662407769274,
              -34.505462485838
            ],
            [
              -58.662224940129,
              -34.505624782957
            ],
            [
              -58.661405616265,
              -34.505123488994
            ],
            [
              -58.662405011498,
              -34.504145665869
            ],
            [
              -58.665675937985,
              -34.506799700319
            ],
            [
              -58.665564973,
              -34.506894234
            ],
            [
              -58.665796174644,
              -34.507201986641
            ],
            [
              -58.665710586701,
              -34.507300775049
            ]
          ]
        ]
      }
    },
    {
      "type": "Feature",
      "id": "1064",
      "properties": {
        "name": "B° Guadalupe",
        "fullName": "Barrio Popular Guadalupe",
        "idRenabap": "1064",
        "familias": "118",
        "tipo": "Villa",
        "decada": "Década 1970",
        "electricidad": "Conexión irregular a la red",
        "cloacas": "Desagüe sólo a pozo negro/ciego u hoyo",
        "agua": "Bomba de agua de pozo domiciliaria",
        "gas": "Gas en garrafa",
        "isRenabap": true,
        "color": "#f97316",
        "center": [
          -34.507969,
          -58.666454
        ],
        "description": "Villa con 118 familias estimadas (RENABAP oficial). Electricidad: Conexión irregular a la red. Cloacas: Desagüe sólo a pozo negro/ciego u hoyo. Agua: Bomba de agua de pozo domiciliaria."
      },
      "geometry": {
        "type": "Polygon",
        "coordinates": [
          [
            [
              -58.666863979908,
              -34.508787812961
            ],
            [
              -58.666230400287,
              -34.508314776635
            ],
            [
              -58.666188994961,
              -34.508369462915
            ],
            [
              -58.665756582729,
              -34.50819954483
            ],
            [
              -58.665719083565,
              -34.50730581476
            ],
            [
              -58.666015170712,
              -34.507072226219
            ],
            [
              -58.66747959118,
              -34.508262824668
            ],
            [
              -58.666863979908,
              -34.508787812961
            ]
          ]
        ]
      }
    },
    {
      "type": "Feature",
      "id": "1071",
      "properties": {
        "name": "B° San Antonio",
        "fullName": "Barrio Popular San Antonio",
        "idRenabap": "1071",
        "familias": "36",
        "tipo": "Villa",
        "decada": "Década 1970",
        "electricidad": "Conexión formal a la red con medidor domiciliario con factura",
        "cloacas": "Desagüe a cámara séptica y pozo ciego",
        "agua": "Bomba de agua de pozo domiciliaria",
        "gas": "Gas en garrafa",
        "isRenabap": true,
        "color": "#fb923c",
        "center": [
          -34.493878,
          -58.715937
        ],
        "description": "Villa con 36 familias estimadas (RENABAP oficial). Electricidad: Conexión formal a la red con medidor domiciliario con factura. Cloacas: Desagüe a cámara séptica y pozo ciego. Agua: Bomba de agua de pozo domiciliaria."
      },
      "geometry": {
        "type": "Polygon",
        "coordinates": [
          [
            [
              -58.715756248843,
              -34.493456481677
            ],
            [
              -58.716461675947,
              -34.493818935495
            ],
            [
              -58.71610247196,
              -34.494306404071
            ],
            [
              -58.715418149855,
              -34.493927711222
            ],
            [
              -58.715756248843,
              -34.493456481677
            ]
          ]
        ]
      }
    },
    {
      "type": "Feature",
      "id": "257",
      "properties": {
        "name": "B° Santa Elena",
        "fullName": "Barrio Popular Santa Elena",
        "idRenabap": "257",
        "familias": "121",
        "tipo": "Villa",
        "decada": "Década 1980",
        "electricidad": "Conexión irregular a la red",
        "cloacas": "Desagüe a cámara séptica y pozo ciego",
        "agua": "Conexión formal a la red de agua con factura",
        "gas": "Gas en garrafa",
        "isRenabap": true,
        "color": "#f97316",
        "center": [
          -34.478215,
          -58.743072
        ],
        "description": "Villa con 121 familias estimadas (RENABAP oficial). Electricidad: Conexión irregular a la red. Cloacas: Desagüe a cámara séptica y pozo ciego. Agua: Conexión formal a la red de agua con factura."
      },
      "geometry": {
        "type": "Polygon",
        "coordinates": [
          [
            [
              -58.744344037298,
              -34.477872850862
            ],
            [
              -58.743351387548,
              -34.479158945279
            ],
            [
              -58.741588346677,
              -34.478173414133
            ],
            [
              -58.74334901468,
              -34.477374548597
            ],
            [
              -58.743840645823,
              -34.477766710826
            ],
            [
              -58.744186637058,
              -34.477785054748
            ],
            [
              -58.744344037298,
              -34.477872850862
            ]
          ]
        ]
      }
    },
    {
      "type": "Feature",
      "id": "1296",
      "properties": {
        "name": "B° Veinticinco de Mayo",
        "fullName": "Barrio Popular Veinticinco de Mayo",
        "idRenabap": "1296",
        "familias": "281",
        "tipo": "Villa",
        "decada": "Década 1970",
        "electricidad": "Conexión irregular a la red",
        "cloacas": "Desagüe a cámara séptica y pozo ciego",
        "agua": "Conexión formal a la red de agua con factura",
        "gas": "Gas en garrafa",
        "isRenabap": true,
        "color": "#f97316",
        "center": [
          -34.481865,
          -58.740013
        ],
        "description": "Villa con 281 familias estimadas (RENABAP oficial). Electricidad: Conexión irregular a la red. Cloacas: Desagüe a cámara séptica y pozo ciego. Agua: Conexión formal a la red de agua con factura."
      },
      "geometry": {
        "type": "Polygon",
        "coordinates": [
          [
            [
              -58.741503751831,
              -34.481423163
            ],
            [
              -58.741425500539,
              -34.481568208968
            ],
            [
              -58.741851455928,
              -34.481762051737
            ],
            [
              -58.741574617903,
              -34.482121235017
            ],
            [
              -58.741139181318,
              -34.481893229477
            ],
            [
              -58.740150782123,
              -34.483207723619
            ],
            [
              -58.738828693728,
              -34.482561088332
            ],
            [
              -58.739353544584,
              -34.481919546754
            ],
            [
              -58.739446768779,
              -34.481679697203
            ],
            [
              -58.738243103604,
              -34.481299785299
            ],
            [
              -58.738786957682,
              -34.480703919375
            ],
            [
              -58.740164670266,
              -34.481353537319
            ],
            [
              -58.740495280779,
              -34.480952119134
            ],
            [
              -58.740771520213,
              -34.481018732643
            ],
            [
              -58.741503751831,
              -34.481423163
            ]
          ]
        ]
      }
    },
    {
      "type": "Feature",
      "id": "237",
      "properties": {
        "name": "B° Vechiardo",
        "fullName": "Barrio Popular Vechiardo",
        "idRenabap": "237",
        "familias": "37",
        "tipo": "Asentamiento",
        "decada": "Década 1990",
        "electricidad": "Conexión regular a la red con medidor prepago",
        "cloacas": "Desagüe sólo a pozo negro/ciego u hoyo",
        "agua": "Conexión regular a la red de agua pero sin factura",
        "gas": "Gas en garrafa",
        "isRenabap": true,
        "color": "#fb923c",
        "center": [
          -34.487069,
          -58.733967
        ],
        "description": "Asentamiento con 37 familias estimadas (RENABAP oficial). Electricidad: Conexión regular a la red con medidor prepago. Cloacas: Desagüe sólo a pozo negro/ciego u hoyo. Agua: Conexión regular a la red de agua pero sin factura."
      },
      "geometry": {
        "type": "Polygon",
        "coordinates": [
          [
            [
              -58.734217901642,
              -34.486932123587
            ],
            [
              -58.734260488,
              -34.487278738
            ],
            [
              -58.733988463,
              -34.487645215
            ],
            [
              -58.733869028,
              -34.487581512
            ],
            [
              -58.734020961,
              -34.48738269
            ],
            [
              -58.733528103401,
              -34.487137757562
            ],
            [
              -58.734009658971,
              -34.486583820306
            ],
            [
              -58.734221177913,
              -34.486681530963
            ],
            [
              -58.734114060715,
              -34.486877056429
            ],
            [
              -58.734217901642,
              -34.486932123587
            ]
          ]
        ]
      }
    },
    {
      "type": "Feature",
      "id": "1007",
      "properties": {
        "name": "B° San Lucas",
        "fullName": "Barrio Popular San Lucas",
        "idRenabap": "1007",
        "familias": "58",
        "tipo": "Asentamiento",
        "decada": "Década 1960",
        "electricidad": "Conexión formal a la red con medidor domiciliario con factura",
        "cloacas": "Desagüe a cámara séptica y pozo ciego",
        "agua": "Bomba de agua de pozo domiciliaria",
        "gas": "Gas en garrafa",
        "isRenabap": true,
        "color": "#fb923c",
        "center": [
          -34.474009,
          -58.749892
        ],
        "description": "Asentamiento con 58 familias estimadas (RENABAP oficial). Electricidad: Conexión formal a la red con medidor domiciliario con factura. Cloacas: Desagüe a cámara séptica y pozo ciego. Agua: Bomba de agua de pozo domiciliaria."
      },
      "geometry": {
        "type": "Polygon",
        "coordinates": [
          [
            [
              -58.749232258,
              -34.473757912
            ],
            [
              -58.749453702656,
              -34.473903984656
            ],
            [
              -58.749785201874,
              -34.473679711192
            ],
            [
              -58.750188726152,
              -34.473819296695
            ],
            [
              -58.750894125232,
              -34.473519429192
            ],
            [
              -58.750843290464,
              -34.473405009848
            ],
            [
              -58.75137611996,
              -34.473110199079
            ],
            [
              -58.751586988457,
              -34.473493860344
            ],
            [
              -58.748408742199,
              -34.474917794152
            ],
            [
              -58.748366850848,
              -34.474835122344
            ],
            [
              -58.749232258,
              -34.473757912
            ]
          ]
        ]
      }
    },
    {
      "type": "Feature",
      "id": "439",
      "properties": {
        "name": "B° Solares de la Reina",
        "fullName": "Barrio Popular Solares de la Reina",
        "idRenabap": "439",
        "familias": "55",
        "tipo": "Villa",
        "decada": "Década 1970",
        "electricidad": "Conexión irregular a la red",
        "cloacas": "Desagüe a cámara séptica y pozo ciego",
        "agua": "Bomba de agua de pozo comunitaria",
        "gas": "Gas en garrafa",
        "isRenabap": true,
        "color": "#fb923c",
        "center": [
          -34.468877,
          -58.74711
        ],
        "description": "Villa con 55 familias estimadas (RENABAP oficial). Electricidad: Conexión irregular a la red. Cloacas: Desagüe a cámara séptica y pozo ciego. Agua: Bomba de agua de pozo comunitaria."
      },
      "geometry": {
        "type": "Polygon",
        "coordinates": [
          [
            [
              -58.747911923739,
              -34.468831758065
            ],
            [
              -58.747400252533,
              -34.469508765414
            ],
            [
              -58.746326566,
              -34.468906632
            ],
            [
              -58.746776054793,
              -34.468252832261
            ],
            [
              -58.747911923739,
              -34.468831758065
            ]
          ]
        ]
      }
    },
    {
      "type": "Feature",
      "id": "233",
      "properties": {
        "name": "B° Marquesado",
        "fullName": "Barrio Popular Marquesado",
        "idRenabap": "233",
        "familias": "50",
        "tipo": "Asentamiento",
        "decada": "Década 1980",
        "electricidad": "Conexión formal a la red con medidor domiciliario con factura",
        "cloacas": "Desagüe sólo a pozo negro/ciego u hoyo",
        "agua": "Bomba de agua de pozo domiciliaria",
        "gas": "Gas en garrafa",
        "isRenabap": true,
        "color": "#fb923c",
        "center": [
          -34.473559,
          -58.742887
        ],
        "description": "Asentamiento con 50 familias estimadas (RENABAP oficial). Electricidad: Conexión formal a la red con medidor domiciliario con factura. Cloacas: Desagüe sólo a pozo negro/ciego u hoyo. Agua: Bomba de agua de pozo domiciliaria."
      },
      "geometry": {
        "type": "Polygon",
        "coordinates": [
          [
            [
              -58.743531,
              -34.473418
            ],
            [
              -58.743073,
              -34.474029
            ],
            [
              -58.742266,
              -34.473606
            ],
            [
              -58.742658068793,
              -34.473107870586
            ],
            [
              -58.743278,
              -34.473416
            ],
            [
              -58.743345,
              -34.473331
            ],
            [
              -58.743531,
              -34.473418
            ]
          ]
        ]
      }
    },
    {
      "type": "Feature",
      "id": "1002",
      "properties": {
        "name": "B° San José",
        "fullName": "Barrio Popular San José",
        "idRenabap": "1002",
        "familias": "88",
        "tipo": "Asentamiento",
        "decada": "Década 1980",
        "electricidad": "Conexión formal a la red con medidor domiciliario con factura",
        "cloacas": "Desagüe a cámara séptica y pozo ciego",
        "agua": "Bomba de agua de pozo domiciliaria",
        "gas": "Gas en garrafa",
        "isRenabap": true,
        "color": "#fb923c",
        "center": [
          -34.474406,
          -58.739967
        ],
        "description": "Asentamiento con 88 familias estimadas (RENABAP oficial). Electricidad: Conexión formal a la red con medidor domiciliario con factura. Cloacas: Desagüe a cámara séptica y pozo ciego. Agua: Bomba de agua de pozo domiciliaria."
      },
      "geometry": {
        "type": "Polygon",
        "coordinates": [
          [
            [
              -58.741355012,
              -34.474415288572
            ],
            [
              -58.740785685483,
              -34.475117761518
            ],
            [
              -58.740717730258,
              -34.475084258607
            ],
            [
              -58.740629450717,
              -34.475215413431
            ],
            [
              -58.740795341737,
              -34.47530370972
            ],
            [
              -58.740704637662,
              -34.475490542632
            ],
            [
              -58.738575928958,
              -34.474384354508
            ],
            [
              -58.739354506695,
              -34.473384343471
            ],
            [
              -58.741355012,
              -34.474415288572
            ]
          ]
        ]
      }
    },
    {
      "type": "Feature",
      "id": "312",
      "properties": {
        "name": "B° Veinticinco de Mayo",
        "fullName": "Barrio Popular Veinticinco de Mayo",
        "idRenabap": "312",
        "familias": "28",
        "tipo": "Villa",
        "decada": "Década 1990",
        "electricidad": "Conexión irregular a la red",
        "cloacas": "Desagüe a cámara séptica y pozo ciego",
        "agua": "Bomba de agua de pozo domiciliaria",
        "gas": "Gas en garrafa",
        "isRenabap": true,
        "color": "#fb923c",
        "center": [
          -34.475003,
          -58.739077
        ],
        "description": "Villa con 28 familias estimadas (RENABAP oficial). Electricidad: Conexión irregular a la red. Cloacas: Desagüe a cámara séptica y pozo ciego. Agua: Bomba de agua de pozo domiciliaria."
      },
      "geometry": {
        "type": "MultiPolygon",
        "coordinates": [
          [
            [
              [
                -58.738341770666,
                -34.474366176923
              ],
              [
                -58.738904729795,
                -34.474665630493
              ],
              [
                -58.738644580425,
                -34.475028140847
              ],
              [
                -58.738069688896,
                -34.474739111205
              ],
              [
                -58.738341770666,
                -34.474366176923
              ]
            ]
          ],
          [
            [
              [
                -58.740134863048,
                -34.475301754954
              ],
              [
                -58.739853823922,
                -34.475673610018
              ],
              [
                -58.739476369086,
                -34.47548424607
              ],
              [
                -58.739536981935,
                -34.475388671392
              ],
              [
                -58.739405651239,
                -34.475321566679
              ],
              [
                -58.739625795683,
                -34.475041474657
              ],
              [
                -58.740134863048,
                -34.475301754954
              ]
            ]
          ]
        ]
      }
    },
    {
      "type": "Feature",
      "id": "1259",
      "properties": {
        "name": "B° Rodriguez",
        "fullName": "Barrio Popular Rodriguez",
        "idRenabap": "1259",
        "familias": "77",
        "tipo": "Villa",
        "decada": "Década 1990",
        "electricidad": "Conexión irregular a la red",
        "cloacas": "Desagüe sólo a pozo negro/ciego u hoyo",
        "agua": "Bomba de agua de pozo domiciliaria",
        "gas": "Gas en garrafa",
        "isRenabap": true,
        "color": "#fb923c",
        "center": [
          -34.480136,
          -58.733515
        ],
        "description": "Villa con 77 familias estimadas (RENABAP oficial). Electricidad: Conexión irregular a la red. Cloacas: Desagüe sólo a pozo negro/ciego u hoyo. Agua: Bomba de agua de pozo domiciliaria."
      },
      "geometry": {
        "type": "Polygon",
        "coordinates": [
          [
            [
              -58.734291,
              -34.48057
            ],
            [
              -58.734232,
              -34.480643
            ],
            [
              -58.734462,
              -34.480876
            ],
            [
              -58.734004,
              -34.481112
            ],
            [
              -58.733915,
              -34.480942
            ],
            [
              -58.7331,
              -34.480438
            ],
            [
              -58.733443,
              -34.480002
            ],
            [
              -58.732837,
              -34.479538
            ],
            [
              -58.732552,
              -34.478899
            ],
            [
              -58.732598,
              -34.47885
            ],
            [
              -58.732711,
              -34.478934
            ],
            [
              -58.732831,
              -34.478799
            ],
            [
              -58.732931,
              -34.478859
            ],
            [
              -58.732778,
              -34.479063
            ],
            [
              -58.732944,
              -34.479178
            ],
            [
              -58.732933,
              -34.479273
            ],
            [
              -58.733676,
              -34.479704
            ],
            [
              -58.733499,
              -34.479923
            ],
            [
              -58.733877,
              -34.480122
            ],
            [
              -58.733781,
              -34.480268
            ],
            [
              -58.734291,
              -34.48057
            ]
          ]
        ]
      }
    },
    {
      "type": "Feature",
      "id": "5350",
      "properties": {
        "name": "B° El Triángulo",
        "fullName": "Barrio Popular El Triángulo",
        "idRenabap": "5350",
        "familias": "44",
        "tipo": "Asentamiento",
        "decada": "Década 1970",
        "electricidad": "Conexión regular a la red con medidor domiciliario pero sin factura",
        "cloacas": "Desagüe sólo a pozo negro/ciego u hoyo",
        "agua": "Conexión irregular a la red de agua",
        "gas": "Conexión formal a la red de gas con factura",
        "isRenabap": true,
        "color": "#fb923c",
        "center": [
          -34.466758,
          -58.768285
        ],
        "description": "Asentamiento con 44 familias estimadas (RENABAP oficial). Electricidad: Conexión regular a la red con medidor domiciliario pero sin factura. Cloacas: Desagüe sólo a pozo negro/ciego u hoyo. Agua: Conexión irregular a la red de agua."
      },
      "geometry": {
        "type": "Polygon",
        "coordinates": [
          [
            [
              -58.769127917563,
              -34.466142605983
            ],
            [
              -58.768115995287,
              -34.467490770175
            ],
            [
              -58.767716512084,
              -34.467284072605
            ],
            [
              -58.767912648618,
              -34.467009588856
            ],
            [
              -58.767542826392,
              -34.46682193077
            ],
            [
              -58.767601960822,
              -34.466702219608
            ],
            [
              -58.769087533075,
              -34.466038760156
            ],
            [
              -58.769127917563,
              -34.466142605983
            ]
          ]
        ]
      }
    },
    {
      "type": "Feature",
      "id": "245",
      "properties": {
        "name": "B° Carumbé",
        "fullName": "Barrio Popular Carumbé",
        "idRenabap": "245",
        "familias": "50",
        "tipo": "Villa",
        "decada": "Década 2000",
        "electricidad": "Conexión formal a la red con medidor domiciliario con factura",
        "cloacas": "Desagüe a cámara séptica y pozo ciego",
        "agua": "Bomba de agua de pozo domiciliaria",
        "gas": "Gas en garrafa",
        "isRenabap": true,
        "color": "#fb923c",
        "center": [
          -34.469132,
          -58.771493
        ],
        "description": "Villa con 50 familias estimadas (RENABAP oficial). Electricidad: Conexión formal a la red con medidor domiciliario con factura. Cloacas: Desagüe a cámara séptica y pozo ciego. Agua: Bomba de agua de pozo domiciliaria."
      },
      "geometry": {
        "type": "Polygon",
        "coordinates": [
          [
            [
              -58.772481684785,
              -34.469030239134
            ],
            [
              -58.771804718896,
              -34.469914603911
            ],
            [
              -58.770497703178,
              -34.469246726067
            ],
            [
              -58.771195420134,
              -34.46834571623
            ],
            [
              -58.772481684785,
              -34.469030239134
            ]
          ]
        ]
      }
    },
    {
      "type": "Feature",
      "id": "453",
      "properties": {
        "name": "B° Asamblea y Buenos Aires",
        "fullName": "Barrio Popular Asamblea y Buenos Aires",
        "idRenabap": "453",
        "familias": "110",
        "tipo": "Asentamiento",
        "decada": "Década 1990",
        "electricidad": "Conexión regular a la red con medidor prepago",
        "cloacas": "Desagüe a cámara séptica y pozo ciego",
        "agua": "Bomba de agua de pozo domiciliaria",
        "gas": "Gas en garrafa",
        "isRenabap": true,
        "color": "#f97316",
        "center": [
          -34.490168,
          -58.752799
        ],
        "description": "Asentamiento con 110 familias estimadas (RENABAP oficial). Electricidad: Conexión regular a la red con medidor prepago. Cloacas: Desagüe a cámara séptica y pozo ciego. Agua: Bomba de agua de pozo domiciliaria."
      },
      "geometry": {
        "type": "Polygon",
        "coordinates": [
          [
            [
              -58.752757689794,
              -34.48980549317
            ],
            [
              -58.754282338764,
              -34.4906232
            ],
            [
              -58.753883957116,
              -34.491178138764
            ],
            [
              -58.753384352996,
              -34.49086940412
            ],
            [
              -58.753065920412,
              -34.491235538764
            ],
            [
              -58.752087893147,
              -34.49072189588
            ],
            [
              -58.7523783897,
              -34.490349842884
            ],
            [
              -58.751371130043,
              -34.489779195688
            ],
            [
              -58.751747852945,
              -34.489248109247
            ],
            [
              -58.752282241199,
              -34.489521760062
            ],
            [
              -58.752616294761,
              -34.489085811933
            ],
            [
              -58.752734040534,
              -34.489115664459
            ],
            [
              -58.752920817476,
              -34.488868512369
            ],
            [
              -58.753338350936,
              -34.489041142884
            ],
            [
              -58.752757689794,
              -34.48980549317
            ]
          ]
        ]
      }
    },
    {
      "type": "Feature",
      "id": "228",
      "properties": {
        "name": "B° Iparaguirre",
        "fullName": "Barrio Popular Iparaguirre",
        "idRenabap": "228",
        "familias": "66",
        "tipo": "Asentamiento",
        "decada": "Década 1980",
        "electricidad": "Conexión irregular a la red",
        "cloacas": "Desagüe a cámara séptica y pozo ciego",
        "agua": "Conexión formal a la red de agua con factura",
        "gas": "Conexión formal a la red de gas con factura",
        "isRenabap": true,
        "color": "#fb923c",
        "center": [
          -34.482152,
          -58.745298
        ],
        "description": "Asentamiento con 66 familias estimadas (RENABAP oficial). Electricidad: Conexión irregular a la red. Cloacas: Desagüe a cámara séptica y pozo ciego. Agua: Conexión formal a la red de agua con factura."
      },
      "geometry": {
        "type": "Polygon",
        "coordinates": [
          [
            [
              -58.745379134343,
              -34.48266570141
            ],
            [
              -58.744688378707,
              -34.482313945322
            ],
            [
              -58.74522563309,
              -34.481638265796
            ],
            [
              -58.745904108626,
              -34.481988337644
            ],
            [
              -58.745379134343,
              -34.48266570141
            ]
          ]
        ]
      }
    },
    {
      "type": "Feature",
      "id": "258",
      "properties": {
        "name": "B° Uruguay y Hernández",
        "fullName": "Barrio Popular Uruguay y Hernández",
        "idRenabap": "258",
        "familias": "34",
        "tipo": "Villa",
        "decada": "Década 1990",
        "electricidad": "Conexión irregular a la red",
        "cloacas": "Desagüe a cámara séptica y pozo ciego",
        "agua": "Bomba de agua de pozo domiciliaria",
        "gas": "Gas en garrafa",
        "isRenabap": true,
        "color": "#fb923c",
        "center": [
          -34.484199,
          -58.750135
        ],
        "description": "Villa con 34 familias estimadas (RENABAP oficial). Electricidad: Conexión irregular a la red. Cloacas: Desagüe a cámara séptica y pozo ciego. Agua: Bomba de agua de pozo domiciliaria."
      },
      "geometry": {
        "type": "Polygon",
        "coordinates": [
          [
            [
              -58.75002267797,
              -34.483815504327
            ],
            [
              -58.75055328025,
              -34.484138992793
            ],
            [
              -58.750219048128,
              -34.48458673771
            ],
            [
              -58.749746491271,
              -34.484333639461
            ],
            [
              -58.75002267797,
              -34.483815504327
            ]
          ]
        ]
      }
    },
    {
      "type": "Feature",
      "id": "1022",
      "properties": {
        "name": "B° Pech",
        "fullName": "Barrio Popular Pech",
        "idRenabap": "1022",
        "familias": "770",
        "tipo": "Asentamiento",
        "decada": "Década 1960",
        "electricidad": "Conexión formal a la red con medidor domiciliario con factura",
        "cloacas": "Desagüe a cámara séptica y pozo ciego",
        "agua": "Bomba de agua de pozo domiciliaria",
        "gas": "Gas en garrafa",
        "isRenabap": true,
        "color": "#ea580c",
        "center": [
          -34.484451,
          -58.752053
        ],
        "description": "Asentamiento con 770 familias estimadas (RENABAP oficial). Electricidad: Conexión formal a la red con medidor domiciliario con factura. Cloacas: Desagüe a cámara séptica y pozo ciego. Agua: Bomba de agua de pozo domiciliaria."
      },
      "geometry": {
        "type": "Polygon",
        "coordinates": [
          [
            [
              -58.755433,
              -34.482281
            ],
            [
              -58.751098,
              -34.487835
            ],
            [
              -58.748652,
              -34.486632
            ],
            [
              -58.75305377,
              -34.481039267
            ],
            [
              -58.755433,
              -34.482281
            ]
          ]
        ]
      }
    },
    {
      "type": "Feature",
      "id": "229",
      "properties": {
        "name": "B° Pech",
        "fullName": "Barrio Popular Pech",
        "idRenabap": "229",
        "familias": "29",
        "tipo": "Asentamiento",
        "decada": "Década 1980",
        "electricidad": "Conexión regular a la red con medidor prepago",
        "cloacas": "Desagüe a cámara séptica y pozo ciego",
        "agua": "Bomba de agua de pozo domiciliaria",
        "gas": "Gas en garrafa",
        "isRenabap": true,
        "color": "#fb923c",
        "center": [
          -34.483788,
          -58.746599
        ],
        "description": "Asentamiento con 29 familias estimadas (RENABAP oficial). Electricidad: Conexión regular a la red con medidor prepago. Cloacas: Desagüe a cámara séptica y pozo ciego. Agua: Bomba de agua de pozo domiciliaria."
      },
      "geometry": {
        "type": "Polygon",
        "coordinates": [
          [
            [
              -58.745961284178,
              -34.483986722086
            ],
            [
              -58.746507879415,
              -34.483281546927
            ],
            [
              -58.747280856288,
              -34.483705950125
            ],
            [
              -58.747063237264,
              -34.484020268581
            ],
            [
              -58.746835817124,
              -34.483906447135
            ],
            [
              -58.74655195481,
              -34.484278015218
            ],
            [
              -58.745961284178,
              -34.483986722086
            ]
          ]
        ]
      }
    },
    {
      "type": "Feature",
      "id": "232",
      "properties": {
        "name": "B° Pech",
        "fullName": "Barrio Popular Pech",
        "idRenabap": "232",
        "familias": "33",
        "tipo": "Asentamiento",
        "decada": "Década 1980",
        "electricidad": "Conexión irregular a la red",
        "cloacas": "Desagüe sólo a pozo negro/ciego u hoyo",
        "agua": "Bomba de agua de pozo domiciliaria",
        "gas": "Conexión formal a la red de gas con factura",
        "isRenabap": true,
        "color": "#fb923c",
        "center": [
          -34.487632,
          -58.748874
        ],
        "description": "Asentamiento con 33 familias estimadas (RENABAP oficial). Electricidad: Conexión irregular a la red. Cloacas: Desagüe sólo a pozo negro/ciego u hoyo. Agua: Bomba de agua de pozo domiciliaria."
      },
      "geometry": {
        "type": "MultiPolygon",
        "coordinates": [
          [
            [
              [
                -58.749439344688,
                -34.48702009149
              ],
              [
                -58.749867093901,
                -34.48723108369
              ],
              [
                -58.749660137072,
                -34.487504335883
              ],
              [
                -58.749752374099,
                -34.487555066248
              ],
              [
                -58.749392649693,
                -34.488027781012
              ],
              [
                -58.748883040118,
                -34.487748764005
              ],
              [
                -58.749439344688,
                -34.48702009149
              ]
            ]
          ],
          [
            [
              [
                -58.748449526091,
                -34.487619632167
              ],
              [
                -58.748345759435,
                -34.487762599559
              ],
              [
                -58.748507174233,
                -34.487845612883
              ],
              [
                -58.748274275739,
                -34.488163830627
              ],
              [
                -58.747686264691,
                -34.487845612883
              ],
              [
                -58.748025235766,
                -34.487395957376
              ],
              [
                -58.748449526091,
                -34.487619632167
              ]
            ]
          ]
        ]
      }
    },
    {
      "type": "Feature",
      "id": "1244",
      "properties": {
        "name": "B° Lavallol",
        "fullName": "Barrio Popular Lavallol",
        "idRenabap": "1244",
        "familias": "165",
        "tipo": "Asentamiento",
        "decada": "Década 1940",
        "electricidad": "Conexión irregular a la red",
        "cloacas": "Desagüe a cámara séptica y pozo ciego",
        "agua": "Conexión formal a la red de agua con factura",
        "gas": "Gas en garrafa",
        "isRenabap": true,
        "color": "#f97316",
        "center": [
          -34.49398,
          -58.733623
        ],
        "description": "Asentamiento con 165 familias estimadas (RENABAP oficial). Electricidad: Conexión irregular a la red. Cloacas: Desagüe a cámara séptica y pozo ciego. Agua: Conexión formal a la red de agua con factura."
      },
      "geometry": {
        "type": "MultiPolygon",
        "coordinates": [
          [
            [
              [
                -58.733352452054,
                -34.494743737134
              ],
              [
                -58.733259851561,
                -34.494905787772
              ],
              [
                -58.732759198,
                -34.494735073
              ],
              [
                -58.732426448022,
                -34.495169699222
              ],
              [
                -58.731356913091,
                -34.494600206235
              ],
              [
                -58.731870845063,
                -34.493919593015
              ],
              [
                -58.733352452054,
                -34.494743737134
              ]
            ]
          ],
          [
            [
              [
                -58.733722854026,
                -34.494817816989
              ],
              [
                -58.733097800923,
                -34.494498345422
              ],
              [
                -58.734602557362,
                -34.492616581835
              ],
              [
                -58.734883661879,
                -34.492764742444
              ],
              [
                -58.734784439869,
                -34.492927457318
              ],
              [
                -58.735065559828,
                -34.493123229853
              ],
              [
                -58.735474694223,
                -34.49273061221
              ],
              [
                -58.735570824297,
                -34.493734028376
              ],
              [
                -58.735451142168,
                -34.493720144193
              ],
              [
                -58.735296381832,
                -34.493548543148
              ],
              [
                -58.735079449857,
                -34.49385014287
              ],
              [
                -58.734773868319,
                -34.493678831913
              ],
              [
                -58.734598719056,
                -34.49367465726
              ],
              [
                -58.733722854026,
                -34.494817816989
              ]
            ]
          ]
        ]
      }
    },
    {
      "type": "Feature",
      "id": "240",
      "properties": {
        "name": "B° Santa Mónica",
        "fullName": "Barrio Popular Santa Mónica",
        "idRenabap": "240",
        "familias": "165",
        "tipo": "Asentamiento",
        "decada": "Década 1940",
        "electricidad": "Conexión irregular a la red",
        "cloacas": "Desagüe sólo a pozo negro/ciego u hoyo",
        "agua": "Bomba de agua de pozo domiciliaria",
        "gas": "Conexión formal a la red de gas con factura",
        "isRenabap": true,
        "color": "#f97316",
        "center": [
          -34.496523,
          -58.738162
        ],
        "description": "Asentamiento con 165 familias estimadas (RENABAP oficial). Electricidad: Conexión irregular a la red. Cloacas: Desagüe sólo a pozo negro/ciego u hoyo. Agua: Bomba de agua de pozo domiciliaria."
      },
      "geometry": {
        "type": "Polygon",
        "coordinates": [
          [
            [
              -58.740299548298,
              -34.497466230563
            ],
            [
              -58.739276917262,
              -34.498683185765
            ],
            [
              -58.737288765199,
              -34.497407622601
            ],
            [
              -58.738100480056,
              -34.49607723762
            ],
            [
              -58.73592014275,
              -34.494825282141
            ],
            [
              -58.736642142609,
              -34.493867892765
            ],
            [
              -58.737766727547,
              -34.49449976089
            ],
            [
              -58.737322124594,
              -34.495060380898
            ],
            [
              -58.738433394254,
              -34.495770545319
            ],
            [
              -58.738164882493,
              -34.496115490463
            ],
            [
              -58.740299548298,
              -34.497466230563
            ]
          ]
        ]
      }
    },
    {
      "type": "Feature",
      "id": "246",
      "properties": {
        "name": "B° Eaton",
        "fullName": "Barrio Popular Eaton",
        "idRenabap": "246",
        "familias": "23",
        "tipo": "Asentamiento",
        "decada": "Década 1990",
        "electricidad": "Conexión irregular a la red",
        "cloacas": "Desagüe sólo a pozo negro/ciego u hoyo",
        "agua": "Conexión irregular a la red de agua",
        "gas": "Gas en garrafa",
        "isRenabap": true,
        "color": "#fb923c",
        "center": [
          -34.49965,
          -58.738973
        ],
        "description": "Asentamiento con 23 familias estimadas (RENABAP oficial). Electricidad: Conexión irregular a la red. Cloacas: Desagüe sólo a pozo negro/ciego u hoyo. Agua: Conexión irregular a la red de agua."
      },
      "geometry": {
        "type": "MultiPolygon",
        "coordinates": [
          [
            [
              [
                -58.739312397,
                -34.499719868
              ],
              [
                -58.739314842,
                -34.49971667
              ],
              [
                -58.739312589,
                -34.499719868
              ],
              [
                -58.739312397,
                -34.499719868
              ]
            ]
          ],
          [
            [
              [
                -58.73913081,
                -34.499957422
              ],
              [
                -58.738612589,
                -34.499666606
              ],
              [
                -58.738902211,
                -34.499310928
              ],
              [
                -58.739307225,
                -34.499719868
              ],
              [
                -58.739312397,
                -34.499719868
              ],
              [
                -58.73913081,
                -34.499957422
              ]
            ]
          ]
        ]
      }
    },
    {
      "type": "Feature",
      "id": "253",
      "properties": {
        "name": "B° Eaton",
        "fullName": "Barrio Popular Eaton",
        "idRenabap": "253",
        "familias": "50",
        "tipo": "Asentamiento",
        "decada": "Década 1980",
        "electricidad": "Conexión irregular a la red",
        "cloacas": "Desagüe a cámara séptica y pozo ciego",
        "agua": "Conexión irregular a la red de agua",
        "gas": "Gas en garrafa",
        "isRenabap": true,
        "color": "#fb923c",
        "center": [
          -34.500133,
          -58.741097
        ],
        "description": "Asentamiento con 50 familias estimadas (RENABAP oficial). Electricidad: Conexión irregular a la red. Cloacas: Desagüe a cámara séptica y pozo ciego. Agua: Conexión irregular a la red de agua."
      },
      "geometry": {
        "type": "Polygon",
        "coordinates": [
          [
            [
              -58.740576182196,
              -34.500538158201
            ],
            [
              -58.740826848397,
              -34.50021706636
            ],
            [
              -58.74067846,
              -34.500117696
            ],
            [
              -58.741163243799,
              -34.499490235397
            ],
            [
              -58.741715125682,
              -34.499777698037
            ],
            [
              -58.740865588,
              -34.500884786
            ],
            [
              -58.740660588757,
              -34.500775277879
            ],
            [
              -58.740750200553,
              -34.5006367819
            ],
            [
              -58.740576182196,
              -34.500538158201
            ]
          ]
        ]
      }
    },
    {
      "type": "Feature",
      "id": "4416",
      "properties": {
        "name": "B° San Carlitos",
        "fullName": "Barrio Popular San Carlitos",
        "idRenabap": "4416",
        "familias": "44",
        "tipo": "Asentamiento",
        "decada": "Década 1980",
        "electricidad": "Conexión formal a la red con medidor domiciliario con factura",
        "cloacas": "Desagüe sólo a pozo negro/ciego u hoyo",
        "agua": "Bomba de agua de pozo domiciliaria",
        "gas": "Gas en garrafa",
        "isRenabap": true,
        "color": "#fb923c",
        "center": [
          -34.510749,
          -58.714435
        ],
        "description": "Asentamiento con 44 familias estimadas (RENABAP oficial). Electricidad: Conexión formal a la red con medidor domiciliario con factura. Cloacas: Desagüe sólo a pozo negro/ciego u hoyo. Agua: Bomba de agua de pozo domiciliaria."
      },
      "geometry": {
        "type": "Polygon",
        "coordinates": [
          [
            [
              -58.714056983873,
              -34.510115265906
            ],
            [
              -58.715386665448,
              -34.510862939317
            ],
            [
              -58.715053155152,
              -34.511331597577
            ],
            [
              -58.714312021159,
              -34.510963210386
            ],
            [
              -58.71410057999,
              -34.51112451602
            ],
            [
              -58.713536010272,
              -34.510812803782
            ],
            [
              -58.714056983873,
              -34.510115265906
            ]
          ]
        ]
      }
    },
    {
      "type": "Feature",
      "id": "1068",
      "properties": {
        "name": "B° El Cuadrado",
        "fullName": "Barrio Popular El Cuadrado",
        "idRenabap": "1068",
        "familias": "72",
        "tipo": "Asentamiento",
        "decada": "Década 1980",
        "electricidad": "Conexión formal a la red con medidor domiciliario con factura",
        "cloacas": "Desagüe a cámara séptica y pozo ciego",
        "agua": "Bomba de agua de pozo domiciliaria",
        "gas": "Gas en garrafa",
        "isRenabap": true,
        "color": "#fb923c",
        "center": [
          -34.465419,
          -58.732648
        ],
        "description": "Asentamiento con 72 familias estimadas (RENABAP oficial). Electricidad: Conexión formal a la red con medidor domiciliario con factura. Cloacas: Desagüe a cámara séptica y pozo ciego. Agua: Bomba de agua de pozo domiciliaria."
      },
      "geometry": {
        "type": "MultiPolygon",
        "coordinates": [
          [
            [
              [
                -58.733943095298,
                -34.466596679293
              ],
              [
                -58.73426937653,
                -34.466773351109
              ],
              [
                -58.73403736763,
                -34.467063598306
              ],
              [
                -58.733720774794,
                -34.466882026085
              ],
              [
                -58.733943095298,
                -34.466596679293
              ]
            ]
          ],
          [
            [
              [
                -58.734280460675,
                -34.466019046542
              ],
              [
                -58.734097596127,
                -34.466228478861
              ],
              [
                -58.731829098534,
                -34.465040378211
              ],
              [
                -58.731999818637,
                -34.464820881578
              ],
              [
                -58.734280460675,
                -34.466019046542
              ]
            ]
          ],
          [
            [
              [
                -58.731880689942,
                -34.463913189542
              ],
              [
                -58.731719662732,
                -34.464143004996
              ],
              [
                -58.731260032724,
                -34.46388973882
              ],
              [
                -58.731419496013,
                -34.463686501031
              ],
              [
                -58.731880689942,
                -34.463913189542
              ]
            ]
          ],
          [
            [
              [
                -58.730803529659,
                -34.464965336081
              ],
              [
                -58.730522122798,
                -34.46534054493
              ],
              [
                -58.730225083021,
                -34.465193588513
              ],
              [
                -58.730523686719,
                -34.464812126678
              ],
              [
                -58.730803529659,
                -34.464965336081
              ]
            ]
          ]
        ]
      }
    },
    {
      "type": "Feature",
      "id": "5351",
      "properties": {
        "name": "B° El Cuadrado",
        "fullName": "Barrio Popular El Cuadrado",
        "idRenabap": "5351",
        "familias": "44",
        "tipo": "Asentamiento",
        "decada": "Década 1970",
        "electricidad": "Conexión regular a la red con medidor domiciliario pero sin factura",
        "cloacas": "Desagüe sólo a pozo negro/ciego u hoyo",
        "agua": "Bomba de agua de pozo domiciliaria",
        "gas": "Gas en garrafa",
        "isRenabap": true,
        "color": "#fb923c",
        "center": [
          -34.467696,
          -58.732041
        ],
        "description": "Asentamiento con 44 familias estimadas (RENABAP oficial). Electricidad: Conexión regular a la red con medidor domiciliario pero sin factura. Cloacas: Desagüe sólo a pozo negro/ciego u hoyo. Agua: Bomba de agua de pozo domiciliaria."
      },
      "geometry": {
        "type": "Polygon",
        "coordinates": [
          [
            [
              -58.732992061462,
              -34.46762985444
            ],
            [
              -58.732318456342,
              -34.468431095113
            ],
            [
              -58.731101308184,
              -34.467769137343
            ],
            [
              -58.731745794928,
              -34.466957219932
            ],
            [
              -58.732992061462,
              -34.46762985444
            ]
          ]
        ]
      }
    },
    {
      "type": "Feature",
      "id": "1164",
      "properties": {
        "name": "B° Bellaflor",
        "fullName": "Barrio Popular Bellaflor",
        "idRenabap": "1164",
        "familias": "825",
        "tipo": "Asentamiento",
        "decada": "Década 1990",
        "electricidad": "Conexión irregular a la red",
        "cloacas": "Desagüe sólo a pozo negro/ciego u hoyo",
        "agua": "Bomba de agua de pozo domiciliaria",
        "gas": "Gas en garrafa",
        "isRenabap": true,
        "color": "#ea580c",
        "center": [
          -34.480763,
          -58.709018
        ],
        "description": "Asentamiento con 825 familias estimadas (RENABAP oficial). Electricidad: Conexión irregular a la red. Cloacas: Desagüe sólo a pozo negro/ciego u hoyo. Agua: Bomba de agua de pozo domiciliaria."
      },
      "geometry": {
        "type": "Polygon",
        "coordinates": [
          [
            [
              -58.709342692096,
              -34.482817789348
            ],
            [
              -58.708269402984,
              -34.482904583967
            ],
            [
              -58.707806611329,
              -34.482569137577
            ],
            [
              -58.707716583228,
              -34.482648760585
            ],
            [
              -58.707263912898,
              -34.482246065449
            ],
            [
              -58.706125467303,
              -34.481557542132
            ],
            [
              -58.708890215123,
              -34.478088815373
            ],
            [
              -58.708971,
              -34.478083
            ],
            [
              -58.710753474736,
              -34.479800387378
            ],
            [
              -58.712332871306,
              -34.480626377009
            ],
            [
              -58.711690083883,
              -34.481422960175
            ],
            [
              -58.710987990223,
              -34.481045025954
            ],
            [
              -58.710310797344,
              -34.481938275517
            ],
            [
              -58.709820832761,
              -34.481886689416
            ],
            [
              -58.709886438922,
              -34.482689240095
            ],
            [
              -58.709335844075,
              -34.482742105263
            ],
            [
              -58.709342692096,
              -34.482817789348
            ]
          ]
        ]
      }
    },
    {
      "type": "Feature",
      "id": "209",
      "properties": {
        "name": "B° Bella Flor",
        "fullName": "Barrio Popular Bella Flor",
        "idRenabap": "209",
        "familias": "34",
        "tipo": "Villa",
        "decada": "Década 2000",
        "electricidad": "Conexión irregular a la red",
        "cloacas": "Desagüe a cámara séptica y pozo ciego",
        "agua": "Bomba de agua de pozo domiciliaria",
        "gas": "Gas en garrafa",
        "isRenabap": true,
        "color": "#fb923c",
        "center": [
          -34.482914,
          -58.71112
        ],
        "description": "Villa con 34 familias estimadas (RENABAP oficial). Electricidad: Conexión irregular a la red. Cloacas: Desagüe a cámara séptica y pozo ciego. Agua: Bomba de agua de pozo domiciliaria."
      },
      "geometry": {
        "type": "Polygon",
        "coordinates": [
          [
            [
              -58.711752049,
              -34.482680288
            ],
            [
              -58.711115136,
              -34.483509239
            ],
            [
              -58.710467904,
              -34.483176111
            ],
            [
              -58.711132529,
              -34.482314917
            ],
            [
              -58.711752049,
              -34.482680288
            ]
          ]
        ]
      }
    },
    {
      "type": "Feature",
      "id": "1199",
      "properties": {
        "name": "B° El Chiri",
        "fullName": "Barrio Popular El Chiri",
        "idRenabap": "1199",
        "familias": "429",
        "tipo": "Villa",
        "decada": "Década 1960",
        "electricidad": "No tiene conexión eléctrica",
        "cloacas": "Desagüe sólo a pozo negro/ciego u hoyo",
        "agua": "Bomba de agua de pozo comunitaria",
        "gas": "Gas en garrafa",
        "isRenabap": true,
        "color": "#ea580c",
        "center": [
          -34.479052,
          -58.712044
        ],
        "description": "Villa con 429 familias estimadas (RENABAP oficial). Electricidad: No tiene conexión eléctrica. Cloacas: Desagüe sólo a pozo negro/ciego u hoyo. Agua: Bomba de agua de pozo comunitaria."
      },
      "geometry": {
        "type": "Polygon",
        "coordinates": [
          [
            [
              -58.71498663009,
              -34.481119798284
            ],
            [
              -58.714530472682,
              -34.481735335504
            ],
            [
              -58.713178796759,
              -34.481061978956
            ],
            [
              -58.71343318693,
              -34.480682083403
            ],
            [
              -58.712636882214,
              -34.480240786475
            ],
            [
              -58.712332871306,
              -34.480626377009
            ],
            [
              -58.711895487635,
              -34.480399794469
            ],
            [
              -58.712478857972,
              -34.479596105342
            ],
            [
              -58.711383585332,
              -34.478982815621
            ],
            [
              -58.710753474736,
              -34.479800387378
            ],
            [
              -58.708971,
              -34.478083
            ],
            [
              -58.710350711808,
              -34.476392345679
            ],
            [
              -58.715453273253,
              -34.480728598915
            ],
            [
              -58.71498663009,
              -34.481119798284
            ]
          ]
        ]
      }
    },
    {
      "type": "Feature",
      "id": "226",
      "properties": {
        "name": "B° El Chiri II",
        "fullName": "Barrio Popular El Chiri II",
        "idRenabap": "226",
        "familias": "121",
        "tipo": "Asentamiento",
        "decada": "Década 1980",
        "electricidad": "Conexión irregular a la red",
        "cloacas": "Desagüe sólo a pozo negro/ciego u hoyo",
        "agua": "Bomba de agua de pozo domiciliaria",
        "gas": "Gas en garrafa",
        "isRenabap": true,
        "color": "#f97316",
        "center": [
          -34.482072,
          -58.713237
        ],
        "description": "Asentamiento con 121 familias estimadas (RENABAP oficial). Electricidad: Conexión irregular a la red. Cloacas: Desagüe sólo a pozo negro/ciego u hoyo. Agua: Bomba de agua de pozo domiciliaria."
      },
      "geometry": {
        "type": "Polygon",
        "coordinates": [
          [
            [
              -58.712685806663,
              -34.483054086337
            ],
            [
              -58.711960202996,
              -34.482650881002
            ],
            [
              -58.711957003996,
              -34.482535484998
            ],
            [
              -58.713082524664,
              -34.481080630328
            ],
            [
              -58.714647200004,
              -34.48188577533
            ],
            [
              -58.713995198,
              -34.482685799
            ],
            [
              -58.713269704,
              -34.482309588
            ],
            [
              -58.712685806663,
              -34.483054086337
            ]
          ]
        ]
      }
    },
    {
      "type": "Feature",
      "id": "980",
      "properties": {
        "name": "B° Descartes y José de San Martín",
        "fullName": "Barrio Popular Descartes y José de San Martín",
        "idRenabap": "980",
        "familias": "66",
        "tipo": "Asentamiento",
        "decada": "Década 2000",
        "electricidad": "Conexión a la red con medidor comunitario",
        "cloacas": "Desagüe a cámara séptica y pozo ciego",
        "agua": "Conexión irregular a la red de agua",
        "gas": "Gas en garrafa",
        "isRenabap": true,
        "color": "#fb923c",
        "center": [
          -34.479211,
          -58.714808
        ],
        "description": "Asentamiento con 66 familias estimadas (RENABAP oficial). Electricidad: Conexión a la red con medidor comunitario. Cloacas: Desagüe a cámara séptica y pozo ciego. Agua: Conexión irregular a la red de agua."
      },
      "geometry": {
        "type": "Polygon",
        "coordinates": [
          [
            [
              -58.714805985082,
              -34.480017819747
            ],
            [
              -58.714111847,
              -34.479411508
            ],
            [
              -58.714297187011,
              -34.479150743035
            ],
            [
              -58.714265387132,
              -34.479017183542
            ],
            [
              -58.71478266517,
              -34.478432065761
            ],
            [
              -58.715180163663,
              -34.478633464997
            ],
            [
              -58.715074164065,
              -34.478776564454
            ],
            [
              -58.715564942204,
              -34.479038383461
            ],
            [
              -58.714805985082,
              -34.480017819747
            ]
          ]
        ]
      }
    },
    {
      "type": "Feature",
      "id": "1062",
      "properties": {
        "name": "B° San José",
        "fullName": "Barrio Popular San José",
        "idRenabap": "1062",
        "familias": "18",
        "tipo": "Asentamiento",
        "decada": "Década 1960",
        "electricidad": "Conexión irregular a la red",
        "cloacas": "Desagüe sólo a pozo negro/ciego u hoyo",
        "agua": "Bomba de agua de pozo comunitaria",
        "gas": "Gas en garrafa",
        "isRenabap": true,
        "color": "#fb923c",
        "center": [
          -34.498168,
          -58.684979
        ],
        "description": "Asentamiento con 18 familias estimadas (RENABAP oficial). Electricidad: Conexión irregular a la red. Cloacas: Desagüe sólo a pozo negro/ciego u hoyo. Agua: Bomba de agua de pozo comunitaria."
      },
      "geometry": {
        "type": "Polygon",
        "coordinates": [
          [
            [
              -58.684891734337,
              -34.497847728535
            ],
            [
              -58.685369666585,
              -34.498236416952
            ],
            [
              -58.685066886428,
              -34.498482802548
            ],
            [
              -58.684595956069,
              -34.498107849129
            ],
            [
              -58.684891734337,
              -34.497847728535
            ]
          ]
        ]
      }
    },
    {
      "type": "Feature",
      "id": "6337",
      "properties": {
        "name": "B° Las Cañitas",
        "fullName": "Barrio Popular Las Cañitas",
        "idRenabap": "6337",
        "familias": "15",
        "tipo": "Asentamiento",
        "decada": "Década 2000",
        "electricidad": "Conexión irregular a la red",
        "cloacas": "Desagüe a cámara séptica y pozo ciego",
        "agua": "Bomba de agua de pozo domiciliaria",
        "gas": "Gas en garrafa",
        "isRenabap": true,
        "color": "#fb923c",
        "center": [
          -34.496118,
          -58.654391
        ],
        "description": "Asentamiento con 15 familias estimadas (RENABAP oficial). Electricidad: Conexión irregular a la red. Cloacas: Desagüe a cámara séptica y pozo ciego. Agua: Bomba de agua de pozo domiciliaria."
      },
      "geometry": {
        "type": "Polygon",
        "coordinates": [
          [
            [
              -58.654717997096,
              -34.496067232738
            ],
            [
              -58.654343289177,
              -34.496379658559
            ],
            [
              -58.654067769265,
              -34.49616437474
            ],
            [
              -58.654429,
              -34.495858
            ],
            [
              -58.654717997096,
              -34.496067232738
            ]
          ]
        ]
      }
    },
    {
      "type": "Feature",
      "id": "199",
      "properties": {
        "name": "B° La Gótica",
        "fullName": "Barrio Popular La Gótica",
        "idRenabap": "199",
        "familias": "66",
        "tipo": "Villa",
        "decada": "Década 1950",
        "electricidad": "Conexión irregular a la red",
        "cloacas": "Desagüe sólo a pozo negro/ciego u hoyo",
        "agua": "Bomba de agua de pozo comunitaria",
        "gas": "Gas en garrafa",
        "isRenabap": true,
        "color": "#fb923c",
        "center": [
          -34.509369,
          -58.675117
        ],
        "description": "Villa con 66 familias estimadas (RENABAP oficial). Electricidad: Conexión irregular a la red. Cloacas: Desagüe sólo a pozo negro/ciego u hoyo. Agua: Bomba de agua de pozo comunitaria."
      },
      "geometry": {
        "type": "Polygon",
        "coordinates": [
          [
            [
              -58.675740195168,
              -34.509314943017
            ],
            [
              -58.675223889637,
              -34.50974544419
            ],
            [
              -58.674377681145,
              -34.509314943017
            ],
            [
              -58.675376266341,
              -34.509032380391
            ],
            [
              -58.675740195168,
              -34.509314943017
            ]
          ]
        ]
      }
    },
    {
      "type": "Feature",
      "id": "254",
      "properties": {
        "name": "B° San Jorge",
        "fullName": "Barrio Popular San Jorge",
        "idRenabap": "254",
        "familias": "22",
        "tipo": "Asentamiento",
        "decada": "Década 1990",
        "electricidad": "Conexión irregular a la red",
        "cloacas": "Desagüe a cámara séptica y pozo ciego",
        "agua": "Bomba de agua de pozo domiciliaria",
        "gas": "Gas en garrafa",
        "isRenabap": true,
        "color": "#fb923c",
        "center": [
          -34.516086,
          -58.676594
        ],
        "description": "Asentamiento con 22 familias estimadas (RENABAP oficial). Electricidad: Conexión irregular a la red. Cloacas: Desagüe a cámara séptica y pozo ciego. Agua: Bomba de agua de pozo domiciliaria."
      },
      "geometry": {
        "type": "Polygon",
        "coordinates": [
          [
            [
              -58.677114844,
              -34.516226144
            ],
            [
              -58.676934062873,
              -34.516399078317
            ],
            [
              -58.676133156,
              -34.516097961
            ],
            [
              -58.676152170391,
              -34.515975952773
            ],
            [
              -58.676427254335,
              -34.51573021948
            ],
            [
              -58.677114844,
              -34.516226144
            ]
          ]
        ]
      }
    },
    {
      "type": "Feature",
      "id": "250",
      "properties": {
        "name": "B° Santa Lucía",
        "fullName": "Barrio Popular Santa Lucía",
        "idRenabap": "250",
        "familias": "55",
        "tipo": "Asentamiento",
        "decada": "Década 1980",
        "electricidad": "Conexión irregular a la red",
        "cloacas": "Desagüe a cámara séptica y pozo ciego",
        "agua": "Bomba de agua de pozo domiciliaria",
        "gas": "Gas en garrafa",
        "isRenabap": true,
        "color": "#fb923c",
        "center": [
          -34.497962,
          -58.721512
        ],
        "description": "Asentamiento con 55 familias estimadas (RENABAP oficial). Electricidad: Conexión irregular a la red. Cloacas: Desagüe a cámara séptica y pozo ciego. Agua: Bomba de agua de pozo domiciliaria."
      },
      "geometry": {
        "type": "MultiPolygon",
        "coordinates": [
          [
            [
              [
                -58.721157322985,
                -34.497930421621
              ],
              [
                -58.720987920463,
                -34.498168689751
              ],
              [
                -58.720526397,
                -34.497900619
              ],
              [
                -58.720689382,
                -34.497670180281
              ],
              [
                -58.721157322985,
                -34.497930421621
              ]
            ]
          ],
          [
            [
              [
                -58.722176038493,
                -34.49832886419
              ],
              [
                -58.721334801802,
                -34.497887933683
              ],
              [
                -58.721545452836,
                -34.497638200698
              ],
              [
                -58.722381984443,
                -34.49809297281
              ],
              [
                -58.722176038493,
                -34.49832886419
              ]
            ]
          ]
        ]
      }
    },
    {
      "type": "Feature",
      "id": "242",
      "properties": {
        "name": "B° Santa Mónica",
        "fullName": "Barrio Popular Santa Mónica",
        "idRenabap": "242",
        "familias": "33",
        "tipo": "Asentamiento",
        "decada": "Década 1980",
        "electricidad": "Conexión formal a la red con medidor domiciliario con factura",
        "cloacas": "Desagüe a cámara séptica y pozo ciego",
        "agua": "Conexión irregular a la red de agua",
        "gas": "Gas en garrafa",
        "isRenabap": true,
        "color": "#fb923c",
        "center": [
          -34.491503,
          -58.744149
        ],
        "description": "Asentamiento con 33 familias estimadas (RENABAP oficial). Electricidad: Conexión formal a la red con medidor domiciliario con factura. Cloacas: Desagüe a cámara séptica y pozo ciego. Agua: Conexión irregular a la red de agua."
      },
      "geometry": {
        "type": "Polygon",
        "coordinates": [
          [
            [
              -58.744724524513,
              -34.491585805222
            ],
            [
              -58.744514685379,
              -34.491911366333
            ],
            [
              -58.743541431535,
              -34.491390197644
            ],
            [
              -58.743797770535,
              -34.491109529644
            ],
            [
              -58.744724524513,
              -34.491585805222
            ]
          ]
        ]
      }
    },
    {
      "type": "Feature",
      "id": "1061",
      "properties": {
        "name": "B° Eaton",
        "fullName": "Barrio Popular Eaton",
        "idRenabap": "1061",
        "familias": "143",
        "tipo": "Villa",
        "decada": "Década 2000",
        "electricidad": "Conexión irregular a la red",
        "cloacas": "Desagüe a cámara séptica y pozo ciego",
        "agua": "Bomba de agua de pozo domiciliaria",
        "gas": "Gas en garrafa",
        "isRenabap": true,
        "color": "#f97316",
        "center": [
          -34.494205,
          -58.746609
        ],
        "description": "Villa con 143 familias estimadas (RENABAP oficial). Electricidad: Conexión irregular a la red. Cloacas: Desagüe a cámara séptica y pozo ciego. Agua: Bomba de agua de pozo domiciliaria."
      },
      "geometry": {
        "type": "Polygon",
        "coordinates": [
          [
            [
              -58.746422572508,
              -34.496144850417
            ],
            [
              -58.74510945057,
              -34.495514124276
            ],
            [
              -58.745844406878,
              -34.494553781367
            ],
            [
              -58.74466045908,
              -34.493930182075
            ],
            [
              -58.745557551204,
              -34.492767614824
            ],
            [
              -58.746558541844,
              -34.493683058064
            ],
            [
              -58.747500508426,
              -34.492429089494
            ],
            [
              -58.748527604736,
              -34.49296532626
            ],
            [
              -58.748097992006,
              -34.493510766142
            ],
            [
              -58.748416308529,
              -34.493677178934
            ],
            [
              -58.746549964934,
              -34.496088726481
            ],
            [
              -58.746422572508,
              -34.496144850417
            ]
          ]
        ]
      }
    },
    {
      "type": "Feature",
      "id": "227",
      "properties": {
        "name": "B° San Pascual",
        "fullName": "Barrio Popular San Pascual",
        "idRenabap": "227",
        "familias": "110",
        "tipo": "Villa",
        "decada": "Década 1980",
        "electricidad": "Conexión a la red con medidor comunitario",
        "cloacas": "Desagüe sólo a pozo negro/ciego u hoyo",
        "agua": "Bomba de agua de pozo domiciliaria",
        "gas": "Gas en garrafa",
        "isRenabap": true,
        "color": "#f97316",
        "center": [
          -34.504569,
          -58.733993
        ],
        "description": "Villa con 110 familias estimadas (RENABAP oficial). Electricidad: Conexión a la red con medidor comunitario. Cloacas: Desagüe sólo a pozo negro/ciego u hoyo. Agua: Bomba de agua de pozo domiciliaria."
      },
      "geometry": {
        "type": "Polygon",
        "coordinates": [
          [
            [
              -58.73511200935,
              -34.503974760593
            ],
            [
              -58.733823268727,
              -34.505648122216
            ],
            [
              -58.732869954006,
              -34.505159907419
            ],
            [
              -58.734170226519,
              -34.503487247305
            ],
            [
              -58.73511200935,
              -34.503974760593
            ]
          ]
        ]
      }
    },
    {
      "type": "Feature",
      "id": "996",
      "properties": {
        "name": "B° Santa Elena",
        "fullName": "Barrio Popular Santa Elena",
        "idRenabap": "996",
        "familias": "121",
        "tipo": "Asentamiento",
        "decada": "Década 1960",
        "electricidad": "Conexión formal a la red con medidor domiciliario con factura",
        "cloacas": "Desagüe a cámara séptica y pozo ciego",
        "agua": "Bomba de agua de pozo domiciliaria",
        "gas": "Gas en garrafa",
        "isRenabap": true,
        "color": "#f97316",
        "center": [
          -34.509156,
          -58.716758
        ],
        "description": "Asentamiento con 121 familias estimadas (RENABAP oficial). Electricidad: Conexión formal a la red con medidor domiciliario con factura. Cloacas: Desagüe a cámara séptica y pozo ciego. Agua: Bomba de agua de pozo domiciliaria."
      },
      "geometry": {
        "type": "Polygon",
        "coordinates": [
          [
            [
              -58.71443990824,
              -34.509553234676
            ],
            [
              -58.715576948732,
              -34.508075715804
            ],
            [
              -58.716980599035,
              -34.508772817606
            ],
            [
              -58.717554438767,
              -34.508041058668
            ],
            [
              -58.718731734625,
              -34.508665387894
            ],
            [
              -58.718275,
              -34.509227
            ],
            [
              -58.719483192415,
              -34.50984547745
            ],
            [
              -58.719154265929,
              -34.510259284145
            ],
            [
              -58.716772711853,
              -34.509104950078
            ],
            [
              -58.715857290033,
              -34.51029530036
            ],
            [
              -58.71443990824,
              -34.509553234676
            ]
          ]
        ]
      }
    },
    {
      "type": "Feature",
      "id": "2886",
      "properties": {
        "name": "B° El Cruce",
        "fullName": "Barrio Popular El Cruce",
        "idRenabap": "2886",
        "familias": "440",
        "tipo": "Villa",
        "decada": "Década 1940",
        "electricidad": "Conexión formal a la red con medidor domiciliario con factura",
        "cloacas": "Desagüe sólo a pozo negro/ciego u hoyo",
        "agua": "Bomba de agua de pozo domiciliaria",
        "gas": "Conexión formal a la red de gas con factura",
        "isRenabap": true,
        "color": "#ea580c",
        "center": [
          -34.51585,
          -58.719491
        ],
        "description": "Villa con 440 familias estimadas (RENABAP oficial). Electricidad: Conexión formal a la red con medidor domiciliario con factura. Cloacas: Desagüe sólo a pozo negro/ciego u hoyo. Agua: Bomba de agua de pozo domiciliaria."
      },
      "geometry": {
        "type": "Polygon",
        "coordinates": [
          [
            [
              -58.719860896,
              -34.513944197
            ],
            [
              -58.720516696,
              -34.514319201
            ],
            [
              -58.722625895403,
              -34.515921640761
            ],
            [
              -58.720435434523,
              -34.517972934963
            ],
            [
              -58.72001257,
              -34.517670151
            ],
            [
              -58.719185087239,
              -34.518414079082
            ],
            [
              -58.716642343,
              -34.516066779
            ],
            [
              -58.718963643358,
              -34.513077993523
            ],
            [
              -58.719680063982,
              -34.513459097783
            ],
            [
              -58.719831030698,
              -34.513380277961
            ],
            [
              -58.720137113366,
              -34.513521310634
            ],
            [
              -58.719860896,
              -34.513944197
            ]
          ]
        ]
      }
    },
    {
      "type": "Feature",
      "id": "224",
      "properties": {
        "name": "B° Solar del Norte",
        "fullName": "Barrio Popular Solar del Norte",
        "idRenabap": "224",
        "familias": "55",
        "tipo": "Asentamiento",
        "decada": "Década 1970",
        "electricidad": "Conexión irregular a la red",
        "cloacas": "Desagüe sólo a pozo negro/ciego u hoyo",
        "agua": "Conexión formal a la red de agua con factura",
        "gas": "Gas en garrafa",
        "isRenabap": true,
        "color": "#fb923c",
        "center": [
          -34.521493,
          -58.707964
        ],
        "description": "Asentamiento con 55 familias estimadas (RENABAP oficial). Electricidad: Conexión irregular a la red. Cloacas: Desagüe sólo a pozo negro/ciego u hoyo. Agua: Conexión formal a la red de agua con factura."
      },
      "geometry": {
        "type": "Polygon",
        "coordinates": [
          [
            [
              -58.707671473352,
              -34.522083947097
            ],
            [
              -58.707212699007,
              -34.521639709405
            ],
            [
              -58.708243822732,
              -34.520915972743
            ],
            [
              -58.708730756324,
              -34.521318422885
            ],
            [
              -58.707671473352,
              -34.522083947097
            ]
          ]
        ]
      }
    }
  ]
}