{
  "type": "FeatureCollection",
  "features": [
    {
      "type": "Feature",
      "id": "4417",
      "properties": {
        "id": "4417",
        "nombre": "Alvear III",
        "familias": 55,
        "tipo": "Asentamiento",
        "decada": "D\u00e9cada 2010",
        "electricidad": "Conexi\u00f3n irregular a la red",
        "cloacas": "Desag\u00fce s\u00f3lo a pozo negro/ciego u hoyo",
        "agua": "Bomba de agua de pozo domiciliaria",
        "superficie_km2": "0.0269558526519",
        "lat": -34.491645,
        "lon": -58.780913
      },
      "geometry": {
        "type": "Polygon",
        "coordinates": [
          [
            [
              -58.780669956022,
              -34.491755314382
            ],
            [
              -58.781200425207,
              -34.491016877163
            ],
            [
              -58.781563463315,
              -34.490139669529
            ],
            [
              -58.781211988644,
              -34.489976974673
            ],
            [
              -58.781409239349,
              -34.489743016782
            ],
            [
              -58.781667291983,
              -34.489852275102
            ],
            [
              -58.781911253653,
              -34.48911272585
            ],
            [
              -58.782135843875,
              -34.48914858425
            ],
            [
              -58.781986448286,
              -34.489657806293
            ],
            [
              -58.781878079345,
              -34.490057504725
            ],
            [
              -58.781484010468,
              -34.491053936027
            ],
            [
              -58.781146237145,
              -34.491645039342
            ],
            [
              -58.782210778157,
              -34.492215979073
            ],
            [
              -58.782028245659,
              -34.492459858802
            ],
            [
              -58.780887405684,
              -34.491866655252
            ],
            [
              -58.780487073206,
              -34.492414151867
            ],
            [
              -58.781128086503,
              -34.49276591409
            ],
            [
              -58.780858631552,
              -34.493120884684
            ],
            [
              -58.780585498518,
              -34.492983962368
            ],
            [
              -58.780364899726,
              -34.493272553938
            ],
            [
              -58.780010735883,
              -34.493075706608
            ],
            [
              -58.780064519307,
              -34.492598109809
            ],
            [
              -58.780217249315,
              -34.492385502696
            ],
            [
              -58.7796920691,
              -34.492101150978
            ],
            [
              -58.780108352797,
              -34.491565468081
            ],
            [
              -58.779837284343,
              -34.491397663801
            ],
            [
              -58.780037358678,
              -34.491149184385
            ],
            [
              -58.780463323391,
              -34.49134925872
            ],
            [
              -58.780305200126,
              -34.491568695087
            ],
            [
              -58.780669956022,
              -34.491755314382
            ]
          ]
        ]
      }
    },
    {
      "type": "Feature",
      "id": "651",
      "properties": {
        "id": "651",
        "nombre": "Lido",
        "familias": 176,
        "tipo": "Asentamiento",
        "decada": "D\u00e9cada 1980",
        "electricidad": "Conexi\u00f3n formal a la red con medidor domiciliario con factura",
        "cloacas": "Desag\u00fce s\u00f3lo a pozo negro/ciego u hoyo",
        "agua": "Bomba de agua de pozo domiciliaria",
        "superficie_km2": "0.03667332597342",
        "lat": -34.501806,
        "lon": -58.755826
      },
      "geometry": {
        "type": "Polygon",
        "coordinates": [
          [
            [
              -58.756213779088,
              -34.501639817424
            ],
            [
              -58.755737727836,
              -34.502259808895
            ],
            [
              -58.756320935307,
              -34.502568204861
            ],
            [
              -58.756469534447,
              -34.502382486791
            ],
            [
              -58.757127148851,
              -34.502719895264
            ],
            [
              -58.756804946825,
              -34.503138323514
            ],
            [
              -58.75595848346,
              -34.502707999619
            ],
            [
              -58.755617792377,
              -34.503161232788
            ],
            [
              -58.754927801688,
              -34.502798113869
            ],
            [
              -58.755446909589,
              -34.502134818784
            ],
            [
              -58.754461947238,
              -34.501621270372
            ],
            [
              -58.754957267228,
              -34.50102030043
            ],
            [
              -58.75498140455,
              -34.500979313751
            ],
            [
              -58.755043161429,
              -34.50087444651
            ],
            [
              -58.755410856326,
              -34.500417103565
            ],
            [
              -58.756022360402,
              -34.50072041624
            ],
            [
              -58.755920506884,
              -34.500854115259
            ],
            [
              -58.757342948618,
              -34.501645745155
            ],
            [
              -58.757030212824,
              -34.502077380931
            ],
            [
              -58.756213779088,
              -34.501639817424
            ]
          ]
        ]
      }
    },
    {
      "type": "Feature",
      "id": "1382",
      "properties": {
        "id": "1382",
        "nombre": "Provincias Unidas",
        "familias": 88,
        "tipo": "Villa",
        "decada": "D\u00e9cada 2000",
        "electricidad": "Conexi\u00f3n formal a la red con medidor domiciliario con factura",
        "cloacas": "Desag\u00fce a c\u00e1mara s\u00e9ptica y pozo ciego",
        "agua": "Bomba de agua de pozo domiciliaria",
        "superficie_km2": "0.02777937968054",
        "lat": -34.500682,
        "lon": -58.754654
      },
      "geometry": {
        "type": "Polygon",
        "coordinates": [
          [
            [
              -58.753982953931,
              -34.502202420808
            ],
            [
              -58.753350047742,
              -34.501883476983
            ],
            [
              -58.753809026665,
              -34.501300204041
            ],
            [
              -58.753818192556,
              -34.501143203096
            ],
            [
              -58.753886361167,
              -34.501023908926
            ],
            [
              -58.75413212544,
              -34.50059959943
            ],
            [
              -58.755096009181,
              -34.49926466792
            ],
            [
              -58.755986105025,
              -34.499701590333
            ],
            [
              -58.755043161429,
              -34.50087444651
            ],
            [
              -58.754957267228,
              -34.50102030043
            ],
            [
              -58.753982953931,
              -34.502202420808
            ]
          ]
        ]
      }
    },
    {
      "type": "Feature",
      "id": "1539",
      "properties": {
        "id": "1539",
        "nombre": "Aguas Claras",
        "familias": 88,
        "tipo": "Asentamiento",
        "decada": "D\u00e9cada 1980",
        "electricidad": "Conexi\u00f3n a la red con medidor comunitario",
        "cloacas": "Desag\u00fce s\u00f3lo a pozo negro/ciego u hoyo",
        "agua": "Bomba de agua de pozo comunitaria",
        "superficie_km2": "0.02046046038241",
        "lat": -34.506417,
        "lon": -58.745316
      },
      "geometry": {
        "type": "Polygon",
        "coordinates": [
          [
            [
              -58.74637889013,
              -34.506270472208
            ],
            [
              -58.745527236518,
              -34.507344400303
            ],
            [
              -58.744496229311,
              -34.506810516874
            ],
            [
              -58.744770225533,
              -34.506428200375
            ],
            [
              -58.744353006215,
              -34.506211017444
            ],
            [
              -58.744586132052,
              -34.505872561992
            ],
            [
              -58.744669807758,
              -34.505909076169
            ],
            [
              -58.744994364974,
              -34.505509663549
            ],
            [
              -58.74637889013,
              -34.506270472208
            ]
          ]
        ]
      }
    },
    {
      "type": "Feature",
      "id": "4544",
      "properties": {
        "id": "4544",
        "nombre": "Potos\u00ed y Florencio Ballesteros",
        "familias": 17,
        "tipo": "Villa",
        "decada": "D\u00e9cada 2000",
        "electricidad": "Conexi\u00f3n irregular a la red",
        "cloacas": "Desag\u00fce a c\u00e1mara s\u00e9ptica y pozo ciego",
        "agua": "Bomba de agua de pozo domiciliaria",
        "superficie_km2": "0.00401377435039",
        "lat": -34.527411,
        "lon": -58.77866
      },
      "geometry": {
        "type": "Polygon",
        "coordinates": [
          [
            [
              -58.779216751239,
              -34.526933702107
            ],
            [
              -58.778841980018,
              -34.527259576139
            ],
            [
              -58.778490048931,
              -34.527962151544
            ],
            [
              -58.778126858623,
              -34.528380029498
            ],
            [
              -58.778104018488,
              -34.528369735353
            ],
            [
              -58.778126215239,
              -34.52828545204
            ],
            [
              -58.778834902793,
              -34.526709482758
            ],
            [
              -58.779216751239,
              -34.526933702107
            ]
          ]
        ]
      }
    },
    {
      "type": "Feature",
      "id": "67",
      "properties": {
        "id": "67",
        "nombre": "11 de Septiembre y Bruguetti",
        "familias": 51,
        "tipo": "Asentamiento",
        "decada": "D\u00e9cada 2010",
        "electricidad": "Conexi\u00f3n regular a la red con medidor prepago",
        "cloacas": "Desag\u00fce a c\u00e1mara s\u00e9ptica y pozo ciego",
        "agua": "Bomba de agua de pozo domiciliaria",
        "superficie_km2": "0.0091888738702",
        "lat": -34.509919,
        "lon": -58.773067
      },
      "geometry": {
        "type": "Polygon",
        "coordinates": [
          [
            [
              -58.773101266065,
              -34.509263895801
            ],
            [
              -58.773737251002,
              -34.509602893479
            ],
            [
              -58.773746150744,
              -34.509652583254
            ],
            [
              -58.773027751774,
              -34.510580546452
            ],
            [
              -58.77236689387,
              -34.510207879641
            ],
            [
              -58.773101266065,
              -34.509263895801
            ]
          ]
        ]
      }
    },
    {
      "type": "Feature",
      "id": "386",
      "properties": {
        "id": "386",
        "nombre": "Alberdi",
        "familias": 193,
        "tipo": "Asentamiento",
        "decada": "D\u00e9cada 1990",
        "electricidad": "Conexi\u00f3n formal a la red con medidor domiciliario con factura",
        "cloacas": "Desag\u00fce a c\u00e1mara s\u00e9ptica y pozo ciego",
        "agua": "Bomba de agua de pozo domiciliaria",
        "superficie_km2": "0.04613978812724",
        "lat": -34.508957,
        "lon": -58.769987
      },
      "geometry": {
        "type": "MultiPolygon",
        "coordinates": [
          [
            [
              [
                -58.770795693495,
                -34.50787536225
              ],
              [
                -58.770008313086,
                -34.508918397798
              ],
              [
                -58.769850867257,
                -34.508879441625
              ],
              [
                -58.768494009867,
                -34.508127454526
              ],
              [
                -58.769274901676,
                -34.507100157845
              ],
              [
                -58.770795693495,
                -34.50787536225
              ]
            ]
          ],
          [
            [
              [
                -58.771512746767,
                -34.509736579255
              ],
              [
                -58.77069515808,
                -34.51079000841
              ],
              [
                -58.769223125734,
                -34.510032716543
              ],
              [
                -58.769145692925,
                -34.509937050468
              ],
              [
                -58.769902979529,
                -34.50898384472
              ],
              [
                -58.770034468769,
                -34.50898065193
              ],
              [
                -58.770278120567,
                -34.509104414868
              ],
              [
                -58.771512746767,
                -34.509736579255
              ]
            ]
          ]
        ]
      }
    },
    {
      "type": "Feature",
      "id": "1564",
      "properties": {
        "id": "1564",
        "nombre": "Sol y Verde II",
        "familias": 1210,
        "tipo": "Asentamiento",
        "decada": "D\u00e9cada 1930",
        "electricidad": "Conexi\u00f3n irregular a la red",
        "cloacas": "Desag\u00fce s\u00f3lo a pozo negro/ciego u hoyo",
        "agua": "Bomba de agua de pozo domiciliaria",
        "superficie_km2": "0.79880951416996",
        "lat": -34.491006,
        "lon": -58.81115
      },
      "geometry": {
        "type": "Polygon",
        "coordinates": [
          [
            [
              -58.815540685672,
              -34.498168992831
            ],
            [
              -58.813824991798,
              -34.496984559156
            ],
            [
              -58.812523866388,
              -34.496081538033
            ],
            [
              -58.813048075057,
              -34.495546300064
            ],
            [
              -58.813857095796,
              -34.494706245461
            ],
            [
              -58.810355840331,
              -34.49234898789
            ],
            [
              -58.808814470405,
              -34.493933802987
            ],
            [
              -58.807558917419,
              -34.493074484896
            ],
            [
              -58.808578073903,
              -34.492043751332
            ],
            [
              -58.80729733267,
              -34.491219259972
            ],
            [
              -58.807829618,
              -34.490685122
            ],
            [
              -58.806625281944,
              -34.489855683234
            ],
            [
              -58.803538084,
              -34.493096700346
            ],
            [
              -58.802188719524,
              -34.492186438363
            ],
            [
              -58.808795214,
              -34.485423429
            ],
            [
              -58.811209202,
              -34.482876474
            ],
            [
              -58.812253679473,
              -34.48184039008
            ],
            [
              -58.81243702897,
              -34.482095795216
            ],
            [
              -58.81244795662,
              -34.482398762446
            ],
            [
              -58.812397077329,
              -34.482939060219
            ],
            [
              -58.81242704106,
              -34.483097439941
            ],
            [
              -58.812379955197,
              -34.483439882581
            ],
            [
              -58.812238697607,
              -34.483785178911
            ],
            [
              -58.812076037353,
              -34.483912168057
            ],
            [
              -58.811870571769,
              -34.483996351873
            ],
            [
              -58.811583776057,
              -34.484051998802
            ],
            [
              -58.811445236,
              -34.484203023
            ],
            [
              -58.811606169,
              -34.484760167
            ],
            [
              -58.811574503623,
              -34.485133345228
            ],
            [
              -58.811090087917,
              -34.485807017335
            ],
            [
              -58.811208515997,
              -34.48608810567
            ],
            [
              -58.811361188341,
              -34.486156594198
            ],
            [
              -58.811633715609,
              -34.486255046457
            ],
            [
              -58.81183490066,
              -34.486526146881
            ],
            [
              -58.812031805179,
              -34.486845760012
            ],
            [
              -58.812056061532,
              -34.487081189328
            ],
            [
              -58.812128774,
              -34.487400394
            ],
            [
              -58.812409918928,
              -34.48777606252
            ],
            [
              -58.812475553767,
              -34.488020052901
            ],
            [
              -58.812613957668,
              -34.488535143707
            ],
            [
              -58.812847960139,
              -34.488866171593
            ],
            [
              -58.813110546429,
              -34.489199336923
            ],
            [
              -58.813374465699,
              -34.490210258957
            ],
            [
              -58.813440100539,
              -34.490341528636
            ],
            [
              -58.813546850895,
              -34.490458046334
            ],
            [
              -58.813582784972,
              -34.490598360617
            ],
            [
              -58.813460076359,
              -34.490783850381
            ],
            [
              -58.813481479024,
              -34.490996450187
            ],
            [
              -58.81367410301,
              -34.491277538521
            ],
            [
              -58.813909921,
              -34.491607715
            ],
            [
              -58.81411499791,
              -34.49173127502
            ],
            [
              -58.814246267589,
              -34.491886801053
            ],
            [
              -58.81437182989,
              -34.492117949835
            ],
            [
              -58.814444598951,
              -34.492397611325
            ],
            [
              -58.814428903664,
              -34.492528881004
            ],
            [
              -58.814573642,
              -34.492717727
            ],
            [
              -58.814941140781,
              -34.493061093942
            ],
            [
              -58.815065276238,
              -34.493049679187
            ],
            [
              -58.815182277473,
              -34.49297833697
            ],
            [
              -58.815349218261,
              -34.49290271422
            ],
            [
              -58.81545959033,
              -34.492930792023
            ],
            [
              -58.815594635487,
              -34.492995459102
            ],
            [
              -58.81568452668,
              -34.493135289847
            ],
            [
              -58.815864309066,
              -34.493593306879
            ],
            [
              -58.815731612543,
              -34.493900078411
            ],
            [
              -58.81576014943,
              -34.494012799114
            ],
            [
              -58.815874296977,
              -34.494111251373
            ],
            [
              -58.816022688788,
              -34.494119812439
            ],
            [
              -58.816370838806,
              -34.494114105062
            ],
            [
              -58.816496401107,
              -34.494174032524
            ],
            [
              -58.816687598248,
              -34.494436571882
            ],
            [
              -58.817204115898,
              -34.494813258787
            ],
            [
              -58.817595071246,
              -34.494930260022
            ],
            [
              -58.819195990592,
              -34.496028930161
            ],
            [
              -58.81947850577,
              -34.496255798411
            ],
            [
              -58.819589799628,
              -34.496409897599
            ],
            [
              -58.819600500961,
              -34.496516910924
            ],
            [
              -58.819538433232,
              -34.496598241051
            ],
            [
              -58.819410017242,
              -34.496685991978
            ],
            [
              -58.819356510579,
              -34.496786584504
            ],
            [
              -58.819341528714,
              -34.496983489022
            ],
            [
              -58.815540685672,
              -34.498168992831
            ]
          ]
        ]
      }
    },
    {
      "type": "Feature",
      "id": "50",
      "properties": {
        "id": "50",
        "nombre": "Urquiza",
        "familias": 112,
        "tipo": "Asentamiento",
        "decada": "D\u00e9cada 1990",
        "electricidad": "Conexi\u00f3n irregular a la red",
        "cloacas": "Desag\u00fce s\u00f3lo a pozo negro/ciego u hoyo",
        "agua": "Bomba de agua de pozo domiciliaria",
        "superficie_km2": "0.07545721511287",
        "lat": -34.503977,
        "lon": -58.80958
      },
      "geometry": {
        "type": "MultiPolygon",
        "coordinates": [
          [
            [
              [
                -58.815502961911,
                -34.50280983698
              ],
              [
                -58.815548286499,
                -34.502924542223
              ],
              [
                -58.8155186,
                -34.5029296
              ],
              [
                -58.815053500932,
                -34.503108871499
              ],
              [
                -58.814906308382,
                -34.503276665845
              ],
              [
                -58.813898736267,
                -34.504299780292
              ],
              [
                -58.813333443102,
                -34.504459768924
              ],
              [
                -58.813109459018,
                -34.503905141668
              ],
              [
                -58.813013675055,
                -34.503682971748
              ],
              [
                -58.812979348813,
                -34.503498374077
              ],
              [
                -58.814411310541,
                -34.503097547127
              ],
              [
                -58.815502961911,
                -34.50280983698
              ]
            ]
          ],
          [
            [
              [
                -58.805794,
                -34.505542
              ],
              [
                -58.805792093274,
                -34.505431298882
              ],
              [
                -58.80876192803,
                -34.502396557355
              ],
              [
                -58.808821061155,
                -34.502438527163
              ],
              [
                -58.8094424,
                -34.5033147
              ],
              [
                -58.8097616,
                -34.5032417
              ],
              [
                -58.810729592627,
                -34.504177593789
              ],
              [
                -58.805794,
                -34.505542
              ]
            ]
          ]
        ]
      }
    },
    {
      "type": "Feature",
      "id": "621",
      "properties": {
        "id": "621",
        "nombre": "Nestor Kirchner",
        "familias": 50,
        "tipo": "Villa",
        "decada": "D\u00e9cada 2000",
        "electricidad": "Conexi\u00f3n irregular a la red",
        "cloacas": "Desag\u00fce s\u00f3lo a pozo negro/ciego u hoyo",
        "agua": "Bomba de agua de pozo domiciliaria",
        "superficie_km2": "0.01256342822172",
        "lat": -34.500417,
        "lon": -58.810269
      },
      "geometry": {
        "type": "MultiPolygon",
        "coordinates": [
          [
            [
              [
                -58.808757663271,
                -34.50069808149
              ],
              [
                -58.808251793989,
                -34.501202550886
              ],
              [
                -58.807948243344,
                -34.500995548965
              ],
              [
                -58.808172899526,
                -34.500789345803
              ],
              [
                -58.808704724832,
                -34.500589853304
              ],
              [
                -58.808758831341,
                -34.500637933475
              ],
              [
                -58.808757663271,
                -34.50069808149
              ]
            ]
          ],
          [
            [
              [
                -58.810519320372,
                -34.499979083835
              ],
              [
                -58.811604431678,
                -34.499629260289
              ],
              [
                -58.811654977687,
                -34.499714500315
              ],
              [
                -58.811471790958,
                -34.499844598591
              ],
              [
                -58.811103249242,
                -34.500195397711
              ],
              [
                -58.811258311188,
                -34.500586441536
              ],
              [
                -58.811260620809,
                -34.500604425687
              ],
              [
                -58.811252496382,
                -34.500620291724
              ],
              [
                -58.811236542911,
                -34.500641925273
              ],
              [
                -58.810782022435,
                -34.500765612687
              ],
              [
                -58.810687416361,
                -34.500550054951
              ],
              [
                -58.810630871757,
                -34.500608422203
              ],
              [
                -58.810381190837,
                -34.500916543048
              ],
              [
                -58.809640659686,
                -34.500405638647
              ],
              [
                -58.81057409997,
                -34.500081378472
              ],
              [
                -58.810519320372,
                -34.499979083835
              ]
            ]
          ]
        ]
      }
    },
    {
      "type": "Feature",
      "id": "1373",
      "properties": {
        "id": "1373",
        "nombre": "San Atilio",
        "familias": 374,
        "tipo": "Asentamiento",
        "decada": "D\u00e9cada 2000",
        "electricidad": "Conexi\u00f3n irregular a la red",
        "cloacas": "Desag\u00fce s\u00f3lo a pozo negro/ciego u hoyo",
        "agua": "Bomba de agua de pozo domiciliaria",
        "superficie_km2": "0.13848316146508",
        "lat": -34.503905,
        "lon": -58.817422
      },
      "geometry": {
        "type": "Polygon",
        "coordinates": [
          [
            [
              -58.819239022172,
              -34.501924878801
            ],
            [
              -58.819524347516,
              -34.502214059617
            ],
            [
              -58.819841638966,
              -34.502536896281
            ],
            [
              -58.819913008387,
              -34.502987068455
            ],
            [
              -58.819985582895,
              -34.503212689564
            ],
            [
              -58.820138515348,
              -34.503565676196
            ],
            [
              -58.819638091718,
              -34.503808770242
            ],
            [
              -58.819529715836,
              -34.503912788822
            ],
            [
              -58.819168251282,
              -34.504336028794
            ],
            [
              -58.818801335715,
              -34.504745163673
            ],
            [
              -58.818825615075,
              -34.504890633769
            ],
            [
              -58.818049534161,
              -34.505673071231
            ],
            [
              -58.81829251685,
              -34.505829550867
            ],
            [
              -58.817824466095,
              -34.506337733821
            ],
            [
              -58.817219425186,
              -34.50596257026
            ],
            [
              -58.814296924923,
              -34.504010285327
            ],
            [
              -58.815023947622,
              -34.503220139786
            ],
            [
              -58.815109,
              -34.503092
            ],
            [
              -58.8155186,
              -34.5029296
            ],
            [
              -58.816114598094,
              -34.502828058035
            ],
            [
              -58.819239022172,
              -34.501924878801
            ]
          ]
        ]
      }
    },
    {
      "type": "Feature",
      "id": "259",
      "properties": {
        "id": "259",
        "nombre": "Nuestra Se\u00f1ora de Caacup\u00e9",
        "familias": 138,
        "tipo": "Asentamiento",
        "decada": "D\u00e9cada 2010",
        "electricidad": "Conexi\u00f3n irregular a la red",
        "cloacas": "Desag\u00fce a c\u00e1mara s\u00e9ptica y pozo ciego",
        "agua": "Bomba de agua de pozo domiciliaria",
        "superficie_km2": "0.06729217772797",
        "lat": -34.51515,
        "lon": -58.784692
      },
      "geometry": {
        "type": "Polygon",
        "coordinates": [
          [
            [
              -58.785122077828,
              -34.516764664874
            ],
            [
              -58.782676245405,
              -34.515226480435
            ],
            [
              -58.78432521512,
              -34.51351712615
            ],
            [
              -58.784391401066,
              -34.513548013846
            ],
            [
              -58.785160709923,
              -34.514047165618
            ],
            [
              -58.785779017943,
              -34.514448564939
            ],
            [
              -58.7857872433,
              -34.514500421074
            ],
            [
              -58.786599033836,
              -34.51506986443
            ],
            [
              -58.786238947009,
              -34.515547789987
            ],
            [
              -58.786201249396,
              -34.515619607002
            ],
            [
              -58.78574419147,
              -34.51619453936
            ],
            [
              -58.785122077828,
              -34.516764664874
            ]
          ]
        ]
      }
    },
    {
      "type": "Feature",
      "id": "661",
      "properties": {
        "id": "661",
        "nombre": "11 de Septiembre y Fern\u00e1ndez Moreno",
        "familias": 303,
        "tipo": "Asentamiento",
        "decada": "D\u00e9cada 2000",
        "electricidad": "Conexi\u00f3n irregular a la red",
        "cloacas": "Desag\u00fce a c\u00e1mara s\u00e9ptica y pozo ciego",
        "agua": "Bomba de agua de pozo domiciliaria",
        "superficie_km2": "0.15157161175095",
        "lat": -34.516631,
        "lon": -58.786559
      },
      "geometry": {
        "type": "Polygon",
        "coordinates": [
          [
            [
              -58.790022185879,
              -34.51489613885
            ],
            [
              -58.787203769628,
              -34.518115639861
            ],
            [
              -58.786109457242,
              -34.517417298302
            ],
            [
              -58.785057470855,
              -34.518451783558
            ],
            [
              -58.783495283591,
              -34.520049924049
            ],
            [
              -58.783423566403,
              -34.520123291785
            ],
            [
              -58.782702684,
              -34.519636179
            ],
            [
              -58.782750546206,
              -34.519561124929
            ],
            [
              -58.782868981,
              -34.519375404
            ],
            [
              -58.782917261,
              -34.518872329025
            ],
            [
              -58.783313667613,
              -34.518453951578
            ],
            [
              -58.783550842614,
              -34.518178727427
            ],
            [
              -58.783614635,
              -34.518009634
            ],
            [
              -58.783869066131,
              -34.517788862693
            ],
            [
              -58.784158174056,
              -34.517451219966
            ],
            [
              -58.784531231354,
              -34.517112085515
            ],
            [
              -58.785122592933,
              -34.516827901187
            ],
            [
              -58.785234813036,
              -34.516743491719
            ],
            [
              -58.785716380207,
              -34.516287068693
            ],
            [
              -58.785809899236,
              -34.516217132478
            ],
            [
              -58.786191610754,
              -34.515689334295
            ],
            [
              -58.786224837106,
              -34.515624425727
            ],
            [
              -58.786613217426,
              -34.515089644771
            ],
            [
              -58.786646420355,
              -34.515055763073
            ],
            [
              -58.787051250215,
              -34.514517098585
            ],
            [
              -58.787099296503,
              -34.514460393876
            ],
            [
              -58.787699675799,
              -34.513682805617
            ],
            [
              -58.788134649095,
              -34.513794054452
            ],
            [
              -58.788158419076,
              -34.513808996688
            ],
            [
              -58.788238952204,
              -34.513841775648
            ],
            [
              -58.790022185879,
              -34.51489613885
            ]
          ]
        ]
      }
    },
    {
      "type": "Feature",
      "id": "1384",
      "properties": {
        "id": "1384",
        "nombre": "La Cava",
        "familias": 308,
        "tipo": "Villa",
        "decada": "D\u00e9cada 1990",
        "electricidad": "Conexi\u00f3n formal a la red con medidor domiciliario con factura",
        "cloacas": "Desag\u00fce s\u00f3lo a pozo negro/ciego u hoyo",
        "agua": "Bomba de agua de pozo domiciliaria",
        "superficie_km2": "0.13935333108786",
        "lat": -34.512517,
        "lon": -58.7872
      },
      "geometry": {
        "type": "Polygon",
        "coordinates": [
          [
            [
              -58.785041571,
              -34.512696622
            ],
            [
              -58.78557429,
              -34.512127004
            ],
            [
              -58.785722852,
              -34.511847923
            ],
            [
              -58.785073757,
              -34.511454513
            ],
            [
              -58.788472678181,
              -34.510495476645
            ],
            [
              -58.790229724209,
              -34.511677340182
            ],
            [
              -58.788198402934,
              -34.513780629373
            ],
            [
              -58.787693203379,
              -34.513559638067
            ],
            [
              -58.786972685441,
              -34.51447798617
            ],
            [
              -58.786568695589,
              -34.51497360255
            ],
            [
              -58.78602151568,
              -34.514596934101
            ],
            [
              -58.785228699445,
              -34.514051174222
            ],
            [
              -58.785160978696,
              -34.514015688773
            ],
            [
              -58.784377987554,
              -34.513507577213
            ],
            [
              -58.785041571,
              -34.512696622
            ]
          ]
        ]
      }
    },
    {
      "type": "Feature",
      "id": "1079",
      "properties": {
        "id": "1079",
        "nombre": "Terminal 391",
        "familias": 110,
        "tipo": "Asentamiento",
        "decada": "D\u00e9cada 2000",
        "electricidad": "Conexi\u00f3n irregular a la red",
        "cloacas": "Desag\u00fce a c\u00e1mara s\u00e9ptica y pozo ciego",
        "agua": "Bomba de agua de pozo domiciliaria",
        "superficie_km2": "0.02461066021916",
        "lat": -34.516219,
        "lon": -58.790195
      },
      "geometry": {
        "type": "Polygon",
        "coordinates": [
          [
            [
              -58.792135683531,
              -34.517049455132
            ],
            [
              -58.791829076203,
              -34.517346571239
            ],
            [
              -58.790090260857,
              -34.516229489599
            ],
            [
              -58.789732365756,
              -34.516605657125
            ],
            [
              -58.789428826579,
              -34.516896835121
            ],
            [
              -58.788807896867,
              -34.516466868351
            ],
            [
              -58.788763277283,
              -34.516396230989
            ],
            [
              -58.789123005934,
              -34.515952778266
            ],
            [
              -58.790012503674,
              -34.515054112557
            ],
            [
              -58.790586568815,
              -34.515417887426
            ],
            [
              -58.790265705098,
              -34.515851333672
            ],
            [
              -58.792135683531,
              -34.517049455132
            ]
          ]
        ]
      }
    },
    {
      "type": "Feature",
      "id": "1385",
      "properties": {
        "id": "1385",
        "nombre": "El Ceibo",
        "familias": 605,
        "tipo": "Asentamiento",
        "decada": "D\u00e9cada 1980",
        "electricidad": "Conexi\u00f3n formal a la red con medidor domiciliario con factura",
        "cloacas": "Desag\u00fce a c\u00e1mara s\u00e9ptica y pozo ciego",
        "agua": "Bomba de agua de pozo domiciliaria",
        "superficie_km2": "0.12638816885116",
        "lat": -34.520787,
        "lon": -58.78173
      },
      "geometry": {
        "type": "Polygon",
        "coordinates": [
          [
            [
              -58.782773418422,
              -34.51972377952
            ],
            [
              -58.783277476605,
              -34.520063847754
            ],
            [
              -58.784582035556,
              -34.520907577152
            ],
            [
              -58.783760727,
              -34.52173777
            ],
            [
              -58.783532569278,
              -34.522005679115
            ],
            [
              -58.783681751927,
              -34.522135671541
            ],
            [
              -58.783187574435,
              -34.522707461904
            ],
            [
              -58.782144785,
              -34.522098036
            ],
            [
              -58.781556605516,
              -34.52264061907
            ],
            [
              -58.779059024073,
              -34.520990631817
            ],
            [
              -58.780363798,
              -34.519189766
            ],
            [
              -58.780834513718,
              -34.518475287029
            ],
            [
              -58.781809667395,
              -34.519134862964
            ],
            [
              -58.782317747097,
              -34.519435827174
            ],
            [
              -58.782773418422,
              -34.51972377952
            ]
          ]
        ]
      }
    },
    {
      "type": "Feature",
      "id": "1563",
      "properties": {
        "id": "1563",
        "nombre": "Mirador de Altube",
        "familias": 1231,
        "tipo": "Villa",
        "decada": "D\u00e9cada 1980",
        "electricidad": "Conexi\u00f3n regular a la red con medidor prepago",
        "cloacas": "Desag\u00fce s\u00f3lo a pozo negro/ciego u hoyo",
        "agua": "Bomba de agua de pozo domiciliaria",
        "superficie_km2": "0.45044120849911",
        "lat": -34.541012,
        "lon": -58.786352
      },
      "geometry": {
        "type": "MultiPolygon",
        "coordinates": [
          [
            [
              [
                -58.784432449598,
                -34.538699464609
              ],
              [
                -58.786264525265,
                -34.539962121166
              ],
              [
                -58.786228101646,
                -34.540128748143
              ],
              [
                -58.787403357279,
                -34.540933412047
              ],
              [
                -58.788089230633,
                -34.541403010141
              ],
              [
                -58.790235687208,
                -34.539224561504
              ],
              [
                -58.791182057623,
                -34.539880562593
              ],
              [
                -58.791734422667,
                -34.539315619015
              ],
              [
                -58.792475313285,
                -34.538574266389
              ],
              [
                -58.793459776041,
                -34.539211925827
              ],
              [
                -58.791173547507,
                -34.541572554919
              ],
              [
                -58.790579275767,
                -34.542154108338
              ],
              [
                -58.789769326602,
                -34.543003064343
              ],
              [
                -58.788841405606,
                -34.542358933718
              ],
              [
                -58.788551732177,
                -34.54261640872
              ],
              [
                -58.787533969679,
                -34.541974438919
              ],
              [
                -58.78681688599,
                -34.542712401456
              ],
              [
                -58.786712480097,
                -34.542803027937
              ],
              [
                -58.786370724229,
                -34.543155735749
              ],
              [
                -58.786311452611,
                -34.543184057198
              ],
              [
                -58.785673046374,
                -34.542762079107
              ],
              [
                -58.785101153995,
                -34.543318341268
              ],
              [
                -58.784865064871,
                -34.543161423061
              ],
              [
                -58.784456776513,
                -34.543581944359
              ],
              [
                -58.785063707604,
                -34.543950604844
              ],
              [
                -58.78506436573,
                -34.544035425411
              ],
              [
                -58.783975274739,
                -34.545230897088
              ],
              [
                -58.785085297149,
                -34.545941134875
              ],
              [
                -58.784252661698,
                -34.5468774841
              ],
              [
                -58.783077514396,
                -34.546079916609
              ],
              [
                -58.78367534351,
                -34.545434251493
              ],
              [
                -58.779942869169,
                -34.542898340805
              ],
              [
                -58.78127941449,
                -34.541498072551
              ],
              [
                -58.781583323611,
                -34.541248102818
              ],
              [
                -58.782251896708,
                -34.541708142916
              ],
              [
                -58.782033193277,
                -34.54191372254
              ],
              [
                -58.782748999021,
                -34.542398934314
              ],
              [
                -58.784109119041,
                -34.541021962893
              ],
              [
                -58.785014912608,
                -34.540156608241
              ],
              [
                -58.784506075295,
                -34.539820106213
              ],
              [
                -58.783995719027,
                -34.540349902226
              ],
              [
                -58.783064822376,
                -34.539666209282
              ],
              [
                -58.786126226812,
                -34.536526660989
              ],
              [
                -58.786215772229,
                -34.536549978993
              ],
              [
                -58.787224283229,
                -34.537205390326
              ],
              [
                -58.788637008774,
                -34.53580682024
              ],
              [
                -58.789322512324,
                -34.536231670955
              ],
              [
                -58.790105244461,
                -34.535408643794
              ],
              [
                -58.790064383764,
                -34.535385953899
              ],
              [
                -58.790165949208,
                -34.535227720486
              ],
              [
                -58.790697514176,
                -34.535499304484
              ],
              [
                -58.788851899795,
                -34.537437651926
              ],
              [
                -58.789451726916,
                -34.537841680449
              ],
              [
                -58.7889171169,
                -34.538376505561
              ],
              [
                -58.788319757481,
                -34.537971306607
              ],
              [
                -58.78699366294,
                -34.539310353738
              ],
              [
                -58.786953037731,
                -34.539280195253
              ],
              [
                -58.785954929876,
                -34.538561219025
              ],
              [
                -58.785128621089,
                -34.537965997333
              ],
              [
                -58.784432449598,
                -34.538699464609
              ]
            ]
          ],
          [
            [
              [
                -58.790999055462,
                -34.537234756779
              ],
              [
                -58.791664148182,
                -34.537660540801
              ],
              [
                -58.79167658041,
                -34.537707159858
              ],
              [
                -58.791396867871,
                -34.538011735054
              ],
              [
                -58.791319170044,
                -34.538030382496
              ],
              [
                -58.790644753153,
                -34.537564195531
              ],
              [
                -58.790916183222,
                -34.537289908173
              ],
              [
                -58.790999055462,
                -34.537234756779
              ]
            ]
          ]
        ]
      }
    },
    {
      "type": "Feature",
      "id": "732",
      "properties": {
        "id": "732",
        "nombre": "Papelitos",
        "familias": 220,
        "tipo": "Villa",
        "decada": "D\u00e9cada 1980",
        "electricidad": "Conexi\u00f3n formal a la red con medidor domiciliario con factura",
        "cloacas": "Desag\u00fce a c\u00e1mara s\u00e9ptica y pozo ciego",
        "agua": "Bomba de agua de pozo domiciliaria",
        "superficie_km2": "0.04669521279392",
        "lat": -34.537452,
        "lon": -58.782933
      },
      "geometry": {
        "type": "Polygon",
        "coordinates": [
          [
            [
              -58.783047322706,
              -34.537693035658
            ],
            [
              -58.782859626463,
              -34.537922527367
            ],
            [
              -58.783988,
              -34.538662
            ],
            [
              -58.783393,
              -34.539267
            ],
            [
              -58.782599,
              -34.538715
            ],
            [
              -58.781295,
              -34.537866
            ],
            [
              -58.781633,
              -34.53753
            ],
            [
              -58.782293,
              -34.53689
            ],
            [
              -58.783452,
              -34.535675
            ],
            [
              -58.784021,
              -34.536037
            ],
            [
              -58.784445,
              -34.536306
            ],
            [
              -58.783047322706,
              -34.537693035658
            ]
          ]
        ]
      }
    },
    {
      "type": "Feature",
      "id": "1386",
      "properties": {
        "id": "1386",
        "nombre": "Mirador de Altube II",
        "familias": 165,
        "tipo": "Villa",
        "decada": "D\u00e9cada 1960",
        "electricidad": "Conexi\u00f3n irregular a la red",
        "cloacas": "Desag\u00fce s\u00f3lo a pozo negro/ciego u hoyo",
        "agua": "Bomba de agua de pozo domiciliaria",
        "superficie_km2": "0.05802698188204",
        "lat": -34.543071,
        "lon": -58.778314
      },
      "geometry": {
        "type": "Polygon",
        "coordinates": [
          [
            [
              -58.779250927487,
              -34.544780288559
            ],
            [
              -58.778782602279,
              -34.544448926383
            ],
            [
              -58.778353655554,
              -34.544159748815
            ],
            [
              -58.777013799492,
              -34.543272937609
            ],
            [
              -58.776409278891,
              -34.542850662189
            ],
            [
              -58.777808348165,
              -34.541486551277
            ],
            [
              -58.779910242252,
              -34.542909009919
            ],
            [
              -58.779114399116,
              -34.54367826074
            ],
            [
              -58.779194642804,
              -34.543743924524
            ],
            [
              -58.779316157015,
              -34.543653031162
            ],
            [
              -58.77993958231,
              -34.544049373364
            ],
            [
              -58.779250927487,
              -34.544780288559
            ]
          ]
        ]
      }
    },
    {
      "type": "Feature",
      "id": "178",
      "properties": {
        "id": "178",
        "nombre": "Concejal Alfonzo II",
        "familias": 39,
        "tipo": "Asentamiento",
        "decada": "D\u00e9cada 2010",
        "electricidad": "Conexi\u00f3n regular a la red con medidor prepago",
        "cloacas": "Desag\u00fce a c\u00e1mara s\u00e9ptica y pozo ciego",
        "agua": "Bomba de agua de pozo domiciliaria",
        "superficie_km2": "0.01716005363354",
        "lat": -34.535939,
        "lon": -58.765679
      },
      "geometry": {
        "type": "Polygon",
        "coordinates": [
          [
            [
              -58.764659021046,
              -34.53640261809
            ],
            [
              -58.765913625952,
              -34.535013048148
            ],
            [
              -58.766671906,
              -34.535354112713
            ],
            [
              -58.765541905045,
              -34.536880663382
            ],
            [
              -58.764659021046,
              -34.53640261809
            ]
          ]
        ]
      }
    },
    {
      "type": "Feature",
      "id": "1379",
      "properties": {
        "id": "1379",
        "nombre": "Pueyrred\u00f3n",
        "familias": 160,
        "tipo": "Asentamiento",
        "decada": "D\u00e9cada 2010",
        "electricidad": "Conexi\u00f3n irregular a la red",
        "cloacas": "Desag\u00fce a c\u00e1mara s\u00e9ptica y pozo ciego",
        "agua": "Bomba de agua de pozo domiciliaria",
        "superficie_km2": "0.04779837627027",
        "lat": -34.534231,
        "lon": -58.76253
      },
      "geometry": {
        "type": "Polygon",
        "coordinates": [
          [
            [
              -58.764294510543,
              -34.534337936792
            ],
            [
              -58.763281061439,
              -34.53562130452
            ],
            [
              -58.761113685135,
              -34.534528585633
            ],
            [
              -58.761753756303,
              -34.533762884929
            ],
            [
              -58.760836742607,
              -34.53324220766
            ],
            [
              -58.761318381786,
              -34.532704377244
            ],
            [
              -58.764294510543,
              -34.534337936792
            ]
          ]
        ]
      }
    },
    {
      "type": "Feature",
      "id": "648",
      "properties": {
        "id": "648",
        "nombre": "Las Acacias",
        "familias": 440,
        "tipo": "Asentamiento",
        "decada": "D\u00e9cada 1930",
        "electricidad": "No tiene conexi\u00f3n el\u00e9ctrica",
        "cloacas": "Desag\u00fce a c\u00e1mara s\u00e9ptica y pozo ciego",
        "agua": "Bomba de agua de pozo domiciliaria",
        "superficie_km2": "0.13426337043281",
        "lat": -34.537125,
        "lon": -58.762609
      },
      "geometry": {
        "type": "Polygon",
        "coordinates": [
          [
            [
              -58.760202518,
              -34.535763758
            ],
            [
              -58.760405671,
              -34.535452712
            ],
            [
              -58.761156982,
              -34.534571334
            ],
            [
              -58.763095,
              -34.535566
            ],
            [
              -58.764668,
              -34.536444
            ],
            [
              -58.765459,
              -34.53685
            ],
            [
              -58.764539654636,
              -34.538060101972
            ],
            [
              -58.762662,
              -34.537074
            ],
            [
              -58.762176,
              -34.53771
            ],
            [
              -58.76325667436,
              -34.538271490138
            ],
            [
              -58.763706,
              -34.537694184221
            ],
            [
              -58.764464,
              -34.538087
            ],
            [
              -58.763308419,
              -34.539718529
            ],
            [
              -58.760339905,
              -34.538162709
            ],
            [
              -58.761599822,
              -34.536546672
            ],
            [
              -58.760202518,
              -34.535763758
            ]
          ]
        ]
      }
    },
    {
      "type": "Feature",
      "id": "387",
      "properties": {
        "id": "387",
        "nombre": "Las Acacias",
        "familias": 53,
        "tipo": "Asentamiento",
        "decada": "D\u00e9cada 1990",
        "electricidad": "Conexi\u00f3n irregular a la red",
        "cloacas": "Desag\u00fce a c\u00e1mara s\u00e9ptica y pozo ciego",
        "agua": "Bomba de agua de pozo domiciliaria",
        "superficie_km2": "0.00708023599217",
        "lat": -34.535903,
        "lon": -58.758074
      },
      "geometry": {
        "type": "Polygon",
        "coordinates": [
          [
            [
              -58.75831340029,
              -34.536408955211
            ],
            [
              -58.757417109452,
              -34.535967809789
            ],
            [
              -58.757810702918,
              -34.5354173796
            ],
            [
              -58.757871493369,
              -34.535422826643
            ],
            [
              -58.75873776247,
              -34.535838719341
            ],
            [
              -58.758716084796,
              -34.53588082292
            ],
            [
              -58.758670923378,
              -34.535969032908
            ],
            [
              -58.7586277941,
              -34.535960885729
            ],
            [
              -58.75831340029,
              -34.536408955211
            ]
          ]
        ]
      }
    },
    {
      "type": "Feature",
      "id": "4737",
      "properties": {
        "id": "4737",
        "nombre": "La Esperanza",
        "familias": 17,
        "tipo": "Asentamiento",
        "decada": "D\u00e9cada 1980",
        "electricidad": "Conexi\u00f3n irregular a la red",
        "cloacas": "Desag\u00fce s\u00f3lo a pozo negro/ciego u hoyo",
        "agua": "Bomba de agua de pozo domiciliaria",
        "superficie_km2": "0.00558613908131",
        "lat": -34.495797,
        "lon": -58.779989
      },
      "geometry": {
        "type": "Polygon",
        "coordinates": [
          [
            [
              -58.779486,
              -34.49663
            ],
            [
              -58.779239,
              -34.496519
            ],
            [
              -58.780451,
              -34.494985
            ],
            [
              -58.780725,
              -34.495122
            ],
            [
              -58.779486,
              -34.49663
            ]
          ]
        ]
      }
    },
    {
      "type": "Feature",
      "id": "993",
      "properties": {
        "id": "993",
        "nombre": "Frino",
        "familias": 99,
        "tipo": "Asentamiento",
        "decada": "D\u00e9cada 1990",
        "electricidad": "Conexi\u00f3n irregular a la red",
        "cloacas": "Desag\u00fce a c\u00e1mara s\u00e9ptica y pozo ciego",
        "agua": "Bomba de agua de pozo domiciliaria",
        "superficie_km2": "0.07106903891437",
        "lat": -34.503448,
        "lon": -58.780998
      },
      "geometry": {
        "type": "Polygon",
        "coordinates": [
          [
            [
              -58.781592708195,
              -34.505031257767
            ],
            [
              -58.779252714725,
              -34.503791319191
            ],
            [
              -58.778578498761,
              -34.503424563067
            ],
            [
              -58.779370697541,
              -34.502397571259
            ],
            [
              -58.780575198736,
              -34.503048291925
            ],
            [
              -58.781337731351,
              -34.502024964081
            ],
            [
              -58.781701852458,
              -34.502207931151
            ],
            [
              -58.781771418133,
              -34.502214845716
            ],
            [
              -58.7831567623,
              -34.502955907624
            ],
            [
              -58.781592708195,
              -34.505031257767
            ]
          ]
        ]
      }
    },
    {
      "type": "Feature",
      "id": "1383",
      "properties": {
        "id": "1383",
        "nombre": "Viena",
        "familias": 495,
        "tipo": "Villa",
        "decada": "D\u00e9cada 1980",
        "electricidad": "Conexi\u00f3n irregular a la red",
        "cloacas": "Desag\u00fce s\u00f3lo a pozo negro/ciego u hoyo",
        "agua": "Bomba de agua de pozo domiciliaria",
        "superficie_km2": "0.26250983047263",
        "lat": -34.501086,
        "lon": -58.77424
      },
      "geometry": {
        "type": "Polygon",
        "coordinates": [
          [
            [
              -58.770790242162,
              -34.497718466173
            ],
            [
              -58.779372056184,
              -34.502351716668
            ],
            [
              -58.777731345304,
              -34.50443682679
            ],
            [
              -58.774880740738,
              -34.502915086202
            ],
            [
              -58.769152590485,
              -34.499901748032
            ],
            [
              -58.770790242162,
              -34.497718466173
            ]
          ]
        ]
      }
    },
    {
      "type": "Feature",
      "id": "6331",
      "properties": {
        "id": "6331",
        "nombre": "Le\u00f3n",
        "familias": 88,
        "tipo": "Asentamiento",
        "decada": "D\u00e9cada 2010",
        "electricidad": "Conexi\u00f3n irregular a la red",
        "cloacas": "Desag\u00fce a c\u00e1mara s\u00e9ptica y pozo ciego",
        "agua": "Bomba de agua de pozo comunitaria",
        "superficie_km2": "0.02936007037941",
        "lat": -34.496607,
        "lon": -58.775676
      },
      "geometry": {
        "type": "Polygon",
        "coordinates": [
          [
            [
              -58.775457463293,
              -34.495524956181
            ],
            [
              -58.77696244853,
              -34.496332809292
            ],
            [
              -58.775882971213,
              -34.497678645318
            ],
            [
              -58.774399462772,
              -34.496902817324
            ],
            [
              -58.775457463293,
              -34.495524956181
            ]
          ]
        ]
      }
    },
    {
      "type": "Feature",
      "id": "6328",
      "properties": {
        "id": "6328",
        "nombre": "Frino",
        "familias": 55,
        "tipo": "Asentamiento",
        "decada": "D\u00e9cada 1990",
        "electricidad": "Conexi\u00f3n formal a la red con medidor domiciliario con factura",
        "cloacas": "Desag\u00fce a c\u00e1mara s\u00e9ptica y pozo ciego",
        "agua": "Bomba de agua de pozo domiciliaria",
        "superficie_km2": "0.02353382383467",
        "lat": -34.505756,
        "lon": -58.7735
      },
      "geometry": {
        "type": "Polygon",
        "coordinates": [
          [
            [
              -58.773126561698,
              -34.5048246752
            ],
            [
              -58.77468300521,
              -34.505634025827
            ],
            [
              -58.773879314379,
              -34.506698067209
            ],
            [
              -58.772305891483,
              -34.505854757816
            ],
            [
              -58.773126561698,
              -34.5048246752
            ]
          ]
        ]
      }
    },
    {
      "type": "Feature",
      "id": "1521",
      "properties": {
        "id": "1521",
        "nombre": "Providencia",
        "familias": 385,
        "tipo": "Asentamiento",
        "decada": "D\u00e9cada 1990",
        "electricidad": "Conexi\u00f3n irregular a la red",
        "cloacas": "Desag\u00fce s\u00f3lo a pozo negro/ciego u hoyo",
        "agua": "Bomba de agua de pozo comunitaria",
        "superficie_km2": "0.0794495171862",
        "lat": -34.530979,
        "lon": -58.736929
      },
      "geometry": {
        "type": "Polygon",
        "coordinates": [
          [
            [
              -58.736343716057,
              -34.532079665438
            ],
            [
              -58.736223801805,
              -34.5320589931
            ],
            [
              -58.736137845788,
              -34.532037970845
            ],
            [
              -58.735998054917,
              -34.531964569083
            ],
            [
              -58.735814528944,
              -34.531763048358
            ],
            [
              -58.735190202,
              -34.531206715
            ],
            [
              -58.734666019022,
              -34.530731596179
            ],
            [
              -58.735091263388,
              -34.530507675233
            ],
            [
              -58.735200553244,
              -34.530514249059
            ],
            [
              -58.735296695448,
              -34.530552870287
            ],
            [
              -58.73545939764,
              -34.530662981871
            ],
            [
              -58.735586168942,
              -34.530685476269
            ],
            [
              -58.736459440911,
              -34.530031894581
            ],
            [
              -58.735498018867,
              -34.529198662144
            ],
            [
              -58.736129813345,
              -34.528723859739
            ],
            [
              -58.737655877232,
              -34.53013050197
            ],
            [
              -58.739125949057,
              -34.531497857765
            ],
            [
              -58.73828881341,
              -34.53211744086
            ],
            [
              -58.738269159529,
              -34.532098349502
            ],
            [
              -58.73779228412,
              -34.532432573641
            ],
            [
              -58.737755306349,
              -34.532396006734
            ],
            [
              -58.737382194737,
              -34.532663007539
            ],
            [
              -58.737212143981,
              -34.532746062965
            ],
            [
              -58.736343716057,
              -34.532079665438
            ]
          ]
        ]
      }
    },
    {
      "type": "Feature",
      "id": "1557",
      "properties": {
        "id": "1557",
        "nombre": "La Triangulito",
        "familias": 39,
        "tipo": "Asentamiento",
        "decada": "D\u00e9cada 1970",
        "electricidad": "Conexi\u00f3n irregular a la red",
        "cloacas": "Desag\u00fce a c\u00e1mara s\u00e9ptica y pozo ciego",
        "agua": "Bomba de agua de pozo comunitaria",
        "superficie_km2": "0.00386155464349",
        "lat": -34.52213,
        "lon": -58.770674
      },
      "geometry": {
        "type": "Polygon",
        "coordinates": [
          [
            [
              -58.771095240298,
              -34.522077779728
            ],
            [
              -58.77063728659,
              -34.522641732135
            ],
            [
              -58.770535812519,
              -34.522617326438
            ],
            [
              -58.770492750746,
              -34.522527795302
            ],
            [
              -58.770398739226,
              -34.521853564184
            ],
            [
              -58.770612918659,
              -34.52162239625
            ],
            [
              -58.770804650314,
              -34.521696302842
            ],
            [
              -58.77068946777,
              -34.521864497455
            ],
            [
              -58.771095240298,
              -34.522077779728
            ]
          ]
        ]
      }
    },
    {
      "type": "Feature",
      "id": "1537",
      "properties": {
        "id": "1537",
        "nombre": "Estaci\u00f3n Pi\u00f1ero",
        "familias": 220,
        "tipo": "Villa",
        "decada": "D\u00e9cada 1980",
        "electricidad": "Conexi\u00f3n formal a la red con medidor domiciliario con factura",
        "cloacas": "Desag\u00fce a c\u00e1mara s\u00e9ptica y pozo ciego",
        "agua": "Bomba de agua de pozo comunitaria",
        "superficie_km2": "0.05169570045843",
        "lat": -34.515545,
        "lon": -58.770694
      },
      "geometry": {
        "type": "Polygon",
        "coordinates": [
          [
            [
              -58.772365451,
              -34.515079121
            ],
            [
              -58.772639036,
              -34.515755403
            ],
            [
              -58.769277547479,
              -34.516707122038
            ],
            [
              -58.769116766699,
              -34.516178110076
            ],
            [
              -58.768887759182,
              -34.515661789225
            ],
            [
              -58.768762563479,
              -34.515324986703
            ],
            [
              -58.770396709,
              -34.514858113
            ],
            [
              -58.772107959,
              -34.514407255
            ],
            [
              -58.772365451,
              -34.515079121
            ]
          ]
        ]
      }
    },
    {
      "type": "Feature",
      "id": "6334",
      "properties": {
        "id": "6334",
        "nombre": "Sol y Verde",
        "familias": 616,
        "tipo": "Asentamiento",
        "decada": "D\u00e9cada 1980",
        "electricidad": "Conexi\u00f3n regular a la red con medidor domiciliario pero sin factura",
        "cloacas": "Desag\u00fce a c\u00e1mara s\u00e9ptica y pozo ciego",
        "agua": "Bomba de agua de pozo domiciliaria",
        "superficie_km2": "0.26468305436408",
        "lat": -34.50173,
        "lon": -58.801895
      },
      "geometry": {
        "type": "Polygon",
        "coordinates": [
          [
            [
              -58.798401583258,
              -34.503520015633
            ],
            [
              -58.798237008969,
              -34.503182540268
            ],
            [
              -58.79642796845,
              -34.503750910157
            ],
            [
              -58.796598746419,
              -34.504094598067
            ],
            [
              -58.791278175387,
              -34.505848079609
            ],
            [
              -58.791234662357,
              -34.505746791807
            ],
            [
              -58.792045977515,
              -34.504833415647
            ],
            [
              -58.791350999663,
              -34.504343667164
            ],
            [
              -58.795339563959,
              -34.502989775517
            ],
            [
              -58.795626966603,
              -34.503621553658
            ],
            [
              -58.798814043403,
              -34.502619975786
            ],
            [
              -58.798465963721,
              -34.50202757294
            ],
            [
              -58.800057945158,
              -34.501483982984
            ],
            [
              -58.800215954261,
              -34.501827782971
            ],
            [
              -58.801750479719,
              -34.501335853445
            ],
            [
              -58.801597429629,
              -34.501010828406
            ],
            [
              -58.805788721443,
              -34.499662349733
            ],
            [
              -58.806084963452,
              -34.500300122825
            ],
            [
              -58.80691588031,
              -34.50003524591
            ],
            [
              -58.806604796041,
              -34.499394411402
            ],
            [
              -58.808965810477,
              -34.498668357014
            ],
            [
              -58.808676193948,
              -34.498047626537
            ],
            [
              -58.809689877338,
              -34.497728145548
            ],
            [
              -58.810086908803,
              -34.498597473513
            ],
            [
              -58.80972936803,
              -34.498940892247
            ],
            [
              -58.810196468983,
              -34.499349693417
            ],
            [
              -58.810783768207,
              -34.498775613845
            ],
            [
              -58.811602610578,
              -34.499492262926
            ],
            [
              -58.808248466288,
              -34.500529094169
            ],
            [
              -58.798401583258,
              -34.503520015633
            ]
          ]
        ]
      }
    },
    {
      "type": "Feature",
      "id": "1082",
      "properties": {
        "id": "1082",
        "nombre": "Estaci\u00f3n Sol y Verde",
        "familias": 50,
        "tipo": "Villa",
        "decada": "D\u00e9cada 2010",
        "electricidad": "Conexi\u00f3n irregular a la red",
        "cloacas": "Desag\u00fce a c\u00e1mara s\u00e9ptica y pozo ciego",
        "agua": "Bomba de agua de pozo domiciliaria",
        "superficie_km2": "0.01233327608286",
        "lat": -34.504596,
        "lon": -58.79773
      },
      "geometry": {
        "type": "MultiPolygon",
        "coordinates": [
          [
            [
              [
                -58.796609057629,
                -34.505275371926
              ],
              [
                -58.79655926368,
                -34.505236539618
              ],
              [
                -58.796366786345,
                -34.504716719674
              ],
              [
                -58.797911776654,
                -34.504246312191
              ],
              [
                -58.798141771073,
                -34.504823274948
              ],
              [
                -58.796810680916,
                -34.505224981421
              ],
              [
                -58.796609057629,
                -34.505275371926
              ]
            ]
          ],
          [
            [
              [
                -58.800154711471,
                -34.503518823435
              ],
              [
                -58.80032567529,
                -34.503889828852
              ],
              [
                -58.799787826747,
                -34.50402830826
              ],
              [
                -58.799648966926,
                -34.50367620839
              ],
              [
                -58.800154711471,
                -34.503518823435
              ]
            ]
          ]
        ]
      }
    },
    {
      "type": "Feature",
      "id": "919",
      "properties": {
        "id": "919",
        "nombre": "Vucetich II",
        "familias": 39,
        "tipo": "Asentamiento",
        "decada": "D\u00e9cada 1990",
        "electricidad": "Conexi\u00f3n formal a la red con medidor domiciliario con factura",
        "cloacas": "Desag\u00fce s\u00f3lo a pozo negro/ciego u hoyo",
        "agua": "Bomba de agua de pozo domiciliaria",
        "superficie_km2": "0.00331110868801",
        "lat": -34.506447,
        "lon": -58.79418
      },
      "geometry": {
        "type": "Polygon",
        "coordinates": [
          [
            [
              -58.794424529968,
              -34.506076743547
            ],
            [
              -58.794427147895,
              -34.506204214353
            ],
            [
              -58.794445850196,
              -34.506418609131
            ],
            [
              -58.794446435654,
              -34.50645571336
            ],
            [
              -58.794467061606,
              -34.506706694358
            ],
            [
              -58.794032598226,
              -34.50680676552
            ],
            [
              -58.793916314986,
              -34.506527483756
            ],
            [
              -58.79387419254,
              -34.506432018023
            ],
            [
              -58.793807609434,
              -34.506268417853
            ],
            [
              -58.794424529968,
              -34.506076743547
            ]
          ]
        ]
      }
    },
    {
      "type": "Feature",
      "id": "653",
      "properties": {
        "id": "653",
        "nombre": "Sagrada Familia",
        "familias": 935,
        "tipo": "Villa",
        "decada": "D\u00e9cada 1990",
        "electricidad": "Conexi\u00f3n irregular a la red",
        "cloacas": "Desag\u00fce a c\u00e1mara s\u00e9ptica y pozo ciego",
        "agua": "Bomba de agua de pozo domiciliaria",
        "superficie_km2": "0.28470171635536",
        "lat": -34.508421,
        "lon": -58.789518
      },
      "geometry": {
        "type": "Polygon",
        "coordinates": [
          [
            [
              -58.793171107812,
              -34.505635802344
            ],
            [
              -58.794454634766,
              -34.508622508984
            ],
            [
              -58.78558685332,
              -34.511105835352
            ],
            [
              -58.785285290813,
              -34.510268358169
            ],
            [
              -58.784493,
              -34.508424401172
            ],
            [
              -58.793171107812,
              -34.505635802344
            ]
          ]
        ]
      }
    },
    {
      "type": "Feature",
      "id": "1368",
      "properties": {
        "id": "1368",
        "nombre": "Saavedra Lamas II",
        "familias": 341,
        "tipo": "Asentamiento",
        "decada": "D\u00e9cada 2000",
        "electricidad": "Conexi\u00f3n irregular a la red",
        "cloacas": "Desag\u00fce a c\u00e1mara s\u00e9ptica y pozo ciego",
        "agua": "Bomba de agua de pozo domiciliaria",
        "superficie_km2": "0.12263634945582",
        "lat": -34.511824,
        "lon": -58.808108
      },
      "geometry": {
        "type": "Polygon",
        "coordinates": [
          [
            [
              -58.810915888864,
              -34.510262054087
            ],
            [
              -58.810317412762,
              -34.510852619294
            ],
            [
              -58.810694218,
              -34.511140668
            ],
            [
              -58.810060628924,
              -34.51180871778
            ],
            [
              -58.809665293362,
              -34.511520885748
            ],
            [
              -58.806764431974,
              -34.514588204214
            ],
            [
              -58.80632054643,
              -34.514276097191
            ],
            [
              -58.806315520846,
              -34.514183049556
            ],
            [
              -58.805170362638,
              -34.513413568404
            ],
            [
              -58.807769243196,
              -34.510681664641
            ],
            [
              -58.808265146577,
              -34.510199632683
            ],
            [
              -58.809315906888,
              -34.509138468804
            ],
            [
              -58.810915888864,
              -34.510262054087
            ]
          ]
        ]
      }
    },
    {
      "type": "Feature",
      "id": "1374",
      "properties": {
        "id": "1374",
        "nombre": "San Pantale\u00f3n II",
        "familias": 94,
        "tipo": "Asentamiento",
        "decada": "D\u00e9cada 2010",
        "electricidad": "Conexi\u00f3n irregular a la red",
        "cloacas": "Desag\u00fce s\u00f3lo a pozo negro/ciego u hoyo",
        "agua": "Bomba de agua de pozo domiciliaria",
        "superficie_km2": "0.04773499097277",
        "lat": -34.515204,
        "lon": -58.80467
      },
      "geometry": {
        "type": "Polygon",
        "coordinates": [
          [
            [
              -58.805104134036,
              -34.513372332293
            ],
            [
              -58.806268942402,
              -34.514151751986
            ],
            [
              -58.806253937547,
              -34.514229602809
            ],
            [
              -58.804944611518,
              -34.515521394279
            ],
            [
              -58.805291538349,
              -34.515764350516
            ],
            [
              -58.803685900779,
              -34.517352315294
            ],
            [
              -58.803135937813,
              -34.516936090898
            ],
            [
              -58.803746215225,
              -34.516337452191
            ],
            [
              -58.80346289683,
              -34.51614099464
            ],
            [
              -58.803753832499,
              -34.515850725206
            ],
            [
              -58.803793555549,
              -34.515883963172
            ],
            [
              -58.804029817913,
              -34.515673448218
            ],
            [
              -58.804055799112,
              -34.515692874049
            ],
            [
              -58.804324640723,
              -34.515440444994
            ],
            [
              -58.803940422443,
              -34.515200687189
            ],
            [
              -58.804135658802,
              -34.514994854784
            ],
            [
              -58.803789875441,
              -34.514765495992
            ],
            [
              -58.805104134036,
              -34.513372332293
            ]
          ]
        ]
      }
    },
    {
      "type": "Feature",
      "id": "5342",
      "properties": {
        "id": "5342",
        "nombre": "La Bistrica",
        "familias": 209,
        "tipo": "Asentamiento",
        "decada": "D\u00e9cada 2010",
        "electricidad": "Conexi\u00f3n irregular a la red",
        "cloacas": "Desag\u00fce a c\u00e1mara s\u00e9ptica y pozo ciego",
        "agua": "Conexi\u00f3n irregular a la red de agua",
        "superficie_km2": "0.07507727245911",
        "lat": -34.516018,
        "lon": -58.807233
      },
      "geometry": {
        "type": "Polygon",
        "coordinates": [
          [
            [
              -58.806253937547,
              -34.514229602809
            ],
            [
              -58.806764431974,
              -34.514588204214
            ],
            [
              -58.806806474173,
              -34.514543749551
            ],
            [
              -58.809120520432,
              -34.516186297426
            ],
            [
              -58.809044798656,
              -34.516404114968
            ],
            [
              -58.809369211927,
              -34.516613864324
            ],
            [
              -58.809410164828,
              -34.516638950657
            ],
            [
              -58.808811162855,
              -34.517197088836
            ],
            [
              -58.808888271652,
              -34.517262451103
            ],
            [
              -58.808247752205,
              -34.517845297387
            ],
            [
              -58.807802528152,
              -34.517543945257
            ],
            [
              -58.805291538349,
              -34.515764350516
            ],
            [
              -58.804944611518,
              -34.515521394279
            ],
            [
              -58.806253937547,
              -34.514229602809
            ]
          ]
        ]
      }
    },
    {
      "type": "Feature",
      "id": "5343",
      "properties": {
        "id": "5343",
        "nombre": "La Esperanza de Lamas",
        "familias": 220,
        "tipo": "Asentamiento",
        "decada": "D\u00e9cada 2010",
        "electricidad": "Conexi\u00f3n irregular a la red",
        "cloacas": "Desag\u00fce s\u00f3lo a pozo negro/ciego u hoyo",
        "agua": "Bomba de agua de pozo domiciliaria",
        "superficie_km2": "0.10998044587743",
        "lat": -34.515625,
        "lon": -58.810541
      },
      "geometry": {
        "type": "MultiPolygon",
        "coordinates": [
          [
            [
              [
                -58.808113563903,
                -34.515471543215
              ],
              [
                -58.806806474173,
                -34.514543749551
              ],
              [
                -58.808947049437,
                -34.512280343908
              ],
              [
                -58.809468383079,
                -34.512632938364
              ],
              [
                -58.808580740047,
                -34.513543843766
              ],
              [
                -58.809427980017,
                -34.514119281318
              ],
              [
                -58.808113563903,
                -34.515471543215
              ]
            ]
          ],
          [
            [
              [
                -58.811949673631,
                -34.516968477059
              ],
              [
                -58.812606354241,
                -34.516269826128
              ],
              [
                -58.813123023703,
                -34.516637126693
              ],
              [
                -58.812450863669,
                -34.517344792448
              ],
              [
                -58.811949673631,
                -34.516968477059
              ]
            ]
          ],
          [
            [
              [
                -58.810818697139,
                -34.514180252303
              ],
              [
                -58.812121251943,
                -34.515089332308
              ],
              [
                -58.811590768179,
                -34.515687042564
              ],
              [
                -58.811214074564,
                -34.51543559706
              ],
              [
                -58.810640071882,
                -34.516081890672
              ],
              [
                -58.811109604438,
                -34.516391647482
              ],
              [
                -58.81053060629,
                -34.51704548529
              ],
              [
                -58.811354373555,
                -34.517601824452
              ],
              [
                -58.811415797409,
                -34.517636010185
              ],
              [
                -58.812749270854,
                -34.518501374329
              ],
              [
                -58.814972994217,
                -34.516229423065
              ],
              [
                -58.8154694,
                -34.5165619
              ],
              [
                -58.813044666249,
                -34.519008664009
              ],
              [
                -58.809987578144,
                -34.516916472283
              ],
              [
                -58.809440223369,
                -34.516553871898
              ],
              [
                -58.809369211927,
                -34.516613864324
              ],
              [
                -58.809044798656,
                -34.516404114968
              ],
              [
                -58.809120520432,
                -34.516186297426
              ],
              [
                -58.808992915996,
                -34.516095635967
              ],
              [
                -58.810818697139,
                -34.514180252303
              ]
            ],
            [
              [
                -58.810108710398,
                -34.515819270768
              ],
              [
                -58.809579797584,
                -34.516380016297
              ],
              [
                -58.809966687513,
                -34.516646921375
              ],
              [
                -58.810476010963,
                -34.516083727175
              ],
              [
                -58.810108710398,
                -34.515819270768
              ]
            ]
          ]
        ]
      }
    },
    {
      "type": "Feature",
      "id": "6332",
      "properties": {
        "id": "6332",
        "nombre": "Las Casitas de Lamas",
        "familias": 532,
        "tipo": "Conjunto habitacional degradado",
        "decada": "D\u00e9cada 2010",
        "electricidad": "Conexi\u00f3n regular a la red con medidor domiciliario pero sin factura",
        "cloacas": "Desag\u00fce a c\u00e1mara s\u00e9ptica y pozo ciego",
        "agua": "Bomba de agua de pozo domiciliaria",
        "superficie_km2": "0.15070386924456",
        "lat": -34.515625,
        "lon": -58.811536
      },
      "geometry": {
        "type": "MultiPolygon",
        "coordinates": [
          [
            [
              [
                -58.814972994217,
                -34.516229423065
              ],
              [
                -58.812749270854,
                -34.518501374329
              ],
              [
                -58.81053060629,
                -34.51704548529
              ],
              [
                -58.811109604438,
                -34.516391647482
              ],
              [
                -58.810640071882,
                -34.516081890672
              ],
              [
                -58.811214074564,
                -34.51543559706
              ],
              [
                -58.811590768179,
                -34.515687042564
              ],
              [
                -58.812121251943,
                -34.515089332308
              ],
              [
                -58.810818697139,
                -34.514180252303
              ],
              [
                -58.808992915996,
                -34.516095635967
              ],
              [
                -58.808113563903,
                -34.515471543215
              ],
              [
                -58.809427980017,
                -34.514119281318
              ],
              [
                -58.808580740047,
                -34.513543843766
              ],
              [
                -58.809468383079,
                -34.512632938364
              ],
              [
                -58.80954720769,
                -34.512564741223
              ],
              [
                -58.814972994217,
                -34.516229423065
              ]
            ],
            [
              [
                -58.812606354241,
                -34.516269826128
              ],
              [
                -58.811949673631,
                -34.516968477059
              ],
              [
                -58.812450863669,
                -34.517344792448
              ],
              [
                -58.813123023703,
                -34.516637126693
              ],
              [
                -58.812606354241,
                -34.516269826128
              ]
            ]
          ],
          [
            [
              [
                -58.810476010963,
                -34.516083727175
              ],
              [
                -58.809966687513,
                -34.516646921375
              ],
              [
                -58.809579797584,
                -34.516380016297
              ],
              [
                -58.810108710398,
                -34.515819270768
              ],
              [
                -58.810476010963,
                -34.516083727175
              ]
            ]
          ]
        ]
      }
    },
    {
      "type": "Feature",
      "id": "1073",
      "properties": {
        "id": "1073",
        "nombre": "Vucetich I",
        "familias": 165,
        "tipo": "Asentamiento",
        "decada": "D\u00e9cada 1910",
        "electricidad": "Conexi\u00f3n a la red con medidor comunitario",
        "cloacas": "Desag\u00fce s\u00f3lo a pozo negro/ciego u hoyo",
        "agua": "Bomba de agua de pozo domiciliaria",
        "superficie_km2": "0.04315203535181",
        "lat": -34.507316,
        "lon": -58.799347
      },
      "geometry": {
        "type": "Polygon",
        "coordinates": [
          [
            [
              -58.801811473121,
              -34.50601873008
            ],
            [
              -58.802004386693,
              -34.506442046363
            ],
            [
              -58.800321937707,
              -34.506919029689
            ],
            [
              -58.800049321719,
              -34.507057718639
            ],
            [
              -58.80069196782,
              -34.508154503949
            ],
            [
              -58.800168601954,
              -34.508629184619
            ],
            [
              -58.799292954107,
              -34.507510561463
            ],
            [
              -58.797737431837,
              -34.507940246745
            ],
            [
              -58.795458753019,
              -34.508645391671
            ],
            [
              -58.795328591441,
              -34.508504955339
            ],
            [
              -58.797672311028,
              -34.507797322888
            ],
            [
              -58.797448096552,
              -34.50722220554
            ],
            [
              -58.801811473121,
              -34.50601873008
            ]
          ]
        ]
      }
    },
    {
      "type": "Feature",
      "id": "721",
      "properties": {
        "id": "721",
        "nombre": "Comunidad Guaran\u00ed",
        "familias": 572,
        "tipo": "Asentamiento",
        "decada": "D\u00e9cada 1980",
        "electricidad": "Conexi\u00f3n irregular a la red",
        "cloacas": "Desag\u00fce a c\u00e1mara s\u00e9ptica y pozo ciego",
        "agua": "Bomba de agua de pozo domiciliaria",
        "superficie_km2": "0.10752496920807",
        "lat": -34.511485,
        "lon": -58.792015
      },
      "geometry": {
        "type": "Polygon",
        "coordinates": [
          [
            [
              -58.794997906749,
              -34.512425557456
            ],
            [
              -58.795476503304,
              -34.512759821322
            ],
            [
              -58.795382502223,
              -34.512869396616
            ],
            [
              -58.795314024237,
              -34.512817031488
            ],
            [
              -58.795191269396,
              -34.512947967247
            ],
            [
              -58.795117840513,
              -34.512894229041
            ],
            [
              -58.795041841033,
              -34.512979289759
            ],
            [
              -58.794697204922,
              -34.512738759231
            ],
            [
              -58.794534059438,
              -34.512928041836
            ],
            [
              -58.794467659547,
              -34.512876333528
            ],
            [
              -58.794402446789,
              -34.512940026881
            ],
            [
              -58.794302136076,
              -34.512888741633
            ],
            [
              -58.794207773737,
              -34.512992137796
            ],
            [
              -58.795315761692,
              -34.513706904641
            ],
            [
              -58.79510079413,
              -34.513915979539
            ],
            [
              -58.793709300355,
              -34.512977752056
            ],
            [
              -58.79242256444,
              -34.5121323835
            ],
            [
              -58.791845799037,
              -34.512763969858
            ],
            [
              -58.790229724209,
              -34.511677340182
            ],
            [
              -58.788472678181,
              -34.510495476645
            ],
            [
              -58.788533847917,
              -34.51048380721
            ],
            [
              -58.788727578987,
              -34.510376773469
            ],
            [
              -58.791204633105,
              -34.509699203019
            ],
            [
              -58.791473218823,
              -34.509891266146
            ],
            [
              -58.791405185576,
              -34.509963426484
            ],
            [
              -58.792463299795,
              -34.510612066096
            ],
            [
              -58.794676491263,
              -34.511966783963
            ],
            [
              -58.795155641231,
              -34.51225412068
            ],
            [
              -58.794997906749,
              -34.512425557456
            ]
          ]
        ]
      }
    },
    {
      "type": "Feature",
      "id": "1370",
      "properties": {
        "id": "1370",
        "nombre": "Roosevelt I",
        "familias": 88,
        "tipo": "Villa",
        "decada": "D\u00e9cada 1980",
        "electricidad": "Conexi\u00f3n formal a la red con medidor domiciliario con factura",
        "cloacas": "Desag\u00fce s\u00f3lo a pozo negro/ciego u hoyo",
        "agua": "Bomba de agua de pozo domiciliaria",
        "superficie_km2": "0.03383008690917",
        "lat": -34.516005,
        "lon": -58.799103
      },
      "geometry": {
        "type": "Polygon",
        "coordinates": [
          [
            [
              -58.800444535087,
              -34.515880730711
            ],
            [
              -58.799141546906,
              -34.51717324197
            ],
            [
              -58.798166603071,
              -34.516542519196
            ],
            [
              -58.797716603538,
              -34.516224923741
            ],
            [
              -58.799050410548,
              -34.514816269665
            ],
            [
              -58.800441471772,
              -34.515767607788
            ],
            [
              -58.800444535087,
              -34.515880730711
            ]
          ]
        ]
      }
    },
    {
      "type": "Feature",
      "id": "5344",
      "properties": {
        "id": "5344",
        "nombre": "Bol\u00edvar",
        "familias": 66,
        "tipo": "Asentamiento",
        "decada": "D\u00e9cada 2010",
        "electricidad": "Conexi\u00f3n regular a la red con medidor domiciliario pero sin factura",
        "cloacas": "Desag\u00fce a c\u00e1mara s\u00e9ptica y pozo ciego",
        "agua": "Bomba de agua de pozo domiciliaria",
        "superficie_km2": "0.02745332701192",
        "lat": -34.517047,
        "lon": -58.800601
      },
      "geometry": {
        "type": "Polygon",
        "coordinates": [
          [
            [
              -58.801936567374,
              -34.516736298516
            ],
            [
              -58.800570853296,
              -34.518122708592
            ],
            [
              -58.799253971283,
              -34.517260590699
            ],
            [
              -58.79927048036,
              -34.51708621357
            ],
            [
              -58.799337479303,
              -34.516978885005
            ],
            [
              -58.799643630096,
              -34.516675195875
            ],
            [
              -58.800464583882,
              -34.517221842438
            ],
            [
              -58.800700579185,
              -34.516953625042
            ],
            [
              -58.799914786737,
              -34.51640621952
            ],
            [
              -58.800082650223,
              -34.516239772588
            ],
            [
              -58.800160164856,
              -34.516232384726
            ],
            [
              -58.800286820434,
              -34.51618259954
            ],
            [
              -58.800341506753,
              -34.516135135942
            ],
            [
              -58.800707801906,
              -34.516394895956
            ],
            [
              -58.800964724423,
              -34.516097732564
            ],
            [
              -58.801237640107,
              -34.516268498333
            ],
            [
              -58.801275817349,
              -34.516222066553
            ],
            [
              -58.80151932624,
              -34.516389736869
            ],
            [
              -58.80148837172,
              -34.516426882293
            ],
            [
              -58.801623281836,
              -34.51651897199
            ],
            [
              -58.801637727279,
              -34.516499109507
            ],
            [
              -58.801661974986,
              -34.516515489607
            ],
            [
              -58.801681708493,
              -34.516491370877
            ],
            [
              -58.801759094793,
              -34.516544380492
            ],
            [
              -58.801730719816,
              -34.51658410546
            ],
            [
              -58.801936567374,
              -34.516736298516
            ]
          ]
        ]
      }
    },
    {
      "type": "Feature",
      "id": "1371",
      "properties": {
        "id": "1371",
        "nombre": "San Pantale\u00f3n III",
        "familias": 220,
        "tipo": "Villa",
        "decada": "D\u00e9cada 1980",
        "electricidad": "Conexi\u00f3n formal a la red con medidor domiciliario con factura",
        "cloacas": "Desag\u00fce s\u00f3lo a pozo negro/ciego u hoyo",
        "agua": "Conexi\u00f3n irregular a la red de agua",
        "superficie_km2": "0.06999253766004",
        "lat": -34.518985,
        "lon": -58.801335
      },
      "geometry": {
        "type": "Polygon",
        "coordinates": [
          [
            [
              -58.802348497995,
              -34.519360088049
            ],
            [
              -58.8028022622,
              -34.519670430865
            ],
            [
              -58.802376646127,
              -34.520082585663
            ],
            [
              -58.801910447883,
              -34.519790713287
            ],
            [
              -58.801058106236,
              -34.520628607887
            ],
            [
              -58.799248657858,
              -34.519347957762
            ],
            [
              -58.801419771577,
              -34.51733603486
            ],
            [
              -58.801931722365,
              -34.517702695
            ],
            [
              -58.801811884586,
              -34.517870041529
            ],
            [
              -58.801973603848,
              -34.517979077807
            ],
            [
              -58.802092907399,
              -34.517879660882
            ],
            [
              -58.80247929661,
              -34.517870870031
            ],
            [
              -58.802944012894,
              -34.518029552823
            ],
            [
              -58.80340003993,
              -34.518326369572
            ],
            [
              -58.802348497995,
              -34.519360088049
            ]
          ]
        ]
      }
    },
    {
      "type": "Feature",
      "id": "442",
      "properties": {
        "id": "442",
        "nombre": "Mu\u00f1iz",
        "familias": 451,
        "tipo": "Asentamiento",
        "decada": "D\u00e9cada 1980",
        "electricidad": "Conexi\u00f3n irregular a la red",
        "cloacas": "Desag\u00fce a c\u00e1mara s\u00e9ptica y pozo ciego",
        "agua": "Bomba de agua de pozo domiciliaria",
        "superficie_km2": "0.17465162130329",
        "lat": -34.520115,
        "lon": -58.794879
      },
      "geometry": {
        "type": "Polygon",
        "coordinates": [
          [
            [
              -58.798262568618,
              -34.520469515587
            ],
            [
              -58.796026221902,
              -34.522779915775
            ],
            [
              -58.791587750118,
              -34.519791781219
            ],
            [
              -58.792188880169,
              -34.519187043566
            ],
            [
              -58.791929352105,
              -34.519013035916
            ],
            [
              -58.792454715743,
              -34.518421074207
            ],
            [
              -58.792513131766,
              -34.518463126132
            ],
            [
              -58.79266801985,
              -34.51828235994
            ],
            [
              -58.792909847182,
              -34.518453009778
            ],
            [
              -58.793627466188,
              -34.517698477624
            ],
            [
              -58.793803577889,
              -34.517498156459
            ],
            [
              -58.794918700907,
              -34.518248776498
            ],
            [
              -58.798262568618,
              -34.520469515587
            ]
          ]
        ]
      }
    },
    {
      "type": "Feature",
      "id": "441",
      "properties": {
        "id": "441",
        "nombre": "Comunidad Pueblo Guaran\u00ed",
        "familias": 55,
        "tipo": "Asentamiento",
        "decada": "D\u00e9cada 2010",
        "electricidad": "Conexi\u00f3n irregular a la red",
        "cloacas": "Desag\u00fce s\u00f3lo a pozo negro/ciego u hoyo",
        "agua": "Bomba de agua de pozo domiciliaria",
        "superficie_km2": "0.02475998165473",
        "lat": -34.517966,
        "lon": -58.792421
      },
      "geometry": {
        "type": "Polygon",
        "coordinates": [
          [
            [
              -58.791929352105,
              -34.519013035916
            ],
            [
              -58.791050612623,
              -34.518413710169
            ],
            [
              -58.791761400875,
              -34.517704332649
            ],
            [
              -58.792123448115,
              -34.517950257447
            ],
            [
              -58.792330392296,
              -34.517740607791
            ],
            [
              -58.791975462185,
              -34.517512954323
            ],
            [
              -58.792192710504,
              -34.5172763404
            ],
            [
              -58.792367155659,
              -34.517386324953
            ],
            [
              -58.792799690625,
              -34.516943240364
            ],
            [
              -58.793762131013,
              -34.51753912547
            ],
            [
              -58.792909469014,
              -34.5184493702
            ],
            [
              -58.79266801985,
              -34.51828235994
            ],
            [
              -58.792513131766,
              -34.518463126132
            ],
            [
              -58.792454715743,
              -34.518421074207
            ],
            [
              -58.791929352105,
              -34.519013035916
            ]
          ]
        ]
      }
    },
    {
      "type": "Feature",
      "id": "1372",
      "properties": {
        "id": "1372",
        "nombre": "San Agust\u00edn",
        "familias": 132,
        "tipo": "Asentamiento",
        "decada": "D\u00e9cada 2000",
        "electricidad": "Conexi\u00f3n irregular a la red",
        "cloacas": "Desag\u00fce s\u00f3lo a pozo negro/ciego u hoyo",
        "agua": "Bomba de agua de pozo domiciliaria",
        "superficie_km2": "0.04734187490867",
        "lat": -34.526484,
        "lon": -58.798482
      },
      "geometry": {
        "type": "Polygon",
        "coordinates": [
          [
            [
              -58.799267426236,
              -34.52437877285
            ],
            [
              -58.799912030723,
              -34.524864495958
            ],
            [
              -58.798262211227,
              -34.526559330325
            ],
            [
              -58.799714222273,
              -34.527519408154
            ],
            [
              -58.798923666394,
              -34.528325086933
            ],
            [
              -58.79815221895,
              -34.527835053545
            ],
            [
              -58.798122890259,
              -34.527695354657
            ],
            [
              -58.796856796478,
              -34.526803658618
            ],
            [
              -58.799267426236,
              -34.52437877285
            ]
          ]
        ]
      }
    },
    {
      "type": "Feature",
      "id": "1562",
      "properties": {
        "id": "1562",
        "nombre": "Sarmiento",
        "familias": 275,
        "tipo": "Asentamiento",
        "decada": "D\u00e9cada 1970",
        "electricidad": "Conexi\u00f3n formal a la red con medidor domiciliario con factura",
        "cloacas": "Desag\u00fce s\u00f3lo a pozo negro/ciego u hoyo",
        "agua": "Bomba de agua de pozo domiciliaria",
        "superficie_km2": "0.1003862504055",
        "lat": -34.545669,
        "lon": -58.772311
      },
      "geometry": {
        "type": "Polygon",
        "coordinates": [
          [
            [
              -58.775375916598,
              -34.543946858668
            ],
            [
              -58.769955701724,
              -34.549419946611
            ],
            [
              -58.769170618895,
              -34.548852368613
            ],
            [
              -58.773344089544,
              -34.544633917094
            ],
            [
              -58.770894569423,
              -34.542931656977
            ],
            [
              -58.771477146965,
              -34.542330866654
            ],
            [
              -58.773851870031,
              -34.544007000637
            ],
            [
              -58.774513524425,
              -34.543384939577
            ],
            [
              -58.775375916598,
              -34.543946858668
            ]
          ]
        ]
      }
    },
    {
      "type": "Feature",
      "id": "1556",
      "properties": {
        "id": "1556",
        "nombre": "Uni\u00f3n N\u00e9stor Kirchner",
        "familias": 2750,
        "tipo": "Asentamiento",
        "decada": "D\u00e9cada 2010",
        "electricidad": "Conexi\u00f3n irregular a la red",
        "cloacas": "Desag\u00fce s\u00f3lo a pozo negro/ciego u hoyo",
        "agua": "Bomba de agua de pozo domiciliaria",
        "superficie_km2": "0.73543323497006",
        "lat": -34.549746,
        "lon": -58.774957
      },
      "geometry": {
        "type": "Polygon",
        "coordinates": [
          [
            [
              -58.776463,
              -34.548247
            ],
            [
              -58.776620914357,
              -34.548970259992
            ],
            [
              -58.776059,
              -34.549093
            ],
            [
              -58.777505913929,
              -34.553996965885
            ],
            [
              -58.777666154047,
              -34.554631557213
            ],
            [
              -58.777987,
              -34.555065
            ],
            [
              -58.775999,
              -34.55714
            ],
            [
              -58.775442,
              -34.556638
            ],
            [
              -58.774215,
              -34.555503
            ],
            [
              -58.773746,
              -34.555084
            ],
            [
              -58.768909,
              -34.550577
            ],
            [
              -58.772059,
              -34.547338
            ],
            [
              -58.772196,
              -34.547233
            ],
            [
              -58.77462,
              -34.54475
            ],
            [
              -58.77484,
              -34.54456
            ],
            [
              -58.77639,
              -34.54291
            ],
            [
              -58.778556,
              -34.544332
            ],
            [
              -58.779206,
              -34.544765
            ],
            [
              -58.779303,
              -34.544851
            ],
            [
              -58.781629,
              -34.546372
            ],
            [
              -58.78236603445,
              -34.546838352473
            ],
            [
              -58.78168965783,
              -34.54753732904
            ],
            [
              -58.781203182832,
              -34.54723618456
            ],
            [
              -58.780656123924,
              -34.547064078188
            ],
            [
              -58.779550922209,
              -34.547934694186
            ],
            [
              -58.777492031378,
              -34.546102193706
            ],
            [
              -58.776117,
              -34.5473
            ],
            [
              -58.776463,
              -34.548247
            ]
          ]
        ]
      }
    },
    {
      "type": "Feature",
      "id": "793",
      "properties": {
        "id": "793",
        "nombre": "Parque Jard\u00edn",
        "familias": 44,
        "tipo": "Asentamiento",
        "decada": "D\u00e9cada 1960",
        "electricidad": "Conexi\u00f3n regular a la red con medidor prepago",
        "cloacas": "Desag\u00fce a c\u00e1mara s\u00e9ptica y pozo ciego",
        "agua": "Bomba de agua de pozo domiciliaria",
        "superficie_km2": "0.00488479273925",
        "lat": -34.545311,
        "lon": -58.749995
      },
      "geometry": {
        "type": "Polygon",
        "coordinates": [
          [
            [
              -58.75003110642,
              -34.545769761867
            ],
            [
              -58.74946134213,
              -34.545219228395
            ],
            [
              -58.749947974758,
              -34.544860813196
            ],
            [
              -58.750531953549,
              -34.545385782926
            ],
            [
              -58.75003110642,
              -34.545769761867
            ]
          ]
        ]
      }
    },
    {
      "type": "Feature",
      "id": "766",
      "properties": {
        "id": "766",
        "nombre": "Parque Jard\u00edn II",
        "familias": 88,
        "tipo": "Villa",
        "decada": "D\u00e9cada 1960",
        "electricidad": "Conexi\u00f3n formal a la red con medidor domiciliario con factura",
        "cloacas": "Desag\u00fce a c\u00e1mara s\u00e9ptica y pozo ciego",
        "agua": "Bomba de agua de pozo domiciliaria",
        "superficie_km2": "0.0088438115634",
        "lat": -34.548059,
        "lon": -58.752902
      },
      "geometry": {
        "type": "Polygon",
        "coordinates": [
          [
            [
              -58.75328958,
              -34.548767168
            ],
            [
              -58.752085394043,
              -34.547682277418
            ],
            [
              -58.752522636,
              -34.547344441
            ],
            [
              -58.753724266,
              -34.548457882
            ],
            [
              -58.75328958,
              -34.548767168
            ]
          ]
        ]
      }
    },
    {
      "type": "Feature",
      "id": "737",
      "properties": {
        "id": "737",
        "nombre": "Ferrari",
        "familias": 473,
        "tipo": "Asentamiento",
        "decada": "D\u00e9cada 1990",
        "electricidad": "Conexi\u00f3n formal a la red con medidor domiciliario con factura",
        "cloacas": "Desag\u00fce s\u00f3lo a pozo negro/ciego u hoyo",
        "agua": "Bomba de agua de pozo domiciliaria",
        "superficie_km2": "0.15826314060864",
        "lat": -34.547848,
        "lon": -58.757522
      },
      "geometry": {
        "type": "Polygon",
        "coordinates": [
          [
            [
              -58.760664699196,
              -34.547585025869
            ],
            [
              -58.756841126663,
              -34.550387402261
            ],
            [
              -58.754388682673,
              -34.548063405804
            ],
            [
              -58.758205271131,
              -34.545331084533
            ],
            [
              -58.760664699196,
              -34.547585025869
            ]
          ]
        ]
      }
    }
  ]
}