Fecha,ID,Dirección,Tipo,SubTipo,Relato,Partido asignado,Localidad asignada,Latitud,Longitud,RESULTADO,Comentario Cierre Supervisor,Latitud_Clean,Longitud_Clean,Año,Mes,Mes_Nombre,Dia,Hora,Dia_Semana_Num,Dia_Semana,Es_FinDeSemana,Franja_Horaria,Patentes_Extraidas,Patente_Principal,Marca_Detectada,Origen_Dataset
2026-01-01 08:37:00,10015637809,FRAGATA ITATI al 3805,DISPAROS,DISPAROS," REFIERE QUE HAY UN MASCULINO DE CAMPERA NEGRA, CON MANGAS BEIGE, QUE ESTA REALIZANDO DETONACIONES DE ARMA DE FUEGO AL AIRE , NO HAY NADIE HERIDO .- AENAZO A UNA FEMENINA QUE YA SE FUE .-  ",GENERAL PUEYRREDON,MAR DEL PLATA,-38068977807912.0,-57576428404804.0,POSITIVO,"30549 ENTREVISTA EN NUMERAL 3803 DE FRAGATA LIBERTAD__ROMANO JUAREZ ALANIS NICOLE, 22 AÑOS. REFIERE QUE__SRA MALENA VARELA CONFRONTA CN ELLA__NEGATIVO DETONACIONES. SE LE INDICAN PASOS A SEGUIR.",-38.068977807912,-57.576428404804,2026,1,January,1,8,3,Jueves,False,Mañana (06-12),[],,OTRA / NO ESPECIFICADA,ARMA_FUEGO
2026-01-01 10:57:00,10015638355,BERUTI al 8720,VIOLENCIA,NO FAMILIAR,"LLAMANTE REFIERE QUE SE PELEAN 4 O 5 , SON SUS NIETOS Y LOS VECINOS , UNO CON ARMA DE FUEGO, NO VE HERIDOS, NO RESPONDE AL OPERADOR ",GENERAL PUEYRREDON,MAR DEL PLATA,-37956213649706.0,-57598608328643.0,NEGATIVO,"MARINAO JUAN, DISCUSION VECINAL NEGATIVO AL ARRIBO DEL MOVIL",-37.956213649706,-57.598608328643,2026,1,January,1,10,3,Jueves,False,Mañana (06-12),[],,OTRA / NO ESPECIFICADA,ARMA_FUEGO
2026-01-01 11:05:00,10015638389,BERUTI y Av Dr Alio,PEDIDO GENERICO DE AUXILIO,PGA,"CORSA GRIS TRASLADA HERIDO DE ARMA DE FUEGO, MORENO Y 180, TRASLADA TOBILLO DERECHO LUCIDO Y CONSCIENTE , VICTIMA DE ROBO ",GENERAL PUEYRREDON,MAR DEL PLATA,-379629180899.0,-575853692661.0,POSITIVO,"DTO HIGA SGTO CERAÑO 30884 A CARGO OSA PINTOS CASANDRA, ACOMPAÑAMIENTO DE ALIO Y BERUTI EL HECHO OCURRIO EN BERUTI  Y ERREA. REFIERE TENTAIVA DE ROBO EL MASCULINO SR MARTINEZ CATRIEL EMILIANO (27) LUCIDO CONCIENTE INGRESA",-37.9629180899,-57.5853692661,2026,1,January,1,11,3,Jueves,False,Mañana (06-12),[],,OTRA / NO ESPECIFICADA,ARMA_FUEGO
2026-01-01 21:04:00,10015641274,PERU al 2829,CARTA ORIGINAL,CON PRIORIDAD,"LLAMANTE DICE QUE HAY UNA MUJER QUE VENDE DROGAS Y ESTA ROMPIENDO LA CASA DE SUS VECINOS. SE LLAMA SOL, NO SABE EL APELLIDO, VENDE COCAINA Y MARIGUANA, AHORA ESTA CON UN ARMA DE FUEGO Y CORTANTE, SIN HERIDOS. LOS VECINOS ESTAN ENCERRADOS EN LA CASA AL FONDO, EL HOMBRE SE LLAMA ERIC Y ESTA CON SU MADRE.  ",GENERAL PUEYRREDON,MAR DEL PLATA,-379932036839.0,-575844629593.0,VSup,0,-37.9932036839,-57.5844629593,2026,1,January,1,21,3,Jueves,False,Noche (18-24),[],,OTRA / NO ESPECIFICADA,ARMA_FUEGO
2026-01-02 20:30:00,10015646249,EDUARDO PERALTA RAMOS y Williams Morris,VIOLENCIA,NO FAMILIAR,"LLAMANTE REFIERE QUE ESTAN PELEANDO APROX 20 PERSONAS, INDICA QUE UNO SACO UN ARMA DE FUEGO. NO EFECTUÓ DISPAROS",GENERAL PUEYRREDON,,-380214439985.0,-576163079992.0,NEGATIVO,"MOVIL 30514 INF AMPLIA RECORRIDA POR LA ZONA NORMAL , NEGATIVO CONFRONTACION Y NEGATIVO ENTREVISTA ",-38.0214439985,-57.6163079992,2026,1,January,2,20,4,Viernes,False,Noche (18-24),[],,OTRA / NO ESPECIFICADA,ARMA_FUEGO
2026-01-03 16:21:00,10015650442,AZOPARDO al 5253,DISPAROS,DISPAROS,"LLAMANTE REFIERE QUE HAY UN MASCULINO DE CAMPERA MARRON QUE PORTA UN ARMA DE FUEGO QUE DISPARA AL AIRE, Y AGREDE A OTRA PERSONA __NO HAY HERIDOS ",GENERAL PUEYRREDON,MAR DEL PLATA,-38036166806582.0,-57570814795928.0,NEGATIVO,30506 RECORRIDA NORMAL NEG EMERGENCIA,-38.036166806582,-57.570814795928,2026,1,January,3,16,5,Sábado,True,Tarde (12-18),[],,OTRA / NO ESPECIFICADA,ARMA_FUEGO
2026-01-03 19:43:00,10015651381,GAMAL NASSER y 11 De Septiembre,ROBO,VÍA PÚBLICA,LLAMANTE REFIERE QUE DOS MASCULINOS CON VISERA EN MOTO INTENTARON ASALTAR A UNA FEMENINA__TIPO GILERA 110 COLOR GRIS O DE BAJA CILINDRADA - AMBOS JOVENES DE NO MÁS DE 30 AÑOS __CREE QUE SIGUEN POR EL BARRIO - TIENEN CAMPERAS DEPORTIVAS Y PANTALONES LARGOS  __SE PUUSO LA MANO BAJO EL PANTALÓN PERO NO LLEGA A EXHIBIR ARMA DE FUEGO - NO HAY HERIDOS __SE VAN POR 3 DE FEBRERO PARA EL LADO DE AV 180,GENERAL PUEYRREDON,,-379748229985.0,-575864419992.0,NEGATIVO,30151 A LA RECORRIDA NEGATIVO ,-37.9748229985,-57.5864419992,2026,1,January,3,19,5,Sábado,True,Noche (18-24),[],,GILERA,ARMA_FUEGO
2026-01-03 23:02:00,10015652316,AV COLON al 2735,PEDIDO GENERICO DE AUXILIO,PGA,LLAMANTE REFIERE QUE ES DRA. LAI  Y QUERIA INFORMAR QUE ACABA DE INGRESAR UNA FEMENINA CON UNA HERIDA DE ARMA DE FUEGO EN EL TOBILLO DERECHO. LA MUJER SE LLAMA  FIGUEREDO MARGARITA  AYLEN DE 25 AÑOS DNI  42.782.314. ,GENERAL PUEYRREDON,MAR DEL PLATA,-380026.0,-575514.0,V ACC-MC,0,-38.0026,-57.5514,2026,1,January,3,23,5,Sábado,True,Noche (18-24),[],,OTRA / NO ESPECIFICADA,ARMA_FUEGO
2026-01-04 00:00:00,10015652551,AV COLON al 2749,PEDIDO GENERICO DE AUXILIO,PGA,"LLAMANTE REFIERE QUE  HACE  UNA HORA INGRESO UNA PACIENTE FIGUEREDO MARGARITA AILEN DE 25 AÑOS  CON HERIDA DE ARMA DE FUEGO ,  YA FUE EL PERSONAL POLICIAL AHORA QUIEREN INFORMAR QUE LA MISMA ESTA ESTABLE Y QUE YA LOGRARON EXTRAER EL PROYECTIL PARA QUE EL PERSONAL POLICIAL LO RETIRE EL MISMO AL RESGUARDO EN LA  OFICINA DE SUPERVISOR DE ENFERMERIA 3 ER PISO ",GENERAL PUEYRREDON,MAR DEL PLATA,-38002733039223.0,-5755163059552.0,POSITIVO,CERRITO Y LA 69 SE LE ACERCA A LA FEMENINA UNA MOTO CUANDO ELLA CIRCULA EN SU MOTO EN ESE MOMENTO SIENTE UN GOLPE COMO UN PIEDRASO EN EL TOBILLO MISMA SE VA DEL LUGAR HASTA UN LUGAR TRANQUILO DONDE VIO LA HERIDA Y SE DIRIGIO A LA CLINICA,-38.002733039223,-57.55163059552,2026,1,January,4,0,6,Domingo,True,Madrugada (00-06),[],,OTRA / NO ESPECIFICADA,ARMA_FUEGO
2026-01-04 07:42:00,10015653874,ESTEBAN GASCON al 7629,VIOLENCIA,POR RAZONES DE GENERO,LLAMANTE REFIERE QUE EL EX MARIDO DE SU SOBRINA  QUIEN TIENE RESTRICCION DE NOMBRE SEBASTIAN ESTA  ARMADO DENTRO  DE LA CASA LE QUIERE PEGAR AL HIJO Y A LA MUJER . EL MISMO LLEGO CON UNA HERIDA DE ARMA DE FUEGO EN LA CABEZA ,GENERAL PUEYRREDON,MAR DEL PLATA,-37980282410957.0,-57602740056363.0,V ACC-MC,0,-37.980282410957,-57.602740056363,2026,1,January,4,7,6,Domingo,True,Mañana (06-12),[],,OTRA / NO ESPECIFICADA,ARMA_FUEGO
2026-01-05 22:29:00,10015662424,AV POLONIA al 202,ROBO AUTOMOTOR,MOTOS,ROBAN MOTO GILERA SMASH NEGRA DOMINIO NO RECUERDA. __ERAN 4 NN  EN 2 MOTOS BLANCAS.__VISTEN DE NEGRO.__TENIAN ARMA DE FUEGO.__SE VAN POR BRUMANA__NO HAY HERIDOS,GENERAL PUEYRREDON,MAR DEL PLATA,-3800838650884.0,-57588847555612.0,NEGATIVO,INF MOV QUE AL ARRIBO PANORAMA NORMAL -NADIE ENTREVISTA - SE LLAMA POR TELEFONO Y EL LLAMNTE ES UN TERCERO ,-38.00838650884,-57.588847555612,2026,1,January,5,22,0,Lunes,False,Noche (18-24),[],,GILERA,ARMA_FUEGO
2026-01-06 00:54:00,10015663094,PIGUE al 2520,CARTA ORIGINAL,CON PRIORIDAD,"LLAMANTE REFIERE QUE FUE UN HOMBRE CON ARMA DE FUEGO A AMENAZARLO DE MUERTE A OTRO HOMBRE,  CASI LO APUNTO, ES DEL BARRIO, NUEVO, NO HAY HERIDOS, ESTABA DROGADO__EL QUE LO AMENAZO VENDE DROGAS, NO SABE QUE TIPO, ES NUEVO EN EL BARRIO. NO SABE QUE DIAS Y HORARIOS VENDE. VIVE EN LA 202 Y ALBERTI, JUSTO EN LA ESQUINA. ES LA UNICA CASA DE MANO DERECHA. NO SABE SI SE MANEJA EN VEHICULO",GENERAL PUEYRREDON,MAR DEL PLATA,-379761.0,-576115.0,VSup,0,-37.9761,-57.6115,2026,1,January,6,0,1,Martes,False,Madrugada (00-06),[],,OTRA / NO ESPECIFICADA,ARMA_FUEGO
2026-01-06 00:58:00,10015663111,PIGUE al 2520,INTEGRIDAD A LA VIDA,AMENAZA DE MUERTE,"LLAMANTE REFIERE QUE FUE UN HOMBRE CON ARMA DE FUEGO A AMENAZARLO DE MUERTE A OTRO HOMBRE,  CASI LO APUNTO, ES DEL BARRIO, NUEVO, NO HAY HERIDOS, ESTABA DROGADO ",GENERAL PUEYRREDON,MAR DEL PLATA,-379761.0,-576115.0,NEGATIVO,"30884 INF EN LUGAR ANDIE ENTREVISTA , EN VIA PUBLICA NORMLA ",-37.9761,-57.6115,2026,1,January,6,0,1,Martes,False,Madrugada (00-06),[],,OTRA / NO ESPECIFICADA,ARMA_FUEGO
2026-01-06 01:08:00,10015663164,GOYENECHE R al 11500,DISPAROS,DISPAROS," LLAMANTE INFORMA ESCUCHA DETONACIONES DE ARMA DE FUEGO,  CREE QUE HAY HERIDOS, NO APORTA MAS DATOS",GENERAL PUEYRREDON,,,,NEGATIVO,31616 INF RECORIDA SIN NOVEDA D,,,2026,1,January,6,1,1,Martes,False,Madrugada (00-06),[],,OTRA / NO ESPECIFICADA,ARMA_FUEGO
2026-01-06 05:47:00,10015663851,AV VERTIZ al 7617,INTEGRIDAD A LA VIDA,SUICIDIO,27788 INF EN E LUGAR UNA TTVA DE SUICIDIO MASCULINO MAYOR 23 AÑOS GONZALEZ JESUS INGRESA AL HIGA CON ESTADO RESERVADO IMPACTO EN LA CABEZA MOVIL 27788 REFIERE QUEDA EN EL DLIO A LA ESPERA DE CIENTIFICA PARA PERICIA Y LEVANTAMIENTO DEL ARMA DE FUEGO ,GENERAL PUEYRREDON,MAR DEL PLATA,-38019362469802.0,-57591288893752.0,V ACC-MC,0,-38.019362469802,-57.591288893752,2026,1,January,6,5,1,Martes,False,Madrugada (00-06),[],,OTRA / NO ESPECIFICADA,ARMA_FUEGO
2026-01-06 11:00:00,10015664585,GUTEMBERG y Mateotti,VIOLENCIA,NO FAMILIAR,"LLAMANTE REFIERE UNA PELEA , UNO TIENE UN ARMA DE FUEGO, SON 3 HOMBRES , NO SON FAMILIARES, NO VE HERIDOS , ESTAN EN LA CALLE ",GENERAL PUEYRREDON,MAR DEL PLATA,-380420619985.0,-575873119992.0,NEGATIVO,persona informa se entrevista con la sra galvan cristal la cual informa que vio a dos masculinos discutir al arribo del movil negativo los masculinos personal recorre la zona de surgir alguna novedad ,-38.0420619985,-57.5873119992,2026,1,January,6,11,1,Martes,False,Mañana (06-12),[],,OTRA / NO ESPECIFICADA,ARMA_FUEGO
2026-01-06 18:16:00,10015666285,BRAGADO al 553,SOSPECHOSOS,EN VEHÍCULO,"__LLAMANTE MENCIONA QUE 7 U 8 MASCULINOS QUE SE MOVILIZAN EN UN LOGAN COLOR BLANCO SIN DOMINIO, NO APORTA MARCA, AGREGA QUE SE MOVILIZAN A ALTA VELOCIDAD UNO DE LOS INDIVIDUOS DEL INTERIOR POSEE ARMA DE FUEGO, ESTAN AGRESIVOS.- ",GENERAL PUEYRREDON,MAR DEL PLATA,-37992835447393.0,-57615378949738.0,NEGATIVO,A LA RECORRIDA NEGATIVO VEHICULO CON LAS CARACTERISTICAS APORTADAS,-37.992835447393,-57.615378949738,2026,1,January,6,18,1,Martes,False,Noche (18-24),[],,OTRA / NO ESPECIFICADA,ARMA_FUEGO
2026-01-06 20:12:00,10015666825,JULIETA LANTERI y Calle 14,VIOLENCIA,NO FAMILIAR,"LLAMANTE MENCIONA QUE HAY 4 MASCULINOS QUE SE MOVILIZAN EN UN CAMIONETA KANGOO COLOR BLANCA DOMINIO AC 225 NF Y AGREDIERON AL VECINO, UNO POSEE ARMA BLANCA, OTRA ARMA DE FUEGO Y UNO ESTA CON UN CRICKET, LO AGREDIERON BRUTALMENTE  ",GENERAL PUEYRREDON,MAR DEL PLATA,-381042439985.0,-575869059992.0,Telefonía Fija/Móvil,0,-38.1042439985,-57.5869059992,2026,1,January,6,20,1,Martes,False,Noche (18-24),[],,OTRA / NO ESPECIFICADA,ARMA_FUEGO
2026-01-06 20:59:00,10015667054,DIAGONAL PUEYRREDON al 2943,SOSPECHOSOS,EN VEHÍCULO,"__LLAMANTE MENCIONA QUE VIO UN MASCULINO QUE VISTE REMERA ROSA, CON CASCO NEGRO Y SE MOVILIZA EN UNA MOTO ROJO CC110 MARCA NI DOMINIO NO APORTA,VIO QUE TENIA ARMA DE FUEGO Y LA GUARDO EN LA CINTURA DEL PANTALON, SE FUE EN LA MOTO POR SAN MARTIN HACIA LA PEATIONAL .- ",GENERAL PUEYRREDON,MAR DEL PLATA,-37998153924723.0,-57549577025795.0,NEGATIVO,"MOVIL INFORMA QUE EN LA AMPLIA RECORRIDA EL PANORAMA ES NORMAL, NADIE ENTREVISTA, PERSONAL SIGUE EN RECORRIDA.",-37.998153924723,-57.549577025795,2026,1,January,6,20,1,Martes,False,Noche (18-24),[],,OTRA / NO ESPECIFICADA,ARMA_FUEGO
2026-01-07 01:23:00,10015668253,ESTEBAN GASCON y 202,DISPAROS,PERSONAS,"LLAMANTE INFORMA  HAY 4  PERSONAS QUE SE  EFECTUAN DETONACIONES DE ARMA DE FUEGO ENTRE ELLOS, HAY DOS EN CASA ESQUINA] HAY UN MASCULINO EN E L PISO, CREE QUE CON UNA HERIDA EN LA PIERNA__ NO APORTA MAS DATOS____",GENERAL PUEYRREDON,,,,V ACC-MC,0,,,2026,1,January,7,1,2,Miércoles,False,Madrugada (00-06),[],,OTRA / NO ESPECIFICADA,ARMA_FUEGO
2026-01-08 09:35:00,10015673770,CNEL SUAREZ al 2500,CARTA ORIGINAL,CON PRIORIDAD,"REFIERE QUE ESTAN REALIZANDO DETONACIONES DE ARMA DE FUEGO, NO SABE SI HAY HERIDOS, HAY UN INCENDIO DE UNA CASA, ESTA MUY EXPOANDIDO, HAY MUCHO HUMO, NO SABE SI HAY GENTE ATRAPADA, NO SABE SI HAY HERIDOS, AUN SIGUEN DISPARANDO .-  ____REFIERE QUE HAY UNA CASA EN CORONEL SUAREZZ 2500 ENTRE GASCON Y ALBERTI, CASA SENCILLA, DONDE VENDEN DROGA,  NO SABE QUE DROGA VENDEN,  VIVEN DOS CHICOS, NO SABE DATOS PERSONALES, FISICAMENTE NO SABE TAMPOCOC COMO SON, LA VENTA ERA DE NOCHE , NO RESPONDE A SI ESTABAN ARMADOS Y QUE DIAS ERA LA VENTA.-  CORTA LA LLAMADA  ",GENERAL PUEYRREDON,MAR DEL PLATA,-379794213135.0,-576044336109.0,VSup,0,-37.9794213135,-57.6044336109,2026,1,January,8,9,3,Jueves,False,Mañana (06-12),[],,OTRA / NO ESPECIFICADA,ARMA_FUEGO
2026-01-08 09:40:00,10015673784,CNEL SUAREZ al 2500,INCENDIO,EN INTERIOR,"REFIERE QUE ESTAN REALIZANDO DETONACIONES DE ARMA DE FUEGO, NO SABE SI HAY HERIDOS, HAY UN INCENDIO DE UNA CASA, ESTA MUY EXPOANDIDO, HAY MUCHO HUMO, NO SABE SI HAY GENTE ATRAPADA, NO SABE SI HAY HERIDOS, AUN SIGUEN DISPARANDO .-  __",GENERAL PUEYRREDON,MAR DEL PLATA,-379794213135.0,-576044336109.0,Telefonía Fija/Móvil,0,-37.9794213135,-57.6044336109,2026,1,January,8,9,3,Jueves,False,Mañana (06-12),[],,OTRA / NO ESPECIFICADA,ARMA_FUEGO
2026-01-09 02:46:00,10015677491,MISIONES al 2022,ROBO,VÍA PÚBLICA,"LLAMANTE INFORMA QUE LE ROBARON EN LA CALLE COLON Y CHACO__2 MASC ARMADOS CON UN ARMA DE FUEGO__NO ESTA HERIDO____INDICA QIE TIENE GORRA, CREE QUE SIGUIERON POR CHACO PERO NO SABE EN QUQ SENTIDO____",GENERAL PUEYRREDON,MAR DEL PLATA,-37992312128373.0,-57568078405681.0,POSITIVO,"33822 GALI FERNANDO ENTREVISTADO, DOS MASCULINOS ARMADOS SUSTRAEN TELEFONO. INV A RADICAR. ",-37.992312128373,-57.568078405681,2026,1,January,9,2,4,Viernes,False,Madrugada (00-06),[],,OTRA / NO ESPECIFICADA,ARMA_FUEGO
2026-01-09 04:10:00,10015677645,SAAVEDRA al 7257,DISPAROS,DISPAROS,"EN PROCESO__ LLAMANTE INFORMA  ESTAN EFECTUANDO  DETONACIONES DE ARMA DE FUEGO Y CREE QUE INGRESARON A LO DE SU VECINO YA QUE ESCUCHA  GRITOS E INSULTOS Y GOLPES DE PORTON__ NO SABE SI HAY HERIDOS, NO SABE MAS DATOS",GENERAL PUEYRREDON,MAR DEL PLATA,-379909.0,-576059.0,V ACC-MC,0,-37.9909,-57.6059,2026,1,January,9,4,4,Viernes,False,Madrugada (00-06),[],,OTRA / NO ESPECIFICADA,ARMA_FUEGO
2026-01-09 11:18:00,10015678597,TERMAS DE RIO HONDO y ESTEBAN GASCON,CARTA ORIGINAL,CON PRIORIDAD,"LLTE REFIERE QUE VARIOS VECINOS  PELEAN  EN VIA PUBLICA, SE ENFRETAN MUJERES Y AHORA PARTICIPAN MASCULINOS ARMADOS CON ARMA DE FUEGO__NO SABE SI HAY HERIODS ____REFIERE QUE ESTA PELEA ES POR VENTA DE DROGAS, __EL VENDEDOR BRAIAN SURANITI  DE UNOS 25 AÑOS, QUE VIVE EN CALLE GASCON Y CALLE 184 (TERMAS DE RIO HONDO)  CASA DE LA  ESQUINA DE  2 PISOS  __EL NN ESTA ARMADO CON ARMA DE FUEGO __VENDE COCAINA Y MARIHUANA , LA VENTA ES DURANTE TODOEL DIA  A TODA HORA__EL NN TIENE UN AUTO MARCA PEUGOT 308 GRIS PLATA , NO SABE LA PATENTE ",GENERAL PUEYRREDON,,-379804299985.0,-576024539992.0,VSup,0,-37.9804299985,-57.6024539992,2026,1,January,9,11,4,Viernes,False,Mañana (06-12),[],,OTRA / NO ESPECIFICADA,ARMA_FUEGO
2026-01-09 11:24:00,10015678615,TERMAS DE RIO HONDO y ESTEBAN GASCON,VIOLENCIA,NO FAMILIAR,"LLTE REFIERE QUE VARIOS VECINOS  PELEAN  EN VIA PUBLICA, SE ENFRETAN MUJERES Y AHORA PARTICIPAN MASCULINOS ARMADOS CON ARMA DE FUEGO__NO SABE SI HAY HERIODS ____",GENERAL PUEYRREDON,,-379804299985.0,-576024539992.0,NEGATIVO,"MOVIL INFORMA EN RECORRIDA NEGATIVO NN NADIE ENTREVISTA, GENTE HOSTIL,PLENA VILLA ",-37.9804299985,-57.6024539992,2026,1,January,9,11,4,Viernes,False,Mañana (06-12),[],,OTRA / NO ESPECIFICADA,ARMA_FUEGO
2026-01-10 09:01:00,10015683149,CNEL SUAREZ y French,CARTA ORIGINAL,CON PRIORIDAD,"REFIERE QUE HAY 2 PERSONAS ARMADAS, ESTAN SIN REMERA__SON MASCULINOS, TIENEN ARMA DE FUEGO Y CUHILLO__NO HAY HERIDOS__QUE ESTAN DISCUTIENDO __QUE LA SITUACION ES HABITUAL, QUE SI CONTINUA, ALGUNA PERSONA LOS VA A A AGREDIR A ESTOS MASCULINOS __QUE ESTAS PERSONAS VENDEN DROGAS EN UNA CASA, CREE ES UNA CASA BLANCA DE AFUERA__NO SABE NOMBRES DE QUIENES VENDEN, QUE VENDEN FALOPA, MERCA__NO TIENEN VEHICULOS__QUE VENDEN TODO EL DIA, TODOS LOS DIAS ",GENERAL PUEYRREDON,MAR DEL PLATA,-379624219985.0,-575907129992.0,VSup,0,-37.9624219985,-57.5907129992,2026,1,January,10,9,5,Sábado,True,Mañana (06-12),[],,OTRA / NO ESPECIFICADA,ARMA_FUEGO
2026-01-10 09:10:00,10015683167,CNEL SUAREZ y French,VIOLENCIA,NO FAMILIAR,"REFIERE QUE HAY 2 PERSONAS ARMADAS, ESTAN SIN REMERA__SON MASCULINOS, TIENEN ARMA DE FUEGO Y CUCHILLO__NO HAY HERIDOS__ ESTAN DISCUTIENDO __ESTO  ES HABITUAL, QUE SI CONTINUA, ALGUNA PERSONA LOS VA  A  AGREDIR A ESTOS MASCULINOS __",GENERAL PUEYRREDON,MAR DEL PLATA,-379624219985.0,-575907129992.0,NEGATIVO,"32807 EN EL LUGAR INFORMA NEGATIVO, NADIE PARA ENTREVISTAR",-37.9624219985,-57.5907129992,2026,1,January,10,9,5,Sábado,True,Mañana (06-12),[],,OTRA / NO ESPECIFICADA,ARMA_FUEGO
2026-01-10 12:09:00,10015683658,MANSILLA y Manuela Pedraza,SOSPECHOSOS,PERSONA EXTRAÑA,"REFIERE QUE POR MANSILLA HACIA TEJEDOR VA UN HOMBRE QUE TIENE UN PAÑUELO ROSA, LLEVA  ARMA DE FUEGO EN LA MANO, A PIE, NO LE DIERON OTRA INFORMACION. ",GENERAL PUEYRREDON,MAR DEL PLATA,-379528379984.0,-575390149992.0,NEGATIVO,"ENTREVISTADO BOTA  , EN RECORRIDA NEG MASC ",-37.9528379984,-57.5390149992,2026,1,January,10,12,5,Sábado,True,Tarde (12-18),[],,OTRA / NO ESPECIFICADA,ARMA_FUEGO
2026-01-10 17:10:00,53189113,MAGALLANES y JOSE HERNANDEZ,OCCISO,OCCISO,"M15 SAME SOLICITA PRESENCIA POLICIAL Y CIENTIFICA POR UN MASC OBITO CON HERIDA DE ARMA DE FUEGO EN CRANEO, QUIEN FUE TRASLADADO DE MANERA PARTICULAR  EN UN VEHICULO AL CAPS. [Id.Remoto: 3391641] [Id.Remoto: 2370256] [Id.Remoto: 53189113]",GENERAL PUEYRREDON,MAR DEL PLATA,-38035740998.0,-57557697999.0,Telefonía Fija/Móvil,0,-38.035740998,-57.557697999,2026,1,January,10,17,5,Sábado,True,Tarde (12-18),[],,OTRA / NO ESPECIFICADA,ARMA_FUEGO
2026-01-10 20:51:00,10015685818,CALLE 65 y Cerrito,DISPAROS,DISPAROS,"LLAMANTE REFIERE QUE UN MASCULINO ESTABA EFECTUANDO DISPAROS DE ARMA DE FUEGO, UNA ZUZUKI 125 COLOR ROJO,__LUEGO EFECTUO CORTES CON CON EL CAÑO DE ESCAPE, LA MOTO ES ROBADA, SE LA ROBARON A UN AMIGO",GENERAL PUEYRREDON,MAR DEL PLATA,-380535837755.0,-575829680932.0,NEGATIVO,"MOVIL INFORMA QUE EN LA AMPLIA RECORRIDA EL PANORAMA ES NORMAL, NADIE ENTREVISTA, PERSONAL SIGUE EN RECORRIDA.",-38.0535837755,-57.5829680932,2026,1,January,10,20,5,Sábado,True,Noche (18-24),[],,OTRA / NO ESPECIFICADA,ARMA_FUEGO
2026-01-10 22:41:00,10015686313,GALICIA al 2278,ROBO AUTOMOTOR,MOTOS,FEMENINA DE 20 AÑOS CON HERIDA DE ARMA DE FUEGO. LLA HIEREN PARA ROBAR LA MOTO.__NO SABEN SI ROBAN LA MOTO HONDA WAVE BLANCA O LOS DELINCUENTES ESTABAN EN LA HONDA WAVE.__SE VAN PARA FORTUNATO DE LA PLAZA.,GENERAL PUEYRREDON,MAR DEL PLATA,-380426.0,-575794.0,Analizado por ACC-MC,0,-38.0426,-57.5794,2026,1,January,10,22,5,Sábado,True,Noche (18-24),[],,HONDA,ARMA_FUEGO
2026-01-11 02:38:00,10015687410,GUAYANA al 2544,INFORMACION ,INFORMACION,"LLAMANTE REFIERE QUE DENTRO DEL DOMICILIO VIO A UN NN QUE EN EL DIA DE AYER IRIO A 2 PERSONAS CON UN ARMA DE FUEGO EN EL BARRIO LIBERTAD, NO SABE LOS DATOS PERO SABE CUMPLE ARRESTO DOMICILIARIO Y QUE LO ESTA BUSCANDO LA POLICIA, ANDA ARMADO ESTA CON OTRO MASCULINO MAS DENTRO DE LA PROPIEDAD",GENERAL PUEYRREDON,MAR DEL PLATA,-3796910747062.0,-57625855711324.0,Telefonía Fija/Móvil,0,-37.96910747062,-57.625855711324,2026,1,January,11,2,6,Domingo,True,Madrugada (00-06),[],,OTRA / NO ESPECIFICADA,ARMA_FUEGO
2026-01-11 20:01:00,10015691443,14 DE JULIO y Formosa,SOSPECHOSOS,EN VEHÍCULO,LLAMANTE REFIERE QUE HAY DOS PAREJAS DE MOTO SOSPECHOSOS EN SENTIDO A AV JUAN B JUSTO Y VAN PARA EL OESTE - __EN MOTOS SIN PATENTE - TIPO 150 DE CALLE  - NO LOS VIO ROBAR A NADIE PERO EN ACTITUD MUY SOSPECHOSA__VIO QUE PORTAN ARMA DE FUEGO - TODOS VISTEN DE NEGRO - __UNO CON REMERA NEGRA CON LETRAS BLANCAS GRANDES CON TIPOGRAFIA CHINA CON CASCO__,GENERAL PUEYRREDON,,-380121289985.0,-575728579992.0,NEGATIVO,34839 INF RECORRIDA SIN NOVEDAD ANDIE ENTREVISTA ,-38.0121289985,-57.5728579992,2026,1,January,11,20,6,Domingo,True,Noche (18-24),[],,OTRA / NO ESPECIFICADA,ARMA_FUEGO
2026-01-12 14:04:00,10015695145,AV DR ALIO al 2178,VIOLENCIA,NO FAMILIAR,REFIERE  DOS MASC PELEANDO  UNO ARMADO CON ARMA DE FUEGO VICERA AZUL TORSO DESNUDO __OTRO MASC 40 AÑOS SANGRANDO .- __,GENERAL PUEYRREDON,MAR DEL PLATA,-379789.0,-575982.0,NEGATIVO,"ENTREVISTADO  SR RODRIGO EL MISMO VIO LA SITUAION , SE HACE LA ECORRIDA  NEG MASC ",-37.9789,-57.5982,2026,1,January,12,14,0,Lunes,False,Tarde (12-18),[],,OTRA / NO ESPECIFICADA,ARMA_FUEGO
2026-01-13 21:29:00,10015701759,AV CONSTITUCION al 7313,ROBO AUTOMOTOR,VEHÍCULOS,"__LLAMANTE MENCIONA QUE LE ROBARON SU VEHICULO MARCA CITROEN C3 COLOR ROJO DOMINIO PAK 031 , REFIERE QUE EL AUTOR ES UN MASCULINO CON ARMA DE FUEGO, SE FUE POR PIRAN EN DIRECCION HACIA CAMET, NO ESTA HERIDA.- ",GENERAL PUEYRREDON,MAR DEL PLATA,-379538.0,-575767.0,REDERIVADO,"DOLORES SUBCRIO CARRION, PINAMAR OSI ERRASQUIN, TANDIL SGTO PIANO, CHASCOMUS TTE SEBEY, VIAL VIVORATA SGTO SANCHEZ, VIAL CHAPADMALAL OFL LAMBERT",-37.9538,-57.5767,2026,1,January,13,21,1,Martes,False,Noche (18-24),[],,CITROEN,ARMA_FUEGO
2026-01-14 08:50:00,10015703684,LUCIANO ARRUE al 20,DROGAS ILÍCITAS,VENTA/ELABORACIÓN,"LLAMANTE REFIERE QUE QUIERE DENUNCIAR 3 PUESTOS DE VENTA DE DROGA, SIEMBRAN MARIHUANA Y VENDE MARIHUANA Y COCAINA , ALLI COMERCIALIZA UNOS TIPOS MORRUDOS BAJITOS, MOROCHOS DE OJOS VERDES Y RUBIOS, LE DICEN CHICHI O PICHI,SON 5/6 PERSONAS, VENDEN EN LA VEREDA DURANTE TODO EL DIA Y TODA LA NOCHE, ESTAN ARMADOS. __EL OTRO PUESTO DE DROGA QUEDA EN BARRIO LOS PINARES EN CALLE LOPEZ DE GOMARA ENTRE CARBALLO Y TORRE DE VERA Y ARAGON MANO IMPAR A MITAD DE CUADRA UN CHALET CON REJA NEGRA, DE DOS PISOS, TEJA,  SE LLAMA JORGE CARMONA VENDE COCAINA Y MARIHUANA FRAGMENTADA , DURANTE TODO EL DIA Y TODA LA NOCHE Y HACE DELIVERY EN UN PEUGEOT COLOR ROJO POLARIZADO , COMERCILIZA EN DISTINTOS BAARRIOS, ESTA ARMADO CON ARMA BLANCA Y ARMA DE FUEGO - __Y EL ULTIMO LUGAR QUEDA EN BARRIO ALTO CAMET, EN CALLE ROMANO 3072 ENTRE ZEBALLOS Y ANCHORENA,CASA DE LADRILLO SIN REVOCAR CON TOLDO BLANCO EN EL ALAMBRADO DE LA VEREDE  SON VARIOS, TODA UNA FAMILIA, EL QUE VENDE EN LA CUADRA ES UN COLORADO QUE LE DICEN MENDOCINO Y VENDE COCAINA, DENTRO DE LA CASA DE NOCHE Y DIA. ESTA ARMADO CON ARMA BLANCA Y ARMA DE FUEGO ",GENERAL PUEYRREDON,MAR DEL PLATA,-37959924927969.0,-57587297449463.0,VSup,0,-37.959924927969,-57.587297449463,2026,1,January,14,8,2,Miércoles,False,Mañana (06-12),[],,PEUGEOT,ARMA_FUEGO
2026-01-14 17:26:00,10015705711,MANUEL SAVIO al 2931,SOSPECHOSOS,PERSONA EXTRAÑA,LTE MENOR REFIERE  QUE EN LA PLAZA HAY UN MENOR CON UN ARMA DE FUEGO __NO HAY HERIDOS __NO TIENE DESCRIPCION ,GENERAL PUEYRREDON,MAR DEL PLATA,-38044904451563.0,-57587498789241.0,NEGATIVO,A LA RECORRIDA NEGATIVO MENOR ARMADO,-38.044904451563,-57.587498789241,2026,1,January,14,17,2,Miércoles,False,Tarde (12-18),[],,OTRA / NO ESPECIFICADA,ARMA_FUEGO
2026-01-14 18:01:00,10015705894,RUTA 11 (P) al 5157,CARTA ORIGINAL,SIN PRIORIDAD,"LLAMANTE REFIERE QUE ESA ES LA GOMERIA DE UN TAL OSCAR DAVID NUÑEZ, LE DICEN PEPINO. ESTE MASCULINO ROBA AUTOS, LOS DESGUAZA, LOS CORTA Y VENDE LAS AUTOPARTES. LO CORTAN CON AMOLADORA Y LOS VENDEN EN PEDAZON TAMBIEN EN CHATARRERIAS. TUVO 6 AUTOS ROBADOS EN ESTE ULTIMO TIEMPO. AHORA HAY VARIOS . CADA DOS MESES TIENE 3 O 4 AUTOS ROBADOS.__ATRAS DE LA GOMERIA HAY 6 DEPARTAMENTOS QUE TAMBIEN SON DEL MASCULINO DONDE HAY GENTE QUE SE PROSTITUYE . EL GOMERO LOS OBLIGA A PROSTITUIRSE CAMBIO DEL ALQUILER. NO SABE CUANTAS PERSONAS HAY EN EL LUGAR. ES GENTE QUE QUE VIENE DE BUENOS AIRES A TRABAJAR DE TRAPITOS. FEMENINAS Y MASCULINOS MAYORES DE EDAD.- __LA GOMERIA Y LOS DEPARTAMENTOS ESTAN EN TIERRAS USURPADAS. EL MASCULINO SIGUEN OCUPANDO TERRENOS EN LA MANZANA DODNE CONSTRUYEN RAPIDO PARA QUE NADIE SE DE CUENTA DE QUE SON TERRENOS TOMADOS.__EL MASCULINO TIENE ARMA DE FUEGO Y ARMA BLANCA, LOS EMPLEADOS DE LA GOMERIA SON LOS QUE LO AYUDAN EN EL ROBO Y DESGUACE DE LOS VEHICULOS.__EN LA DIRECCION DE CALLE RICARDO PALMA 2583 ENTRE CHAPEROUGE Y CASEROS DE LA CIUDAD DE MAR DEL PLATA VENDEN DROGA. EL QUE VENDE SE LLAMA CRISTIAN COCO FLACHE. VENDE ESTUPEFACIENTES. EL PROVEE A VARIOS BUNKERS PERO NO SABE DONDE ESTAN. ÉL VENDE EN EL BARRIO EL GROSELLAR. CREE QUE TIENE RELACION CON EL MASCULINO DE LA GOMERIA. [Id.Remoto: 10015705894]",GENERAL PUEYRREDON,INDEFINIDA,,,REDERIVADO,0,,,2026,1,January,14,18,2,Miércoles,False,Noche (18-24),[],,OTRA / NO ESPECIFICADA,ARMA_FUEGO
2026-01-14 22:01:00,10015707059,AV PRES PERON y Camino De San Francisco De Asis,ROBO AUTOMOTOR,MOTOS,"LLAMANTE REFIERE QUE DOS DELINCUENETS EN UNA TORNADO BLANCA Y NEGRA __LE DISPARARON A UNA MUEJR CONUN ARMA DE FUEGO EN LA CALLE __LA MUJER TIENE 42 AÑOS, ESTÁ CONSCIENTE ____ÉL ESTA CON UNA MOTO 110__LOS DELINCUENTES VAN CON LA MOTO CAMINANDO PORQUE NO ARRANCA, DIRECCION A MAR DEL PLATA ",GENERAL PUEYRREDON,BATAN,-380063.0,-576763.0,NEGATIVO,30801 INF A LA RECORRIDA NO ENTREVISTA NADIE CON EL PERSONAL POLICIAL - SE SACA LLAMANTE POR INT 54277 NO RESPONDEN,-38.0063,-57.6763,2026,1,January,14,22,2,Miércoles,False,Noche (18-24),[],,OTRA / NO ESPECIFICADA,ARMA_FUEGO
2026-01-15 02:07:00,10015708095,AV PEDRO LURO y Av Fermin Errea,DISPAROS,DISPAROS," LLAMANTE INFORMA  IBA CIRULANDO CON SU CAMIONETA Y EL CALLE SAN MARTIN ENTRE 240 Y 242  LE EFECTUAN DOS DETONACIONES DE ARMA DE FUEGO HACIA SU CAMIONETA, REFIERE QUE ERAN VARIAS PERSONAS, FEMENINAS Y MASCULINOS CON PERROS,  NO HAY HERIDOS__AHORA EL LTE ESTA EN LA DIRECCION APORTADA EN LA ESTACUION DE SERVICIO AGUARDANDO AYUDA __",GENERAL PUEYRREDON,MAR DEL PLATA,-379620040394.0,-576185728214.0,POSITIVO,"30506 SR TRIBIANO, IBA PASANDO POR SAN MARTIN Y 240 Y EFECTUAN DOS DISPAROS, NEG HERIDOS. INV A RADICAR ",-37.9620040394,-57.6185728214,2026,1,January,15,2,3,Jueves,False,Madrugada (00-06),[],,OTRA / NO ESPECIFICADA,ARMA_FUEGO
2026-01-15 08:44:00,10015709005,SAN SALVADOR al 11038,DISPAROS,PERSONAS,"LLAMANTE REFIERE QUE LE DISPARARON A UN CHICO, ESTAE HERIDO DE ARMA DE FUEGO, FUE EN EL PECHO, NO SABE MAS ",GENERAL PUEYRREDON,,,,JTv,0,,,2026,1,January,15,8,3,Jueves,False,Mañana (06-12),[],,OTRA / NO ESPECIFICADA,ARMA_FUEGO
2026-01-15 09:03:00,10015709055,ROSALES al 5142,VIOLENCIA,FAMILIAR,"REFIERE QUE EL HNO LE TIRA BOTELLAS EN EL VIDRIO DE LA CASA, NO TIENE ARMA DE FUEGO NI ARMA BLANCA, ESTA CORTADO EL LLATE. NO NECESITA ASISTENCIA MEDICA .-   ",GENERAL PUEYRREDON,MAR DEL PLATA,-38038348537626.0,-57571380018348.0,POSITIVO,POR INTERNO 54277 SE INTENTA SACAR LLAMANTE NO RESPONDE MOVIL REFIERE NEG NUMERAL NADIE ENTREVISTA,-38.038348537626,-57.571380018348,2026,1,January,15,9,3,Jueves,False,Mañana (06-12),[],,OTRA / NO ESPECIFICADA,ARMA_FUEGO
2026-01-15 09:33:00,10015709151,PAULA ALBARRACIN y Alberti,DISPAROS,DISPAROS,REFIERE QUE SE ESCUCHAN DETONACIONES DE ARMA DE FUEGO.-   ,GENERAL PUEYRREDON,MAR DEL PLATA,-379841269985.0,-575996009992.0,V ACC-MC,0,-37.9841269985,-57.5996009992,2026,1,January,15,9,3,Jueves,False,Mañana (06-12),[],,OTRA / NO ESPECIFICADA,ARMA_FUEGO
2026-01-15 15:06:00,10015710473,JOSE INGENIEROS y Jose Lijo Lopez,NCE,NO CONSTITUYE EMERGENCIA,"LTE REFIERE QUE HAY UN NN MASCULINO MATANDO PAJARITOS , NO SABE DONDE ESTA __ES UNA PERSONA CON ARMA DE FUEGO __NO SABE DONDE ESTA ESPECIFICAMENTE __ESTO FUE ANOCHE ",GENERAL PUEYRREDON,MAR DEL PLATA,-379625649984.0,-575527009992.0,NCE,0,-37.9625649984,-57.5527009992,2026,1,January,15,15,3,Jueves,False,Tarde (12-18),[],,OTRA / NO ESPECIFICADA,ARMA_FUEGO
2026-01-15 16:13:00,10015710803,GabotO y 174,CARTA ORIGINAL,SIN PRIORIDAD,"LLAMANTE REFIERE QUE VENDEN DROGA EN ELLUGAR, HAY UN GRUPO DE PERSONAS QUE VENDE  MARIAHUANA Y COCAINA, UNO DE PELO LARGO ES UN HOMBRE DE 50 /60 AÑOS.VENDE CON LOS HIJO S, TODOS LOS DIAS DESDE LAS 12 HASTA LAS 22 HS. ESTAN CON ARMAS BLANCA Y ARMA DE FUEGO. DICE QUE SE PARAN ENLA VEREDA Y CUANDO LLEGAN LOS COMPRADORES VAN A BUSCAR LA DROGA A DENTRO DEL DCIO , LA CASA ESTA PINTADA DE RIVER PLATE ____ENFRENTE DE ESTE LUGAR HAY UN DESMADERO DE BICICLETAS, DICE QUE COMPRAN BICICLETAS QUE SON ROBADA PARA LUEGO COMPRAR DROGA ENFRENTE, TIENEN VARIAS BICICLETAS CARAR ES  DE LA MANO IMPAR, ES UN MASCULINO MOROCHO . COMPRAN Y VENDEN  LAS BICICLETAS____ES TEODORO BRONZINI Y ALVARADO, HAY OTRA BARRA QUE LE DAN LA PLATA Y VAN A BUSCAR LA DROGA EN UN DEPARTAMENTO EN UN SEGUDNO PISO PERO NO SABE DE QUE TORRE NI DEPARATEMNTO A UNO LE DICEN GERARDO PAPA.GONZALO CURTI,  DE OJOS CLAROS, MOROCHOS,DE UNOS  40/50 AÑOS. TODOS ARMADOS, VENDEN DESDE LAS 17 A LAS 22 HS. LOS DOMINGOS NO TRABAJAN .  CONSIGUEN LA DROGA EN LA TRIBU O LA BARRA. Y SI VA CON BICICLETA SE QUEDAN CON LA BICI Y LA PLATA Y TE CONSIGUEN DROGA, VENDEN COCAINA Y MARIHUANA. ____",GENERAL PUEYRREDON,,,,REDERIVADO,DDI MDP,,,2026,1,January,15,16,3,Jueves,False,Tarde (12-18),[],,OTRA / NO ESPECIFICADA,ARMA_FUEGO
2026-01-15 16:40:00,10015710937,COSTA ATLANTICA y Augusto Tapia,DROGAS ILÍCITAS,VENTA/ELABORACIÓN,"__LLAMANTE REFIERE QUE EN ESA ESQUINA VENDERIA DROGAS , LA  VENTA ES DE COCAINA , BOLISTAS DE 10 MIL PESOS , LA CAS POR EL FRENTE ES DE MACERA Y TIENE UN GALPON DONDFE METEN UN AUTO  , LA CASA TIENE LIBUSTRINES , LA VENTA LA HACE  UN HOMBRE DE 60 AÑOS LE DICEN EL GOMERO , LA  VENTA ES DESDE LAS 18 HS HASTA LAS 00 HS , EL BARRIO ES PARQUE PARQUE PEÑA , MANEJA ARMAS BLANCAS Y ARMA DE FUEGO , .LA COMPRA LA HACE ENTRE LOS LIBUSTRINOS EN UNA ESQUINA , ",GENERAL PUEYRREDON,MAR DEL PLATA,-379298379984.0,-575317689992.0,VSup,0,-37.9298379984,-57.5317689992,2026,1,January,15,16,3,Jueves,False,Tarde (12-18),[],,OTRA / NO ESPECIFICADA,ARMA_FUEGO
2026-01-15 23:09:00,10015712615,RUTA 11 (P) al 508,ROBO,VÍA PÚBLICA,"__LLAMANTE MENCIONA QUE LE ROBARON UNA BICICLETA COLOR AZUL, EL AUTOR ES UN MASCULINO CON ARMA DE FUEGO , SE FUE HACIA EL INTERIOR DEL PARQUE CAMET, NO ESTA HERIDA.- ",GENERAL PUEYRREDON,MAR DEL PLATA,-379428.0,-575341.0,NEGATIVO,27752 INF RECORRIDA SIN NOVEDAD ,-37.9428,-57.5341,2026,1,January,15,23,3,Jueves,False,Noche (18-24),[],,OTRA / NO ESPECIFICADA,ARMA_FUEGO
2026-01-16 00:42:00,10015712943,RIO CORCOVADO y Rio Atuel,DISPAROS,DISPAROS," LLAMANTE INFORMA   ESCUCHA DETONACIONES DE ARMA DE FUEGO, Y ESCUCHA PERSONAS DISCUTIENDO__ NO VE NADA DESDE DONDE ESTA__ ",GENERAL PUEYRREDON,SIERRA DE LOS PADRES,-379039049988.0,-577911649993.0,NEGATIVO,29894 INF A LA RECORRIDA NEGATIVO DETONACIONES NADIE ENTREVISTA ,-37.9039049988,,2026,1,January,16,0,4,Viernes,False,Madrugada (00-06),[],,OTRA / NO ESPECIFICADA,ARMA_FUEGO
2026-01-17 01:11:00,10015718345,JUAN CALCHAQUI al 9831,VIOLENCIA,POR RAZONES DE GENERO,LLAMANTE REFIERE QUE HAY UN MASCULNO AGRESIVO CON LA PAREJA. TIENE UN ARMA DE FUEGO. NO SABE SI HAY HERIDOS,GENERAL PUEYRREDON,MAR DEL PLATA,-38024780597468.0,-5763419953743.0,NEGATIVO,"MOVIL INFORMA QUE EL NUMERAL ESTA TODO APAGADO Y CERRADO, NADIE ENTREVISTA, PERSONAL ESPERA TIEMPO PRUDENCIAL, LUEGO SE RETIRA",-38.024780597468,-57.63419953743,2026,1,January,17,1,5,Sábado,True,Madrugada (00-06),[],,OTRA / NO ESPECIFICADA,ARMA_FUEGO
2026-01-17 01:24:00,10015718410,ETCHEGARAY al 1827,INCENDIO,EN INTERIOR,"LLAMANTE REFIERE QUE LLAMO ANTERIORMENTE YA QUE SE INCENDIA UNA CASA Y ESTA TOMANDO OTRA, TAMBIEN   HAY UN MASCULINO HERIDO CON ARMA DE FUEGO EN LA PIERNA  ESTA CONSCIENTE TIENE 23 AÑOS, DURANTE LA LLAMADA LLEGA EL  MOVIL PERO NO BOMBEROS, ",GENERAL PUEYRREDON,,-380046569985.0,-576211259992.0,V ACC-MC,0,-38.0046569985,-57.6211259992,2026,1,January,17,1,5,Sábado,True,Madrugada (00-06),[],,OTRA / NO ESPECIFICADA,ARMA_FUEGO
2026-01-17 13:29:00,10015720708,SAN JUAN al 288,SOSPECHOSOS,PERSONA EXTRAÑA,LLAMANTE DICE QUE HAY UN MASCULINO 17 AÑOS EN BICICLETA REMERA ROJA ARMADO CON ARMA DE FUEGO SOSPECHOSO SE VA MA NO A CONSTITUCION ,GENERAL PUEYRREDON,MAR DEL PLATA,-379799.0,-575538.0,NEGATIVO,MOVIL INFORMA EN RECORIDA NEGATIVO NN,-37.9799,-57.5538,2026,1,January,17,13,5,Sábado,True,Tarde (12-18),[],,OTRA / NO ESPECIFICADA,ARMA_FUEGO
2026-01-17 15:40:00,10015721307,CURA BROCHERO y Av Felix U Camet,PEDIDO GENERICO DE AUXILIO,PGA,"REFIEREQUE ES EL GUARDAVIDAS Y UNA PERSONA ENCONTRO UN ARMA DE FUEGO EN UNA MOCHILA, SE LA ACERCO A LLAMANTE ",GENERAL PUEYRREDON,MAR DEL PLATA,-379457869984.0,-575353159992.0,POSITIVO,0,-37.9457869984,-57.5353159992,2026,1,January,17,15,5,Sábado,True,Tarde (12-18),[],,OTRA / NO ESPECIFICADA,ARMA_FUEGO
2026-01-18 08:53:00,10015725773,SOLER y Echeverria,VIOLENCIA,NO FAMILIAR,"REFIERE QUE SE ESTAN PELEANDO, SON 5 __UNO PASO CON UN ARMA DE FUEGO",GENERAL PUEYRREDON,MAR DEL PLATA,-380377509985.0,-575755749992.0,NEGATIVO,MOVIL 30537 EN EL LUGAR Y RECORRIDA NEGATIVO NADIE ENTREVISTA,-38.0377509985,-57.5755749992,2026,1,January,18,8,6,Domingo,True,Mañana (06-12),[],,OTRA / NO ESPECIFICADA,ARMA_FUEGO
2026-01-18 12:01:00,10015726320,ISLA DE LOS ESTADOS y Cerro Hermoso,DROGAS ILÍCITAS,VENTA/ELABORACIÓN,"LLAMANTE DICE QUE HAY UN MASCULINO LE DICEN *PIQUI* VENDE DROGA COCAINA  DESDE 18 HS HASTA LAS 00 HS EN EL LUGAR  , TIENE ARMA DE FUEGO, DESCONOCE SI TIENE VEHICULO ",GENERAL PUEYRREDON,,-379014139984.0,-575333029992.0,VSup,0,-37.9014139984,-57.5333029992,2026,1,January,18,12,6,Domingo,True,Tarde (12-18),[],,OTRA / NO ESPECIFICADA,ARMA_FUEGO
2026-01-18 16:25:00,10015727339,BELGRANO al 3866,ROBO AUTOMOTOR,MOTOS,LLAMANTE REFIERE QUE DOS AUTOS. UNO AUTO ES AIRCROSS BANCO DOMINIO LSN542. Y OTRO GOL BLANCO. CON 4 MASCULINOS INTENTAN ROBARLE MOTO TORNADO.__LOS DEL GOL CON ARMA DE FUEGO.__NO SABE PARA DONDE SE VAN.__NO HAY HERIDOS,GENERAL PUEYRREDON,MAR DEL PLATA,-379948.0,-575611.0,POSITIVO,"34840 INFORMA QUE YA ENTREVISTO CON EL SUJETO ____SE IRRADIA NOVEDAD NUEVAMENTE A LA RED ____NO ES UN ROBO, SOLO TTIVA ",-37.9948,-57.5611,2026,1,January,18,16,6,Domingo,True,Tarde (12-18),['LSN542'],LSN542,OTRA / NO ESPECIFICADA,ARMA_FUEGO
2026-01-18 22:12:00,10015728831,RICARDO GUIRALDES al 5132,VIOLENCIA,NO FAMILIAR,"LLAMANTE REFIERE QUE OBSERVO QUE INVITARON A UN SEÑOR A TOMAR DROGA EN LA VIA PUBLICA, EL LLTE REFIERE QUE VIO  QUE UN MASCULINO LLAMADO EL YOMPI LE APUNTO CON UN ARMA DE FUEGO POSIBLEMENTE UN  32/38 PARA QUE TOME. ESTE MASCULINO CON OTROS SE METIERON DENTRO DE LA FINCA APORTADA EN LA DIRECCION A RECARGAR EL ARMA. ____ ",GENERAL PUEYRREDON,MAR DEL PLATA,-380480110708.0,-575828598926.0,NEGATIVO,"MOVIL 30548 INF AMPLIA RECORRIDA POR LA ZONA NORMAL, NADIE ENTREVISTA ",-38.0480110708,-57.5828598926,2026,1,January,18,22,6,Domingo,True,Noche (18-24),[],,OTRA / NO ESPECIFICADA,ARMA_FUEGO
2026-01-19 01:51:00,10015729658,RODRIGUEZ PEÑA y Mexico,PEDIDO GENERICO DE AUXILIO,PGA,"CARGA INVERSA DEL PERSONA DE PREFECTURA CABO PRIMERO MIRANDA, REFIERE EL PERSONAL SE ENTREVISTA CON UN MASC EL MIRSMO CONDUCTOR DE APLICACION EL SR ARANDA JOSE EDUARDO, EL MISMO REFIERE QUE MENORES DE EDAD, AL MENOS 6 DE ELLOS EN VIA PUBLICA, REFIERE ARMADOS CON ARMA DE FUEGO",GENERAL PUEYRREDON,MAR DEL PLATA,-379981839985.0,-575871769992.0,POSITIVO,"INF CABO PRIMERO MIRANDA REFIERE SUJUETOS SUSTRAE EL VEHICULO VW SURAN DOMINIO COLOCADO JYM801 DEL MISMO Y EL MISMO IMPACTA METROS MAS ADELANTE, REFIERE LOS SUJETOS NO LESIONAN AL PROPIETARIO DEL VEHICULO ",-37.9981839985,-57.5871769992,2026,1,January,19,1,0,Lunes,False,Madrugada (00-06),[],,OTRA / NO ESPECIFICADA,ARMA_FUEGO
2026-01-19 11:02:00,10015730868,CALABRIA al 4573,DROGAS ILÍCITAS,VENTA/ELABORACIÓN,"REFIERE MASC  OSCAR  APELLIDO IGNORA 55 AÑOS __VENDE MARIHUANA  .- EN ESTE MOMENTO POSEE DOS PLANTAS PEQUEÑAS EN LA VIVIEDNA __IGNORA  HACE CUANTO SE DEDICA A LA ACTIVIDAD  .- DESCONOCE DIAS Y HORARIOS DE VENTAS .- __POSEE ARMAS BLANCAS  MACHERES POR QUE ADEMAS REALIZA JARDINERIA , NO CREE POSEA  ARMA DE FUEGO __NO POSEE VEHICULOS.-  ",GENERAL PUEYRREDON,MAR DEL PLATA,-38049585598689.0,-57575616719317.0,VSup,0,-38.049585598689,-57.575616719317,2026,1,January,19,11,0,Lunes,False,Mañana (06-12),[],,OTRA / NO ESPECIFICADA,ARMA_FUEGO
2026-01-19 18:45:00,10015732774,SANTA CRUZ al 7881,DROGAS ILÍCITAS,VENTA/ELABORACIÓN,"LLAMANTE REFIERE QUERER DENUNCIAR VARIOS  BUMKER DE ESTUPEFACIENTES. COCAINA Y MARIHUANA-____EN CALLE DE MENCION VENDE ES EL GORDO. CON MUJER CON __TODOS LOS DIAS DESDE LAS 17 HORAS HASTA LAS 12 DEL MEDIODIA.__TIENEN ARMA DE FUEGO.____EN CALAZA AL 90 ENTRE RIO NEGRO Y SANTA CRUZ.__EL QUE VENDE SE LLAMA RAMON COPELO. DE LAS 11 A LAS 17. VENDEN COCAINA. TIENE ARMAS DE FUEGO, AMETRALLADORA.____EN CORONEL SUAREZ 273 ENTRE BRANDESEN Y FRENCH.__VENTANITAS DE MADERA.__VENDE UN AFEMENINA DE 65 AÑOS Y EL HIJO. VENDE COCAINA A 5 MIL PESOS. LA VENTA ES VIERNES, SABADO Y DOMINGO.____CALLE REJON 738 ENTRE 188 Y 190-__LA QUE VENDE ES SUSANA HIJA DEL GAMBA, ESTA CON MARIDO E HIJOS. VENDE COCAINA. TODOS LOS DIAS DE 11 AM A 23 PM-____CALLE EX 200 ENTRE BERUTI Y FRENCH. AL 123 , ALMACEN QUE VENDE FIAMBRE Y PAN, VENDE COCAINA  A PARTIR DE LAS 22 HASTA LAS 3 DE LA MAÑANA. LAS QUE VENDEN SON 2 MUJERES Y UN MACULINOS.____CALLE 196 ENTRE FRENCH Y BRANDSEN VENDE CARLOTA. CON CARA APLASTADA. VENDE COCAINA DE LUNES A SABADOS, DE 11 A 15 HORAS.____CALLE FARNER 7721 ENTRE REUSITIO Y ASTURIAS, VENDE MARIHUANA, LA QUE VENDE ES LAURA CHAVEZ Y LOS HIJOS. DE LUNES A SABADOS. DESDE EL MEDIODIA HASTA LA MEDIANOCHE ",GENERAL PUEYRREDON,MAR DEL PLATA,-37959639835153.0,-5758962435075.0,VSup,0,-37.959639835153,-57.58962435075,2026,1,January,19,18,0,Lunes,False,Noche (18-24),[],,OTRA / NO ESPECIFICADA,ARMA_FUEGO
2026-01-19 19:57:00,10015733075,CACIQUE CHAÑAL al 4757,CARTA ORIGINAL,CON PRIORIDAD,"LLAMANTE REFIERE QUE EN EL LUGAR ESTAN CONFRONTANDO A DISPAROS DE ARMA DE FUEGO____VENDEN DROGAS LOS QUE QUE RESIDN EL EL LUGAR, NO APORTA MAS DATOS",GENERAL PUEYRREDON,,,,VSup,0,,,2026,1,January,19,19,0,Lunes,False,Noche (18-24),[],,OTRA / NO ESPECIFICADA,ARMA_FUEGO
2026-01-19 20:02:00,10015733095,CACIQUE CHAÑAL al 4757,DISPAROS,PERSONAS,LLAMANTE REFIERE QUE EN EL LUGAR ESTAN CONFRONTANDO A DISPAROS DE ARMA DE FUEGO____,GENERAL PUEYRREDON,,,,V ACC-MC,0,,,2026,1,January,19,20,0,Lunes,False,Noche (18-24),[],,OTRA / NO ESPECIFICADA,ARMA_FUEGO
2026-01-20 19:19:00,10015737574,HERNANDARIAS y Talcahuano,ROBO AUTOMOTOR,MOTOS,"LLAMANTE ESTABA ENTRANDO A SU CASA CON EL AUTO, ALCANZO A CERRAR EL PORTON PERO LE QUISIERON DESPUES ROBAR A UN CHICO LA MOTO ,  1 MOTO CREE QUE ERA  AZUL CC DE LAS MAS COMUNES, EL QUE MANEJABA TENIA CAPUCHA   COLOR GRIS  Y EL OTRO NO LO VIO  QUE IBA ATRAS TENIA 1 CAPUAHA GRIS ESE TENIA UN ARMA DE FUEGO __NO VIO PARA DONDE FUERON  DE LOS NERVIODS Y CREE QUE ANDAN POR ZONA , NI TAMPOCO LOS PUDO VER BIEN ",GENERAL PUEYRREDON,,-380291409985.0,-575733569992.0,NEGATIVO,33653 INF ALA RECORRIDA NADIE ENTREVISTA CON EL PERSONAL POLICIAL ,-38.0291409985,-57.5733569992,2026,1,January,20,19,1,Martes,False,Noche (18-24),[],,OTRA / NO ESPECIFICADA,ARMA_FUEGO
2026-01-20 19:19:00,10015737573,FRANCIA y Avellaneda,ROBO AUTOMOTOR,MOTOS,"LLAMANTE REFIERE QUE DOS SUJETO DOS EN UNA MOTO SIN CASCO, PARARON AUN CHICO E INTENTARON ROBARLE LA MOTO, CREE QUE TENIAN  ARMA DE FUEGO. NO HAY HERIDOS. SE FUERON POR CALLE DON BOSCO Y DOBLARON POR ROCA PARA EL LADO DE JARA. ESTABAN EN UNA MOTO 150 DE COLOR CREE QUE BLANCA, UNO TENIA CAMPERA ROJA ",GENERAL PUEYRREDON,MAR DEL PLATA,-379997379985.0,-575797199992.0,NEGATIVO,"34836 EN EL LUGAR NO ESTABA EL DAMNIFICADO, ENTREVISTADA VECINA SRA ESTEFI REFIERE NO HABER VISTO NADA",-37.9997379985,-57.5797199992,2026,1,January,20,19,1,Martes,False,Noche (18-24),[],,OTRA / NO ESPECIFICADA,ARMA_FUEGO
2026-01-20 21:18:00,10015738085,FALUCHO al 2563,VIOLENCIA,NO FAMILIAR,"LLTE CUENTA QUE HAY UN MASCULINO CON UN RIFLE EN LA MANO APUNTANDO A SU VENTANA. LO AMENAZO CON ESTE, NO SABE SI ES UN ARMA DE FUEGO O UN AIRE COMPRIMIDO. ",GENERAL PUEYRREDON,MAR DEL PLATA,-38005284696448.0,-57551082036195.0,POSITIVO,"INF MOV 34834 SE NETREVISTA EN CALLE BROWN 2558 REFIERE EL EDIFICIO QUE EL LLAMANTE APORTA QUE ESTARIA EL SUJETO ARMADO, REFIERE SE ENTREVISTA CON EL SR MASIEL DEL LUGAR APORTADO, REFIERE VERIFICANDO DICHO EDIFICIO APORTADO. VERIFICADO EN 5TO PISO Y 6TO PISO, ENTREVISTADO SR RAMIREZ, VERIFICADO EL DPTO NO POSEIA NADA, REFIEREE QUE NO CONFRONTO CON NADIE",-38.005284696448,-57.551082036195,2026,1,January,20,21,1,Martes,False,Noche (18-24),[],,OTRA / NO ESPECIFICADA,ARMA_FUEGO
2026-01-21 13:41:00,10015741365,ANCHORENA al 6032,SOSPECHOSOS,EN VEHÍCULO,4 NN MASC TIRANDO PIEDRAS POR LA CALLE__ADEMAS LOS APOYA 2 NN MASC EN UNA MOTO NEGRA EL DE ATRAS TIENE UN ARMA DE FUEGO ,GENERAL PUEYRREDON,MAR DEL PLATA,-37941242468912.0,-57555345089026.0,NEGATIVO,30577 INFORMA EN RECORRIDA NEGATIVO NN  NI ENTREVISTAR,-37.941242468912,-57.555345089026,2026,1,January,21,13,2,Miércoles,False,Tarde (12-18),[],,OTRA / NO ESPECIFICADA,ARMA_FUEGO
2026-01-21 14:43:00,10015741646,ANTONIO GALEANA al 3146,DROGAS ILÍCITAS,VENTA/ELABORACIÓN,"__LLAMANTE REFIERE QUE VENDEN ESTUPEFACIENTES EN UNA CASA. ES UN MASCULINO DE NOMBRE ARTURO. LE DICEN EL MENDOCINO. ES ORIUNDO DE MENDOZA. VENDE COCAINA Y MARIHUANA QUE SIEMBRA EN EL PATIO CON LA MUJER Y LOS HIJOS. TIENE UNA MOTOCICLETA ROJA CRYPTON 110 Y MOTOCICLETA HONDA 110 COLOR ROJA. NO SABE LA PATENTE. LAS ESTACIONA EN LA VEREDA. TIENEN ARMA 9 MM Y ARMA BLANCA CON LA PAREJA. ____REFIERE QUE EN CALLE ROMANO 3061 VENDEN DROGA TAMBIEN. SE LLAMA ALEJANDRO EL MASCULINO ES MENDOCINO TAMBIEN. VENDE MARIHUANA Y COCAINA DESDE LAS 11 DE LA MAÑANA HASTA LAS 10 DE LA NOCHE. TIENE UNA CAMIONETA AIRE CROSS COLOR GRIS. NO SABE LA PATENTE. TIENE ARMA DE FUEGO Y ARMA BLANCA __  EN CALLE NESTOR ROMANO 3072 MANO IMPAR VENDEN DROGA TAMBIEN. LE DICEN EL COLORADO AL MASCULINO. NO TIENE VEHICULOS ANDA A PIE,. VENDEN COCAINA. DURANTE TODO EL DIA Y LA NOCHE. ESTAN TODOS EN LA ESQUINA REUNIDOS. AHORA ESTAN VENDIENDO DROGA. __",GENERAL PUEYRREDON,MAR DEL PLATA,-37944466998718.0,-57547861845824.0,VSup,0,-37.944466998718,-57.547861845824,2026,1,January,21,14,2,Miércoles,False,Tarde (12-18),[],,HONDA,ARMA_FUEGO
2026-01-21 23:38:00,10015744190,FLORISBELO ACOSTA al 6974,DROGAS ILÍCITAS,VENTA/ELABORACIÓN,"__LLAMANTE MENCIONA QUE EN EL LUGAR QUE APORTA VENDEN COCAINA Y MARIHUANA SEMBRADA, SON 4 PERSONAS UNO SE LLAMA MARTIN Y EL OTRO LE DICEN PELADO, TODOS SON SODEROS, SE MOVILIZAN EN CAMIONES, DONDE TAMBIEN LOS UTILIZAN PARA HACER DELIVERY A LOS BARRIOS, SOBRE CALLE  BERUTTI Y CALLE 180, EN CALLE 202 Y BERUTTI, MAHAT MAGHANDI Y FRANCISCO DE ASIS, SE MOVILIZAN EN CAMIONETAS FORD 100 CON CAJA QUE DICE SODA MARTIN VENDEN DESDE LAS 8 AM HASTA LAS 17 HS DE LUNES A SABADO SUELEN ESTAR CON ARMAS DE FUEGO.- ____LUEGO MENCIONA DE OTRO LUGAR EN CALLE FLORISBELO ACOSTA ALTURA 7018 ENTRE LASALLE Y BELGICA, ES UN KIOSCO QUE VENDE COCAINA Y ES PROVISTO POR EL BARRIO MALVINAS ARGENTINAS, EL INVOLUCRADO ES UN SANJUANINO, CREE QUE ESTA ARMADO CON ARMAS DE FUEGO Y ARMAS BLANCAS, VENDE DESDE LAS 09.30 HASTA LAS 13.30 HS Y LUEGO DESDE LAS 17 HASTA LAS 21.00 HS.- ____Y DE UN ULTIMO EN CALLE CONCEPCION ARENAL ALTURA 7016 ENTRE BELGICA Y LASALLE, VENDEN COCAINA Y MARIHUANA SEMBRADA, EL INVOLUCRADO ES UN TAL MATIAS NICOLAS SOSA, POSEE ARMA DE FUEGO, DICE QUE ES *CABO DEL PENAL*, VENDEN DURANTE TODO EL DIA Y TODA LA NOCHE, LA VENTA ES DENTRO DEL INMUEBLE.- LA PROVEDORA DE TODOS ESTOS LUGARES RESIDE EN CALLE REJON ALTURA 7832 ENTRE RISSITO Y CALAZA, BARRIO MALVINAS ARGENTINAS, SE LLAMA SUSANA LA HIJA DEL GAMBA.- ",GENERAL PUEYRREDON,MAR DEL PLATA,-37958773608148.0,-57575979101954.0,VSup,0,-37.958773608148,-57.575979101954,2026,1,January,21,23,2,Miércoles,False,Noche (18-24),[],,FORD,ARMA_FUEGO
2026-01-22 02:54:00,10015745016,VENEZUELA y Brandsen,DISPAROS,DISPAROS,LLAMANTE INFORMA QUE HAY UN GRUPO DE 20 PERSOSNAS Y SE OYO UNA DETONACION DE ARMA DE FUEGO__NO SABE SI HAY HERIOO,GENERAL PUEYRREDON,,-379528319985.0,-576096459992.0,NEGATIVO,"30151 INFORMA POSITIVO MASCULINOS, LES ARROJAN PIEDRAZOS, MOVIL REPLIEGA. NEG DETONACION",-37.9528319985,-57.6096459992,2026,1,January,22,2,3,Jueves,False,Madrugada (00-06),[],,OTRA / NO ESPECIFICADA,ARMA_FUEGO
2026-01-22 03:03:00,10015745041,LEGUIZAMON y Ituzaingo,DISPAROS,DISPAROS,"  LLAMANTE INFORMA 6/7  PERSONAS QUE ESTA BAJO LOS EFECTOS DE LAS DROGAS Y EL ALCOHOL Y ESTAN EFECTUANDO DETONACIONES DE ARMA DE FUEGO HACI EL AIRE, NO APORTA MAS DATOS",GENERAL PUEYRREDON,MAR DEL PLATA,-379579579985.0,-576039569992.0,NEGATIVO,30151 RECORRIDANEG DETONACIONES,-37.9579579985,-57.6039569992,2026,1,January,22,3,3,Jueves,False,Madrugada (00-06),[],,OTRA / NO ESPECIFICADA,ARMA_FUEGO
2026-01-22 11:18:00,10015746115,PUAN y Mons Enrique Rau,ROBO,VÍA PÚBLICA,"LLAMANTE REFIERE QUE LE ROBARON  A UNA MUJER NE LA VIA PUBLICA, ERA UN HOMBRE CON UN ARMA DE FUEGO GRANDE , ESTA EN UNA MOTO CHICA , ES UNA 110 CC, UNA MOTO OSCURA , TIENE UNA GORRA MARRON , SE FUE POR PUAN CRUZO FRIULI DERECHO , NO SABE SI ESTA HERIDA , NO SABE MAS [Id.Remoto: 10015746115]",GENERAL PUEYRREDON,MAR DEL PLATA,-380306539985.0,-575938699992.0,Telefonía Fija/Móvil,0,-38.0306539985,-57.5938699992,2026,1,January,22,11,3,Jueves,False,Mañana (06-12),[],,OTRA / NO ESPECIFICADA,ARMA_FUEGO
2026-01-22 19:02:00,10015748069,MAHATMA GHANDI al 2808,DISPAROS,DISPAROS,LLAMANTE REFIRE QUE LE ESTAN HACIENDO DETONACIONES DE ARMA DE FUEGO A SU CASA. SON LOS VRECINOS,GENERAL PUEYRREDON,MAR DEL PLATA,-37943653344987.0,-57558278555026.0,POSITIVO,"EN EL LUGAR FAMILIA CARMONA Y CARRARA , A LA LLEGADA DEL MOVIL NEGATIVO DETONACIONES, PROBLEMA DE VIEJA DATA , SE LE INDICAN LOS PASOS A SEGUIR",-37.943653344987,-57.558278555026,2026,1,January,22,19,3,Jueves,False,Noche (18-24),[],,OTRA / NO ESPECIFICADA,ARMA_FUEGO
2026-01-23 02:26:00,10015750022,ECUADOR y Brandsen,DISPAROS,DISPAROS,"  LLAMANTE INFORMA  MASCULINOS EN MOTO LE ROBAN A OTRO MASCULINO Y LO GOLPEAN__ES UN AMOTO GLH 150 Y DOS MOTOS 110 , SON 6  PERSONAS , EFECTUAN DETONACIONES DE ARMA DE FUEGO HACIA EL AIRE__ LAS MOTO SIGUEN DANDO VUELTAS POR EL BARRIO",GENERAL PUEYRREDON,MAR DEL PLATA,-379538409985.0,-576076549992.0,NEGATIVO,"30151 AL ARRIBO NEG ENTREVISTA, EN RECORRIDAS NEG DETONACIONES, NEF MOTOS",-37.9538409985,-57.6076549992,2026,1,January,23,2,4,Viernes,False,Madrugada (00-06),[],,OTRA / NO ESPECIFICADA,ARMA_FUEGO
2026-01-23 09:05:00,10015750859,RIVADAVIA y Blvd Maritimo Patricio Peralta Ramos,SOSPECHOSOS,EN VEHÍCULO,"AYUDANTE PUEBLA DE INSTITUTO, DE FORMACION POLICIAL SOLICITA MOVIL PIOR UNA FEMENINA AGRESIVA CON APARENTE ARMA DE FUEGO QUE AMENAZA AL PERSONAL POLICIAL, AL MOMENTO SIN LESION",GENERAL PUEYRREDON,MAR DEL PLATA,-380027839984.0,-575425409992.0,POSITIVO,"REPLICA DE ARMA DE FUEGO Y 2 CUCHILLOS, FEMENINA MAYOR, LOS DATOS NO COINCIDEN, OFL PELAYO SELSO, SIN LESION NI NOVEDAD",-38.0027839984,-57.5425409992,2026,1,January,23,9,4,Viernes,False,Mañana (06-12),[],,OTRA / NO ESPECIFICADA,ARMA_FUEGO
2026-01-24 03:05:00,10015755768,ORTIZ DE ZARATE al 8844,VIOLENCIA,FAMILIAR,LLAMANTE REFIERE QUE LE ROMPIERON SU CASA. FUE LA PAREJA DE SU SOBRINA. TIENE UN ARMA DE FUEGO. ESTA AFUERA DE LA CASA  AHORA. SU MADRE ESTARIA HERIDA,GENERAL PUEYRREDON,MAR DEL PLATA,-38008791094851.0,-57598524622424.0,NEGATIVO,INF MOV QUE AL ARRIBO PANORAMA NORMAL - NADIE ENTREVISTA - ,-38.008791094851,-57.598524622424,2026,1,January,24,3,5,Sábado,True,Madrugada (00-06),[],,OTRA / NO ESPECIFICADA,ARMA_FUEGO
2026-01-24 14:28:00,10015758051,RIVADAVIA al 4003,ROBO,COMERCIO,LLAMANTE DICE QUE UN MASCULINO ARMADO CON ARMA DE FUEGO ASALTO EL COMNERCIO Y HUYO NO APORTA DESCRIPCION NO HAY HERIDOS ,GENERAL PUEYRREDON,MAR DEL PLATA,-37993080204825.0,-57561690345956.0,POSITIVO,personal informa se entrevista con el sr henri  mario informa le ingresan a robar le exibe armas masculino de remera azul y lentes se da a la fuga en vehiculo que no llego a ver bien se invita a radicar no hay heridos instruccion primera trabajando en el lugar ,-37.993080204825,-57.561690345956,2026,1,January,24,14,5,Sábado,True,Tarde (12-18),[],,OTRA / NO ESPECIFICADA,ARMA_FUEGO
2026-01-24 15:52:00,10015758383,JOSE MARTI y Isla De Los Estados,VIOLENCIA,FAMILIAR,REFIERE MASC 17 AÑOS EL HJO DE SU SOBRINA   ARMADO C NARMA DE FUEGO NO HAY HERIDOS __EN LA VIA PUBLICA ,GENERAL PUEYRREDON,MAR DEL PLATA,-380529519985.0,-575838129992.0,NEGATIVO,PERSONAL INFORMA RECORRIDA POR LA ZONA NEGATIVO PERSONA PARA ENTREVISTA PERSONAL   APORTA MAS DATOS ,-38.0529519985,-57.5838129992,2026,1,January,24,15,5,Sábado,True,Tarde (12-18),[],,OTRA / NO ESPECIFICADA,ARMA_FUEGO
2026-01-24 19:06:00,10015759263,25 DE MAYO y HIPOLITO YRIGOYEN,ROBO,TRANSPORTE PÚBLICO,LLAMANTE REFIERE QUE ROBARON TODAS LAS PERTENENCIAS A UNA FEMENINA QUE LLEVABA EN UNA RIÑONERA EN UN COLECTIVO DE LA LINEA 221 - INTERNO 104 - ERAN DOS MASCULINOS - UNO CALVO CON REMERA AZUL CON UNA PIERNA LASTIMADA Y UNO CON GORRA QUE MOSTRÓ UN CERTIFICADO DE DISCAPACIDAD - CON BERMUDA COLOR MARRÓN TY REMERA NEGRA __LOS LADRONES SE BAJAN EN 25 DE MAYO E IRIGOYEN - LA MUJER SE BAJA A UNOS METROS DE LOS MALVIVIENTES__SE DA CUENTA AL BAJAR - NO CONFRONTARON EN EL MOMENTO - EL COLECVTIVO VA POR LURO Y CÓRDOBA EN SENTIDO A LA COSTA - NO VIO ARMA DE FUEGO  - NO HUBO HERIDOS  ,GENERAL PUEYRREDON,MAR DEL PLATA,-379962499984.0,-575484909992.0,NEGATIVO,PERSONAL DE UTOI IFNORMA QUE ESTA ESTABLECIDO EN EL LUGAR__MOVIL 28929__NADIE ENTREVISTA__,-37.9962499984,-57.5484909992,2026,1,January,24,19,5,Sábado,True,Noche (18-24),[],,OTRA / NO ESPECIFICADA,ARMA_FUEGO
2026-01-24 23:14:00,10015760511,AV COLON al 12389,INTEGRIDAD A LA VIDA,AMENAZA DE MUERTE,LLAMANTE REFIERE QUE LOS VECINOS LOS AMENAZAN DE MUERTE - RECIÉN GOLPEARON A SU PADRE CON UN ARMA EN LA CABEZA CON UN ARMA DE FUEGO PERO NO NECESITA ASISTENCIA MÉDICA - LOS AGRESORES SE RETIRARON PERO PUEDEN CON REGRESAR __NO TIENE DESCRIPCIONES PARA APORTAR ,GENERAL PUEYRREDON,MAR DEL PLATA,-37953424121955.0,-57646219813776.0,POSITIVO,"INF MOV 30506 EN EL LUGAR REFIERE ENTREVISTA CON EL SR GODOY DANIEL, REFIRE QUE TIENE PROBLEMAS CON SU VECINO EL SR GIMENEZ POR TEMAS DE RUIDOS MOLESTOS, REFIERE QUE EL MISMO SE APERZONA EN LA FINCA CON UN  ARMA DE FUEGO Y LOS GOLPEA EN LA CABEZA, EL MISMO PRESINDE DE LA ASISTENCIA MEDICA,NO DE SEA RADICAR",-37.953424121955,-57.646219813776,2026,1,January,24,23,5,Sábado,True,Noche (18-24),[],,OTRA / NO ESPECIFICADA,ARMA_FUEGO
2026-01-25 05:00:00,10015762492,LAMADRID y Falucho,VIOLENCIA,NO FAMILIAR,"LLAMANTE REFIERE QUE  HAY UN MASCULINO CON UN ARMA DE FUEGO QUE DISCUTE CON OTRA PERSONA. NO VE DESCRIPCIONES. REFIERE QUE EFECTUO TRES DISPAROS, NO SABE A DONDE",GENERAL PUEYRREDON,MAR DEL PLATA,-380091509984.0,-575434929992.0,NEGATIVO,"34834 RECORRIDA NEG DETONACIONES,. NEG ENTREVISTA EN EL LUGAR",-38.0091509984,-57.5434929992,2026,1,January,25,5,6,Domingo,True,Madrugada (00-06),[],,OTRA / NO ESPECIFICADA,ARMA_FUEGO
2026-01-25 18:24:00,10015765654,AV PEDRO LURO al 7400,VIOLENCIA,NO FAMILIAR,"LLAMANTE REFIERE QUE HAY 5 O 6 JOVENES DE 20 AÑOS Y ADOLESCENTES EN EL COLECTIVO DE LA LINEA 511 - INTERNO 503 - TIENEN MÚSICA ALTA, INSULTAN Y AMENAZAN A TODOS LOS PASAJEROS Y SOBRE TODO MALTRATAN AL CHOFER - __CREE EL OMNIBUS DEBE ESTAR PASANDO TRES ARROYOS EN SENTIDO A 180 - __NO EXHIBIERON ARMA DE FUEGO - LLAMANTE TUVO QUE BAJARSE ANTES CON UNA MENOR - HAY MENORES EN EL COLECTIVO",GENERAL PUEYRREDON,MAR DEL PLATA,-37974184928426.0,-57594483628771.0,REDERIVADO,0,-37.974184928426,-57.594483628771,2026,1,January,25,18,6,Domingo,True,Noche (18-24),[],,OTRA / NO ESPECIFICADA,ARMA_FUEGO
2026-01-25 19:23:00,10015765907,CALLE 0 y Calle 771 BIS,DISPAROS,PERSONAS,"LLAMANTE REFIERE QUE UN MASCULINO ESTA DISPARANDO DESDE UN DOMICILIO Y DISPARO CON UN ARMA DE FUEGO HACIA EL LLAMANTE. LUEGO VOLVIO A APUNTARLE AL LLAMANTE, DISPARO HACIA EL SUELO. EL SUJETO ES MOROCHO, VISTE REMERA NEGRA. NO SABE SI HAY HERIDOS. EL LLAMANTE SE RETIRA DEL LUGAR.",GENERAL PUEYRREDON,CHAPADMALAL,-381929462409.0,-576690546415.0,V ACC-MC,0,-38.1929462409,-57.6690546415,2026,1,January,25,19,6,Domingo,True,Noche (18-24),[],,OTRA / NO ESPECIFICADA,ARMA_FUEGO
2026-01-25 19:49:00,10015766004,NAPOLES y Manuel Savio,ROBO AUTOMOTOR,MOTOS,"INVERSA DE CRIA TT PRIMERO VERON ENTREVISTA CON LA SEÑORA GONXALEZ MAYLEN DNI 36834445 TEL 2235937632 DOMICILIADA EN BOLIVAR 3343, LA MISMA MANIFESTA QUE D¿FUE A BUSCAR A SU HIJO Y LE EXHIBEN ARMA DE FUEGO Y LE SUSTRAEN SU MOTOVEHICULO MARCA ZANELLA ZB 110 COLOR GRIS AÑO 2014  DOMINIO A212HKY, LA FEMENINA NO REQUIERE ASISTENCIA Y ESTA RADICANDO EN EL LUGAR__",GENERAL PUEYRREDON,MAR DEL PLATA,-380406419985.0,-575823299992.0,VSup,0,-38.0406419985,-57.5823299992,2026,1,January,25,19,6,Domingo,True,Noche (18-24),['A212HKY'],A212HKY,ZANELLA,ARMA_FUEGO
2026-01-25 21:03:00,10015766341,DR RAMON CARRILLO al 981,PEDIDO GENERICO DE AUXILIO,PGA,LLAMANTE REFIERE QUE HAY UN MASCULINO PORTANDO UN ARMA DE FUEGO Y EBRIO __NO HAY HERIDOS __AGREGA QUE LO ATARON EN UNA SILLA PARA PREVENIR  ,GENERAL PUEYRREDON,MAR DEL PLATA,-37952890097277.0,-57622515228698.0,POSITIVO,30151 INF EN LUGAR BAJA OCN UN MASCULINO DEMORADO  EL CUAL SALIO CON UN MACHET.  DEMORADO FERNADO RAMON CORAL DNI 32119295 DE 38 AÑOS CARATULA  ATENTADO A LA AUTORIDAO DISPUESTO DRA SANCHE FLORENCIA  FLAGRANCIA ,-37.952890097277,-57.622515228698,2026,1,January,25,21,6,Domingo,True,Noche (18-24),[],,OTRA / NO ESPECIFICADA,ARMA_FUEGO
2026-01-25 22:26:00,10015766732,LAPRIDA al 3397,VIOLENCIA,NO FAMILIAR,LLAMANTE REFIERE QUE UN VECINO LES EXHIBIO UN ARMA DE FUEGO TIPO ESCOPETA DE DOS CAÑOS. YA TIENEN PROBLEMAS DE LARGA  DATA.     ,GENERAL PUEYRREDON,MAR DEL PLATA,-38014467654758.0,-57570464895121.0,POSITIVO,34843 INF SR LOPEZ MARIA  CONFLICTO CON EL VECINO INV RADICAR LA OTRA PARTE NO SE ENTREVISTA ,-38.014467654758,-57.570464895121,2026,1,January,25,22,6,Domingo,True,Noche (18-24),[],,OTRA / NO ESPECIFICADA,ARMA_FUEGO
2026-01-25 22:41:00,10015766814,AV POLONIA y Av Fortunato De La Plaza,ROBO AUTOMOTOR,MOTOS,"LLAMANTE REFIERE QUE EN EL LUGAR HAY DOS MASCULINOS CON UN ARMA DE FUEGO__VISTEN DE NEGRO, ESTAN EN UNA MOTO 110 ROJA__LA SIGUIERON APUNTANDOLE EN LA CABEZA PARA ROBARLE LA MOTO",GENERAL PUEYRREDON,MAR DEL PLATA,-380205999985.0,-576035759992.0,NEGATIVO,30514 REALIZA AMPLIA RECORRIDA POR LA ZONA. NEGATIVO SOSPECHOSOS. NADIE ENTREVISTA ,-38.0205999985,-57.6035759992,2026,1,January,25,22,6,Domingo,True,Noche (18-24),[],,OTRA / NO ESPECIFICADA,ARMA_FUEGO
2026-01-26 00:07:00,10015767196,MOLISE y Guillermo Magrassi,ROBO,VÍA PÚBLICA,"LLAMANTE REFIERE QUE LO ASALTARON, LO AMENAZARON CON UN CUCHILLO, INDICA QUE TENIA UN CUCHILLO Y UN ARMA DE FUEGO, ERAN DOS, SE METIERON EN UN LUGAR, EL CELULAR ESTARIA DENTRO DE LA CAPILLA. INDICA QUE EL ESTA CERCA PARA ENTREVISTARSE CON EL MOVIL. NO ESTA HERIDO DE GRAVEDAD",GENERAL PUEYRREDON,MAR DEL PLATA,-380973809984.0,-575557869992.0,NEGATIVO,30149 SE ENTREVISTA CON EL LLAMANTE Agustin Junquera REFIRE QUE LE SUSTREN TELEFONO IPHONE 15 Y LICENCIA DE CONDUCIR A SU NOMBRE. AL ARRIBO DEL MOVIL NEGATIVO SOSPECHOSOS. SE LE INDICAN LOS PASOS A SEGUIR. NO REEQUIERE ASISTENCIA,-38.0973809984,-57.5557869992,2026,1,January,26,0,0,Lunes,False,Madrugada (00-06),[],,OTRA / NO ESPECIFICADA,ARMA_FUEGO
2026-01-26 12:38:00,10015769447,JUNCAL y Av Libertad,CARTA ORIGINAL,SIN PRIORIDAD,"LLAMANTE DICE QUE HAY UN MASCULINO DAMIAN VILLA VENDE DROGA DE MARIHUANA Y REALIZA DELIVERY DE LA MISMA DE LUNES A SABADO DE MEDIODIA A 6 DE LA TARDE, ESTA ARMADO CON ARMA BLANCA Y ARMA DE FUEGO , SE MOVILIZA EN DIVERSAS MOTOS QUE CONSIGUE DE LOS HURTOS TIPO MONDIAL 110 [Id.Remoto: 10015769447]",GENERAL PUEYRREDON,MAR DEL PLATA,-379764259985.0,-575765299992.0,Telefonía Fija/Móvil,0,-37.9764259985,-57.5765299992,2026,1,January,26,12,0,Lunes,False,Tarde (12-18),[],,MONDIAL,ARMA_FUEGO
2026-01-26 14:07:00,10015769775,CHE GUEVARA al 1245,DISPAROS,DISPAROS,LLAMANTE DICE QUE HAY UN MASCULINO VISERA CELESTE  AGRESIVO EN LA CALLE EFECTUANDO DISPAROS DE ARMA DE FUEGO AL AAIRE NO HAY HERIDOS__INFORMA QUE EL MASCULINO TIENE PEDIDO DE CAPTURA NO SABE EL NOMBRE DESCONOCE POR QUE TIENE PEDIDO DE CAPTURA ,GENERAL PUEYRREDON,MAR DEL PLATA,-379943274096.0,-576252938694.0,REDERIVADO,0,-37.9943274096,-57.6252938694,2026,1,January,26,14,0,Lunes,False,Tarde (12-18),[],,OTRA / NO ESPECIFICADA,ARMA_FUEGO
2026-01-26 17:29:00,10015770573,PIGUE al 2363,VIOLENCIA,NO FAMILIAR,"LLAMANTE REFIERE QUE EN EL LUGAR ESTAN CONFRONTANDO MAS DE 30 PERSONAS__TIENEN PALOS, ARMA BLANCA, ARMA DE FUEGO",GENERAL PUEYRREDON,MAR DEL PLATA,-37974801541072.0,-57610556081715.0,NEGATIVO,30174  INFORMA RECORRIDA SIN NVOEDADES ,-37.974801541072,-57.610556081715,2026,1,January,26,17,0,Lunes,False,Tarde (12-18),[],,OTRA / NO ESPECIFICADA,ARMA_FUEGO
2026-01-27 12:16:00,10015773797,ORTIZ DE ZARATE y Don Orione,VIOLENCIA,NO FAMILIAR,LLAMANTE REFIERE SER DE CAMUZZI E INFORMA QUE ESTÁN TRABAJANDO EN EL LUGAR Y EL CLIENTE DE LA CASA LOS EMPEZÓ A AMENAZAR CON UN ARMA DE FUEGO.____,GENERAL PUEYRREDON,MAR DEL PLATA,-380403569984.0,-575567279992.0,POSITIVO,"33855 BAJAN CN MASCULINO A CRIA 3RA MIGUEL ANGEL IACONO, 68 AÑOS__TENENCIA ILEGAL DE ARMA DE FUEGO, DR AREVALO",-38.0403569984,-57.5567279992,2026,1,January,27,12,1,Martes,False,Tarde (12-18),[],,OTRA / NO ESPECIFICADA,ARMA_FUEGO
2026-01-27 21:53:00,10015776203,CHACABUCO al 7818,VIOLENCIA,NO FAMILIAR,VERISURE ALARMAS__HAY UN HERIDO DE ARMA DE FUEGO. POR UNA SITUCION CON UN VECINO. ESTA HERIDO EN LA COSTILLA. HAY PERSONAL POLICIAL EN EL LUGAR. TELEFONO DE LA TITULAR DE LA ALARMA 223 6369896 SE LLAMA MARIANA RODRIGUEZ. __OP MANCILLA ,GENERAL PUEYRREDON,MAR DEL PLATA,-37965508424403.0,-57593476428692.0,JTv,0,-37.965508424403,-57.593476428692,2026,1,January,27,21,1,Martes,False,Noche (18-24),[],,OTRA / NO ESPECIFICADA,ARMA_FUEGO
2026-01-28 03:09:00,10015777515,RATERIY y Rosales,DISPAROS,DISPAROS,"  LLAMANTE INFORMA  ESTAN EFECTUANDO  DETONACIONES DE ARMA DE FUEGO, NO RESPNDE MAS A LA OPERADROA, SE CORT PARA DARA AVISO DE LA EMERGENCIA",GENERAL PUEYRREDON,MAR DEL PLATA,-380213326883.0,-575922329157.0,NEGATIVO,30174 SUBTENIENTE JURADO INF EL AUTO CURSADO NO TIENE IMPEDIMENTO LEGAL PERTENECE A CARRIZO RAUL MAXIMO DNI 13326327 DLIO AZOPARDO 6983 NEGATIVO DETONACIONES HACIA EL PERSONAL POR DETERMINACION DE LA INSTRUCCION NO SE LABRAN ACTUACIONES NO SE SECUESTRA EL AUTO ,-38.0213326883,-57.5922329157,2026,1,January,28,3,2,Miércoles,False,Madrugada (00-06),[],,OTRA / NO ESPECIFICADA,ARMA_FUEGO
2026-01-28 08:46:00,10015778135,REPUBLIQUETAS al 1716,INTEGRIDAD A LA VIDA,AMENAZA DE MUERTE,"LLAMANTE REFIERE QUE SU EX PAREJA ESTA EN EL LUGAR, ESTA AMENAZADA DE MUERTE , ESTA CON UN ARMA DE FUEGO EL HOMBRE , DISPARO AL AIRE , NO HAY HERIDOS , ESTA EN EL TECHO DE SU CASA , TIENE UNA RESTRICCION CON EL ",GENERAL PUEYRREDON,MAR DEL PLATA,-37994228302234.0,-57633639496897.0,POSITIVO,"MOVIL 30889 BAJA A CRIA 11RA CON LA FEM ROCIO DELGADO TEL: 2235170911 PARA RADICAR DENUNCIA.  AL ARRIBO DEL MOVIL NEGATIVO MASCULINO REF QUE NO TIENE CONTACTO CON EL MASCULINO,  LAS DETONACIOES FUERON ANOCHE LA MISMA NO REQ ASISTENCIA MEDICA. ",-37.994228302234,-57.633639496897,2026,1,January,28,8,2,Miércoles,False,Mañana (06-12),[],,OTRA / NO ESPECIFICADA,ARMA_FUEGO
2026-01-28 13:45:00,10015779080,PAULA ALBARRACIN y Alberti,DISPAROS,DISPAROS,"REFIERE QUE MASCULINO CAMPERA BLANCA Y NEGRA SIN GORRA PANTALON OSCURO CON UN ARMA DE FUEGO Y EFECTUO UN DISARO AL PISO, NO VE HERIDOS ",GENERAL PUEYRREDON,,-379833299985.0,-575989579992.0,JTv,0,-37.9833299985,-57.5989579992,2026,1,January,28,13,2,Miércoles,False,Tarde (12-18),[],,OTRA / NO ESPECIFICADA,ARMA_FUEGO
2026-01-28 14:47:00,10015779306,PAULA ALBARRACIN al 2661,CARTA ORIGINAL,CON PRIORIDAD,"LLAMANTE REFIERE QUE RECIÉN LLAMÓ PORQUE LE ESTÁN PRENDIENDO FUEGO LA MOTO A UNA FEMENINA Y ESTÁN ARMADOS CON ARMA DE FUEGO. DICE QUE VA A EXPLOTAR Y QUE LA MUJER ESTÁ CON NENES EN EL LUGAR. NO HAY NADIE HERIDO. DICE QUE LOS AGRESORES SON CUATRO Y QUE ADEMÁS VENDEN DROGA EN EL MONTE VARELA, EN UNA CASA CON UN DIBUJO PINTADO EN LA PARED POR GASCÓN. DICE QUE ES GASCÓN Y UNA CUADRA ANTES DE ALBERTI. SELLAMAN RODRIGO, KAREN Y DAIANA. ____",GENERAL PUEYRREDON,MAR DEL PLATA,-379838176437.0,-575993520618.0,VSup,0,-37.9838176437,-57.5993520618,2026,1,January,28,14,2,Miércoles,False,Tarde (12-18),[],,OTRA / NO ESPECIFICADA,ARMA_FUEGO
2026-01-29 01:13:00,10015782202,LUCIANO ARRUE al 20,DROGAS ILÍCITAS,VENTA/ELABORACIÓN,"LLAMANTE INFORMA QUE EN EL LUGAR VENDEN MARIHUANA, LA CUAL TAMBIEN LA SIEMBRAN/COSECHAN EN EL LUGAR__REFIER A 2 HNOS A LOS QUE REFIRE COMO LOE PETRACA, INDICA QUE LO HACEN JUNTO A OTRAS 3 PERSONAS__TIENEN ARMAS BCAS Y ARMAS DE FUEGO. __VENDEN TODOS LOS DIAS, TODO EL DIA____ASIMISMO INDICA QUE TAMBIEN SALEN A ROBAR____EL LLTE INDICA QUE EN LA CALLE FALKNER 7725 E/ ASTURIA Y RIZZUTO TAMBIEN VENDEN DROGAS, REFIERE MARIHUANA Y COCAINA__INDICA UNA FEM DE NOMBRE LAURA CHAVEZ Y LO HACE JUNTO A LOS HIJOS__INFORMA QUE ESTAN ARMADOS CON ARMS BCAS Y DE FUEGO__VENDEN TODOS LOS DIAS, TODO EL DIA____ASIMISMO INDICA QUE COBRAN PEAJE  A LOS QUE ESTAN PASANDO Y VENDEN EN LA CALLE____POR ULTIMO INDICA QUE EN CALLE ANTONIO GALEANA 3060 / ZEBALLOS Y ANCHORENA UN MASC DE NOMBRE MIGUEL YANIRI VENDE __MARIHUANA Y COCAINA__INFORMA QUE EN EL LUGAR REPARA CELUARES ROBADOS, LOS CUALES CAMBIA POR DROGAS, Y LOS VENDE__TIENE UN ARMA DE FUEGO, REFIERE UN 38____LO DESCRIBE GORDO",GENERAL PUEYRREDON,MAR DEL PLATA,-37959924928.0,-575872974495.0,Telefonía Fija/Móvil,0,-37.959924928,-57.5872974495,2026,1,January,29,1,3,Jueves,False,Madrugada (00-06),[],,OTRA / NO ESPECIFICADA,ARMA_FUEGO
2026-01-29 03:49:00,10015782691,PADRE CARDIEL al 8081,DROGAS ILÍCITAS,VENTA/ELABORACIÓN,"REF QUE FEM DE NOMBRE PAOLA BOADA VENDE MARIHUANA Y COCAINA CON LOS HERMANOS__REF QUE VENDE LAS 24 HS, TODOS LOS DIAS, VENDE EN LA PANADERIA ALIANZA DE 186 Y 188 DE BERUTI Y EN LA CASA CARDIEL 8081.__REF QUE TIENE ARMAS / ESCOPETA. ANDAN A CABALLOS, NO APORTA VEHICULOS. ______REF QUE EN EL BARRIO AEROPARQUE SOBRE PIRAN N° 1542 ENTRE LA PLATA Y ACEVEDO VENDEN DROGA, COCAINA Y MARIHUANA__REF QUE SE LLAMAN CARLA DICONSTANZO, ESTHER DICONSTANZO JUNTO A CARLOS REA __REF QUE ESTAN ARMADOS __REF QUE VENDEN LOS DIAS VIERNES, SABADO Y DOMINGO ______REF QUE EN EL BARRIO LOS PINARES SOBRE CALLE OLIVERO COSTA N° 6849 ENTRE SUBIRIA Y CARAZAN VENDEN DROGA, COCAINA Y MARIHUANA__REF QUE SE LLAMAN SANDRA ROMERO, ESTEBAN ROMERO, FABIAN ROMERO  Y CARLOS BONANO__REF QUE ESTAN ARMA DE FUEGO Y ARMA BLANCA __REF QUE VENDEN LAS 24 HS TODOS LOS DIAS ______REF QUE EN EL BARRIO 9 DE JULIO SOBRE CALLE GRECIA N°  850 ENTRE CHACABUCO Y MAIPU, VENDEN MARIHUANA Y COCAINA __REF QUE MASC SE APODAN *CARUCHI* Y *CHAVI*__REF QUE ESTAN ARMADOS __REF QUE VENDEN TODOS LOS DIAS __",GENERAL PUEYRREDON,MAR DEL PLATA,-37954667433566.0,-57588386562285.0,VSup,0,-37.954667433566,-57.588386562285,2026,1,January,29,3,3,Jueves,False,Madrugada (00-06),[],,OTRA / NO ESPECIFICADA,ARMA_FUEGO
2026-01-29 06:43:00,10015782950,FLORISBELO ACOSTA al 6974,CARTA ORIGINAL,SIN PRIORIDAD,"REFIERE QUE UN SODERO HACE DELIVERY DE DROGA, TIENE UNA SODERIA QUE SE LLAMA SODERIA MARTIN. Y EL MASCULINO SE LLAMA MARTIN. VENDE DROGA DE 8 A 17 HORAS .TAMBIEN CONTRATA MUJERES PARA LA PROSTITUCION. NO TIENE DATOS ESPECIFICOS DE DONDE ESTAN LOS MUJERES.APORTA QUE EL MASCULINO  ANDA EN CAMIONETA FORD 100 COLOR ROJA Y OTRO NEGRA, TIENE UNA FLOTA DE CAMIONETAS. ANDA ARMADO CON ARMA BLANCA Y ARMA DE FUEGO. APARENTEMENTE LA COMISARIA SEPTIMA , TIENE ARREGLO CON LA POLICIA PARA LA VENTA DE DROGA.  NO TIENE DATOS QUE EFECTIVOS . REFIERE QUE EN LA CALLE FLORIBELO ACOSTA 7018 EN UN KIOSCO, QUE USAN PARA PANTALLA TAMBIEN VENDEN COCAINA Y MARIHUANA. ES UN MASCULINO LE DICEN EL SAN JUANINO Y JUNTO CON LA MUJER. AMBOS SON DE SAN JUAN.  VENDEN DE MAÑANA Y NOCHE. ANDA ARMADOS. ANDAN EN VEHICULOS QUE COMPRAN EN CARREFOUR.-",GENERAL PUEYRREDON,MAR DEL PLATA,-379587736081.0,-57575979102.0,V ACC-MC,0,-37.9587736081,-57.575979102,2026,1,January,29,6,3,Jueves,False,Mañana (06-12),[],,FORD,ARMA_FUEGO
2026-01-29 12:04:00,10015783854,PAULA ALBARRACIN y Rawson,CARTA ORIGINAL,CON PRIORIDAD,"ACABAN DE ROBAR  A UNOS  CHICOS  LA  BICICLETA  __GOLPEARON AL  MASC CON  UN  ARMA DE FUEGO  , EL DAMNIFICADO  SE FUE DEL LUGAR  SIGUIO  CAMINANDO  POR  RAWSON  IBAN CON UNA MAQUINA DE CORTAR PASTO   CON OTRO MASC  __EL MASC QUE  ROBA  SE LLAMA  LEONEL   NO  VIVE  EN EL  LUGAR VIVE A LA VUELTA Y  CUANDO  ROBA   INGRESA  LO ROBADO  A LA PENSION DE LA LOCALIZACION  __EN EL  LUGAR  SE  VENDE  DROGAS  NO ES  EL DUEÑO  EL QUE VENDE  SON__LOS QUE  VIVEN  EN LA  PENSION QUE  TENDRIA  USURPADORES  ,  NO  SE INFORMAN  LOS NOMBRES  DE LOS MASC ",GENERAL PUEYRREDON,,-379833299985.0,-575989579992.0,REDERIVADO,0,-37.9833299985,-57.5989579992,2026,1,January,29,12,3,Jueves,False,Tarde (12-18),[],,OTRA / NO ESPECIFICADA,ARMA_FUEGO
2026-01-29 12:14:00,10015783897,PAULA ALBARRACIN y Rawson,ROBO,VÍA PÚBLICA,"ACABAN DE ROBAR  A UNOS  CHICOS  LA  BICICLETA  __GOLPEARON AL  MASC CON  UN  ARMA DE FUEGO  , EL DAMNIFICADO  SE FUE DEL LUGAR  SIGUIO  CAMINANDO  POR  RAWSON  IBAN CON UNA MAQUINA DE CORTAR PASTO   CON OTRO MASC  __",GENERAL PUEYRREDON,,-379833299985.0,-575989579992.0,NEGATIVO,MOVIL INFORMA EN RECORRIDA NEGATIVO NN NADIE ENTREVISTA,-37.9833299985,-57.5989579992,2026,1,January,29,12,3,Jueves,False,Tarde (12-18),[],,OTRA / NO ESPECIFICADA,ARMA_FUEGO
2026-01-30 01:27:00,10015787308,DR RICARDO BALBIN y Atahualpa Yupanqui,DISPAROS,DISPAROS,"  LLAMANTE INFORMA ESCUCHA DETONACIONES DE ARMA DE FUEGO Y QUE PASARON DOS MASCULINOS UNO VISTE DE BUZO CELESTE Y BLANCO, VAN PARA 122__ NO SABE SI HAY HERIDOS__ NO  SABE MAS DATOS",GENERAL PUEYRREDON,BATAN,-37997471212.0,-576909937651.0,NEGATIVO,30801 INFORMA REALIZA AMPLIA RECORRIDA POR LA ZONA. NEGATIVO DETONACIONES ,-37.997471212,-57.6909937651,2026,1,January,30,1,4,Viernes,False,Madrugada (00-06),[],,OTRA / NO ESPECIFICADA,ARMA_FUEGO
2026-01-30 02:13:00,10015787508,MARTIN MIGUEL DE GUEMES y Alvarado,VIOLENCIA,NO FAMILIAR,"LLAMANTE REFIERE QUE UN REMISERO FRENO , LO INSULTO , LE CRUZO EL AUTO Y LO APUNTO  CON ARMA DE FUEGO  POR UNA MALA  MANIOBRA ,  ESTA EN UN AUTO VOYAGE  COLOR BLANCO  LIC . 511 , SE FUE POR ALVARADO HACIA LA COSTA , NO HAY HERIDOS . __",GENERAL PUEYRREDON,MAR DEL PLATA,-380164339984.0,-575423009992.0,NEGATIVO,29169 INF RECORRIDA SIN NOVEDA DNIE ENTREVISTA ,-38.0164339984,-57.5423009992,2026,1,January,30,2,4,Viernes,False,Madrugada (00-06),[],,OTRA / NO ESPECIFICADA,ARMA_FUEGO
2026-01-30 06:47:00,10015787974,GRECIA y Moreno,VIOLENCIA,FAMILIAR,"LLAMANTE REFIERE QUE HAY UNA MUJER EN UNA MOTO QUE APUNTA A SU PAREJA CON UN ARMA DE FUEGO , ES RUBIA , ES UNA MOTO BALNCA , VAN POR GRACIA HACIA COLON, LLAMANTE INDICA QUE LA MUJER LO QUIERE MATAR, LLAMANTE NO RESPONDE AL OPERADOR ",GENERAL PUEYRREDON,MAR DEL PLATA,-379779399985.0,-575960159992.0,POSITIVO,"31616 INF SRA ORTEGA SE HIZO PRESENTE SU EXNUERA GOMEZ ELIANA EN MOTO BLANCA XR HACIENDO DISTURBIOS , NEGATIVO ARMA DE FUEGO BELGRANO 7268 ",-37.9779399985,-57.5960159992,2026,1,January,30,6,4,Viernes,False,Mañana (06-12),[],,OTRA / NO ESPECIFICADA,ARMA_FUEGO
2026-01-30 09:34:00,10015788314,PADRE CARDIEL al 5287,VIOLENCIA,NO FAMILIAR,LLATE APARENTEMENTE MENOR DICE QUE ESCUCHA DISPAROS .-  VE UNA PERSONA HERIDA . -  ES UNA PELEA EN LA CALLE .-  LA PERSONA HERIDA DE ARMA DE FUEGO .-  PELEAN 13 PERSONAS  .-  ,GENERAL PUEYRREDON,MAR DEL PLATA,-379688.0,-575604.0,Telefonía Fija/Móvil,0,-37.9688,-57.5604,2026,1,January,30,9,4,Viernes,False,Mañana (06-12),[],,OTRA / NO ESPECIFICADA,ARMA_FUEGO
2026-01-30 15:22:00,10015789489,VMTERESA MICHEL al 6142,VIOLENCIA,NO FAMILIAR,DOS MASC  VECINOS  NUEVAMENTE PELEANDOSE EN  VP  __ UNO DE ELLOS CON ARMA DE FUEGO ,GENERAL PUEYRREDON,MAR DEL PLATA,-37931.0,-575439.0,NEGATIVO,29016 NORMAL NEGATIVO MASC ARMADO,-37.931,-57.5439,2026,1,January,30,15,4,Viernes,False,Tarde (12-18),[],,OTRA / NO ESPECIFICADA,ARMA_FUEGO
2026-01-30 17:33:00,10015790004,PJE BANAT al 3031,VIOLENCIA,NO FAMILIAR,"LLAMANTE REFIERE QUE HAY UN HOMBRE QUE SIEMPRE LE DICE COSAS A SU HIJA DE 15 AÑOS CUANDO PASA, Y AHORA LO ESTÁ CONFRONTANDO CON UN ARMA DE FUEGO Y UNA CUCHILLA. SE OYE DE FONDO QUE LE GRITA COSAS Y QUE INSULTA A LA MENOR. ____",GENERAL PUEYRREDON,MAR DEL PLATA,-37990008017257.0,-57595229302418.0,POSITIVO,31251 IFNORMA CONFLICTO VECINAL __SR COURET MACIMILIANO DE 32 AÑOS DE EDAD__Y SR BALSAS JORGE MIGUEL DE 58 AÑOS DE EDAD__NEG ARMAS AL ARRIBO DEL PERSONAL__SE LE INDICAN LOS PASOS A SEGUIR ,-37.990008017257,-57.595229302418,2026,1,January,30,17,4,Viernes,False,Tarde (12-18),[],,OTRA / NO ESPECIFICADA,ARMA_FUEGO
2026-01-31 01:18:00,10015792401,3 DE FEBRERO y Dr Ramon Carrillo,VIOLENCIA,NO FAMILIAR,"LLAMANTE REFIERE QUE HAY DOS MASCULINOS EBRIOS PELEANDOSE, ESTAN CON BOTELLAS CON CUCHILLO Y ARMA DE FUEGO, NO HAY HERIDOS, UNO CON VICERA NO SABE MAS DESCRIPCION. ",GENERAL PUEYRREDON,MAR DEL PLATA,-379559519986.0,-576236319992.0,NEGATIVO,31616 ERCORRIDA NEG CONFRONTACION,-37.9559519986,-57.6236319992,2026,1,January,31,1,5,Sábado,True,Madrugada (00-06),[],,OTRA / NO ESPECIFICADA,ARMA_FUEGO
2026-01-31 05:54:00,10015793404,,VIOLENCIA,NO FAMILIAR,LLAMANTE REFIERE QUE DENTRO  DEL LOCAL PERSONAL DE SEGURIDAD TIENE RETENIDA A UNA FEMENINA CON UN ARMA DE FUEGO,GENERAL PUEYRREDON,,,,POSITIVO,"MOVIL INFORMA QUE  BAJA DEL LUGAR CON UNA FEMENINA MAYOR APREHENDIDA, MANNO MERLINA DE 19 AÑOS, ES IMPUTADA POR EL DELITO DE PORTACION ILEGAL DE ARMA DE GUERRA, PERSONLA REALIZA SECUESTRO DE UNA PISTOLA MARCA BERSA CON NUMERACION SUPRIMIDA",,,2026,1,January,31,5,5,Sábado,True,Madrugada (00-06),[],,OTRA / NO ESPECIFICADA,ARMA_FUEGO
2026-01-31 08:35:00,10015793781,MORENO y Entre Rios,VIOLENCIA,NO FAMILIAR,"LLAMANTE REFIERE QUE VIO A UN CUIDACOCHES GUARDANDO UN ARMA DE FUEGO EN UNA CABINA DE GAS. VISTE BUZO NEGRO, PANTALON BLANCO Y MOCHILA NEGRA. ESTA AGRESIVO CON LA GENTE QUE ESTACIONA EN EL LUGAR. ",GENERAL PUEYRREDON,MAR DEL PLATA,-380033459984.0,-575458139992.0,NEGATIVO,MOVIL IFORMA SIN IMPEDIMENTO NEGATIVO ARMAS MOVIL CASINO 33926__,-38.0033459984,-57.5458139992,2026,1,January,31,8,5,Sábado,True,Mañana (06-12),[],,OTRA / NO ESPECIFICADA,ARMA_FUEGO
2026-01-31 15:43:00,10015795189,RIVADAVIA al 6300,DISPAROS,DISPAROS,LLAMANTE DICE QUE HAY DOS MASCULINOS EN MOTO EFECTUARON DISPAROS DE ARMA DE FUEGO CONTRA LA CASA DE SU VECINO DESCONOCE SI HAY HERIDOS ,GENERAL PUEYRREDON,MAR DEL PLATA,-37981410444159.0,-57584774225864.0,NEGATIVO,MOVIL 30884 MANIFIESTA QUE AMPLIA RECORRIDA NEGATIVO ENTREVISTA,-37.981410444159,-57.584774225864,2026,1,January,31,15,5,Sábado,True,Tarde (12-18),[],,OTRA / NO ESPECIFICADA,ARMA_FUEGO
2026-01-31 16:13:00,10015795296,NEUQUEN al 2971,VIOLENCIA,NO FAMILIAR,"MASCULINO MARIO RAMIREZ DE APROX. 44 AÑOS ESQUIZOFRENICO QUE QUIERE ATACAR A UNA MUJER, QUE ES SU VECINA,  LA VICTIMA DE NOMBRE  PAOLA PEREZ QUE VIVE EN LA CASA DE AL LADO DE ÉL . ÉL ESTÁ ARMADO CON ARMA DE FUEGO . EL NUMERAL  2971 ES LA CASA DE LA CHICA ,  Y A L  LADO PARA EL LADO DE ALVARADO ESTÁ ÉL EN LA  CASA DEL MEDIO   NO HAY HERIFOS ",GENERAL PUEYRREDON,MAR DEL PLATA,-37998947397495.0,-57576277815862.0,POSITIVO,0,-37.998947397495,-57.576277815862,2026,1,January,31,16,5,Sábado,True,Tarde (12-18),[],,OTRA / NO ESPECIFICADA,ARMA_FUEGO
2026-01-31 21:45:00,10015796804,LOPEZ DE GOMARA al 6536,ROBO AUTOMOTOR,VEHÍCULOS,"LLAMANTE REFIERE QUE LE ROBARON AL VECINO CON ARMA DE FUEGO, LE ROBARON LA CAMIONETA AMAROK GRIS CLARA PATENTE PARCIAL 523. NO ESTA HERIDO. SE FUERON POR LOPEZ DE GOMARA HACIA 180 DE LA PAULERA. ERAN DOS. IBAN EN OTRO AUTO GOLD TREND BLANCO",GENERAL PUEYRREDON,MAR DEL PLATA,-37959395931559.0,-575703228223.0,REDERIVADO,"DOLORES SUBCRIO CARRION, PINAMAR OSI ERRASQUIN, TANDIL SGTO PIANO, CHASCOMUS TTE SEBEY, VIAL VIVORATA SGTO SANCHEZ, VIAL CHAPADMALAL OFL LAMBERT, VIAL EL SOLDADO TTE MARTINEZ",-37.959395931559,-57.5703228223,2026,1,January,31,21,5,Sábado,True,Noche (18-24),[],,OTRA / NO ESPECIFICADA,ARMA_FUEGO
2026-01-31 22:11:00,10015796918,ANTONIO GALEANA al 3046,VIOLENCIA,POR RAZONES DE GENERO,LLAMANTE REFIERE QUE TIENE UN PROBLAMA CON INQUILINO QUE LA AMENAZA - LE DICE QUE LE VA A PRENDER FUEGO LA CASA Y EL AUTO - NO SE RETIRA DE LA VIVIENDA - NO SABE SI TIENE ARMA DE FUEGO - SABE QU HAY CUCHILLOS ARMAS BLANXCAS EN EL DOMICILIO - ES IDÓNEO EN EL MANO DEL CUCHILLO PORQUE ES CARNICERO - LLAMANTE ES PACIENTE CARDÍACA __ACTUALMENTE ESTA USURPANDO EN EL LUGAR - EL MASCULINO SUBALQUILABA LA VIVENDA____,GENERAL PUEYRREDON,MAR DEL PLATA,-37945362269052.0,-57548942280461.0,POSITIVO,29019 INF EN EL LUGAR SE ENTREVISTA  CON LA SRA OFELIA  ALVAREZ  CONFLICTO CON EL INQUILINO INV RADICAR EL AMSCULINO SE RETIRO DLE LUGAR CON SUS PERTENENCIAS ,-37.945362269052,-57.548942280461,2026,1,January,31,22,5,Sábado,True,Noche (18-24),[],,OTRA / NO ESPECIFICADA,ARMA_FUEGO
2026-01-31 22:58:00,10015797164,SANTA FE al 2029,VIOLENCIA,NO FAMILIAR,LLAMANTE REFIERE QUE MASCULINO CON ARMA DE FUEGO ESTA AMENAZANDO EN EL LUGAR,GENERAL PUEYRREDON,MAR DEL PLATA,-38003060387349.0,-57547002235999.0,NEGATIVO,34842 INF RECORIDA SIN NOVEDAD ,-38.003060387349,-57.547002235999,2026,1,January,31,22,5,Sábado,True,Noche (18-24),[],,OTRA / NO ESPECIFICADA,ARMA_FUEGO
2026-02-01 13:51:00,10015800651,LOPEZ DE GOMARA al 6947,INTEGRIDAD A LA VIDA,AMENAZA DE MUERTE,"REFIERE QUE UN HOMBRE LOS AMENAZO DE MUERTE, NO LOS LASTIMO, SALIERON CORRIENDO, TENDRIA ARMA DE FUEGO, SE TOCABA LA CINTURA, FUE EN CONSTITUCION Y LASALLE, SALIO DE UNA CASA ABANDONADA, HABIA DOS HOMBRES DENTRO. ",GENERAL PUEYRREDON,MAR DEL PLATA,-379573.0,-575744.0,POSITIVO,MOVIL 30667 Y 30118 ENTREVISTA CON GARCIA JUAN IGNACIO CONFLCITO CON LOS VECINOS ____INDICAN PASOS A SEGUIR ,-37.9573,-57.5744,2026,2,February,1,13,6,Domingo,True,Tarde (12-18),[],,OTRA / NO ESPECIFICADA,ARMA_FUEGO
2026-02-01 18:10:00,10015801668,NEUQUEN al 2273,CARTA ORIGINAL,CON PRIORIDAD,"__LLAMANTE REFIERE QUE LE COMENTARON QUE EN EL LUGAR   HAY UNA SEÑORA QUE TIENE UN KIOSCO EN EL LUGAR Y VENDE COCAINA, SE VENDE LAS 24 HS. EN ALGUNAS OCASIONES VENDE DESPUES DE LAS 3 AM. SI LE GOLPEAN LES VENDE.  PODRIA ESTAR ARMADA CON UNA 9MM. TIENE UNA ZANELLA SV COOR BORDO.  SE LLAMA NATALIA RAMIREZ. __LLAMANTE REIFERE QUE LE COMENTARON QUE LA SEÑORA NATALIA RAMIREZ PROPIETARIA DEL KIOSCO EFECTUO UNA DETONACION DE ARMA DE FUEGO A  UNA MUJER QUE FUE A COMPRAR DROGAS.   ESTA PERSONA PODRIA ESTAR HERIDA POR LA ZONA . PODRIA VESTIR PANTALON NEGRO REMERA BLANCA, CONSUME DROGAS  Y PIPA.  -  ______ ",GENERAL PUEYRREDON,MAR DEL PLATA,-379934269127.0,-575717976951.0,VSup,0,-37.9934269127,-57.5717976951,2026,2,February,1,18,6,Domingo,True,Noche (18-24),[],,ZANELLA,ARMA_FUEGO
2026-02-01 18:17:00,10015801707,NEUQUEN al 2273,DISPAROS,PERSONAS,__LLAMANTE REFIERE QUE LE COMENTARON QUE LA SEÑORA NATALIA RAMIREZ PROPIETARIA DEL KIOSCO EFECTUO UNA DETONACION DE ARMA DE FUEGO A  UNA MUJER .   ESTA PERSONA PODRIA ESTAR HERIDA POR LA ZONA . PODRIA VESTIR PANTALON NEGRO REMERA BLANCA.-__ ,GENERAL PUEYRREDON,MAR DEL PLATA,-379934269127.0,-575717976951.0,JTv,0,-37.9934269127,-57.5717976951,2026,2,February,1,18,6,Domingo,True,Noche (18-24),[],,OTRA / NO ESPECIFICADA,ARMA_FUEGO
2026-02-01 18:35:00,10015801795,CERRITO y Av Juan B Justo,ROBO,VÍA PÚBLICA,LLAMANTE REFIERE QUE LO QUISIERON ASALTAR EN LYNCH Y CERRITO - LE ROMPIERON EL VIDRIO __CREE NO RESULTA HERIDO - EL AGRESOR ERA UN MASCULINO MEDIO GORDITO DE UNOS 23 AÑOS__ESTABA A PIE - SE LE TIRA ARRIBA DEL AUTO - DESCONOCE SI SIGUE EN EL LUGAR __NO VIO SI TIENE ARMA DE FUEGO - AHORA ESPERA EL MÓVIL POLICIAL EN LA ESQUINA APORTADA,GENERAL PUEYRREDON,MAR DEL PLATA,-380309477972.0,-575553422746.0,NEGATIVO,"EN EL LUGAR NEGATIVO, NADIE ENTREVISTA ",-38.0309477972,-57.5553422746,2026,2,February,1,18,6,Domingo,True,Noche (18-24),[],,OTRA / NO ESPECIFICADA,ARMA_FUEGO
2026-02-01 20:44:00,10015802382,LAS MARAVILLAS al 3851,INCENDIO,VÍA PÚBLICA,"LLAMANTE REFIERE QUE UN VECINO ESTA QUEMANDO PODA EN LA VÍA PÚBLICA Y SE PONE VIOLENTO ANTE EL PEDIDO DE APAGAR EL FUEGO QUE SE ESTA PROPAGANDO Y LLTE TEME NO PODER EXTINGUIR - HAY CASAS CERCA, AL LADO Y ENFRENTE __NO HAY HERIDOS PERO ESTA AGRESIVO - NO EXHIBIÓ ARMA DE FUEGO __",GENERAL PUEYRREDON,MAR DEL PLATA,-37928338152713.0,-57554418529927.0,POSITIVO,"INF MOV 29019 EN EL LUGAR SE ENTREVISTA CON LA SRA HIGUERA, REFIERE LA MISMA CONTROLANDO EL IGNEO, REFIERE SU VECINA LE TIRA LAS HOJAS CON LLAMAS EN LA PUERTA DE LA FINCA, INDICADOS LOS PASOS A SEGUIR",-37.928338152713,-57.554418529927,2026,2,February,1,20,6,Domingo,True,Noche (18-24),[],,OTRA / NO ESPECIFICADA,ARMA_FUEGO
2026-02-01 23:33:00,10015803124,SAN FRANCISCO JAVIER al 1729,CARTA ORIGINAL,CON PRIORIDAD,"LLAMANTE REFIERE QUE SUJETO DE NOMBRE BETO VENDEN DROGA , VENDE EN SU CASA, NO INFORMA QUE TIPO DE DROGA VENDE, NO INFORMA QUE DIAS VENDE LA DROGA____LLAMANTE REFIERE QUE 20 PERSONAS CON CUCHILLOS Y ARMA DE FUEGO ESTAN CONFRONTANDO EN UN DOMICILIO REFIERE QUE  NO HAY HERIDOS ",GENERAL PUEYRREDON,,,,VSup,0,,,2026,2,February,1,23,6,Domingo,True,Noche (18-24),[],,OTRA / NO ESPECIFICADA,ARMA_FUEGO
2026-02-02 00:56:00,10015803502,MARTINEZ DE HOZ y Garcia Lorca,CARTA ORIGINAL,CON PRIORIDAD,"LLAMANTE REFIERE QUE SIENTE DETONACIONES DE ARMA DE FUEGO  QUE PROVIENEN DE UNA MOTO Y UN AUTO , NO SABE SI HAY HERIDOS,. TAMBIEN VAN POR GOÑI.-______LLAMANTE REFIERE QUE VENDEN DROGA EN GOÑI Y GUIRALDES  EN UNA CASA TODA LA NOCHE Y FUERA, CASA DE DOS PISOS CON FRENTE CON CERAMICO Y ARRIBA CASA COMUN, CASI ESQUINA YENDO PARA EL LADO DE REFORMA UNIVERSITARIA DE GOÑI DOS CASAS, ES UN MASCULINO QUE LE DICEN PICHU Y CON OTRAS PERSONAS, HUBO ALLANAMIENTO EL 9 DE ENERO PERO VUELVE A VENDER, VENDE DESDE HACE TIEMPO Y  VENDE DE TODO PERO NO ESPECIFICA QUE DROGA , NO TIENE VEHICULO, TENIAS ARMAS. ",GENERAL PUEYRREDON,MAR DEL PLATA,-380247399985.0,-576153819992.0,VSup,0,-38.0247399985,-57.6153819992,2026,2,February,2,0,0,Lunes,False,Madrugada (00-06),[],,OTRA / NO ESPECIFICADA,ARMA_FUEGO
2026-02-02 01:02:00,10015803533,MARTINEZ DE HOZ y Garcia Lorca,DISPAROS,DISPAROS,"LLAMANTE REFIERE QUE SIENTE DETONACIONES DE ARMA DE FUEGO  QUE PROVIENEN DE UNA MOTO Y UN AUTO , NO SABE SI HAY HERIDOS. TAMBIEN VAN POR GOÑI.-__",GENERAL PUEYRREDON,MAR DEL PLATA,-380247399985.0,-576153819992.0,NEGATIVO,"MOVIL 30514 INF AMPLIA RECORRIDA POR LA ZONA NORMAL, NEGATIVO ENTREVISTA ",-38.0247399985,-57.6153819992,2026,2,February,2,1,0,Lunes,False,Madrugada (00-06),[],,OTRA / NO ESPECIFICADA,ARMA_FUEGO
2026-02-02 16:01:00,10015806098,433 y 20,DISPAROS,PERSONAS,LLAMANTE REFIERE QUE HACE INSTANTES CIRCULABA UNA MOTO CON UN MASCULINO QUIEN DISPARO A OTRO MASCULINO QUE INTENTABA DARSE A LA FUGA CORRIENDO EN SENTIDO AL DESCAMPADO__AMPLIA QUE HAY UNA PERSONA HERIDA DE ARMA DE FUEGO __DESCONOCE MAS DATOS ,GENERAL PUEYRREDON,,,,V ACC-MC,0,,,2026,2,February,2,16,0,Lunes,False,Tarde (12-18),[],,OTRA / NO ESPECIFICADA,ARMA_FUEGO
2026-02-02 18:30:00,10015806800,LA PRIMAVERA al 2966,INTEGRIDAD A LA VIDA,AMENAZA DE MUERTE,LLAMANTE REFIERE QUE  HAY CHICAS AMENAZANDOLAS CON UN ARMA DE FUEGO UNA EMBARAZADA   ACOMPAÑADA DE UNA MENOR. ,GENERAL PUEYRREDON,MAR DEL PLATA,-379411.0,-575562.0,NEGATIVO,0,-37.9411,-57.5562,2026,2,February,2,18,0,Lunes,False,Noche (18-24),[],,OTRA / NO ESPECIFICADA,ARMA_FUEGO
2026-02-02 19:19:00,10015807029,AV VERTIZ y Cerreti,PRIVACION ILEGITIMA DE LA LIBERTAD,VÍCTIMA LIBERADA,"LLAMANTE REFIERE QUE UN MASCULINO LA AMENAZO CON UN ARMA DE FUEGO EN LA ESTACION DE SERVICIO, LE DIJO QUE NO PODIA ESTAR AHI. LE IMPEDIA IRSE, LA TUVO RETENIDA POR 10 MINUTOS EN LA PARTE DE LOS SURTIDORES Y LE GRITABA. NO SABE SI HAY HERIDOS. NO SABE SI HAY MAS PERSONAS EN LA ESTACION. LA LLAMANTE SE RETIRO DEL LUGAR. ",GENERAL PUEYRREDON,MAR DEL PLATA,-380144319985.0,-575979089992.0,Telefonía Fija/Móvil,0,-38.0144319985,-57.5979089992,2026,2,February,2,19,0,Lunes,False,Noche (18-24),[],,OTRA / NO ESPECIFICADA,ARMA_FUEGO
2026-02-02 19:20:00,10015807031,12 DE OCTUBRE y Pje San Bernardo,ROBO,VÍA PÚBLICA,"LLAMANTE REFIERE QUE HAY UN MASCULINO QUE SE FUE POR 12 DE OCTUBRE Y JOSE MARTI EN LA CARNICERIA HACIA CERRITO EN BICICLETA CELESTE, TIENE ARMA DE FUEGO, PATANLON NEGRO Y REMERA BEIGE CON INSCRIPCIONES Y GORRA . LE ROBO LABICICLETA DOBLO EN GIANELLI CONTRAMANO HACIA MAGALLANES",GENERAL PUEYRREDON,MAR DEL PLATA,-380324829984.0,-575603099992.0,NEGATIVO,MOVIL 30920 INFORMA QUE ENETREVISTA CON SRA  LA SILVANA GISALDI LA PROFESOSRA DEL GIMNACIO MANIFIESATQ UE UN HOMBRE ESTABA COMPRANDO Y UN TERCERO SE LE LLEVA LA BICI COLORR CELES  NO TENENMOS MAS DATOD YA QUE EL DUEÑO NO ESTABA ,-38.0324829984,-57.5603099992,2026,2,February,2,19,0,Lunes,False,Noche (18-24),[],,OTRA / NO ESPECIFICADA,ARMA_FUEGO
2026-02-02 21:20:00,10015807574,MANUEL ANTONIO ACEVEDO y Puan,SOSPECHOSOS,PERSONA EXTRAÑA,"LLAMANTE REFIERE QUE HACE INSTANTES HABIA TRES MASCULINOS EN LA PUERTA DEL COMERCIO __NARRA QUE UNO DE ELLOS VESTIA CON REMERA NEGRA ANTEOJOS Y BERMUDA AZUL QUIEN PORTABA UN ARMA DE FUEGO Y UN CUCHILLO ACOMPAÑADO DE DOS MASCULINOS, UNO DE ELLOS VESTIA CON REMERA ROJA Y GORRA Y EL TERCERO CON REMERA BLANCA Y BERMUDA NEGRA, MERODEABAN POR LA ZONA  __DIRECCION DE SU CAMINAR POR CALLE ACEVEDO SENTIDO A LA COSTA __AL FINALIZAR RECUERDA QUE A UNO DE LOS NOMBRADOS LE DICEN *EL GORDO IBIZA*",GENERAL PUEYRREDON,,-380650189984.0,-575482999992.0,NEGATIVO,INF MOV QUE AL ARRIBO PANORAMA NORMAL - NADIE ENTREVISTA - INF MOVIL QUE ESTUVO EN EL LUGAR TIEMPO PRUDENCIAL BALIZA SIRENA NADIE ENTREVISTO ,-38.0650189984,-57.5482999992,2026,2,February,2,21,0,Lunes,False,Noche (18-24),[],,OTRA / NO ESPECIFICADA,ARMA_FUEGO
2026-02-03 14:33:00,10015810631,RUTA 11 (P) al 543,SOSPECHOSOS,PERSONA EXTRAÑA,MASC DE REMERA  NEGRA  CON UNA PATINETA  SOBRE LA RUTA __DE  15 O 20 AÑOS  __  Y  UNO DE REMERA  NEGRA  CON UN ARMA DE FUEGO,GENERAL PUEYRREDON,CHAPADMALAL,-381929.0,-57667.0,NEGATIVO,A LA RECORRIDA NEGATIVO MASCULINO,-38.1929,-57.667,2026,2,February,3,14,1,Martes,False,Tarde (12-18),[],,OTRA / NO ESPECIFICADA,ARMA_FUEGO
2026-02-03 18:16:00,10015811537,S/D,VIOLENCIA,POR RAZONES DE GENERO,LLAMANTE REFIERE QUE EN LA QUINTA DE DOÑA SENOIA .-EL PAPA LE PEGO A LA LLAMANTE.- NO ESTA LASTIMADA LA HERMANA ESTA LASTIMADA DE 13 NO ESTA ARMADO NO TIENE ARMA DE FUEGO TIENE UN PALO. LLAMANTE ENTREVISTA CON EL PERSONAL,GENERAL PUEYRREDON,SIERRA DE LOS PADRES,-379225.0,-576862.0,POSITIVO,"YAKURA MAMANI BASILIO PADRE DE LLAMANTE ALBERTINA YAKURA REFIEREN QUE SOLO FUE DISCUCION ENTRE PADRE E HIJA, NO APORTAN DEMASIADOS MUY RETICENTES CON EL PERSONAL , REFIEREN QUE NEGATIVO VIOLENCIA FISICA ",-37.9225,-57.6862,2026,2,February,3,18,1,Martes,False,Noche (18-24),[],,OTRA / NO ESPECIFICADA,ARMA_FUEGO
2026-02-03 19:37:00,10015811905,AZOPARDO al 5255,PRÓFUGO,EN VÍA PÚBLICA,"LLTE REF QUE YA HAN LLAMADO __HAY UN MASC CON PEDIDO DE CAPTURA  POR ROBO Y TENENCIA DE ARMA DE FUEGO. SE LLLAMA , SEBASTIAN TIENE 21 AÑOS NO SABE EL APELLIDO CIRCULA CON UN AUTO VOYAGE GRIS POLARIZADO JUNTOA EL, UNA FEMENINA RUBIA , ARMADOS CON OTRO MASC DE NOMBRE RODRIGO MOREIRA  ARMADO, ELCUAL ESTE UTIMO LE PATEO LA PUERTA DE LA CASA DE UN MASUCLINO Y TIENE LA CABEZA . EL MASCULINO CIRCULA EN UN   EN VOYAGE GRIS POLARIZADO__QUE EN CALLE RODRIGUEZ PEÑAY SOLER LE PEGAN A UN MASC LASTIMANDOLE LACABEZA  , QUE AHORA LA VICTIMA ESTA  EN EL DOMICILIO APORTADO DE CALLE AZOPARDO  ESTA GENTE  MERODEAN POR PEÑA ,FOUNIER TRIPULANTES ",GENERAL PUEYRREDON,MAR DEL PLATA,-3803614927597.0,-57570837530622.0,REDERIVADO,0,-38.03614927597,-57.570837530622,2026,2,February,3,19,1,Martes,False,Noche (18-24),[],,OTRA / NO ESPECIFICADA,ARMA_FUEGO
2026-02-04 02:13:00,53704034,STROBEL y VIA FC GRAL ROCA,DISPAROS,DISPAROS,Denuncian que los vecinos son malandras y efectúan detonaciones con arma de fuego. [Id.Remoto: 3516349] [Id.Remoto: 2463603] [Id.Remoto: 53704034],GENERAL PUEYRREDON,MAR DEL PLATA,-37958347835.0,-57585549583.0,Telefonía Fija/Móvil,0,-37.958347835,-57.585549583,2026,2,February,4,2,2,Miércoles,False,Madrugada (00-06),[],,OTRA / NO ESPECIFICADA,ARMA_FUEGO
2026-02-04 03:47:00,10015813731,EDUARDO CARASA al 6964,ROBO,FINCA,"EN PROCESO __LLAMANTE REFIERE QUE HAY ALGUIEN CON UN ARMA DE FUEGO EN SU TECHO, ESCUCHO DISPAROS, CREE QUE SE ENFRENTO CON UN VECINO, LO VE EN LA SOMBRA, NO SABE SI HAY HERIDOS",GENERAL PUEYRREDON,MAR DEL PLATA,-38028766235672.0,-57590960808821.0,V ACC-MC,0,-38.028766235672,-57.590960808821,2026,2,February,4,3,2,Miércoles,False,Madrugada (00-06),[],,OTRA / NO ESPECIFICADA,ARMA_FUEGO
2026-02-04 11:13:00,10015814671,CONCEPCION ARENAL al 7016,CARTA ORIGINAL,SIN PRIORIDAD,"REFIERE QUE HAY 3 CASAS DONDE UN MASCULINO QUE SE LLAMA MATIAS NICOLAS SOSA .- MASCULINO FLACO ALTO RUBIO , DICE QUE ES CABO DEL PENAL DE BATAN, VENDE COCAINA Y MARIHUANA Y ALCOHOL,  VENDE TODO EL DIA Y TODA LA NOCHE.-  BARRIO LOS PINARES.-  __EL OTRO DOMICILIO ES PELAJO NRO  1441 ENTRE CATALUÑA Y ARAGON , AHI EL LUGAR ES UNA CASA ALQUILADA AL FONDO, CON REJAS EN LA PUERTA DONDE VIVE TAMBIEN EL MISMO MASCULINO Y VENDE LO MISMO, MARIHUANA SEMBBRADA .-  BARRIO AEROPARQUE __EL TERCER LUGAR QUEDA EN BARRRIO MALVINAS ARGENTINAS, BERUTI Y 188, ES UNA BODEGA, QUE VENDE CIGARRILLOS Y CERVEZA , PERO AHI TAMBIEN VENDE COCAINA, SE MOVILIZAN EN COLECTIVO, TIENE CERTIFICADO DE DISCAPACIDAD.__TIENE UNA CAMIONETA FORD BLANCA PATENTE NOSABE .-  __ESTA ARMADO CON ARMA BLANCA Y CON ARMA DE FUEGO .-  ____REFIERE QUE EN LOS TRES DOMICILIOS TIENE MUJERES QUE ESTAN RETENIDAS QUE TRABAJAN SECUALMENTE,  SON DE FLORENCIO VARELA, FORMOSA Y CORRIENTES, NO SABE COMO LLEGARON AL LUGAR NI QUIEN LAS TRAJO, ES UNA BANDA DE CORRENTINOS.-  SEGURAMENTE TIENE RETENIDOS LOS DE DNI DE ELLAS, PERO NO LO SABE FEHACIENTEMENTE  .- ____",GENERAL PUEYRREDON,MAR DEL PLATA,-379577726277.0,-5757573992.0,Analizado por ACC-MC,0,-37.9577726277,-57.57573992,2026,2,February,4,11,2,Miércoles,False,Mañana (06-12),[],,FORD,ARMA_FUEGO
2026-02-04 15:44:00,10015815606,ARMENIA al 2169,VIOLENCIA,INFANTIL,"CCA QUE HAY UN MASCULINO CON UN ARMA DE FUEGO 9 MILIMETROS , RECIEN LE PEGO A UNOS MENORES A DOS LE LASTIMO LA CABEZA , NO REQUIEREN AMBULANCIA  , REMERA BLANCA RAYAS AZULES , NO APORTA MAS DATOS ",GENERAL PUEYRREDON,MAR DEL PLATA,-379782.0,-575993.0,NEGATIVO,MOVIL 30884 EN EL LUGAR SOLO APORTA QUE ENTREVISTA CON FEMENINA Y NEGATIVO ARMA DE FUEGO,-37.9782,-57.5993,2026,2,February,4,15,2,Miércoles,False,Tarde (12-18),[],,OTRA / NO ESPECIFICADA,ARMA_FUEGO
2026-02-04 15:49:00,10015815629,DARREGUEYRA al 3541,CARTA ORIGINAL,CON PRIORIDAD,"ESTABAN  CORTANDO EL PASTO EN UNA CASA UN MASCULINO JOVEN,   COMO ESE JOVEN TENIA EL PELO  CORTO , HAY UNOS MASCULINOS QUE ESTABAN EN ACTITUD SOSPECHOSA, LOS CUALES   VIVEN EN ESTA DIRECCION SALIERON EN VARIAS MOTOS , UNO DE ELLOS GUARDO  UN ARMA DE FUEGO EN LA CINTURA ,  PORQUE PENSARON QUE ESTE JOVEN ERA POLICIA __ __ESTOS MASCULINOS VIVEN AHI  Y   SALIERON  1 CON UN ARMA EN LA CINTURA IBA EN 1  MOTO CROSS ROJA Y NEGRA , LOS OTROS  SON  3 MASCULINOS MAS QUE SALIERON EN DIFERENTES MOTOS , UNA MOTO  BLANCA GRANDOTA  Y OTRA  NEGRA Y BLANCA Y ANDAN POR LA ZONA , VAN Y VIENEN ,____ESTOS MASCULINOS Y UNA MUJER MOROCHA QUE VIVE AHI CON ELLOS  LES DICEN LOS NEGROS  PARRAS, AUQUE LA NUMERACION ESTA MEDIA BORRADA  ES CASA DE BLOQUE GRISES CON  IMITACION DE PIEDRAS Y TIENE LA CASA PORTON  CORREDIZO  DE MADERAS , ESTA GENTE SE DEDICA A HACER ENTRADERAS EN LAS CASAS ",GENERAL PUEYRREDON,MAR DEL PLATA,-380784396931.0,-575548521729.0,REDERIVADO,DDI MDP,-38.0784396931,-57.5548521729,2026,2,February,4,15,2,Miércoles,False,Tarde (12-18),[],,OTRA / NO ESPECIFICADA,ARMA_FUEGO
2026-02-05 00:58:00,10015817835,CALLE 71 y Jose Marti,DISPAROS,DISPAROS,COMUNICA QUE 5 MASCULINO ESTAN EFECTUANDO DISPAROS CON ARMA DE FUEGO AL AIRE. NO HAY HERIDOS,GENERAL PUEYRREDON,MAR DEL PLATA,-380558989985.0,-575873969992.0,NEGATIVO,INF MOV QUE AL ARRIBO PANORAMA NORMAL - LOS VECINO INF QUE SE TRATARIA DE PIROTECNIA ,-38.0558989985,-57.5873969992,2026,2,February,5,0,3,Jueves,False,Madrugada (00-06),[],,OTRA / NO ESPECIFICADA,ARMA_FUEGO
2026-02-05 01:12:00,10015817914,CHILE y San Lorenzo,DISPAROS,DISPAROS," LLAMANTE INFORMA  HAY 10  PERSONAS QUE ESTAN EFECTUANDO  DETONACIONES DE ARMA DE FUEGO NO SABE HACIA DONDE , Y TAMBIEN INFORMA QUE APROX 10  PERSONAS QUIEREN PRENDER FUEGO LA COMISARIA DEL LUGAR, DE CALLE ROCA Y PASARON CON UN BIDON.  SERIA POR UN PROBLEMA  QUE PASO TEMPRANO EN EL BARRIO__SERIA LA FAMILIA DE UN CHICO QUE ESTA EN EL HOSPITAL LA QUE ESTA HACIENDO PROBLEMAS. ",GENERAL PUEYRREDON,MAR DEL PLATA,-379971427917.0,-57584854126.0,V ACC-MC,0,-37.9971427917,-57.584854126,2026,2,February,5,1,3,Jueves,False,Madrugada (00-06),[],,OTRA / NO ESPECIFICADA,ARMA_FUEGO
2026-02-05 18:26:00,10015820719,CORDOBA al 2053,SOSPECHOSOS,PERSONA EXTRAÑA,"LLAMANTE REFIERE QUE HAY DOS MASCULINOS TRAPITOS DEL LUGAR , PASO OTRO MASCULINOS LE DEJO UN ARMA DE FUEGO Y LA GUARDO EN LA MOCHILA QUE TIENEN COLGADA , EN LA ENTRADA DE UN GARAGE -",GENERAL PUEYRREDON,MAR DEL PLATA,-380022.0,-575492.0,NEGATIVO,"EXTERNO PRIMERA SGTO DARFES PINTANO LUCAS, IDENTIFICADO NORMAL SIN IMPEDIMENTO LEGAL. NEGATIVO ARMA ",-38.0022,-57.5492,2026,2,February,5,18,3,Jueves,False,Noche (18-24),[],,OTRA / NO ESPECIFICADA,ARMA_FUEGO
2026-02-05 21:33:00,10015821510,GALICIA y Napoles,SOSPECHOSOS,PERSONA EXTRAÑA,LLAMANTE REFIERE QUE HAY UN MASCULINO ARMADO CON ARMA DE FUEGO. VISTE BUZO GRIS CON CAPUCHA Y PANTALON NEGRO DE JEAN. ESTA A PIE. HAY 2 MAS CON EL PERO ELLOS SE FUERON PARA MITAD DE CUADRA. ,GENERAL PUEYRREDON,MAR DEL PLATA,-380419859985.0,-575788399992.0,NEGATIVO,MOVIL 30930 INF AMPLIA RECORRIDA OPR LA ZONA NORMAL,-38.0419859985,-57.5788399992,2026,2,February,5,21,3,Jueves,False,Noche (18-24),[],,OTRA / NO ESPECIFICADA,ARMA_FUEGO
2026-02-06 07:04:00,10015823167,DR RAMON CARRILLO al 1491,ROBO AUTOMOTOR,VEHÍCULOS,"LLAMANTE REFIERE QUE LE ROBAR EL AUTO, ERAN DOS HOMBRES QUE LE ROBARON , ESTAN EN UNA CAMIONETA BLANCA , ES UNA UTILITARIA, PATENTE NWI 402, LE MOSTRARON UN ARMA DE FUEGO , NO ESTA HERIDO, EL AUTO DEL LLAMANTE ES UN FIAT SIENA GRIS 2016, PATENTE AA 176 HS, SE FUERON HACIA LA LAGUNA DE LOS PADRES POR CALLE 25 DE MAYO, NO SABE MAS",GENERAL PUEYRREDON,MAR DEL PLATA,-37956993810316.0,-57625831146078.0,Telefonía Fija/Móvil,0,-37.956993810316,-57.625831146078,2026,2,February,6,7,4,Viernes,False,Mañana (06-12),[],,FIAT,ARMA_FUEGO
2026-02-06 07:04:00,53744761,DR RAMON CARRILLO al 1491,ROBO AUTOMOTOR,VEHÍCULOS,"LLAMANTE REFIERE QUE LE ROBAR EL AUTO, ERAN DOS HOMBRES QUE LE ROBARON , ESTAN EN UNA CAMIONETA BLANCA , ES UNA UTILITARIA, PATENTE NWI 402, LE MOSTRARON UN ARMA DE FUEGO , NO ESTA HERIDO, EL AUTO DEL LLAMANTE ES UN FIAT SIENA GRIS 2016, PATENTE AA 176 HS, SE FUERON HACIA LA LAGUNA DE LOS PADRES POR CALLE 25 DE MAYO, NO SABE MAS [Id.Remoto: 10015823167] [Id.Remoto: 10015823167] [Id.Remoto: 47328360] [Id.Remoto: 53744761]",GENERAL PUEYRREDON,MAR DEL PLATA,-379569938103.0,-576258311461.0,POSITIVO,RECTIFICO  SIV 357310,-37.9569938103,-57.6258311461,2026,2,February,6,7,4,Viernes,False,Mañana (06-12),[],,FIAT,ARMA_FUEGO
2026-02-06 20:57:00,10015826163,MONS AGELELLI al 1453,ROBO AUTOMOTOR,MOTOS,"LLAMANTE REFIERE QUE DOS MASCULINOS ROBARON UNA MOTO. UNO DE ELLOS SIGUIO COMO PARA LIBERTAD, OTRO DOBLO EN 3 DE FEBRERO. ESTABAN ARMADOS CON UN ARMA DE FUEGO. NO LO HIRIERON. SE LLEVARON UNA XR 150CC NUEVA ROJO Y BLANCO DOMINIO NO RECUERDA. __APORTA ABONADO PROPIO 223-3416105",GENERAL PUEYRREDON,MAR DEL PLATA,-379576.0,-576237.0,POSITIVO,MOVIL 30151 EMANUEL OBREQUE DNI  24371620 FN 16_1_75 TEL 223416105 LE SUSTREN UN HONDA XR 150 NO POSEE DOMNIO ES MODELO 2026 MOTOR KD07E2584652 NO REQUIERE ASISTENCIA UN MOTOVEHICULO 110 OSCURO DOS NATALIAS NO SABEN PARA NO DONDE SE FUGAN ,-37.9576,-57.6237,2026,2,February,6,20,4,Viernes,False,Noche (18-24),[],,OTRA / NO ESPECIFICADA,ARMA_FUEGO
2026-02-07 10:23:00,10015828803,GRAL ROCA al 4665,ROBO AUTOMOTOR,MOTOS,CRIA 4TA SGTO PALACIOS INFORMA SUSTRACCION DE MOTOVEH CORVEN ENERGY 110 DOMINIO: A152MXF COLOR AZUL AÑO 2015__DAMNIFICADO: OSCAR ALEXIS EZEQUIEL DNI: 42282744 TEL: 2236362640 __LO ABORDAN DOS MOTOS LE EXIBEN ARMA DE FUEGO ,GENERAL PUEYRREDON,MAR DEL PLATA,-38001716142484.0,-57578047164577.0,Telefonía Fija/Móvil,0,-38.001716142484,-57.578047164577,2026,2,February,7,10,5,Sábado,True,Mañana (06-12),['A152MXF'],A152MXF,CORVEN,ARMA_FUEGO
2026-02-07 14:45:00,10015829653,TOMAS FALKNER al 7725,ROBO,FINCA,EN PROCESO__REFIERE QUE SU PRIMA LE AVISA QUE HAY DOS PERSONAS ARMADAS CON ARMA DE FUEGO EN LA VEREDA DE SU CASA __NO HAY HERIDOS __QUE QUEREN ENTRAR A ROBAR EN LA CASA __SU PRIMA ESTA DENTRO CON LOS NENES ,GENERAL PUEYRREDON,MAR DEL PLATA,-37958850147002.0,-57586790298594.0,V ACC-MC,0,-37.958850147002,-57.586790298594,2026,2,February,7,14,5,Sábado,True,Tarde (12-18),[],,OTRA / NO ESPECIFICADA,ARMA_FUEGO
2026-02-07 18:49:00,10015830663,BELGRANO al 9958,DISPAROS,PERSONAS,LLAMANTE REFIERE QUE 8 VECINOS DROGADOS PELEAN ENTRE ELLOS CON ARMA DE FUEGO REALIZAN DISPAROS EN LA VIA PUBLICA CON MUSICA FUERTE,GENERAL PUEYRREDON,MAR DEL PLATA,-37963710637828.0,-57621919214192.0,JTv,0,-37.963710637828,-57.621919214192,2026,2,February,7,18,5,Sábado,True,Noche (18-24),[],,OTRA / NO ESPECIFICADA,ARMA_FUEGO
2026-02-08 13:59:00,10015834954,MAGNASCO al 2260,VIOLENCIA,NO FAMILIAR,"REFIERE QUE SU VECINO LA MOLESTA, TIENE ARMA DE FUEGO, NO RESPONDE SI HAY HERIDOS, ELLA ESTA POSTRADA EN LA CAMA. ",GENERAL PUEYRREDON,MAR DEL PLATA,-3802470589111.0,-57602774779119.0,NEGATIVO,"27788 INFORMA SIRENA, BALIZAS, NADIE ENTREVISTA. TIEMPO PRUDENCIAL LIBERA SIN NOVEDAD.",-38.02470589111,-57.602774779119,2026,2,February,8,13,6,Domingo,True,Tarde (12-18),[],,OTRA / NO ESPECIFICADA,ARMA_FUEGO
2026-02-08 18:04:00,10015835862,MAGALLANES y Ing Julio Canessa,VIOLENCIA,NO FAMILIAR,LLAMA POR PROBLEMAS CON UN MASCULINO DE VIEJA DATA. LLAMANTE SE APERSONA A RETIRAR PERTENENCIAS CON UN FLETE PERO EL  SUJETO  MERODEAN EL LUGAR EN MOTO. ESTA MUNIDO DE ARMA DE FUEGO.  ESPERA EL MOVIL POARA PODER RETIRAR SUS PERTENENCIAS.  LLAMANTE A RESGUARDO ,GENERAL PUEYRREDON,,-379964829985.0,-576096479992.0,POSITIVO,30549 ENTREVISTA SRA RINCON GISELLE REFIERE Q ANDA UN MASCULINO CON UNA MOTO APARENTEMENTE CON ARMA ANDARIA ACUSANDOLA POR EL ROBO DE UN MOTOVEHICULO. EL MOVIL AGUARDA Q LA FEMENINA RETIRE SUS PERTENENCIAS - SACA SUS PERTENENCIAS TODO NORMAL .-,-37.9964829985,-57.6096479992,2026,2,February,8,18,6,Domingo,True,Noche (18-24),[],,OTRA / NO ESPECIFICADA,ARMA_FUEGO
2026-02-08 18:24:00,10015835940,AV VERTIZ al 11019,DISPAROS,PERSONAS,"LLAMANTE REFIERE QUE  PASO UNA MOTO EFECTUANDO DETONACIONES DE ARMA DE FUEGO A UN JOVEN, EL MISMO SE METIO DENTRO DE UN CUMPLEAÑOS A RESGUARDARSE. LA MOTO SE FUE, LLTE TEME QUE VUELVA LA MOTO Y DISPARE CONTRA TODOS LOS QUE ESTAN EN EL LUGAR. NO HERIDOS  EN EL LUGAR ESTÁ LLENO DE MENORES PORQUE HAY UN CUMPLEAÑOS.",GENERAL PUEYRREDON,MAR DEL PLATA,-37997143780371.0,-57620803477208.0,V ACC-MC,0,-37.997143780371,-57.620803477208,2026,2,February,8,18,6,Domingo,True,Noche (18-24),[],,OTRA / NO ESPECIFICADA,ARMA_FUEGO
2026-02-08 18:30:00,10015835970,AV VERTIZ al 11019,DISPAROS,PERSONAS,"LLAMANTE REFIERE ESTAR EN UN CUMPLEAÑOS INFANTIL__UN MASCULINO INGRESO AL DOMCILIO PARA RESGUARDARSE YA QEU DOS MASUCLINOS EN MOTO LE EFETUARON DISPARON DE ARMA DE FUEGO__REFIERE QUE NO ESTA HERIDO, PERO QUE LOS MASCULINOS PASAN A CADA RATO EFECTUANDO DISPAROS",GENERAL PUEYRREDON,MAR DEL PLATA,-37997143780371.0,-57620803477208.0,V ACC-MC,0,-37.997143780371,-57.620803477208,2026,2,February,8,18,6,Domingo,True,Noche (18-24),[],,OTRA / NO ESPECIFICADA,ARMA_FUEGO
2026-02-08 19:56:00,10015836321,ALBARRACIN y Alberti,VIOLENCIA,POR RAZONES DE GENERO,"LLAMANTE REFIERE QUE SU MARIDO QUIERE GOLPEARLA, FUE A SU CASA A ROMPER OBJETOS. LA LLAMANTE LO ESTA SIGUIENDO, ESTA ARMADO CON UN ARMA DE FUEGO. NO HAY HERIDOS. EL SUJETO QUIERE ARROJARLE PIEDRAS. ENTREVISTA CON EL MOVIL POLICIAL.",GENERAL PUEYRREDON,MAR DEL PLATA,-379833297729.0,-575989570618.0,NEGATIVO,23211 INF EN LUGAR ANDIE ENTREVISTA ,-37.9833297729,-57.5989570618,2026,2,February,8,19,6,Domingo,True,Noche (18-24),[],,OTRA / NO ESPECIFICADA,ARMA_FUEGO
2026-02-09 11:20:00,10015839369,AV JACINTO PERALTA RAMOS y Azopardo,HALLAZGO,OBJETO DUDOSO / PELIGROSO,"LLAMANTE MENCIONA QUE HAY UN ARMA DE FUEGO EN EL PISO, ESTA EN LA VEREDA, ES UN PASTIZAL QUEMADO__CREE QUE PUEDE HABER SIDO UN DESCARTE ",GENERAL PUEYRREDON,,-380278449985.0,-575818979992.0,NEGATIVO,30149 INFORMA QUE EN EL ESPASTIZAL QUEMADO NO HAY NADA,-38.0278449985,-57.5818979992,2026,2,February,9,11,0,Lunes,False,Mañana (06-12),[],,OTRA / NO ESPECIFICADA,ARMA_FUEGO
2026-02-09 12:08:00,10015839509,CHE GUEVARA y Sabino Arana Y Goiri,CARTA ORIGINAL,SIN PRIORIDAD,LLAMANTE DICE QUE HAY UNA  FEMENINA LLAMADA YAQUELIN REBAINEDA QUE VENDE DROGAS DE COCAINA Y MARIHUANA EN EL LUGAR  ESTA ARMADA  CON ARMA DE FUEGO.  EN LA CASA TIENE CAMARAS .__EN EL DOMICILIO TIENE ESCONDIDA UNA MOTO ROBADA  MOTO ZANELA 110 ZV NUEVA COLOR BORDO QUE FUE ROBADA EN EL DÍA DE AYER. [Id.Remoto: 10015839509],GENERAL PUEYRREDON,MAR DEL PLATA,-379980849986.0,-576298359992.0,REDERIVADO,0,-37.9980849986,-57.6298359992,2026,2,February,9,12,0,Lunes,False,Tarde (12-18),[],,OTRA / NO ESPECIFICADA,ARMA_FUEGO
2026-02-09 18:08:00,10015840745,SANTA CRUZ al 7881,DROGAS ILÍCITAS,VENTA/ELABORACIÓN,"REFIERE QUE VENDEN COCAINA EN EL DDO, ES UN MASCULINO QUE  LE DICEN EL GORDO , TIENE ARMA DE FUEGO Y ARMAS BLANCAS, VENDEN DESDE LAS 08  A LAS 16:30 HS., LUEGO LLEVA LA DROGA  A OTROS DOMICILIOS UNO EN CAMET  DIRECCION ANTONIO DALIANA 3028,  AHI VENDE LA COCAINA  OTRO MASCULINO LLAMADO MARIO FENNADEZ , DESPUES VA  A  CALLE ROMANO Y  ZEBALLO DONDE TAMBIEN VENDEN A ESE MASCULINO LE DICEN EL MENDOCINO .- ",GENERAL PUEYRREDON,MAR DEL PLATA,-37959639835153.0,-5758962435075.0,VSup,0,-37.959639835153,-57.58962435075,2026,2,February,9,18,0,Lunes,False,Noche (18-24),[],,OTRA / NO ESPECIFICADA,ARMA_FUEGO
2026-02-10 14:25:00,10015844620,AV CONSTITUCION al 5062,ROBO,VÍA PÚBLICA,"LLAMANTE COMUNICA QUE VA SIGUIENDO LAS MOTOS QUE ROBARON  RECIENTE, SON 2 110 DESCACHADAS, HACIA CONSTITUCION, VAN 2 EN UNA MOTO Y OTRO SOLO  EN LA  MOTO, EL SUJETO DE REMERA AZUL LLEVA ARMA DE FUEGO EN LA MANO  ",GENERAL PUEYRREDON,MAR DEL PLATA,-379652222556.0,-575543082163.0,POSITIVO,30667 INFROMA QUE IDENTIFICADOS LOS MASCULNO NO TIENE IMPEDIMENTO LEGAL SE PROCEDE AL SECUESTRO DE DOS MOTOCICLETAS POR FALTA TOTAL DE DOCUMENTACION.- NEGATIVO ARMA ,-37.9652222556,-57.5543082163,2026,2,February,10,14,1,Martes,False,Tarde (12-18),[],,OTRA / NO ESPECIFICADA,ARMA_FUEGO
2026-02-10 19:03:00,10015845820,CALLE 14 y Calle 491,DISPAROS,DISPAROS,LLAMANTE DICE QUE HAY PERSONAS  EFECTUANDO DISPAROS DE ARMA DE FUEGO Y ARMAS DE AIRE COMPRIMIDO AL AIRE,GENERAL PUEYRREDON,MAR DEL PLATA,-381139139985.0,-576012389992.0,NEGATIVO,MOVIL 30869 INFORMA MAPLIA RECOORIDA NEGATIOV ,-38.1139139985,-57.6012389992,2026,2,February,10,19,1,Martes,False,Noche (18-24),[],,OTRA / NO ESPECIFICADA,ARMA_FUEGO
2026-02-10 23:07:00,10015846925,DON BOSCO al 4180,PEDIDO GENERICO DE AUXILIO,PGA,LLAMANTE DICE QUE HAY PERSONAS EFECTUANDO DISPAROS DE ARMA DE FUEGO CORTA LA LLAMADA,GENERAL PUEYRREDON,MAR DEL PLATA,-38008145865554.0,-57585145374873.0,NEGATIVO,34835 INF A LA RECORRIDA NEGATIVO ,-38.008145865554,-57.585145374873,2026,2,February,10,23,1,Martes,False,Noche (18-24),[],,OTRA / NO ESPECIFICADA,ARMA_FUEGO
2026-02-10 23:17:00,10015846964,TOSCANA al 29,VIOLENCIA,POR RAZONES DE GENERO,LLAMANTE DICE QUE HAY UN MASCULINO AMENAZANDOLA CON DARLE UN DISPARO DE ARMA DE FUEGO ESTARIA ARMADO,GENERAL PUEYRREDON,MAR DEL PLATA,-380986.0,-575588.0,NEGATIVO,FRANCO KARINA UN HOMBRE QUE LE DICEN SATANAS SE PELEO CON UNA PAREJA AL ARRIBO DEL MOVIL EL MASC NO ESTABA SEGUN LA VECINA EL MASC TIENE PROBLEMAS SIQUITRICOS ,-38.0986,-57.5588,2026,2,February,10,23,1,Martes,False,Noche (18-24),[],,OTRA / NO ESPECIFICADA,ARMA_FUEGO
2026-02-11 03:34:00,10015848050,SANTA CRUZ al 7881,DROGAS ILÍCITAS,VENTA/ELABORACIÓN,VENDEN COCAINA EN EL LUGAR__AL VENDEDOR LE DICEN EL GORDO__DE 12 DEL MEDIO DIA A LAS 5 DE LA TARDE__ESTAN ARMADOS CON ARMA BLANCA__NO TIENE VEHICULO____*CALAZA 90 ENTRE SANTA CRUZ Y RIO NEGRO__VENDE COCAINA__EL VENDEDOR SE LLAMA RAMON COPELO__TIENE ARMA DE FUEGO Y ARMA BLANCA__NO TIENE VEHICULO__VENDEN DESDE 10.30 DE LA MAÑANA HASTA 3.30 DE LA TARDE____*CALAZA 21 ENTRE SANTA CRUZ Y RIO NEGRO__LA VENDEDORA LE DICEN LA GIGI__VENDE MARIHUANA__DESCONOCE SI TIENE ARMA__NO POSEE VEHICULO__VENDEN DESDE LAS 11 DE LA MAÑANA HASTA LAS 6 DE LA TARDE______*REJON 7832 ENTRE RIZZUTO Y CALAZA__VENDE COCAINA__LA VENDEDORA SE LLAMA SUSANA__VENDE DESDE LAS 11 DE LA MAÑANA A 11 DE LA NOCHE__NO POSEE VEHICULO__DESCONOCE SI ESTA ARMADO______*CORONEL SUAREZ 273 ENTRE BRANDSEN Y FRENCH__VENDEN COCAINA__VENDEDOR NO SABE COMO SE LLAMA. MADRE E HIJO__NO SABE LOS HORARIOS DE VENTA__POSEE UNA MOTOCICLETA __TIENE ARMAS BLANCAS QUE GUARDA EN LOS ARBUSTOS________CALLE 200 ENTRE BERUTI Y FRENCH MANO IMPAR ALMACEN__VENDEN COCAIANA__DESCONOCE EL NOMBRE DEL VENDEDOR__DESDE LAS 10 DE LA NOCHE HASTA LAS 3 DE LA MAÑANA__SEGURAMENTE ESTEN ARMADAS__SON DOS FEMENINAS__DESCONOCE SI ESTAN ARMAS__,GENERAL PUEYRREDON,MAR DEL PLATA,-37959639835153.0,-5758962435075.0,VSup,0,-37.959639835153,-57.58962435075,2026,2,February,11,3,2,Miércoles,False,Madrugada (00-06),[],,OTRA / NO ESPECIFICADA,ARMA_FUEGO
2026-02-11 03:44:00,10015848080,AZOPARDO al 9661,VIOLENCIA,NO FAMILIAR,"REFIERE QUE DOS MASCULINOS, UNO DE ELLOS ARMADO, LE SOLICITO INGRESAR AL LUGAR Y COMO NO LO DEJO LE EXHIBIO EL ARMA DE FUEGO.__SE FUERON HACIA AZOPARDO A PIE, UNO ALTO Y OTRO BAJO RUBIO",GENERAL PUEYRREDON,MAR DEL PLATA,-380066.0,-576098.0,NEGATIVO,movil 28942 enterevista con el sr palerma manifiesat que se peleo con dos masculino y estos aa medrentan ,-38.0066,-57.6098,2026,2,February,11,3,2,Miércoles,False,Madrugada (00-06),[],,OTRA / NO ESPECIFICADA,ARMA_FUEGO
2026-02-11 09:35:00,10015848750,TRIPULANTES DEL FOURNIER y Yapeyu,VIOLENCIA,NO FAMILIAR,"LLAMANTE REFIERE QUE HAY UNA PELEA , DOS HOMBRES LO INTENTAN AGREDIR EN LA VIA PUBLICA , TIIENE UN ARMA DE FUEGO , LLAMANTE NO RESPONDE AL OPERADOR, SE CORTA PARA TRANSMITIR .-",GENERAL PUEYRREDON,MAR DEL PLATA,-379986719986.0,-576256189992.0,NEGATIVO,30889 INFORMA RECORRIDA SIN NOVEDADES ,-37.9986719986,-57.6256189992,2026,2,February,11,9,2,Miércoles,False,Mañana (06-12),[],,OTRA / NO ESPECIFICADA,ARMA_FUEGO
2026-02-11 10:32:00,10015848928,EL CEIBO  y GANDHI ,DROGAS ILÍCITAS,VENTA/ELABORACIÓN," REFIERE QUE EN ESE DOMICILIO SE VENDE DROGA, VIVE UN MASCULINO ROBUSTO, DE RULOS, 57-58 AÑOS, CABELLO NEGRO.-  NO SABE DATOS PERSONALES, LE DICEN EL GORDO, VENDE COCAINA, CREE QUE DESDE LAS 12 DEL MEDIO DIA A LAS 10 DE LA NOCHE, DE LUNES A SADADO, TIENE ARMAS BALANCASS Y ARMAS DE FUEGO.- VEHICULO PARTICULAR NO TIENE .-  ____ASIMSIMSO INFORMA QUE EN EL DOMICILIO DE TAPIA Y COSTA ATLANTICA, BARRIO PARQUE PEÑA.- ESQUINA . MANO PAR SOBRE COSTA ATLANTICA.-  CASA DE LIBUSTRINES, CON CASA DE MADERA EN EL MEDIO.-  EN ESE DOMICILIO VIVE UN MASCULINO DE 60-65 AÑOS, ALTO, DE RULOS, CABELLO OSCURO Y TEX MORENA, VENDE COCAINA. VENDE DESDE LAS 5 DE LA TARDE HASTA LAS 12 DE LA NOCHE.- ESTA ARMADO CON ARBAS BLANCA Y ARMA DE FUEGO.-  VEHICULO PARTICULAR AUTO VIEJO, COLOR MARRON , PATENTE NO SABE, MODELO 87-90, MARCA NO SABE .-   ",GENERAL PUEYRREDON,,,,VSup,0,,,2026,2,February,11,10,2,Miércoles,False,Mañana (06-12),[],,OTRA / NO ESPECIFICADA,ARMA_FUEGO
2026-02-11 19:06:00,10015850733,ROTONDA DEL LAGO al 1092,ROBO AUTOMOTOR,MOTOS,"__LLAMANTE MENCIONA QUE LE ROBARON UNA MOTO XR COLOR ROJA Y NEGRA CON BLANCO DOMINIO A278CEA,  LOS AUTORES DEL ROBO SON DOS MASCULINOS, UNO TENIA UN PILUSO NEGRO CON AMARILLO Y OTRO LLEVA MOCHILA, TIENEN ARMA DE FUEGO Y LE DISPARARON A LA VICTIMA PERO NO LO HIRIERON, SE FUERON POR LOS ALAMOS HACIA EL LADO DE GAUCHO .- ",GENERAL PUEYRREDON,MAR DEL PLATA,-380074.0,-575916.0,Telefonía Fija/Móvil,0,-38.0074,-57.5916,2026,2,February,11,19,2,Miércoles,False,Noche (18-24),['A278CEA'],A278CEA,OTRA / NO ESPECIFICADA,ARMA_FUEGO
2026-02-12 02:59:00,10015852536,RIVADAVIA al 9625,VIOLENCIA,NO FAMILIAR,"LLAMANTE REFIERE QUE SU VECINO QUE ESTA PROFUGO , NO SABE PORQUE, SABE QUE ES DELINCUENTE ESTA EN EL PASILLO QUE TIENE VARIOS DEPARTAMENTOS, Y SALE A LA PUERTA DEL DEPARTAMENTO,. QUE ESTA EN LA CASA, ESTA CON UN ARMA DE FUEGO, ESTA EN LA PUERTA DEL PASILLO__YA LLAMO ANTERIORMENTE  DOS VECES Y AUN NO FUE NADIE, PORQUE ENTRO POR EL PATIO DE SU CASA, LOS APUNTO CON EL ARMA DE FUEGO,Y LOS AMENAZO CON EL ARMA, Y LES DIJO QUE NO LLAMEN A NADIE, ESTABA CON EL TORSO DESNUDO, ELLA ESTA ESCONDIDA EN EL KIOSCO QUE ESTA EN LA VUELTA [Id.Remoto: 10015852536]",GENERAL PUEYRREDON,MAR DEL PLATA,-37964548185755.0,-5761803260883.0,Telefonía Fija/Móvil,0,-37.964548185755,-57.61803260883,2026,2,February,12,2,3,Jueves,False,Madrugada (00-06),[],,OTRA / NO ESPECIFICADA,ARMA_FUEGO
2026-02-13 07:58:00,10015857534,YAPEYU al 1770,SOSPECHOSOS,PERSONA EXTRAÑA,"LLAMANTE REIFERE QUE UN HOMBRE LE APUNTO CON UN ARMA DE FUEGO, UN HOMBRE MENUDO Y ROPA CALRA TENIA CON CAPUCHA, COLOR BAIGE, MENCIONA QUE LA APUNTO, ESTA CAMINDO EL HOMBRE , SE FUE POR ARANA Y GORINI HACIA ADENTRO DEL BARRIO , NO SABE MAS ",GENERAL PUEYRREDON,,-37999847666832.0,-57627020105858.0,NEGATIVO,"MOVIL 30350 EN EL LUGAR AL MOMENTO RECORRIDA NORMAL EN EL COLEGIO NO ENTREVISTA NADIE, EN LA CUADRA NADIE ENTREVISTA ",-37.999847666832,-57.627020105858,2026,2,February,13,7,4,Viernes,False,Mañana (06-12),[],,OTRA / NO ESPECIFICADA,ARMA_FUEGO
2026-02-13 10:09:00,10015857843,TANDIL al 452,VIOLENCIA,FAMILIAR,"LLAMANTE REFIERE QUE HAY UNA PELEA FAMILIAR EN LA CALLE , SON 5 O 6 PERSONAS, UNA CHICA  PARECE QUE TIENE UN ARMA DE FUEGO EN LA CINTURA , NO HAY HERDOS .-",GENERAL PUEYRREDON,MAR DEL PLATA,-37959821476444.0,-57597051773908.0,NEGATIVO,"MOIVL INFORMA EN LA VIA PUBLICA NORMAL, Y EN EL LNUMERLA POARTADO NADIE ENTREVISTA",-37.959821476444,-57.597051773908,2026,2,February,13,10,4,Viernes,False,Mañana (06-12),[],,OTRA / NO ESPECIFICADA,ARMA_FUEGO
2026-02-13 11:59:00,10015858279,PJE PORTUGAL al 172,DROGAS ILÍCITAS,VENTA/ELABORACIÓN,"LLAMANTE REFIERE QUE EN EL LUGAR VENDEN DROGAS DANIEL RENE RODRIGUEZ GEUERRERO VENDE MARIHUANA Y OCAONA CON CARLOS MOLINA, VENEDE TODO EL DIA . REFIERE QUE TIENE ARMA DE FUEGO Y BLANCA",GENERAL PUEYRREDON,MAR DEL PLATA,-379522119985.0,-576054939992.0,VSup,0,-37.9522119985,-57.6054939992,2026,2,February,13,11,4,Viernes,False,Mañana (06-12),[],,OTRA / NO ESPECIFICADA,ARMA_FUEGO
2026-02-13 22:21:00,10015860951,RIZZUTTO y Catalina Daprotis,DROGAS ILÍCITAS,VENTA/ELABORACIÓN,"LLAMANTE REFIERE QUE AHI VENDEN DROGA, UN TAL FABIAN , QUE ES UN SUJETO OBESO Y DISCAPACITADO, LE DICEN CHANDU. VENDE CON UN TAL CARLOS MOLINA. A ELLOS LES DICEN LOS ROJOS. VENDEN MARIHUANA Y COCAINA. ESTAN ARMADOS, TIENEN ARMA DE FUEGO Y ARMA BLANCA, ANDAN ROBANDO. VENDEN TODO EL DIA Y TODA LA NOCHE, DICEN SER CARNICEROS O ALBAÑILES. NO TIENEN AUTO, ANDAN EN BICICLETA. REPARTEN Y VENDEN EN EL LOCAL. LE VENDEN A LOS AEROPARQUINOS. TAMBIEN LOS AYUDAN UN SUJETO DE NOMBRE DANIEL RENE RODIGUEZ GUERRERO QUE VIVE EN CALLE PASAJE PORTUGAL 172 DEL BARRIO MALVINAS ARGENTINAS Y EL HERMANO CARLITOS MOLINA. NO SABE QUIEN LES PROVEE LA DROGA. ANTES SE LAS PROVEIA UN SUJETO QUE TIENE UN BUNKER EN CALLE CALAZA 90, AHI ES UN BUNKER DE COCAINA, QUE PROVEE DROGA AL POR MAYOR EL SUJETO SE LLAMA RAMON.- ",GENERAL PUEYRREDON,MAR DEL PLATA,-379480699985.0,-575791349992.0,Telefonía Fija/Móvil,0,-37.9480699985,-57.5791349992,2026,2,February,13,22,4,Viernes,False,Noche (18-24),[],,GUERRERO,ARMA_FUEGO
2026-02-13 22:34:00,10015861023,RIZZUTTO y Catalina Daprotis,DROGAS ILÍCITAS,VENTA/ELABORACIÓN,"LLAMANTE REFIERE QUE AHI VENDEN DROGA, UN TAL FABIAN , QUE ES UN SUJETO OBESO Y DISCAPACITADO, LE DICEN CHANDU. VENDE CON UN TAL CARLOS MOLINA. A ELLOS LES DICEN LOS ROJOS. VENDEN MARIHUANA Y COCAINA. ESTAN ARMADOS, TIENEN ARMA DE FUEGO Y ARMA BLANCA, ANDAN ROBANDO. VENDEN TODO EL DIA Y TODA LA NOCHE, DICEN SER CARNICEROS O ALBAÑILES. NO TIENEN AUTO, ANDAN EN BICICLETA. REPARTEN Y VENDEN EN EL LOCAL. LE VENDEN A LOS AEROPARQUINOS. TAMBIEN LOS AYUDAN UN SUJETO DE NOMBRE DANIEL RENE RODIGUEZ GUERRERO QUE VIVE EN CALLE PASAJE PORTUGAL 172 DEL BARRIO MALVINAS ARGENTINAS Y EL HERMANO CARLITOS MOLINA. NO SABE QUIEN LES PROVEE LA DROGA. ANTES SE LAS PROVEIA UN SUJETO QUE TIENE UN BUNKER EN CALLE CALAZA 90, AHI ES UN BUNKER DE COCAINA, QUE PROVEE DROGA AL POR MAYOR EL SUJETO SE LLAMA RAMON.- ",GENERAL PUEYRREDON,MAR DEL PLATA,-379480699985.0,-575791349992.0,V ACC-MC,0,-37.9480699985,-57.5791349992,2026,2,February,13,22,4,Viernes,False,Noche (18-24),[],,GUERRERO,ARMA_FUEGO
2026-02-13 22:54:00,10015861103,AV HECTOR TARANTINO al 1958,ROBO,VÍA PÚBLICA,"__LLAMANTE MENCIONA QUE LE ROBARON A UN MASCULINO EN LA VIA PUBLICA, SE LLEVO EL CELULAR, EL AUTOR CON ARMA DE FUEGO LO AGREDIO CON LA PARTE TRASERA DE LA MISMA Y LUEGO SE FUE POR CALLE GOYENA HACIA EL BARRIO LA HERRADURA ",GENERAL PUEYRREDON,MAR DEL PLATA,-379562.0,-576379.0,POSITIVO,"INF MOV 30151 EN EL LUGAR SE ENTREVISTA CON LA SRA LUCERO, REFIERE LA MISMA QUE OBSERVA UN ILICITO, SUJETOS SUSTRAEN UN TELEFONO CELULAR, EL MISMO SE RETIRA POR CALLE GOYENA PARA 228, NO SE DA CON EL MISMO EN AMPLIA RECORRIDA",-37.9562,-57.6379,2026,2,February,13,22,4,Viernes,False,Noche (18-24),[],,OTRA / NO ESPECIFICADA,ARMA_FUEGO
2026-02-13 23:13:00,10015861173,9 DE JULIO y Mons Agelelli,DISPAROS,DISPAROS,"REFIERE QUE HAY UN MASCULINO QUE REALIZO DETONACIONES DE ARMA DE FUEGO, ESTA CON 3 MASCULINOS, NO SABE QUE SUCEDE, EL LLATE VIVE EN LA ESQUINA, NO SABE SI HAY HERIDOS, CREE QUE VAN A PELEAR CON ALGUIEN DE LA OTRA CUADRA ",GENERAL PUEYRREDON,MAR DEL PLATA,-379572609986.0,-576232669992.0,NEGATIVO,30151 NEG LOS MASCULINOS,-37.9572609986,-57.6232669992,2026,2,February,13,23,4,Viernes,False,Noche (18-24),[],,OTRA / NO ESPECIFICADA,ARMA_FUEGO
2026-02-14 00:10:00,10015861369,LOS PEHUELCHES al 1855,DISPAROS,DISPAROS,"LLAMANTE REFIERE QUE ESCUCHA DETONACIONES. NO PUEDO DISTINGUIR SI ES UN ARMA DE FUEGO. DENTRO DEL BOSQUE, ZONA DEL COLEGIO. ",GENERAL PUEYRREDON,MAR DEL PLATA,-380867685098.0,-57574829616591.0,NEGATIVO,"MOVIL INFORMA QUE RECORRE LA ZONA CON PANORAMA NORMAL, NADIE ENTREVISTA CON EL PERSONAL, MISMO SIGUE EN RECORRIDA__",-38.0867685098,-57.574829616591,2026,2,February,14,0,5,Sábado,True,Madrugada (00-06),[],,OTRA / NO ESPECIFICADA,ARMA_FUEGO
2026-02-14 17:27:00,10015864647,CHILABERT BIS al 3045,VIOLENCIA,NO FAMILIAR,LLAMANTE REFIERE QUE REQUIERE MOVIL SUJETO LO AMENAZA CON ARMA DE FUEGO NO HERIDO,GENERAL PUEYRREDON,MAR DEL PLATA,-379819.0,-576115.0,POSITIVO,30504 ENTREVISAT CON ACOSTA MAXIMILIANO LA OTRA ARTE GUERRA FEDERICO CONFLICTO POR UNA ALARGUE SE LE INDICNA LOS PASOS A SEGUIR. NEGATIVO ARMA DE FUEGO ,-37.9819,-57.6115,2026,2,February,14,17,5,Sábado,True,Tarde (12-18),[],,OTRA / NO ESPECIFICADA,ARMA_FUEGO
2026-02-14 18:47:00,10015864939,CALLE 805 y Calle 2,DISPAROS,DISPAROS,LLAMANTE REFIERE QUE EN EL LUGAR ESTA UN MASUCLINO EFECTUANDO DISPAROS DE ARMA DE FUEGO__EN LA CALLE,GENERAL PUEYRREDON,CHAPADMALAL,-382020799986.0,-576909699993.0,NEGATIVO,"MOVIL 33878 SE ENTREVISTA CON DANIEL BRINO ESCOBAR DNI:  43866671, NEGATIVO ARMA DE FUEGO, PROBLEMA DE VIEJA DATA, IVNITADO A RADICAR",-38.2020799986,-57.6909699993,2026,2,February,14,18,5,Sábado,True,Noche (18-24),[],,OTRA / NO ESPECIFICADA,ARMA_FUEGO
2026-02-14 23:31:00,10015866149,TRIUNVIRATO al 2452,CARTA ORIGINAL,CON PRIORIDAD," LLAMANTE INFORMA UN MASCULINO ESTABA GOLPEANDO A UNA FEMENINA, Y UN SR FUE A DEFENDERLA Y AHORA EL MASCULINO ESTA EFECTUANDO DETONACIONES DE ARMA DE FUEGO HACIA LA CASA DEL SR QUE QUISO DEFENDER A LA FEMENINA, ESTA CON UN ARMA 9MM, REFIERE QUE EN LA CASA HAY MENORES, NO HAY HERIDOS__ LA FEMENINA SE FUE CORRIENDO DEL LUGAR, DESCONOCE EL ESTADO________ LLTE INFORMA EN CALLE TRIUNVIRATO 2452, EB LA CASA DE A LADO PARA EL LADO DE GENOVA , VENDEN DROGA, NOS ABE DE QUE TIPO, SON 3  PERSONAS NO SABE COMO SE LLAMAN NI COMO LES DICEN, VENDEN TODOS LOS DIAS DE DIA Y DE NOCHE Y ESTA ARMADOS",GENERAL PUEYRREDON,MAR DEL PLATA,-380529338384.0,-575686633406.0,V ACC-MC,0,-38.0529338384,-57.5686633406,2026,2,February,14,23,5,Sábado,True,Noche (18-24),[],,OTRA / NO ESPECIFICADA,ARMA_FUEGO
2026-02-14 23:39:00,10015866188,TRIUNVIRATO al 2452,DISPAROS,DISPAROS," LLAMANTE INFORMA UN MASCULINO ESTABA GOLPEANDO A UNA FEMENINA, Y UN SR FUE A DEFENDERLA Y AHORA EL MASCULINO ESTA EFECTUANDO DETONACIONES DE ARMA DE FUEGO HACIA LA CASA DEL SR QUE QUISO DEFENDER A LA FEMENINA, ESTA CON UN ARMA 9MM, REFIERE QUE EN LA CASA HAY MENORES, NO HAY HERIDOS__ LA FEMENINA SE FUE CORRIENDO DEL LUGAR, DESCONOCE EL ESTADO________",GENERAL PUEYRREDON,MAR DEL PLATA,-380529338384.0,-575686633406.0,POSITIVO,"30920 ENTREVISTA CON FLORENTINO LUCIO REFIERE LO APORTADO EN CARTA , PERO REFIRE QUE ERA DEL LADO DEL VECINO SE VERIFICA EL DLIO NEGATIVO IMPACTOS. SE ENTREVISTA CON RODRIGUEZ DANIELA 43304780 CEL 2236994712, LA VECINA, QUIEN HABRIA SE REALIZA ACTA DE GENERO EN EL LUGAR, MISMA NO QUIERE RADICAR. CONFLICTO CON LA PAREJA SR BENGOLEA ARIEL HERNAN. LA FEMENIAN NO SE ENCONTRABA BIEN NO ESTAB LASTIMADA. INDICADOS LOS PASOS A SEGUIR",-38.0529338384,-57.5686633406,2026,2,February,14,23,5,Sábado,True,Noche (18-24),[],,OTRA / NO ESPECIFICADA,ARMA_FUEGO
2026-02-14 23:43:00,10015866204,TRIUNVIRATO al 2452,DROGAS ILÍCITAS,VENTA/ELABORACIÓN," LLAMANTE INFORMA UN MASCULINO ESTABA GOLPEANDO A UNA FEMENINA, Y UN SR FUE A DEFENDERLA Y AHORA EL MASCULINO ESTA EFECTUANDO DETONACIONES DE ARMA DE FUEGO HACIA LA CASA DEL SR QUE QUISO DEFENDER A LA FEMENINA, ESTA CON UN ARMA 9MM, REFIERE QUE EN LA CASA HAY MENORES, NO HAY HERIDOS__ LA FEMENINA SE FUE CORRIENDO DEL LUGAR, DESCONOCE EL ESTADO________ LLTE INFORMA EN CALLE TRIUNVIRATO 2452, EB LA CASA DE A LADO PARA EL LADO DE GENOVA , VENDEN DROGA, NOS ABE DE QUE TIPO, SON 3  PERSONAS NO SABE COMO SE LLAMAN NI COMO LES DICEN, VENDEN TODOS LOS DIAS DE DIA Y DE NOCHE Y ESTA ARMADOS",GENERAL PUEYRREDON,MAR DEL PLATA,-380529338384.0,-575686633406.0,Analizado por ACC-MC,0,-38.0529338384,-57.5686633406,2026,2,February,14,23,5,Sábado,True,Noche (18-24),[],,OTRA / NO ESPECIFICADA,ARMA_FUEGO
2026-02-15 02:18:00,10015866818,FALUCHO al 9999,ROBO,VÍA PÚBLICA,"REFIERE QUE LE ACABAN DE ROBAR, ES UN TAXISTA, ESTA UN VEHICULO BLANCO CON TECHO ROJO, ERA UN MASCULINO QUE TRAJO DE MIRAMAR, ESTABA TODO DE NEGRO CON UNA BOINA, TATUAJES EN LA CARA, ESTABA ARMADO, TENIA UN 22 O UN 32 , REALIZO UNA DETONACION DE ARMA DE FUEGO, NO ESTA HERIDO EL LLATE .-  SE LLEVO LA LLAVE DEL VEHICULO .-  ",GENERAL PUEYRREDON,MAR DEL PLATA,-379674.0,-576259.0,POSITIVO,"31616 INF  SE ENTREVISTA CON EL SR MANSILLA CARLOS DANIEL REFIER QUE SUBIO A UN MASCULINO CON LAS DESCRIPCIOES APORTADAS EN CARTA, Y AL LLEGAD AL LUGAR INDICADO LE SACA UN ARMA Y LE ROBA LA RECAUDACION Y LAS LLAVES DEL AUTO INV ARADCIAR ",-37.9674,-57.6259,2026,2,February,15,2,6,Domingo,True,Madrugada (00-06),[],,OTRA / NO ESPECIFICADA,ARMA_FUEGO
2026-02-15 12:05:00,10015868456,NECOCHEA al 8271,VIOLENCIA,NO FAMILIAR,REFIERE LE ARROJAN CASCOTES A SU CASA MASC SALVATIERRA VECINO __ARMADO CON ARMA DE FUEGO __NO HAY HERIDS ,GENERAL PUEYRREDON,MAR DEL PLATA,-37960832267007.0,-5759605791562.0,POSITIVO,"PERSONAL INFORMA  SE ENTREVISTA CON EL SR JUAREZ SEBASTIAN EL CUAL MANIFIESTA A VER TENIDO UN CONFLICTO CON SU VECINO EL CUAL LE HIZO UN CORTE EN EL PECHO CON ARMA BLANCA ,NO REQUIERE ASISTENCIA MEDICA SE DIRIJE JUNTO A SU FAMILIAR SRA ABALIA TORNUA SE DIRIJE A RADICAR DENUNCIA ",-37.960832267007,-57.59605791562,2026,2,February,15,12,6,Domingo,True,Tarde (12-18),[],,OTRA / NO ESPECIFICADA,ARMA_FUEGO
2026-02-15 14:46:00,10015868931,AV COLON y Av Hector Tarantino,DISPAROS,DISPAROS,"LLAMANTE COMUNICA QUE HAY UN MASCULINO CON BUZO ROJO PRODUCIENDO DETONACIONES DE ARMA DE FUEGO, HACIA EL AIRE, VA OCN UNA MUJER",GENERAL PUEYRREDON,MAR DEL PLATA,-379581279986.0,-576396729992.0,NEGATIVO,"30151 EN EL LUGAR NEG DETONACIONES , NEG MASC CON DESCRIPCIONES APORTADAS ",-37.9581279986,-57.6396729992,2026,2,February,15,14,6,Domingo,True,Tarde (12-18),[],,OTRA / NO ESPECIFICADA,ARMA_FUEGO
2026-02-15 15:39:00,10015869109,TRINIDAD Y TOBAGO y Esteban Gascon,PEDIDO GENERICO DE AUXILIO,PGA,31616 A CARGO DE SARGENTO ARAGON INFORMA POSITIVO ARMA DE FUEGO REVOLVER CAL 38 LARGO NUMERACION 44921 MARCA RUBY. LO ENCUENTRA UNA MENOR DE EDAD. SE REALIZA ACTA DE SECUESTRO CORRESPONDIENTE ,GENERAL PUEYRREDON,MAR DEL PLATA,-379674409986.0,-576259339992.0,POSITIVO,0,-37.9674409986,-57.6259339992,2026,2,February,15,15,6,Domingo,True,Tarde (12-18),[],,OTRA / NO ESPECIFICADA,ARMA_FUEGO
2026-02-15 22:36:00,10015870927,PIÑACAL al 9284,VIOLENCIA,POR RAZONES DE GENERO,LLAMANTE REFIERE QUE SU EX PAREJA ESTA DROGADO Y ALCOHOLIZADO - NO TIENE ARMA DE FUEGO PERO SI CUCHILLO Y LA APUÑALÓ EN LA PANZA - TIENE CORTE DE MEDIANA PROFUNDIDAD - AHORA SE RETIRÓ DEL DOMICILIO - TIENE EL TECHO ABIERTO DE LA FINCA POR REFORMA Y PUEDE INGFRESAR NUEVAMENTE - SE LE APORTA LÍNEA 144 - AGUARDA RECURSO POLICIAL__TIENE 4 MENORES EN LA FINCA ,GENERAL PUEYRREDON,MAR DEL PLATA,-38024550017305.0,-5762467675385.0,POSITIVO,LLAMANTE INF QUE SE ENCUENTRA EN HEGUILOR 3344 - SE ENCUENTRA LASTIMADA EL MOVIL TRATA DE DAR CON EL DLIO-30705 INF QUE REALIZAN INTERVENCION DE GENERO -CORTES SUPERFICIALES - NO REQUIERE ASISTENCIA MEDICA -ARCE PAMELA ALEJADRA D 35163839 - NO IBA A RADICAR DIRIJE MAÑANA - MASCULINO ZARATE ISMAEL D 37731629 40 AÑOS DE EDAD - MIOVIL A CARGO SGTO SERRANO,-38.024550017305,-57.62467675385,2026,2,February,15,22,6,Domingo,True,Noche (18-24),[],,OTRA / NO ESPECIFICADA,ARMA_FUEGO
2026-02-16 07:14:00,10015872617,AV COLON y Estado De Israel,SOSPECHOSOS,EN VEHÍCULO,"LLAMANTE REFIERE QUE HAY DOS MASCULINOS CON MOTO 110 ROJA ENCAPUCHADOS  CON BUZO NEGRO CON UN ARMA DE FUEGO, SE FUERON EN CONTRAMANO POR SAN MARTIN- ",GENERAL PUEYRREDON,,-379811049985.0,-575943439992.0,POSITIVO,"23211 SRA MENDIOLAZ , REFIER DOS MASCULINOS EN UNA MOTO 110 L EXHIBEN ARMA Y LE SUSTAREN PERTENENCIAS. FEMENINA EN BUEN ESTADO, INV A RADICAR",-37.9811049985,-57.5943439992,2026,2,February,16,7,0,Lunes,False,Mañana (06-12),[],,OTRA / NO ESPECIFICADA,ARMA_FUEGO
2026-02-16 15:08:00,10015874054,3 DE FEBRERO al 10500,DISPAROS,PERSONAS,LLAMANTE COMUNICA QUE  EL VECINO ESTAN 4 PERSONAS  ESTAN TENFRENTANDOSE CON ARMA DE FUEGO ENTRE ELLOS NO HAY HERIDOS,GENERAL PUEYRREDON,,-379559519986.0,-576236319992.0,JTv,0,-37.9559519986,-57.6236319992,2026,2,February,16,15,0,Lunes,False,Tarde (12-18),[],,OTRA / NO ESPECIFICADA,ARMA_FUEGO
2026-02-16 19:36:00,10015875183,DE LOS INMIGRANTES al 1885,DISPAROS,DISPAROS,LLAMANTE REFIERE QUE LE ACABAN DE PEGAR UN DISPARO DE ARMA DE FUEGO A SU PERRO - NO VIO A NADIE ARMADO__CREE QUE EL ARMADO ES ALGUIEN QUE VIVE A LA VUELTA DE SU VIVENDA PORQUE NO TUVO TIEMPO DE FUGAR DEL LUGAR,GENERAL PUEYRREDON,MAR DEL PLATA,-38023326007075.0,-57598095483425.0,NEGATIVO,MOVIL 30549 INFORMA QUE ENTREVISTA CON LA SRA ESPINA SU PERRO ESTABA LECIONADO PERO NO PUEDE ASEGUR QUE FUE SU VECINO SE LE DAN LOS PASOS A S EGUIR ,-38.023326007075,-57.598095483425,2026,2,February,16,19,0,Lunes,False,Noche (18-24),[],,OTRA / NO ESPECIFICADA,ARMA_FUEGO
2026-02-16 20:00:00,10015875295,AV FELIX U CAMET al 5157,CARTA ORIGINAL,CON PRIORIDAD,LLAMANTE REFIERE QUE VENDEN DROGA MARIHUANA  LA CUAL SIEMBRAN Y TAMBIEN LA  TRAEN COLECTIVOS DE LINEA 563 AZUL Y LA VENDE OSCAR DAVID NUÑEZ Y NOEL NUÑEZ CON ARMA DE FUEGO Y ARMA BLANCA. LA DROGA LA VENDE DE MARTES A DOMINGO. DE 9 DE LA MAÑANA A 9 DE LA NOCHE VENDE LA DROGA USA DE PANTALLA GOMERIA. NO USAN VEHICULOS VENDEN EN EL LUGAR O A LA VUELTA LA DROGA__ESTAS PERSONAS TIENEN DESGUASADERO EN GOMERIA DONDE CORTA CON 4 O 5 AUTOS QUE LOS CORTAN Y LOS TIRAN ADENTRO DE LA PROPIEDAD ES GOMERIA ADEMAS TIENEN 5 DEPARTAMENTOS DONDE MANDA A ROBAR A LAS PERSONA DEL LUGAR .  HAY UNA FERRETERIA AL LADO QUE COMPRAN COSAS PARA DESGUASAR LOS AUTOS. . LOS VEHICULO EN LA GOMERIA LOS CORTANS DENTRO DEL LUGAR LE SACA TODAS LAS PARTES Y LAS VENDEN POR INTERNET NEGRA. LOS SUJETOS QUE LE ALQUILA LOS DEPARTAMENTOS SALEN A ROBAR POR TEJEDOR POR INDEPENDENCIA ROBAN NEUMATICOS QUE LE PIDEN LOS CLIENTES PARA GOMERIA .__SE ABASTECEN DE LA  LUZ QUE ESTA ENGANCHADA EN LA VEREDA.  TAMBIEN REFIERE QUE TRAE MUJERES DE BUENOS AIRES DE CONVENTILLOS TRAJO 5 O 6 MUJERES. EN CAMIONETAS O AUTOS POR RUTA 2. LES RETIENE LOS DOCUMENTOS LOS DOS SUJETOS QUE VENDEN LA DROGA CON LA MUJER HIJOS Y HERMANOS Y CUÑADOS.,GENERAL PUEYRREDON,,,,Telefonía Fija/Móvil,0,,,2026,2,February,16,20,0,Lunes,False,Noche (18-24),[],,OTRA / NO ESPECIFICADA,ARMA_FUEGO
2026-02-16 20:34:00,10015875464,AV FELIX U CAMET al 5157,DROGAS ILÍCITAS,VENTA/ELABORACIÓN,LLAMANTE REFIERE QUE VENDEN DROGA MARIHUANA  LA CUAL SIEMBRAN Y TAMBIEN LA  TRAEN COLECTIVOS DE LINEA 563 AZUL Y LA VENDE OSCAR DAVID NUÑEZ Y NOEL NUÑEZ CON ARMA DE FUEGO Y ARMA BLANCA. LA DROGA LA VENDE DE MARTES A DOMINGO. DE 9 DE LA MAÑANA A 9 DE LA NOCHE VENDE LA DROGA USA DE PANTALLA GOMERIA. NO USAN VEHICULOS VENDEN EN EL LUGAR O A LA VUELTA LA DROGA__ESTAS PERSONAS TIENEN DESGUASADERO EN GOMERIA DONDE CORTA CON 4 O 5 AUTOS QUE LOS CORTAN Y LOS TIRAN ADENTRO DE LA PROPIEDAD ES GOMERIA ADEMAS TIENEN 5 DEPARTAMENTOS DONDE MANDA A ROBAR A LAS PERSONA DEL LUGAR .  HAY UNA FERRETERIA AL LADO QUE COMPRAN COSAS PARA DESGUASAR LOS AUTOS. . LOS VEHICULO EN LA GOMERIA LOS CORTANS DENTRO DEL LUGAR LE SACA TODAS LAS PARTES Y LAS VENDEN POR INTERNET NEGRA. LOS SUJETOS QUE LE ALQUILA LOS DEPARTAMENTOS SALEN A ROBAR POR TEJEDOR POR INDEPENDENCIA ROBAN NEUMATICOS QUE LE PIDEN LOS CLIENTES PARA GOMERIA .__SE ABASTECEN DE LA  LUZ QUE ESTA ENGANCHADA EN LA VEREDA.  TAMBIEN REFIERE QUE TRAE MUJERES DE BUENOS AIRES DE CONVENTILLOS TRAJO 5 O 6 MUJERES. EN CAMIONETAS O AUTOS POR RUTA 2. LES RETIENE LOS DOCUMENTOS LOS DOS SUJETOS QUE VENDEN LA DROGA CON LA MUJER HIJOS Y HERMANOS Y CUÑADOS.,GENERAL PUEYRREDON,,,,V ACC-MC,0,,,2026,2,February,16,20,0,Lunes,False,Noche (18-24),[],,OTRA / NO ESPECIFICADA,ARMA_FUEGO
2026-02-16 20:38:00,10015875484,AV FELIX U CAMET al 5157,TRATA DE PERSONAS,DENUNCIA,LLAMANTE REFIERE QUE VENDEN DROGA MARIHUANA  LA CUAL SIEMBRAN Y TAMBIEN LA  TRAEN COLECTIVOS DE LINEA 563 AZUL Y LA VENDE OSCAR DAVID NUÑEZ Y NOEL NUÑEZ CON ARMA DE FUEGO Y ARMA BLANCA. LA DROGA LA VENDE DE MARTES A DOMINGO. DE 9 DE LA MAÑANA A 9 DE LA NOCHE VENDE LA DROGA USA DE PANTALLA GOMERIA. NO USAN VEHICULOS VENDEN EN EL LUGAR O A LA VUELTA LA DROGA__ESTAS PERSONAS TIENEN DESGUASADERO EN GOMERIA DONDE CORTA CON 4 O 5 AUTOS QUE LOS CORTAN Y LOS TIRAN ADENTRO DE LA PROPIEDAD ES GOMERIA ADEMAS TIENEN 5 DEPARTAMENTOS DONDE MANDA A ROBAR A LAS PERSONA DEL LUGAR .  HAY UNA FERRETERIA AL LADO QUE COMPRAN COSAS PARA DESGUASAR LOS AUTOS. . LOS VEHICULO EN LA GOMERIA LOS CORTANS DENTRO DEL LUGAR LE SACA TODAS LAS PARTES Y LAS VENDEN POR INTERNET NEGRA. LOS SUJETOS QUE LE ALQUILA LOS DEPARTAMENTOS SALEN A ROBAR POR TEJEDOR POR INDEPENDENCIA ROBAN NEUMATICOS QUE LE PIDEN LOS CLIENTES PARA GOMERIA .__SE ABASTECEN DE LA  LUZ QUE ESTA ENGANCHADA EN LA VEREDA.  TAMBIEN REFIERE QUE TRAE MUJERES DE BUENOS AIRES DE CONVENTILLOS TRAJO 5 O 6 MUJERES. EN CAMIONETAS O AUTOS POR RUTA 2. LES RETIENE LOS DOCUMENTOS LOS DOS SUJETOS QUE VENDEN LA DROGA CON LA MUJER HIJOS Y HERMANOS Y CUÑADOS.,GENERAL PUEYRREDON,,,,Analizado por ACC-MC,0,,,2026,2,February,16,20,0,Lunes,False,Noche (18-24),[],,OTRA / NO ESPECIFICADA,ARMA_FUEGO
2026-02-16 20:39:00,10015875488,AV FELIX U CAMET al 5157,DROGAS ILÍCITAS,VENTA/ELABORACIÓN,LLAMANTE REFIERE QUE VENDEN DROGA MARIHUANA  LA CUAL SIEMBRAN Y TAMBIEN LA  TRAEN COLECTIVOS DE LINEA 563 AZUL Y LA VENDE OSCAR DAVID NUÑEZ Y NOEL NUÑEZ CON ARMA DE FUEGO Y ARMA BLANCA. LA DROGA LA VENDE DE MARTES A DOMINGO. DE 9 DE LA MAÑANA A 9 DE LA NOCHE VENDE LA DROGA USA DE PANTALLA GOMERIA. NO USAN VEHICULOS VENDEN EN EL LUGAR O A LA VUELTA LA DROGA__ESTAS PERSONAS TIENEN DESGUASADERO EN GOMERIA DONDE CORTA CON 4 O 5 AUTOS QUE LOS CORTAN Y LOS TIRAN ADENTRO DE LA PROPIEDAD ES GOMERIA ADEMAS TIENEN 5 DEPARTAMENTOS DONDE MANDA A ROBAR A LAS PERSONA DEL LUGAR .  HAY UNA FERRETERIA AL LADO QUE COMPRAN COSAS PARA DESGUASAR LOS AUTOS. . LOS VEHICULO EN LA GOMERIA LOS CORTANS DENTRO DEL LUGAR LE SACA TODAS LAS PARTES Y LAS VENDEN POR INTERNET NEGRA. LOS SUJETOS QUE LE ALQUILA LOS DEPARTAMENTOS SALEN A ROBAR POR TEJEDOR POR INDEPENDENCIA ROBAN NEUMATICOS QUE LE PIDEN LOS CLIENTES PARA GOMERIA .__SE ABASTECEN DE LA  LUZ QUE ESTA ENGANCHADA EN LA VEREDA.  TAMBIEN REFIERE QUE TRAE MUJERES DE BUENOS AIRES DE CONVENTILLOS TRAJO 5 O 6 MUJERES. EN CAMIONETAS O AUTOS POR RUTA 2. LES RETIENE LOS DOCUMENTOS LOS DOS SUJETOS QUE VENDEN LA DROGA CON LA MUJER HIJOS Y HERMANOS Y CUÑADOS.,GENERAL PUEYRREDON,,,,REDERIVADO,0,,,2026,2,February,16,20,0,Lunes,False,Noche (18-24),[],,OTRA / NO ESPECIFICADA,ARMA_FUEGO
2026-02-17 00:27:00,10015876491,TERMAS DE RIO HONDO al 2521,EMERGENCIA DE SALUD,EMERGENCIA,"LLAMANTE REFIERE QUE UN JOVEN DE UNOS 20 AÑOS ESTA TENDIDO ALLI CON UN DISPARO DE ARMA DE FUEGO. NO SABE QUE PASO COMO LE OCURRIO, LO ENCONTRARON ALLI.- ",GENERAL PUEYRREDON,MAR DEL PLATA,-379806.0,-576026.0,V ACC-MC,0,-37.9806,-57.6026,2026,2,February,17,0,1,Martes,False,Madrugada (00-06),[],,OTRA / NO ESPECIFICADA,ARMA_FUEGO
2026-02-17 03:20:00,10015877126,BRASIL al 1616,VIOLENCIA,NO FAMILIAR,"LLAMANTE REFIERE QUE 4 PERSONAS EN DOS MOTOS LE MOSTRARON A UN ARMA DE FUEGO Y LO AMENAZARON, NO HAY HERIDOS. __UNA MOTO COLOR NEGRA, LA OTRO GRIS. ESTAN PASANDO NUEVAMENTE POR EL LUGAR",GENERAL PUEYRREDON,MAR DEL PLATA,-37967741383457.0,-57607672149487.0,NEGATIVO,22029 SR LEDESMA DOS MOTOS ENDURO Y 125 CON 4 MASCULINOS TODOS ENCAPUCHADOS LO APUNTAN NO LOGRAN COMETER ILICITO ,-37.967741383457,-57.607672149487,2026,2,February,17,3,1,Martes,False,Madrugada (00-06),[],,OTRA / NO ESPECIFICADA,ARMA_FUEGO
2026-02-17 22:16:00,10015880568,AV COLON y Bahia Blanca,VIOLENCIA,NO FAMILIAR,LLTE REF QUE SE PELEAN PERSONAS. ESTAN CON ARMA BLANCA Y CON ARMA DE FUEGO__NO RESPONDE SI HAY HERIDOS__REF QUE NO HAY POLICIAS EN EL CORSO,GENERAL PUEYRREDON,,-379836139985.0,-575893859992.0,POSITIVO,"30492 INFORMA LOGRAN RETIRARSE ELD LUGAR TOOS LOS MOVILES, AL MOMENTONEG DAÑOS NI HERIDOS",-37.9836139985,-57.5893859992,2026,2,February,17,22,1,Martes,False,Noche (18-24),[],,OTRA / NO ESPECIFICADA,ARMA_FUEGO
2026-02-17 22:25:00,10015880607,20 DE SEPTIEMBRE al 21,VIOLENCIA,POR RAZONES DE GENERO,"LLAMANTE REFIERE QUE UN VECINO QUE LA AMENAZO HACE UN TIEMPO POR TEMA DE UN PERRO, LE HABIA DICHO QUE TENIA UN ARMA DE FUEGO, QUE LE IBA A DISPARAR, QUE SABIA LOS HORARIOS EN LOS QUE SE MOVIAN. INDICA QUE EN SU MOMENTO HICIERON LA DENUNCIA.  INDICA QUE SALIO CON SU MADRE PARA LLEVARLAS AL PUNTO DE RETIRO DE RESTOS DE PODA PORQUE LA RETIRAN LOS MIERCOLES A LAS 7 AM. ESTE MASCULINO SALIO A AMENAZARLA Y LUEGO FUE HASTA LA PUERTA DE SU CASA DICIENDO QUE YA SABIA LO QUE LE IBA A PASAR.",GENERAL PUEYRREDON,MAR DEL PLATA,-3798079846201.0,-5754614712466.0,POSITIVO,"INF MOV 34840 EN EL LUGAR SE ENTREVISTA CON LA SRA SIVARRELLA DIANA DNI 32643598 TEL  2236687360, REFIERE QUE TIENE PROBLEMAS CON SU VECINO EL SR PAZ MARTIN, FEMENINA EN BUEN ESTADO, REFIERE LA MISMA DIRIGE A AMPLIAR LA DENUNCIA CONTRA EL SUJETO, A LA LLEGADA DEL PERSONAL NEGATIVO EL MASC APORTADO EN CARTA DE LLAMADO ",-37.98079846201,-57.54614712466,2026,2,February,17,22,1,Martes,False,Noche (18-24),[],,OTRA / NO ESPECIFICADA,ARMA_FUEGO
2026-02-18 02:32:00,10015881498,BAHIA AGRADABLE y Ruta 2 (P),ROBO AUTOMOTOR,MOTOS,"LLAMANTE REFIERE QUE ESTA DE GUARDIA EN LA BASE , EL VE DESDE EL PUESTO QUE LE QUIEREN ROBAR LA  MOTO A UN JOVEN, SON TRES EN MOTO ENDURO NEGRA SIN PATENTE Y SIN PLASTICO, UNO BAJO CON ARMA DE FUEGO VISTE  CHALECO BLANCO Y GORRA, LOS DEL PUESTO LE GRITAN  SE ASUSTARON DIERON UN DISPARO HACIA LA BASE MILITAR  Y SE VAN , SE METIERON AL BARRIO QUE ESTA FRENTE A LA BASE  , NO HERIDOS  . LA PERSONA DE LA MOTO CREE QUE ESTA BIEN. TRES EN UNA MOTO. CREE PARA EL BARRIO LIBERTAD ",GENERAL PUEYRREDON,MAR DEL PLATA,-37943.0,-575818.0,NEGATIVO,"30118 ENTREVISTADO SGTO ELLAL REFEIRE QUE EL DAMNIFICADO ESTABA EN GIKLERA SMASH 110 ROJA Y NEGRA Y LOS SEGUIA UNA MOTO 125 DESCACHADO CON 3 NN, EL DE ATRAS CON CHALECO BLANCO QUE SERIA EL ARMADO. DESDE EL PUESTO LE DAN LA VOZ DE ALTO Y ESTOS NN SE RETIRAN PARA EL LADO DEL BARRIO DOS DE ABRIL, Y LA VICTIMA SE RETIRA DEL LUGAR, NO LE TOMAN DATOS. ",-37.943,-57.5818,2026,2,February,18,2,2,Miércoles,False,Madrugada (00-06),[],,OTRA / NO ESPECIFICADA,ARMA_FUEGO
2026-02-18 10:15:00,10015882335,NESTOR ROMANO al 3291,DROGAS ILÍCITAS,VENTA/ELABORACIÓN,"LLTE REFIERE QUE UN MASC DE 60 AÑOS  APODADO  EL *GITANO* , VENDE MARIHUANA QUE SIEMBRA EN EL PATIO DE LA VIVENDA .__EL NN CREE QUE EST ARMADO CON CUCHILLO Y ARMA DE FUEGO__LA VENTA COMIENZA  DESDE LAS 12 HS HASTA LAS  22 HS. __TIENE UN AUTO BLANCO PERO NO SABE LA MARCA NI LA PATENTE  ",GENERAL PUEYRREDON,MAR DEL PLATA,-37943619710064.0,-57545635027236.0,VSup,0,-37.943619710064,-57.545635027236,2026,2,February,18,10,2,Miércoles,False,Mañana (06-12),[],,OTRA / NO ESPECIFICADA,ARMA_FUEGO
2026-02-18 20:54:00,10015884762,LA SERRANIA y DIAGONAL ,PEDIDO GENERICO DE AUXILIO,PGA,CRIA 14TA INF QUE RECIBE UN LLAMDO REFIERE QUE AL HERMANO DE LA LLAMANTE UN MASCULINO LO ESTA AMENAZANDO CON UN ARMA DE FUEGO ,GENERAL PUEYRREDON,,,,NEGATIVO,INF MOV QUE AL ARRIBO PANORAMA NORMAL - ENTREVISTA - GOROSITO JOSE LUIS INVITADO A RADICAR ,,,2026,2,February,18,20,2,Miércoles,False,Noche (18-24),[],,OTRA / NO ESPECIFICADA,ARMA_FUEGO
2026-02-18 22:59:00,10015885250,ENEAS CALABRESE al 3125,DISPAROS,DISPAROS,EL LLAMANTE REFIERE QUE  ESTUVIERON TIRANDO TIROS A UNA CASA. HAY UN HERIDO DE ARMA DE FUEGO. Y SE SUBIERON A UN VOLKSWAGEN BORA PLATEADO. PATENTE NO VIO. NO SABE PARA DONDE SE FUERON. ,GENERAL PUEYRREDON,MAR DEL PLATA,-37943218885494.0,-57550022682672.0,V ACC-MC,0,-37.943218885494,-57.550022682672,2026,2,February,18,22,2,Miércoles,False,Noche (18-24),[],,VOLKSWAGEN,ARMA_FUEGO
2026-02-19 00:55:00,10015885719,PJE VENEZUELA al 60,INCENDIO,EN INTERIOR," LLAMANTE INFORMA  HAY UNA FEMENINA  LLAMADA JOSEFINA DIAZ, QUE EFECTUA DETONACIONES  DE ARMA DE FUEGO HACIA UN EDIFICIO Y AHORA PRENDIO FUEGO UN DEPARTAMENTO,  CREE QUE HAY HERIDOS__ LA FEMENINA TIENE APROX 17/18 AÑOS,   NO SABE  DESCRIPCIONES, NO SABE MAS DATOS",GENERAL PUEYRREDON,MAR DEL PLATA,-37950149142639.0,-57607667319139.0,Telefonía Fija/Móvil,0,-37.950149142639,-57.607667319139,2026,2,February,19,0,3,Jueves,False,Madrugada (00-06),[],,OTRA / NO ESPECIFICADA,ARMA_FUEGO
2026-02-19 01:01:00,10015885741,AV DR ALIO y Falucho,DISPAROS,DISPAROS," LLAMANTE INFORMA ESTAN TIRANDO PIEDRAS A LA CASA DE SU VECINA, Y ESTAN EFECTUANDO DETONACIONES DE ARMA DE FUEGO, NO SABEIS HAY HERIDOS__ NO SABE MAS DATOS, NO VE NADA",GENERAL PUEYRREDON,MAR DEL PLATA,-379806619985.0,-575997669992.0,NEGATIVO,PIGINI MARCELA LA SRA LE GRITO A LOS MASC QUE ESTABAN COMETIENDO ILICITO Y  SE VAN DEL LUGAR LUEGO VUELVEN Y LE TIRAN PIEDRAS A LA CASA AL ARRIBO NO ESTABAN LOS MASC ,-37.9806619985,-57.5997669992,2026,2,February,19,1,3,Jueves,False,Madrugada (00-06),[],,OTRA / NO ESPECIFICADA,ARMA_FUEGO
2026-02-19 05:13:00,10015886429,TRIPULANTES DEL FOURNIER al 8671,DISPAROS,DISPAROS,"LLAMANTE INFORMA ESCUCHA DETONACIONES DE ARMA DE FUEGO Y  A UN MASCULINO QUE GRITA QUE ESTA HERIDO, QUE SE ESTA MURIENDO NO VE NADA DONDE ESTA ",GENERAL PUEYRREDON,MAR DEL PLATA,-380153.0,-576036.0,REDERIVADO,0,-38.0153,-57.6036,2026,2,February,19,5,3,Jueves,False,Madrugada (00-06),[],,OTRA / NO ESPECIFICADA,ARMA_FUEGO
2026-02-20 01:24:00,10015890181,NICARAGUA y 11 De Septiembre,DISPAROS,DISPAROS," LLAMANTE INFORMA  ESTAN EFECTUANDO DETONACIONES DE ARMA DE FUEGO , NO VE NADA DESDE DONDE ESTA__ NO SABE SI HAY HERIDOS",GENERAL PUEYRREDON,MAR DEL PLATA,-379541729986.0,-576249799992.0,NEGATIVO,30151 RECORRIDA NEG DETONACIONES,-37.9541729986,-57.6249799992,2026,2,February,20,1,4,Viernes,False,Madrugada (00-06),[],,OTRA / NO ESPECIFICADA,ARMA_FUEGO
2026-02-20 11:06:00,10015891344,PRIMERA JUNTA al 7628,INTEGRIDAD A LA VIDA,AMENAZA DE MUERTE,"LLTE REFIERE QUE 5 NN  APEDREARON SU VIVIENDA,  PASARON EN AUTO  GOL BLANCO __UNO DE LOS  NN SE PRESENTA ARMADO CON ARMA DE FUEGO Y AMENAZO A LA MUJER DEL LLTE ",GENERAL PUEYRREDON,MAR DEL PLATA,-37988178823323.0,-57609170836113.0,POSITIVO,"MOVIL INFORMA SR OTERO EL LLTE , UN SOCIO ALBAÑIL, SR BALTAZAR GOÑI, CHEVOLET ONIX BLANCO , EL NN ARMADO AMENAZA CON REVOLVER, POR LA DEUDA DE UN DINERO, INDICADOS LOS PASOS A SEGUIR",-37.988178823323,-57.609170836113,2026,2,February,20,11,4,Viernes,False,Mañana (06-12),[],,OTRA / NO ESPECIFICADA,ARMA_FUEGO
2026-02-20 22:11:00,10015894015,RODRIGUEZ PEÑA al 3552,VIOLENCIA,NO FAMILIAR,"LLAMANTE REFIERE QUE UNA PERSONA UN MASCULINO, ESTA AGRESIVO NO SE QUIERE IR DE LA CASA, NO HABRIA HERIDOS, LA POLICIA LE SACO UN ARMA DE FUEGO. INDICA QUE EL MOVIL AUN ESTA ALLI, QUE NO SE LO ESTAN LLEVANDO QUE QUIERE QUE LO SAQUEN DEL LUGAR LOS EFECTIVOS ESTAN EN LA ESQUINA.-  ",GENERAL PUEYRREDON,MAR DEL PLATA,-38008135236165.0,-57567534865987.0,POSITIVO,MOVIL 34839 PLGIN MARIA  SE LE DEN LAS PARTER ASEGUIR SE REALIZA UN HALLAZGO EN LA VEREDA DE UN ARMA TIPO REVOLVER CON LA NUMERACION SUPRIMIDA EL MASCULINO ESTE VIVIRIA EN EL PSO DE AARIBA ,-38.008135236165,-57.567534865987,2026,2,February,20,22,4,Viernes,False,Noche (18-24),[],,OTRA / NO ESPECIFICADA,ARMA_FUEGO
2026-02-20 23:42:00,10015894384,RODRIGUEZ PEÑA al 3552,DISPAROS,PERSONAS,LA LLAMANTE REFIERE QUE LE TIRARON TIROS A UN MASCULINO. PASO UN MASCULINO Y LE TIRO. ESTA HERIDO DE ARMA DE FUEGO.  NO SABE DONDE ESTA HERIDO. ,GENERAL PUEYRREDON,MAR DEL PLATA,-38008135236165.0,-57567534865987.0,V ACC-MC,0,-38.008135236165,-57.567534865987,2026,2,February,20,23,4,Viernes,False,Noche (18-24),[],,OTRA / NO ESPECIFICADA,ARMA_FUEGO
2026-02-21 10:38:00,10015896053,JUANA AZURDUY al 1719,DISPAROS,DISPAROS,LLAMANTE COMUNICA QUE  VARIAS PERSONAS ESTAN PRODUCIENDO DISPAROS DE ARMA DE FUEGO HACIA LAS VIVIENDAS NO DICE CUANTOS SON__DICE QUE YA LLAMO__NO HAY HERIDOS,GENERAL PUEYRREDON,MAR DEL PLATA,-37998832836.0,-57627456540255.0,NEGATIVO,"EN EL LUGAR NEGATIVO DISPAROS, NADIE ENTREVISTA ",-37.998832836,-57.627456540255,2026,2,February,21,10,5,Sábado,True,Mañana (06-12),[],,OTRA / NO ESPECIFICADA,ARMA_FUEGO
2026-02-21 22:27:00,10015898911,REFORMA UNIVERSITARIA al 3600,VIOLENCIA,NO FAMILIAR,LLTE MANIFIESTA QUE UN VECINO ENTRO CON UN ARMA A LA CASA PARA SACAR AL HERMANO- CON ARMA DE FUEGO - ,GENERAL PUEYRREDON,,,,NEGATIVO,"MOVIL ENTREIVSTA CON LA SRA SUAREZ, REFIERE QUE SU HIJO TIENE PROLEMAS DE ADICCIONES Y DISCUTIO CON EL VEICNO, NEGATIVO ARMAS",,,2026,2,February,21,22,5,Sábado,True,Noche (18-24),[],,OTRA / NO ESPECIFICADA,ARMA_FUEGO
2026-02-21 23:15:00,10015899156,JAURETCHE al 249,DISPAROS,DISPAROS,LLAMANTE REFIERE QUE EN EL LUGAR HAY TRES MASCULINOS EN MOTO EFECTUANDO DISPAROS DE ARMA DE FUEGO __LLAMANTE E ENCUENTRA EN UN CUMPLENÑOS DE NIÑO,GENERAL PUEYRREDON,MAR DEL PLATA,-37993500564553.0,-57609311434514.0,V ACC-MC,0,-37.993500564553,-57.609311434514,2026,2,February,21,23,5,Sábado,True,Noche (18-24),[],,OTRA / NO ESPECIFICADA,ARMA_FUEGO
2026-02-22 01:40:00,10015900024,FALUCHO y Ciudad De Rosario,ROBO,VÍA PÚBLICA,"LLTE REF QUE VIERON A 4 NN ESCONDIDOS EN UN ARBOL__UNO CON ARMA DE FUEGO, CREE QUE ROBANDO __ESTAN ENCAPUCHADOS DE NEGRO  Y UNO DE ELLOS DE ROJO ",GENERAL PUEYRREDON,MAR DEL PLATA,-379669329986.0,-576269139992.0,POSITIVO,INF MOV 30151 REFIERE IDENTIFICADOS LOS SUJETOS E INVITADOS A RETIRARSE,-37.9669329986,-57.6269139992,2026,2,February,22,1,6,Domingo,True,Madrugada (00-06),[],,OTRA / NO ESPECIFICADA,ARMA_FUEGO
2026-02-22 05:20:00,10015901044,AYOLAS y REFORMA UNIVERSITARIA,ROBO,VÍA PÚBLICA,"EN PROCESO__LLAMANTE REFIERE QUE HAY UNOS MASCULINOS QUE QUISIERON ROBAR A OTRO MASCULINO Y FUERON A CONFRONTAR, SON 5 O 6 MASCULINOS CON ARMA DE FUEGO, NO HAY HERIDOS, SE FUERON PARA EL LADO DE ORTIZ DE ZARATE Y REFORMA A PIE.  NO SABE DESCRIPCION, UNO O DOS TIENEN GORRAS PERO DESCONOCE MAS DESCRIPCION. ",GENERAL PUEYRREDON,,-380071009985.0,-575973579992.0,NEGATIVO,30889 INF A LA RECORRIDA NEGATIVO GENTE EN VIA PUBLICA-  NADIE ENTREVISTA CON EL PERSONAL POLICIAL ,-38.0071009985,-57.5973579992,2026,2,February,22,5,6,Domingo,True,Madrugada (00-06),[],,OTRA / NO ESPECIFICADA,ARMA_FUEGO
2026-02-22 13:02:00,10015902274,CHE GUEVARA al 1768,EMERGENCIA DE SALUD,EMERGENCIA,"LLAMANTE MENCIONA QUE HAY UN HERIDO DE ARMA DE FUEGO, DICE QUE ES SU VECINO, NO SABE SI  SE DISPARO EL O FUE UN ACCIDENTE ",GENERAL PUEYRREDON,MAR DEL PLATA,-37997878445963.0,-57629584048982.0,Analizado por ACC-MC,0,-37.997878445963,-57.629584048982,2026,2,February,22,13,6,Domingo,True,Tarde (12-18),[],,OTRA / NO ESPECIFICADA,ARMA_FUEGO
2026-02-22 13:10:00,10015902299,CHE GUEVARA al 1768,EMERGENCIA DE SALUD,EMERGENCIA,"LALMANTE COMUNCIA QUE HAY UN CHICO, DE UNOS 20 AÑSO ESTA CON UN DISPARO DE ARMA DE FUEGO EN LA CABEZA, NO SABE QUE PASO, DICE QUE FUERON A BUSCARLO Y LO ENCONTRARON TIRADO",GENERAL PUEYRREDON,MAR DEL PLATA,-37997878445963.0,-57629584048982.0,V ACC-MC,0,-37.997878445963,-57.629584048982,2026,2,February,22,13,6,Domingo,True,Tarde (12-18),[],,OTRA / NO ESPECIFICADA,ARMA_FUEGO
2026-02-22 15:16:00,10015902744,TRIUNVIRATO al 2934,EXTORSION,INTIMIDACIÓN,"REFIERE UN MASC QUE VIO AYER LUEGO DE UN AÑO LA   ACUSA DE ROABARLE  40 MIL PESOS .-  LE ENVIA VIDEOS CON UN ARMA DE FUEGO, CREE   22 , AMENAZANDO CON IR A  TIROTEARLE LA VIVIENDA SI NO APARECE EL DINERO PARA LAS 4 DE LA TARDE .- __MASC VIVE  EN FLEMING Y PUAN .- ",GENERAL PUEYRREDON,MAR DEL PLATA,-380561881808.0,-575725931309.0,Telefonía Fija/Móvil,0,-38.0561881808,-57.5725931309,2026,2,February,22,15,6,Domingo,True,Tarde (12-18),[],,OTRA / NO ESPECIFICADA,ARMA_FUEGO
2026-02-22 15:39:00,10015902831,TRIUNVIRATO al 2934,EXTORSION,INTIMIDACIÓN,"REFIERE AYER TUVO UN ENCUENTRO CON UN MASC QUE NO VEIA LUEGO DE UN AÑO, CUANDO SE LEVANTO HOY A LA MAÑANA SE FUE DE LA CASA   ACUSANDOLA DE ROBARLE 40.000 PESOS QUE ÉL TENIA EN EL BOLSILLO.__AHORA EL SUJETO  LE ENVIA VIDEOS CON UN ARMA DE FUEGO ,  AMENAZANDOLA  CON IR A TIROTEARLE LA VIVIENDA.__ESTE SUJETO SE LLAMA EZEQUIEL OLMOS , ANDA EN UNA MOTO MONDIAL 110 ROJO Y OTRA MOTO NEGRA MONDIAL  __MASC 29 AÑOS DE EDAD ES ALTO MOROCHO , PELO CON CLARITOS,  VIVE BARRIO NUEVO GOLF  FLEEMING Y PUAN EN UNA CASA AL FONDO. LA LLAMA DESDE EL 02235131788",GENERAL PUEYRREDON,MAR DEL PLATA,-380561881808.0,-575725931309.0,Telefonía Fija/Móvil,0,-38.0561881808,-57.5725931309,2026,2,February,22,15,6,Domingo,True,Tarde (12-18),[],,MONDIAL,ARMA_FUEGO
2026-02-22 16:52:00,10015903154,BLVD MARITIMO PATRICIO PERALTA RAMOS al 1935,VIOLENCIA,FAMILIAR,LLAMANTE REFIERE QUE LA PAREJA DE SU NOVIA CON ARMA DE FUEGO NO LO DEJA SALIR DEL DEPARTAMENTO DE ELLA. LLAMANTE ESTA EN LA PUERTA DEL LADO DE ADENTRO.,GENERAL PUEYRREDON,MAR DEL PLATA,-38001305187708.0,-57541685809211.0,NEGATIVO,33926- ENTREVISTADO CASASELI LORENA RECIDENTE- NEGATUVO LLAMANTE - NEGATIVO CONFLCTO EN EL LUGAR - PERSONA DEL EDIFICIO BASTANTE GRANDE - LA UNICA PERSONA QUE ENTREVISTADO - SE CONSTATO LLAMANTE INT 54277 VARIAS VECES NADIE CONTESTA - ,-38.001305187708,-57.541685809211,2026,2,February,22,16,6,Domingo,True,Tarde (12-18),[],,OTRA / NO ESPECIFICADA,ARMA_FUEGO
2026-02-22 19:36:00,10015903849,25 DE MAYO al 5559,VIOLENCIA,FAMILIAR,LLTE SOLICITA PATRULLERO YA QUE HAY UNA FEMENINA ABAJO DEL EDIFICIO ARMADA CON ARMA DE FUEGO 9MM- VESTIDA CON REMERA BLANCA CON UN DIBUJO- CALZA NEGRA Y ZAPATILLAS BLANCAS- ESTARIA  CON DOS MENORES- Y ESTA BUSCANDO PELEA CON LA LLTE Y EL HERMANO- ,GENERAL PUEYRREDON,MAR DEL PLATA,-379827.0,-575754.0,NEGATIVO,30584 EN EL LUGAR NO DA CON LA FEMENINA EN CUESTION Y NAIDE ENTREVISAT SE INTENTA COMUNCIACION INTERNO 54278 NO RESPONDE ,-37.9827,-57.5754,2026,2,February,22,19,6,Domingo,True,Noche (18-24),[],,OTRA / NO ESPECIFICADA,ARMA_FUEGO
2026-02-22 22:20:00,10015904705,BERUTI y TANDIL,PEDIDO GENERICO DE AUXILIO,PGA,"MOVIL RO 32033, STTE VICENTE__BERUTI Y GERONIMO COSTA__PERSONAL POLICIAL INFORMA QUE MIENTRAS REALIZABAN RECORRIDAS PERIODICAS EN PREVENCION, OBSERVAN A  CUATRO PERSONAS EN UN TERRENO BALDIO, Y DEBIDO A LO PARTICULAR DE LA SITUACION, SE PROCEDE A LA  IDENTIFICACION DE LOS MISMOS, AL MOMENTO DE REQUISAR LA MOCHILA DE LA UNICA FEMENINA PRESENTE ES QUE SE ENCUENTRA LO QUE APARENTEMENTE ES UN ARMA DE FUEGO, AL VISUALIZAR EL OBJETO, ESTO SE CONFIRMA, SE TRATA DE UN PISTOLON MARCA  REXIO, NRO DE SERIE 4205, COLOR GRIS  CROMADO, CON CACHAS DE MADERA ,APARENTEMENTE CAL 16, Y ENTRE OTRAS PERTENENCIAS VARIAS TAMBIEN SE OBSERVA LO QUE PRODIA SER ALGUN TIPO DE ESTUPEFACIENTE. LAS PERSONAS MENCIONADAS SE IDENTIFICAN COMO: EL SR RIVERO GABRIEL , DNI NRO 40.070.212, DE 17 AÑOS DE EDAD, LA SRA SEQUEIRA VANESA, DE 43 AÑOS DE EDAD, DNI NRO  29.495.481, EL SR DIAZ WALTER, DE 39 AÑOS DE EDAD, DNI NRO 32.604.136, Y EL SR FERNANDEZ VICTOR, DE 41 AÑOS DE EDAD, DNI NRO 31.825.538, SE MANTIENE COMUNICACION CON UFI DE FLAGRANCIAS, A CARGO DE LA DRA DR VICENTE, QUIEN DISPONE SE LABREN ACTUACIONES POR  PORTACION ILEGAL DE ARMA DE FUEGO DE USO CIVIL, PARA CON LA SRA SEQUEIRA, EL RESTO DE LAS PERSONAS CURSADAS POR CAPA INFORMATICA NO ARROJAN IMPEDIMENTO ALGUNO.-",GENERAL PUEYRREDON,MAR DEL PLATA,-379583179985.0,-575944319992.0,POSITIVO,"MOVIL RO 32033, STTE VICENTE__BERUTI Y MARIANO ACOSTA__PERSONAL POLICIAL INFORMA QUE MIENTRAS REALIZABAN RECORRIDAS PERIODICAS EN PREVENCION, OBSERVAN A  CUATRO PERSONAS EN UN TERRENO BALDIO, Y DEBIDO A LO PARTICULAR DE LA SITUACION, SE PROCEDE A LA  IDENTIFICACION DE LOS MISMOS, AL MOMENTO DE REQUISAR LA MOCHILA DE LA UNICA FEMENINA PRESENTE ES QUE SE ENCUENTRA LO QUE APARENTEMENTE ES UN ARMA DE FUEGO, AL VISUALIZAR EL OBJETO, ESTO SE CONFIRMA, SE TRATA DE UN PISTOLON MARCA  REXIO, NRO DE SERIE 4205, COLOR GRIS  CROMADO, CON CACHAS DE MADERA ,APARENTEMENTE CAL 16, Y ENTRE OTRAS PERTENENCIAS VARIAS TAMBIEN SE OBSERVA LO QUE PRODIA SER ALGUN TIPO DE ESTUPEFACIENTE. LAS PERSONAS MENCIONADAS SE IDENTIFICAN COMO: EL SR RIVERO GABRIEL , DNI NRO 40.070.212, DE 17 AÑOS DE EDAD, LA SRA SEQUEIRA VANESA, DE 43 AÑOS DE EDAD, DNI NRO  29.495.481, EL SR DIAZ WALTER, DE 39 AÑOS DE EDAD, DNI NRO 32.604.136, Y EL SR FERNANDEZ VICTOR, DE 41 AÑOS DE EDAD, DNI NRO 31.825.538, SE MANTIENE COMUNICACION CON UFI DE FLAGRANCIAS, A CARGO DE LA DRA DR VICENTE, QUIEN DISPONE SE LABREN ACTUACIONES POR  PORTACION ILEGAL DE ARMA DE FUEGO DE USO CIVIL, PARA CON LA SRA SEQUEIRA, EL RESTO DE LAS PERSONAS CURSADAS POR CAPA INFORMATICA NO ARROJAN IMPEDIMENTO ALGUNO.-",-37.9583179985,-57.5944319992,2026,2,February,22,22,6,Domingo,True,Noche (18-24),[],,OTRA / NO ESPECIFICADA,ARMA_FUEGO
2026-02-23 01:59:00,10015905670,BELGRANO y Corrientes,SOSPECHOSOS,PERSONA EXTRAÑA,"LLAMANTE REFIERE QUE HAY 3 MASCULINOS SENTADOS EN LA MESA DE AFUERA DEL CAFE  CON UNA FEMENINA ARMADOS CON ARMA DE FUEGO EN LA CINTURA, UN MASCULINO  CON BUZO BLANCO Y OTRO BUZO NEGRO CON VICERA NEGRA Y BLANCA. ",GENERAL PUEYRREDON,,-380025639984.0,-575451729992.0,POSITIVO,34899 INF IDENTIFICADO A LOS 4 NN EN LUGAR NEGATIVO ARMA DE FUEGO ,-38.0025639984,-57.5451729992,2026,2,February,23,1,0,Lunes,False,Madrugada (00-06),[],,OTRA / NO ESPECIFICADA,ARMA_FUEGO
2026-02-23 02:11:00,10015905699,AV JUAN B JUSTO y SAN CAYETANO,PEDIDO GENERICO DE AUXILIO,PGA,"DESTACAMENTO HIGA, STTE VARGAS__DENTRO DEL PREDIO DEL HIGA__PERSONAL POLICIAL INFORMA QUE ES ALERTADO POR UN TRANSEUNTE QUE REFIERE QUE OBSERVA A UN MASCULINO ARMADO CON UNA ESCOPETA INGRESANDO DENTRO DE UN SECTOR QUE SE ENCUENTRO EN CONSTRUCCION, EN EL PREDIO DEL HOSPITAL, AL APERSONARSE EN EL SITIO MENCIONADO SE CONSTATA LA PRESENCIA DE UN SUJETO NN, QUIEN SE IDENTIFICA COMO CABOT MARTIN, DE 29 AÑOS DE EDAD, DNI NRO 40944877, QUIEN ES CURSADO POR CAPA INFORMATICA, ARROJANDO RESULTADO NEGATIVO, SE REALIZA UNA INSPECCION PREVENTIVA SOBRE UNA MOCHILA QUE SE ENCONTRABA EN PODER DEL MASCULINO, ENCONTRANDOSE EN SU INTERIOR UN ARMA DE FUEGO IMPROPIA, SIMIL ESCOPETA, POR LO QUE  SE MANTIENE COMUNICACION CON LA UFI DE FLAGRANCIAS, A CARGO DEL DR VICENTI, QUIEN DISPONE SE LABREN ACTUACIONES POR  PORTACION ILEGAL DE ARMA DE GUERRA Y PORTERIOR TRASLADO A LA UP 44.-________",GENERAL PUEYRREDON,MAR DEL PLATA,-379963589985.0,-576010869992.0,POSITIVO,"DESTACAMENTO HIGA, STTE VARGAS__DENTRO DEL PREDIO DEL HIGA__PERSONAL POLICIAL INFORMA QUE ES ALERTADO POR UN TRANSEUNTE QUE REFIERE QUE OBSERVA A UN MASCULINO ARMADO CON UNA ESCOPETA INGRESANDO DENTRO DE UN SECTOR QUE SE ENCUENTRO EN CONSTRUCCION, EN EL PREDIO DEL HOSPITAL, AL APERSONARSE EN EL SITIO MENCIONADO SE CONSTATA LA PRESENCIA DE UN SUJETO NN, QUIEN SE IDENTIFICA COMO CABOT MARTIN, DE 29 AÑOS DE EDAD, DNI NRO 40944877, QUIEN ES CURSADO POR CAPA INFORMATICA, ARROJANDO RESULTADO NEGATIVO, SE REALIZA UNA INSPECCION PREVENTIVA SOBRE UNA MOCHILA QUE SE ENCONTRABA EN PODER DEL MASCULINO, ENCONTRANDOSE EN SU INTERIOR UN ARMA DE FUEGO IMPROPIA, SIMIL ESCOPETA, POR LO QUE  SE MANTIENE COMUNICACION CON LA UFI DE FLAGRANCIAS, A CARGO DEL DR VICENTI, QUIEN DISPONE SE LABREN ACTUACIONES POR  PORTACION ILEGAL DE ARMA DE GUERRA Y PORTERIOR TRASLADO A LA UP 44.-________",-37.9963589985,-57.6010869992,2026,2,February,23,2,0,Lunes,False,Madrugada (00-06),[],,OTRA / NO ESPECIFICADA,ARMA_FUEGO
2026-02-23 04:36:00,10015906019,CALLE 16 y CALLE 7,DISPAROS,PERSONAS,"LLAMANTE REFIERE QUE  HAY UN MASCULINO CON UN ARMA DE FUEGO EFECTUANDO DISPAROS ,  LE EFECTUO UN DISPARO AL LLAMANTE , NO ESTA HERIDO, EL AGRESOR ESTA ENCAPUCHADO ANDA CON MULETAS ",GENERAL PUEYRREDON,,,,V ACC-MC,0,,,2026,2,February,23,4,0,Lunes,False,Madrugada (00-06),[],,OTRA / NO ESPECIFICADA,ARMA_FUEGO
2026-02-23 09:34:00,10015906548,HARAS FIRMAMENTO y El Alazan,DROGAS ILÍCITAS,VENTA/ELABORACIÓN,"REFIERE MASC GASTON CREE APELLIDO TAPIA , CABELLO NEGRO , ESTATURA BAJA , ROBUSTO .- SUELO HABER 4/5 PERSONAS MAS __VENDEN  DROGA ,  COCAINA, EN LA PLAZA .- SE DEDICA  A LA  ACTIVIDAD  HACE 2/3 AÑOS , TODOS LOS DIAS A PARTIR DE LA TARDECITA .- __MASC POSEE ARMA DE FUEGO .- __SE MOVILIZA EN UN CORSA  DORADO PATENTE IGNORA Y MOTO 110 MARCA PATENTE IGNORA .- __ANOCHE UN MASC PASO POR EL LUGAR Y EFECTUARON UN DISPARO.- EL MASC NO RESULTO HERIDO ",GENERAL PUEYRREDON,,-379612399986.0,-576531139992.0,VSup,0,-37.9612399986,-57.6531139992,2026,2,February,23,9,0,Lunes,False,Mañana (06-12),[],,OTRA / NO ESPECIFICADA,ARMA_FUEGO
2026-02-23 18:16:00,10015908320,RIVADAVIA al 9276,VIOLENCIA,FAMILIAR,SU NOVIA LO QUIERE MATAR. LE ABRIO LA CABEZA. NECESITA AMBULANCIA. ESTA ARMADA CON CUCHILLA Y UN ARMA DE FUEGO. ,GENERAL PUEYRREDON,MAR DEL PLATA,-37966297709256.0,-57614590185569.0,Telefonía Fija/Móvil,0,-37.966297709256,-57.614590185569,2026,2,February,23,18,0,Lunes,False,Noche (18-24),[],,OTRA / NO ESPECIFICADA,ARMA_FUEGO
2026-02-23 19:17:00,10015908587,PADRE CARDIEL al 8081,DROGAS ILÍCITAS,VENTA/ELABORACIÓN,"LLAMANTE REFIERE QUE HAY UN BUNKER DE DROGAS, PAOLA AGUADA VENDE DORGAS AHI Y EN LA PANADERIA DE BERUTI Y 188, VENDEN COCAINA AL POR MAYOR A CAMIONES QUE TRASLADAS A FELIX U CAMET Y SANTA CLARA. TIENE ARMA DE FUEGO Y ARMAS BLANCAS. VENDE DE LUNES A LUNES DE 8 A 20 HS. TRASLADA LA COCAINA EN CAMIONES DE PAN. ",GENERAL PUEYRREDON,MAR DEL PLATA,-37954667433566.0,-57588386562285.0,VSup,0,-37.954667433566,-57.588386562285,2026,2,February,23,19,0,Lunes,False,Noche (18-24),[],,OTRA / NO ESPECIFICADA,ARMA_FUEGO
2026-02-23 20:44:00,10015908909,AV JARA y San Lorenzo,SOSPECHOSOS,PERSONA EXTRAÑA,"LLAMANTE REFIERE QUE HAY DOS MENORES ARMADOS EN LA VIA PUBLICA, UNO TIENE APARENTEMENTE UN ARMA DE FUEGO 9 MM. UNO TIENE UNA CAMPERA DE ALVARADO 2021. CIRCULAN SENTIDO HACIA EL CLUB ALVARADO, HACIA JUAN B JUSTO",GENERAL PUEYRREDON,MAR DEL PLATA,-379992027283.0,-575807762146.0,NEGATIVO,34844 NEG LOS NN CON ESA DESCRIPCION,-37.9992027283,-57.5807762146,2026,2,February,23,20,0,Lunes,False,Noche (18-24),[],,OTRA / NO ESPECIFICADA,ARMA_FUEGO
2026-02-23 21:56:00,10015909163,MORENO al 2500,VIOLENCIA,NO FAMILIAR,LLAMANTE REFIERE QUE HAY 4 CUIDACOCHES VIOLENTOS -   - CONFRONTAN ENTRE ELLOS - CREE VAN A PUÑALARSE CON UNA BOTELLA ROTA - UNO DE REMERA AMARILLA ESCAPA POR MORENO HACIA LA COSTA__NO VIO ARMA DE FUEGO - NO SABE SI HAY HERIDOS ,GENERAL PUEYRREDON,MAR DEL PLATA,-38002349441499.0,-57547804230883.0,NEGATIVO,"34842 A LA RECORRIDA PANORAMA NORMAL, NEG PERSONAS CON LAS DESCRIPCIONES APORTADAS",-38.002349441499,-57.547804230883,2026,2,February,23,21,0,Lunes,False,Noche (18-24),[],,OTRA / NO ESPECIFICADA,ARMA_FUEGO
2026-02-23 22:14:00,10015909230,AV CONSTITUCION al 7344,ROBO,VÍA PÚBLICA,"LLAMANTE REFIERE QUE A UN CHICO LE ROBARON LA BICICLETA Y PERTENENCIAS DENTRAS DE EASY, ESTA HERIDO EN ROSTRO, ERA UNO CON ARMA DE FUEGO. SE FUE HACIA 180 POR DE LA RUTA",GENERAL PUEYRREDON,MAR DEL PLATA,-37953681060517.0,-57577059351852.0,Telefonía Fija/Móvil,0,-37.953681060517,-57.577059351852,2026,2,February,23,22,0,Lunes,False,Noche (18-24),[],,OTRA / NO ESPECIFICADA,ARMA_FUEGO
2026-02-23 22:34:00,10015909305,REP ARABE SIRIA al 1861,DISPAROS,DISPAROS,"LLAMANTE REFIERE QUE ESTAN TIIRANDO PIEDRAS HACIA EL DOCMILIO, Y EFECTUARO DISPAROS DE ARMA DE FUEGO EN LA ESQUINA",GENERAL PUEYRREDON,MAR DEL PLATA,-37966670638817.0,-57615218465947.0,NEGATIVO,"30109 ENTREVISTADA SASIF VANESA, MANIFIESTA QUE ISULIZA A UNOS MASCULINOS QUE LE ARROJAN ELEMENTOS CONTUNDENTES AL PORTON DE SU CASA, REFIERIE QUE LO HICIEORN VARIAS VECES, INDICADA PASOS A SEGUIR",-37.966670638817,-57.615218465947,2026,2,February,23,22,0,Lunes,False,Noche (18-24),[],,OTRA / NO ESPECIFICADA,ARMA_FUEGO
2026-02-23 22:36:00,10015909311,GRAL PIRAN al 115,VIOLENCIA,NO FAMILIAR,LLAMANTE REFIERE QUE REQUIERE MOVIL HAY UN HOMBRE CON ARMA DE FUEGO EN EL LUGAR EXHIBIENDOLA,GENERAL PUEYRREDON,MAR DEL PLATA,-3796096332.0,-575822947591.0,NEGATIVO,"INF MOV 22029 ENTREVISTA CON LA SRA NANACY ALTAMIRANDA LA MISMA REFIERE QUE TIENE UN PROBLEMA CON SU EX NUERA, LA SRA BARON ROCIO, CON MEDIDA DE RESTRICCION MUTUO, NEGATIVO PERSONA ARMADA EN EL LUGAR, INDICADOS LOS PASOS A SEGUIR, REFIERE NEGATIVO PEROSNAL POLICIAL EN EL LUGAR",-37.96096332,-57.5822947591,2026,2,February,23,22,0,Lunes,False,Noche (18-24),[],,OTRA / NO ESPECIFICADA,ARMA_FUEGO
2026-02-23 23:08:00,10015909459,TRIPULANTES DEL FOURNIER al 8266,DISPAROS,PERSONAS,LLAMANTE REFIERE QUE EN EL LUGAR UN CHICO JOVEN CON IMPACTOS DE ARMA DE FUEGO ,GENERAL PUEYRREDON,MAR DEL PLATA,-38018243828088.0,-57599724367898.0,V ACC-MC,0,-38.018243828088,-57.599724367898,2026,2,February,23,23,0,Lunes,False,Noche (18-24),[],,OTRA / NO ESPECIFICADA,ARMA_FUEGO
2026-02-23 23:13:00,10015909474,BARTOLOME MITRE al 3547,VIOLENCIA,NO FAMILIAR,"LLAMANTE INDICA QUE LO AMENAZÓ CON UN ARMA DE FUEGO UN MASCULINO PORQUE ORINABA EN LA VÍA PÚBLICA, CERCA DE SU CASA. NO RECUERDA DÓNDE FUE EL HECHO. SÍ QUE FUE A 20 CUADRAS DE SU CASA (LOCALIZACIÓN APORTADA). NO ESTÁ HERIDO.__EL AGRESOR ERA UN MASCULINO CALVO Y ROBUSTO. NO RECUERDA CÓMO VESTÍA.",GENERAL PUEYRREDON,MAR DEL PLATA,-38013169097495.0,-57560789943223.0,POSITIVO,"34835 ENTREVISTADO NIRO OSVALDO LEONARDO, REFIRE QU FUE EN CALLE LISANDRO DE LA TORRE Y MAGALLANES DONDE EL EXHIBEN ARMA DE FUEGO , SOLO AMENAZAS. DIRIGE A RADICAR",-38.013169097495,-57.560789943223,2026,2,February,23,23,0,Lunes,False,Noche (18-24),[],,OTRA / NO ESPECIFICADA,ARMA_FUEGO
2026-02-23 23:51:00,10015909638,AZOPARDO al 6329,VIOLENCIA,FAMILIAR,"RECIEN HIZO UNA DENUNCIA PORQUE LE CORTARON LA CARA AL MARIDO Y LA HIJA, SON UNA MUJER Y UN HOMBRE FAMILIARES DE  EL MARIDO, TIENEN ARMA DE FUEGOTAMBIEN, QUIERE  AMBULANCIA PARA LOS DOS, PORQUE  CUANDO VOLVIO SIGUEN AGRESIVOS ",GENERAL PUEYRREDON,MAR DEL PLATA,-38029001580877.0,-575802571528.0,VSup,0,-38.029001580877,-57.5802571528,2026,2,February,23,23,0,Lunes,False,Noche (18-24),[],,OTRA / NO ESPECIFICADA,ARMA_FUEGO
2026-02-24 00:25:00,10015909797,DE LOS INMIGRANTES al 2400,CARTA ORIGINAL,CON PRIORIDAD,"VE DOS MASCULINOS EN LA VEREDA DEL FRENTE QUE RECIEN CORRIERON HACIA EL LADO DE GENOVA , CON ROPA CLARA, CON GORRA NO SABE SI ESTAN ARMADOS ____EN LA ESQUINA DE SICILIA  Y DE LOS INMIGRANTES, HAY UN AUTO BLANCO AFUERA, UN FALCON PRENDIDO FUEGO Y OTRO MAS  HAY DE PANTALLA UNA GOMERIA, VENDEN DROGAS UN HOMBRE LLAMADO CLAUDIO CON LA SRA LLAMADA MARIA, VENDE CHASQUI , COCAINA, TODOS LOS DIAS LAS 24 HORAS, ANDAN EN UNA MOTO TIPO CROSS, NO SABE LA PATENTE, TIENE ARMA DE FUEGO ",GENERAL PUEYRREDON,MAR DEL PLATA,-380269273924.0,-576022076912.0,V ACC-MC,0,-38.0269273924,-57.6022076912,2026,2,February,24,0,1,Martes,False,Madrugada (00-06),[],,OTRA / NO ESPECIFICADA,ARMA_FUEGO
2026-02-24 01:09:00,10015909995,DE LOS INMIGRANTES al 2400,DROGAS ILÍCITAS,VENTA/ELABORACIÓN,"VE DOS MASCULINOS EN LA VEREDA DEL FRENTE QUE RECIEN CORRIERON HACIA EL LADO DE GENOVA , CON ROPA CLARA, CON GORRA NO SABE SI ESTAN ARMADOS ____EN LA ESQUINA DE SICILIA  Y DE LOS INMIGRANTES, HAY UN AUTO BLANCO AFUERA, UN FALCON PRENDIDO FUEGO Y OTRO MAS  HAY DE PANTALLA UNA GOMERIA, VENDEN DROGAS UN HOMBRE LLAMADO CLAUDIO CON LA SRA LLAMADA MARIA, VENDE CHASQUI , COCAINA, TODOS LOS DIAS LAS 24 HORAS, ANDAN EN UNA MOTO TIPO CROSS, NO SABE LA PATENTE, TIENE ARMA DE FUEGO ",GENERAL PUEYRREDON,MAR DEL PLATA,-380269273924.0,-576022076912.0,V ACC-MC,0,-38.0269273924,-57.6022076912,2026,2,February,24,1,1,Martes,False,Madrugada (00-06),[],,OTRA / NO ESPECIFICADA,ARMA_FUEGO
2026-02-24 02:15:00,10015910216,FRAGATA SARMIENTO al 3900,CARTA ORIGINAL,CON PRIORIDAD,"  LLAMANTE INFORMA ESTAN EFECTUANDO DETONACIONES DE ARMA DE FUEGO HACIA LA GENTE,__REFIERE QUE HAY DOS HERIDOS, UNO EN LA PÍERNA Y OTRO EN LA PANZA,   REFIERE QUE ESTAN EN LA ESQUINA, ____LLTE INFORMA EN EL LUGAR VENDEN DROGA,   ES EN UNA CASADONDE HAY UN MANTO  VERDE Y BLANCO, VENDEN COCAINA, LA PERSONA QUE VENDE SE LLAMA ELIANA, FEMENINA MAYOR, REFIERE QUE VENDE TODOE L DIA Y QUE ESTA ARMADA ",GENERAL PUEYRREDON,MAR DEL PLATA,-380688819985.0,-575750269992.0,V ACC-MC,0,-38.0688819985,-57.5750269992,2026,2,February,24,2,1,Martes,False,Madrugada (00-06),[],,OTRA / NO ESPECIFICADA,ARMA_FUEGO
2026-02-24 02:19:00,10015910226,FRAGATA SARMIENTO al 3900,DISPAROS,PERSONAS,"  LLAMANTE INFORMA ESTAN EFECTUANDO DETONACIONES DE ARMA DE FUEGO HACIA LA GENTE,__REFIERE QUE HAY DOS HERIDOS, UNO EN LA PÍERNA Y OTRO EN LA PANZA,   REFIERE QUE ESTAN EN LA ESQUINA____",GENERAL PUEYRREDON,MAR DEL PLATA,-380688819985.0,-575750269992.0,NEGATIVO,"DIRIGE MOVIL EN REITERADAS VECES, NEGATIVO PERSONA CON HERIDA DE ARMA DE FUEGO, SE CONSTATA CON EL UNICO NUMERAL QUE NO ES CONFIDENCIAL, LLAMANTE NO RESPONDE, MOVIL LIBERA",-38.0688819985,-57.5750269992,2026,2,February,24,2,1,Martes,False,Madrugada (00-06),[],,OTRA / NO ESPECIFICADA,ARMA_FUEGO
2026-02-24 02:22:00,10015910235,FRAGATA SARMIENTO al 3900,DROGAS ILÍCITAS,VENTA/ELABORACIÓN,"  LLAMANTE INFORMA ESTAN EFECTUANDO DETONACIONES DE ARMA DE FUEGO HACIA LA GENTE,__REFIERE QUE HAY DOS HERIDOS, UNO EN LA PÍERNA Y OTRO EN LA PANZA,   REFIERE QUE ESTAN EN LA ESQUINA, ____LLTE INFORMA EN EL LUGAR VENDEN DROGA,   ES EN UNA CASADONDE HAY UN MANTO  VERDE Y BLANCO, VENDEN COCAINA, LA PERSONA QUE VENDE SE LLAMA ELIANA, FEMENINA MAYOR, REFIERE QUE VENDE TODOE L DIA Y QUE ESTA ARMADA ",GENERAL PUEYRREDON,MAR DEL PLATA,-380688819985.0,-575750269992.0,V ACC-MC,0,-38.0688819985,-57.5750269992,2026,2,February,24,2,1,Martes,False,Madrugada (00-06),[],,OTRA / NO ESPECIFICADA,ARMA_FUEGO
2026-02-24 02:48:00,10015910314,FRAGATA SARMIENTO y FRAGATA TATIS,CARTA ORIGINAL,CON PRIORIDAD,"   LLAMANTE INFORMA HAY UN MASCULINO CON DOS HERIDAS DE ARMA DE FUEGO EN EL ESTOMAGO,   SE ESTA DESANGRANDO__REFIERE QUE LE HABRIA DISPARADO UNA FEMENINA QUE SE LLAMA ELIANA  Y ESTA EN EL LUGAR ____ LLTE INFORMA EL FRAGATA SARMIENTO Y FRAGAT MALDONADO, EN UNA CASA CON  UN TRAPO VERDE , UNA FEMENINA LLMADA ELINAA VENDE COCAINA,  TODOS LOS DIAS TODO EL DIA , ESTA ARMADA ",GENERAL PUEYRREDON,MAR DEL PLATA,-380688819985.0,-575750269992.0,V ACC-MC,0,-38.0688819985,-57.5750269992,2026,2,February,24,2,1,Martes,False,Madrugada (00-06),[],,OTRA / NO ESPECIFICADA,ARMA_FUEGO
2026-02-24 02:53:00,10015910329,FRAGATA SARMIENTO y Fragata Maldonado,EMERGENCIA DE SALUD,EMERGENCIA,"  LLAMANTE INFORMA  HAY UNA PERSON CON DOS DISPAROS DE ARMA DE FUEGO, SE ESTA DESANGRANDO, NO APORTA MAS DATOS",GENERAL PUEYRREDON,MAR DEL PLATA,-380688819985.0,-575750269992.0,REDERIVADO,0,-38.0688819985,-57.5750269992,2026,2,February,24,2,1,Martes,False,Madrugada (00-06),[],,OTRA / NO ESPECIFICADA,ARMA_FUEGO
2026-02-24 02:57:00,10015910344,FRAGATA SARMIENTO y Fragata Maldonado,EMERGENCIA DE SALUD,EMERGENCIA,LLAMANTE REFIERE QUE HAY UN MASCULINO CON 3 DISPAROS DE ARMA DE FUEGO EN EL ABDOMEN,GENERAL PUEYRREDON,MAR DEL PLATA,-380688819985.0,-575750269992.0,REDERIVADO,0,-38.0688819985,-57.5750269992,2026,2,February,24,2,1,Martes,False,Madrugada (00-06),[],,OTRA / NO ESPECIFICADA,ARMA_FUEGO
2026-02-24 03:05:00,10015910359,FRAGATA SARMIENTO y FRAGATA TATIS,EMERGENCIA DE SALUD,EMERGENCIA,"   LLAMANTE INFORMA HAY UN MASCULINO CON DOS HERIDAS DE ARMA DE FUEGO EN EL ESTOMAGO,   SE ESTA DESANGRANDO__REFIERE QUE LE HABRIA DISPARADO UNA FEMENINA QUE SE LLAMA ELIANA  Y ESTA EN EL LUGAR ____ ",GENERAL PUEYRREDON,MAR DEL PLATA,-380688819985.0,-575750269992.0,Telefonía Fija/Móvil,0,-38.0688819985,-57.5750269992,2026,2,February,24,3,1,Martes,False,Madrugada (00-06),[],,OTRA / NO ESPECIFICADA,ARMA_FUEGO
2026-02-24 03:08:00,10015910369,FRAGATA SARMIENTO y FRAGATA TATIS,DROGAS ILÍCITAS,VENTA/ELABORACIÓN,"   LLAMANTE INFORMA HAY UN MASCULINO CON DOS HERIDAS DE ARMA DE FUEGO EN EL ESTOMAGO,   SE ESTA DESANGRANDO__REFIERE QUE LE HABRIA DISPARADO UNA FEMENINA QUE SE LLAMA ELIANA  Y ESTA EN EL LUGAR ____ LLTE INFORMA EL FRAGATA SARMIENTO Y FRAGAT MALDONADO, EN UNA CASA CON  UN TRAPO VERDE , UNA FEMENINA LLMADA ELINAA VENDE COCAINA,  TODOS LOS DIAS TODO EL DIA , ESTA ARMADA ",GENERAL PUEYRREDON,MAR DEL PLATA,-380688819985.0,-575750269992.0,V ACC-MC,0,-38.0688819985,-57.5750269992,2026,2,February,24,3,1,Martes,False,Madrugada (00-06),[],,OTRA / NO ESPECIFICADA,ARMA_FUEGO
2026-02-24 22:59:00,10015913987,SABINO ARANA Y GOIRI al 12100,VIOLENCIA,FAMILIAR,"__LLAMANTE MENCIONA QUE UN MASCULUNO Y UNA FEMENINA LLEGARON EN UN VEHICULO COLOR BORDO, SON FAMILIARES QUE ESTAN AGRESIVOS ENTRE ELLOS, EL MASCULINO ESTA CON ARMA DE FUEGO, VISTE BERMUDA Y CAMPERON, NO HAY HERIDOS.- ",GENERAL PUEYRREDON,MAR DEL PLATA,-37993949177642.0,-57635332778565.0,NEGATIVO,MOVIL 30930 INF QUE AMPLIA RECORRIDA NADIE NETREVISTA NNNNN,-37.993949177642,-57.635332778565,2026,2,February,24,22,1,Martes,False,Noche (18-24),[],,OTRA / NO ESPECIFICADA,ARMA_FUEGO
2026-02-24 23:06:00,10015914021,FRAGATA HALCON y Fragata Sarmiento,CARTA ORIGINAL,CON PRIORIDAD,LLAMANTE REFIERE QUE HAY UN HERIDO DE ARMA DE FUEGO EN EL ABDOMEN EN LA VIA PUBLICA____EN ESTE LUGAR HAY UN POINT DE VENTAS DE DROGAS NO APORTA MAS DATOS,GENERAL PUEYRREDON,MAR DEL PLATA,-380688959985.0,-575757309992.0,V ACC-MC,0,-38.0688959985,-57.5757309992,2026,2,February,24,23,1,Martes,False,Noche (18-24),[],,OTRA / NO ESPECIFICADA,ARMA_FUEGO
2026-02-24 23:10:00,10015914037,FRAGATA HALCON y Fragata Sarmiento,EMERGENCIA DE SALUD,EMERGENCIA,LLAMANTE REFIERE QUE HAY UN HERIDO DE ARMA DE FUEGO EN EL ABDOMEN EN LA VIA PUBLICA____,GENERAL PUEYRREDON,MAR DEL PLATA,-380688959985.0,-575757309992.0,V ACC-MC,0,-38.0688959985,-57.5757309992,2026,2,February,24,23,1,Martes,False,Noche (18-24),[],,OTRA / NO ESPECIFICADA,ARMA_FUEGO
2026-02-24 23:13:00,10015914051,FRAGATA HALCON y Fragata Sarmiento,DROGAS ILÍCITAS,VENTA/ELABORACIÓN,LLAMANTE REFIERE QUE HAY UN HERIDO DE ARMA DE FUEGO EN EL ABDOMEN EN LA VIA PUBLICA____EN ESTE LUGAR HAY UN POINT DE VENTAS DE DROGAS NO APORTA MAS DATOS,GENERAL PUEYRREDON,MAR DEL PLATA,-380688959985.0,-575757309992.0,V ACC-MC,0,-38.0688959985,-57.5757309992,2026,2,February,24,23,1,Martes,False,Noche (18-24),[],,OTRA / NO ESPECIFICADA,ARMA_FUEGO
2026-02-25 11:19:00,10015915608,MARCELO T DE ALVEAR al 5525,ROBO,FINCA,"LLAMANTE REFIERE QUE HABIA DOS CAMIONETAS CON ESCALERA QUISIERON HACER UNA ENTRADERA A LA VECINA, ERAN 2 DELINCUENTES EN CADA VEHICULO ,UNA CAMIONETA BLANCA PTTE AG473 Y LA OTRA UNA AMAROK NEGRA SIN PTTE. __AL SONAR LA ALARMA VECINA  Y ESCUCHAR DETONACIONES DE ARMA DE FUEGO SE FUERON , VAN PARA ALVEAR HACIA PAGANO /CERRITO, NO HAY HERIDOS __YA SE COMUNICARON Y EL MOVIL NO LLEGO ",GENERAL PUEYRREDON,MAR DEL PLATA,-38068791444443.0,-57599307896362.0,POSITIVO,"SE IDENTIFICA UN MASCULINO EN LA CAMIOETA APORTADA, SIN IMPEDIMENTOS, EMPLEADO TRABAJANDO EN UN LOTEO",-38.068791444443,-57.599307896362,2026,2,February,25,11,2,Miércoles,False,Mañana (06-12),[],,OTRA / NO ESPECIFICADA,ARMA_FUEGO
2026-02-25 11:46:00,10015915692,LOS MANZANOS al 3595,VIOLENCIA,NO FAMILIAR,REFIERE QUE TIENE PROBLEMAS CON EL VECINO. ESTA ARMADO CON ARMA DE FUEGO. NO HAY HERIDOS.-,GENERAL PUEYRREDON,MAR DEL PLATA,-37934867241039.0,-5755020629297.0,POSITIVO,29019 INFORMA SRA MARIA CARRANZA__CON PROBLEMAS CON SU VECINO SR RAMIRO__ POR CUESTIONES DE UN ABUSO DE DATA 13 AÑOS__INVITADOS A RADICAR ,-37.934867241039,-57.55020629297,2026,2,February,25,11,2,Miércoles,False,Mañana (06-12),[],,OTRA / NO ESPECIFICADA,ARMA_FUEGO
2026-02-25 15:14:00,10015916314,AV CARLOS GARDEL al 224,DISPAROS,PERSONAS,"LLAMANTE REFIERE QUE HAY UNA PERSONA HERIDA DE ARMA DE FUEGO, OBSERVA QUE TIENE MUCHA SANGRE, DESCONOCE QUIEN LO AGREDIO. [Id.Remoto: 10015916314]",GENERAL PUEYRREDON,MAR DEL PLATA,-379927.0,-57.61,REDERIVADO,0,-37.9927,,2026,2,February,25,15,2,Miércoles,False,Tarde (12-18),[],,OTRA / NO ESPECIFICADA,ARMA_FUEGO
2026-02-25 16:09:00,10015916465,FALUCHO y Aristobulo Del Valle,INTRUSION,PROPIEDAD PRIVADA,"HAY COMO 3 MASCULINOS Y 1 FEMENINA USURPANDO UN TERRENO, ADEMAS  ESTAN  TOMANDO ALCOHOL Y SE LES VIO QUE APARENTEMENTE TENIA UN ARMA DE FUEGO ",GENERAL PUEYRREDON,MAR DEL PLATA,-380177336098.0,-575265181515.0,NEGATIVO,PERSONAL INFORMA RECORRIDA POR LA ZONA NEGATIVO USUSRPACION AL MOMENTO NORMAL PERSONAL RECORRE LA ZONA DE SURGIR ALGUNA NOVEDAD AMPLIARA ,-38.0177336098,-57.5265181515,2026,2,February,25,16,2,Miércoles,False,Tarde (12-18),[],,OTRA / NO ESPECIFICADA,ARMA_FUEGO
2026-02-26 05:46:00,10015918818,HIPOLITO YRIGOYEN y Primera Junta,VIOLENCIA,NO FAMILIAR,"HAY 4 CHICOS UNO CON UN ARMA DE FUEGO APUNTABA A OTRO, NO SABE QUE PASABA ",GENERAL PUEYRREDON,MAR DEL PLATA,-380123019984.0,-575614809992.0,NEGATIVO,"INF MOV 34835 ENTREVISTA CON EL SR AVILES AXEL CON SUS HIJOS JYUAGANDO CON PISTOLAS DE HIDROGEL, PANORMA NORMAL",-38.0123019984,-57.5614809992,2026,2,February,26,5,3,Jueves,False,Madrugada (00-06),[],,OTRA / NO ESPECIFICADA,ARMA_FUEGO
2026-02-26 08:42:00,10015919110,ANDRADE al 1101,ROBO,VÍA PÚBLICA,"LLAMANTE REFIERE QUE LE ROBARON A SU MARIDO EN LA PUERTA DE SU CASA , FUERON DOS HOMBRES EN UNA MOTO , UNO TIENE CAMPERA DE ALGODON BLANCA CON CAPUCHA , OTRO CAMPERA ROJA, ERA EL QUE MANEJABA, LE APUNTARON CON UN ARMA DE FUEGO , NO ESTA HERIDO, SE FUERON POR CATALUÑA HACIA RUTA 2, LA MOTO ES MEDIANA .-",GENERAL PUEYRREDON,MAR DEL PLATA,-37960112315093.0,-57561961612236.0,POSITIVO,SRA FERNANDA 2 NN DE CAPUCHA NATURA LA AMEDRENTAN  ARMAS  LE INTENAN SACAR EL AUTO ,-37.960112315093,-57.561961612236,2026,2,February,26,8,3,Jueves,False,Mañana (06-12),[],,OTRA / NO ESPECIFICADA,ARMA_FUEGO
2026-02-26 09:24:00,10015919219,MARCONI y Brandsen,ROBO AUTOMOTOR,VEHÍCULOS,"LLAMANTE REFEIRE QUE LE ROBARON EL AUTO , ES UN TOYOTA ETIOS, COLOR GRIS METALIZADO, PATENTE AF 051 KU, DOS HOMBRES EN UNA MOTO CON UN ARMA DE FUEGO, SE FUERON POR MARCONI HACIA CONSTITUCION , NO ESTA HERIDO, UNA MOTO ROJA .- [Id.Remoto: 10015919219]",GENERAL PUEYRREDON,MAR DEL PLATA,-379756539985.0,-575646479992.0,Telefonía Fija/Móvil,0,-37.9756539985,-57.5646479992,2026,2,February,26,9,3,Jueves,False,Mañana (06-12),[],,TOYOTA,ARMA_FUEGO
2026-02-26 11:17:00,10015919514,CNEL SUAREZ al 2462,INTEGRIDAD A LA VIDA,AMENAZA DE MUERTE,"LLAMANTE REFIERE QUE SU EX LA LLAMA POR TELEFONO QUE LE DIJO DE TODO Y AHORA QUIERE IR A MATARLA , LE DIJO QUE LE VA A DISPARAR CON ARMA DE FUEGO ",GENERAL PUEYRREDON,MAR DEL PLATA,-37979123757476.0,-57604198504854.0,NEGATIVO,"MOVIL IFNORMA EN EL LUGAR BREVE TIEMPO PRUDENCIAL NADIE ENTREVISTA SE RETIRA EL MOVIL POR SER APEDREADO POR LA GENTE HOSTIL DEL LUGAR, GENTE DE MAL VIVIR__",-37.979123757476,-57.604198504854,2026,2,February,26,11,3,Jueves,False,Mañana (06-12),[],,OTRA / NO ESPECIFICADA,ARMA_FUEGO
2026-02-26 11:23:00,10015919536,BOLIVAR y Chile,SOSPECHOSOS,PERSONA EXTRAÑA,"LLAMANTE REFIERE QUE HAY UNA MUJER QUE TIENE UN ARMA DE FUEGO , CALIBRE 9, VISTE SACO NEGRO, PANTALON DE JEANS CLARO Y ZAPATILLAS BLANCAS , ESTA EN LA VIA PUBLICA , SACA EL ARMA Y LA GUARDA .- ",GENERAL PUEYRREDON,MAR DEL PLATA,-379883239985.0,-575777229992.0,NEGATIVO,IDENTIFICADA NEGATIVO ARMA DE FUEGO__,-37.9883239985,-57.5777229992,2026,2,February,26,11,3,Jueves,False,Mañana (06-12),[],,OTRA / NO ESPECIFICADA,ARMA_FUEGO
2026-02-26 20:02:00,10015921205,BELGRANO y Chile,SOSPECHOSOS,PERSONA EXTRAÑA,"__LLAMANTE MENCIONA QUE HAY UN MASCULINO CON ARMA DE FUEGO EN LA CINTURA CALIBRE 9, VISTE CAMPERA NEGRA, PANTALON DE JEAN CLARO Y ZAPATILLAS BLANCAS, SE MOVILIZA A PIE VA POR CHILE HACIA 25 DE MAYO, ESTA CON UN BEBE EN BRAZOS.- ",GENERAL PUEYRREDON,MAR DEL PLATA,-379867479985.0,-575764239992.0,NEGATIVO,30889 INF RECORRIDA SIN NOVEDAD NEGATIVO NN ,-37.9867479985,-57.5764239992,2026,2,February,26,20,3,Jueves,False,Noche (18-24),[],,OTRA / NO ESPECIFICADA,ARMA_FUEGO
2026-02-27 01:12:00,10015922303,MORENO al 11006,DISPAROS,PERSONAS,"REFIERE QUE LE DISPARARON A SU ESPOSO, HAY MENORES EN EL LUGAR. SU ESPOSO Y SU AMIGA ESTAN HERIDOS DE ARMA DE FUEGO. NO RESPONDE PREGUNTAS DE PROTOCOLO",GENERAL PUEYRREDON,,,,V ACC-MC,0,,,2026,2,February,27,1,4,Viernes,False,Madrugada (00-06),[],,OTRA / NO ESPECIFICADA,ARMA_FUEGO
2026-02-27 01:52:00,10015922454,AV DE LA HERRADURA NORTE al 2456,DISPAROS,DISPAROS," LLAMANTE INFORMA  HAY UNA CAMIONETA COLOR NEGRA, CON 2/3  PERSONAS, QUE ESTAN EFECTUANDO DETONACIONES DE ARMA DE FUEGO HACIA EL AIRE, NO SABE SI HAY HERIDOS__TAMBIEN INFORMA QUE ESCUCHA GRITOS DE HOMBRES",GENERAL PUEYRREDON,MAR DEL PLATA,-37951152334511.0,-5764611145119.0,NEGATIVO,23211 INF RECORRID ASIN NOVEDA D,-37.951152334511,-57.64611145119,2026,2,February,27,1,4,Viernes,False,Madrugada (00-06),[],,OTRA / NO ESPECIFICADA,ARMA_FUEGO
2026-02-27 11:14:00,10015923567,CALLE 499 y Av 10 De Febrero,VIOLENCIA,NO FAMILIAR,"LLAMANTE REFIERE QUE LA ESTAN AGREDIENDO CON UN ARMA DE FUEGO, SON DOS HOMBRES , ESTAN EN UNA CAMIONETA, PATENTE GJQ 185, ES UNA FORD , NO SON FAMILIARES .- ",GENERAL PUEYRREDON,MAR DEL PLATA,-380871389986.0,-576426329992.0,POSITIVO,"MOVIL 30677 POR UN LADO LAURENCIO JOSE MANUEL Y POR OTRO PABLO BRANCATI, NEGATIVO ARMAS DISCUTEN POR QUE AMBOS MANIFIESTAN SER DUEÑOS DEL LOTE. SE LOS INVITA A RETIRAR E INVITADOS A RADICAR. ",-38.0871389986,-57.6426329992,2026,2,February,27,11,4,Viernes,False,Mañana (06-12),[],,FORD,ARMA_FUEGO
2026-02-27 12:12:00,10015923778,CATALUÑA al 7521,DROGAS ILÍCITAS,VENTA/ELABORACIÓN,"LLAMANTE CUENTA QUE EN EL LLUGAR VENDEN COCAINA,.EL VENDEDOR LE DICEN ATILA ,MASCULINO , REFIERE   PELADO Y CON UN POCO DE PELO LARGO ,  DE 60 AÑOS, TIENE ARMA BLANCA Y ARMA DE FUEGO ,VENDE DE LA 5 DE LA TARDE A LAS 12 DE LA NOCHE DE LUNES A SABADOS,  Y EN PELAYO 1161 ENTRE ARAGON Y CATALUÑA., VENDE  ANDRES CANEGALLO, ES RUBIO DE OJOS DE CELESTE Y GOROD, DE 45 AÑOS, ESTA CON ARMA BLANCA Y ARMA DE FUEGO , VENDE MARIHUANA Y COCAINA , LA MARIHUANA LA SIEMBRA , NO SABE EN DONDE . VENDE EN MISMOS DIAS Y HORARIOS . ",GENERAL PUEYRREDON,MAR DEL PLATA,-37951781044404.0,-57578405666983.0,VSup,0,-37.951781044404,-57.578405666983,2026,2,February,27,12,4,Viernes,False,Tarde (12-18),[],,OTRA / NO ESPECIFICADA,ARMA_FUEGO
2026-02-27 18:47:00,10015925352,AV PEDRO LURO al 9702,ROBO AUTOMOTOR,MOTOS,"LLAMANTE REFIERE QUE LE QUISIERON ROBAR LA MOTO A UN CHICO, NO PUDIERON, ESTAN ESPERANDO EL MOVIL AHI, Y YA PASARON DOS VECES LOS DELINCUENTES QUE INTENTARON ROBARLE, VAN A BORDO DE UNA ROUSSER AZUL, TENIAN UN ARMA DE FUEGO ",GENERAL PUEYRREDON,MAR DEL PLATA,-3796253574449.0,-57617505926388.0,NEGATIVO,"30506 RECORRIDA NORMAL, NEG ENTREVISTA",-37.96253574449,-57.617505926388,2026,2,February,27,18,4,Viernes,False,Noche (18-24),[],,OTRA / NO ESPECIFICADA,ARMA_FUEGO
2026-02-28 00:50:00,10015926908,BLVD DEL BOSQUE y Don Arturo,SOSPECHOSOS,EN VEHÍCULO,"LLAMANTE REFIERE QUE PASARON DOS MASCULINOS ENCAPUCHADOS EN DOS  MOTOS,  CON ARMA DE FUEGO,  EN  UNA 110 SIN PLASTICOS, DAN VUELTAS  POR LA MANZANA Y VUELVEN.",GENERAL PUEYRREDON,MAR DEL PLATA,-380712219984.0,-575607269992.0,NEGATIVO,"__MOVIL 29143 INFORMA QUE EN LA AMPLIA RECORRIDA EL PANORAMA ES NORMAL, NADIE ENTREVISTA CON EL PERSONAL POLICIAL, MISMO SIGUE EN RECORRIDA.",-38.0712219984,-57.5607269992,2026,2,February,28,0,5,Sábado,True,Madrugada (00-06),[],,OTRA / NO ESPECIFICADA,ARMA_FUEGO
2026-02-28 01:25:00,10015927078,ANTONIO GALEANA al 3146,DROGAS ILÍCITAS,VENTA/ELABORACIÓN," PAREJA VENDE DROGAS . MASCULINO SE LLAMA   ARTURITO , VENTA COCAINA Y MARIHUANA EN UNA CASA, DE LAS  11 HS HASTA 6 DE LA MAÑAMA, TIENEN ARMA DE FUEGO Y ARMA BLANCA , HAY MENORES  Y MUJERES CON HIJO , TRAEN LA DROGA  DEL BARRIO MALVINAS  ARGENTINAS Y TIENE MARIHUANA EN EL PATIO PLANTADA ,VENDE LAS FLORES EN BOLSA , A PIE ",GENERAL PUEYRREDON,MAR DEL PLATA,-379444669987.0,-575478618458.0,VSup,0,-37.9444669987,-57.5478618458,2026,2,February,28,1,5,Sábado,True,Madrugada (00-06),[],,OTRA / NO ESPECIFICADA,ARMA_FUEGO
2026-02-28 01:36:00,10015927128,ALVARADO y 224,VIOLENCIA,NO FAMILIAR,"LLAMANTE DICE QUE , CASA  DE LA ESQUINA HAY MENORES  Y MAYORES ARMADOS, ARMA DE FUEGO ,, POSIBLE PELEAS  CON OTRO GRUPO , FAMILIA OJEDA , FIESTA POR  CUMPLEAÑOS ",GENERAL PUEYRREDON,,-379767959985.0,-576206099992.0,NEGATIVO,"INF MOV REFIERE NEGATIVO LOS SOSPECHOSOS APORTADOS POR CARTA DE LLAMADA, NEGATIVO DISTURBIOS, NEGATIVO CONFRONTACION EN LA VIA PUBLICA, PANORMA NORMAL, NEGATIVO LAS PICADAS EN EL LUGAR",-37.9767959985,-57.6206099992,2026,2,February,28,1,5,Sábado,True,Madrugada (00-06),[],,OTRA / NO ESPECIFICADA,ARMA_FUEGO
2026-02-28 13:21:00,10015929011,EL TORDILLO y Haras Abolengo,CARTA ORIGINAL,CON PRIORIDAD,"LLAMANTE DICE QUE HAY UN MASCULNO EN MULETAS ESTA ARMADO CON ARMA DE FUEGO INFORMA QUE ESTA CON UN BOLSO VENDIENDO DROGAS ESTO OCURRE TODOS LOS DIAS, ESTO OCURRE DE LARGA DATA, INFORMA QUE AHORA ESTA AGRESIVO ASALTANDO A LOS TRANEUNTES__",GENERAL PUEYRREDON,MAR DEL PLATA,-379612399986.0,-576531139992.0,V ACC-MC,0,-37.9612399986,-57.6531139992,2026,2,February,28,13,5,Sábado,True,Tarde (12-18),[],,OTRA / NO ESPECIFICADA,ARMA_FUEGO
2026-02-28 13:24:00,10015929022,EL TORDILLO y Haras Abolengo,ROBO,VÍA PÚBLICA,"EN PROCESO__LLAMANTE DICE QUE HAY UN MASCULNO EN MULETAS ESTA ARMADO CON ARMA DE FUEGO, ESTA AGRESIVO ASALTANDO A LOS TRANEUNTES__",GENERAL PUEYRREDON,MAR DEL PLATA,-379612399986.0,-576531139992.0,NEGATIVO,30924 AMPLIA RECORRIDA NEGATIVO MASCULINO CN MULETAS. NORMAL EN VIA PUBLICA,-37.9612399986,-57.6531139992,2026,2,February,28,13,5,Sábado,True,Tarde (12-18),[],,OTRA / NO ESPECIFICADA,ARMA_FUEGO
2026-02-28 13:28:00,10015929038,EL TORDILLO y Haras Abolengo,DROGAS ILÍCITAS,VENTA/ELABORACIÓN,"LLAMANTE DICE QUE HAY UN MASCULNO EN MULETAS ESTA ARMADO CON ARMA DE FUEGO INFORMA QUE ESTA CON UN BOLSO VENDIENDO DROGAS ESTO OCURRE TODOS LOS DIAS, ESTO OCURRE DE LARGA DATA, INFORMA QUE AHORA ESTA AGRESIVO ASALTANDO A LOS TRANEUNTES__",GENERAL PUEYRREDON,MAR DEL PLATA,-379612399986.0,-576531139992.0,V ACC-MC,0,-37.9612399986,-57.6531139992,2026,2,February,28,13,5,Sábado,True,Tarde (12-18),[],,OTRA / NO ESPECIFICADA,ARMA_FUEGO
2026-02-28 14:40:00,10015929295,WILLIAMS MORRIS al 7471,VIOLENCIA,POR RAZONES DE GENERO,LLAMANTE DICE QUE EL PADRE DE SU HIJA ESTA AGRESIVO ARMADO CON ARMA DE FUEGO NO HAY HERIDOS ESTA ARMADO CON ARMA DE FUEGO ,GENERAL PUEYRREDON,MAR DEL PLATA,-38031618895846.0,-57602819699166.0,POSITIVO,30514 VANEGAS LUDMILA ENTREVISTADA - REFIERE QUE SE HIZO PRESENTE LA EX PAREJA SR - GASTON LAUR - QUIEN ESTA SEPARADA HACE 6 AÑOS - QUERIENDO INSTALARSE EN SU DCLIO - LA FEM LO ECHA Y EL MASC LE PEGA Y LA AMENAZA DICIENDO QUE LA VA IR A BUSCAR UNA AMETRALLADORA- MOVIL LE OFRECE BAJAR A RADICAR LA MISMA SE NIEGA A BAJAR CON ELMOVIL APORTA QUE VA A IR POR SUS PROPIOS MEDIOS-  2235766887,-38.031618895846,-57.602819699166,2026,2,February,28,14,5,Sábado,True,Tarde (12-18),[],,OTRA / NO ESPECIFICADA,ARMA_FUEGO
2026-02-28 15:56:00,10015929562,TOMAS STEGAGNINI al 407,VIOLENCIA,NO FAMILIAR,LLAMANTE REFIERE QUE FRENTE A SU CASA HAY UN BALDÍO Y SE ACERCAN DOS FEMENINAS TIRÁNDOLE BASURA FRENTE A SU CASA - LLAMANTE MANTIENE EL TERRENO LIMPIO CON UN PARQUERO - AHORA LES DEVOLVIO LA BASUIRA Y LE DIJERON QUE LE VAN A DISPARAR - QUE SUS HIJOS SON LADRONES - NO EXHIBE ARMA DE FUEGO - NO HAY HERIDOS PERO TEME QUE TOMEN REPRESALIAS ,GENERAL PUEYRREDON,MAR DEL PLATA,-37949998599232.0,-57597543712956.0,NEGATIVO,"MOVIL 30151ENTREVISTA CON HUGO FERNANDEZ MANFIIESTA LO MISMO QUE EN CARTA, A LA LLEGADA DEL MOVIL NEGATIVO LAS FEMENINAS Y SE INDICAN PASOS A SEGUIR",-37.949998599232,-57.597543712956,2026,2,February,28,15,5,Sábado,True,Tarde (12-18),[],,OTRA / NO ESPECIFICADA,ARMA_FUEGO
2026-02-28 18:44:00,10015930242,AV MARIO BRAVO al 5889,VIOLENCIA,POR RAZONES DE GENERO,LA LLAMANTE REFIERE QUE  SU HERMANO ESTA ARMADO CON ARMA DE FUEGO Y LE PEGO CON UN CAÑO A SU MADRE. ESTA HERIDA. EL TIENE UNA DENUNCIA POR HABER MATADO A SU OTRO HERMANO. SE LLAMA GUSTAVO EZEQUIEL ALMONACID ,GENERAL PUEYRREDON,MAR DEL PLATA,-38044894181118.0,-57592154366826.0,POSITIVO,PREFECTURA ARRIMA CABO PRIMERO CABANA BUSTAMANTE LIDIA ENTREVISTADA - EN EL LUGAR - EL AGRESOR SE DIO A LA FUGA - GOLPEO A SU MADRE CON UNA PIEDRA- NO NECESITA ASISTENCIA MEDICA -BAJA LA FEM POR MEDIOS PROPIOS A RADICAR -.SU HIJO EN CUESTION  LAUTARO BUSTAMANTE - ,-38.044894181118,-57.592154366826,2026,2,February,28,18,5,Sábado,True,Noche (18-24),[],,OTRA / NO ESPECIFICADA,ARMA_FUEGO
2026-02-28 19:05:00,10015930324,AV MARIO BRAVO al 5967,VIOLENCIA,POR RAZONES DE GENERO,LLAMANTE REFIERE QUE REQUIERE MOVIL SUS HERMANOS ESTAN VIOLENTOS CON ARMA DE FUEGO SU MADRE ESTA HERIDA POR GOLPE. LLAMO ANTERIORMENTE. SE TRANFIERE A 144,GENERAL PUEYRREDON,MAR DEL PLATA,-380443.0,-575927.0,NEGATIVO,CABO 1RO CABANA LIRIO BUSTAMANTE PELEA DE DOS HIJOS AL ARRIBO DLE PERSONAL NEGATIVO MASCULINOS MADRE GOLPEADA SE NIEGA A ASISTENCIA MEDICA BAJA A CRIA A RADICAR SE TOMA ACTA EN EL LUGAR INDICADOS PASOS A SEGUIR ,-38.0443,-57.5927,2026,2,February,28,19,5,Sábado,True,Noche (18-24),[],,OTRA / NO ESPECIFICADA,ARMA_FUEGO
2026-02-28 19:14:00,10015930367,25 DE MAYO y Mexico,SOSPECHOSOS,PERSONA EXTRAÑA,"LLAMANTE REFIERE QUE HAY UNA FEMENINA CON DOS MENORES. VA CON UN ARMA DE FUEGO CALIBRE 9. VISTE CON JEAN CLARO CON ZAPTILLAS BLANCAS , REMERA BLANCA Y TIENE EL PELO ATADO",GENERAL PUEYRREDON,MAR DEL PLATA,-379831839985.0,-575749149992.0,NEGATIVO,33643 QUIROGA CARMEN NEG ARMA NORMAL,-37.9831839985,-57.5749149992,2026,2,February,28,19,5,Sábado,True,Noche (18-24),[],,OTRA / NO ESPECIFICADA,ARMA_FUEGO
2026-02-28 21:29:00,10015930934,OLAZAR al 1518,ROBO,VÍA PÚBLICA,"LLAMA POR QUE DOS MASCULINOS ABORDO DE UNA GILERA SMASH 110CC   COLOR NEGRA MUNIDOS DE ARMA DE FUEGO, UNO DE ELLOS DE 1,70 MTS APROXIMADO. CREE UNO TENIA SHORT NEGRO , AMBOS SIN CASCO. FUGAN EN SENTIDO A TETAMANTI. LE SUSTRAEN UNA MOCHILA AZUL CON ROSA CON ROPA DE TRABAJO.  NO ESTA HERIDA ",GENERAL PUEYRREDON,MAR DEL PLATA,-38010201675975.0,-57608845314547.0,NEGATIVO,INF MOV QUE AL ARRIBO PANORAMA NORMAL -ENTREVISTA YAMOÑLA MARTINEZ LE SUSTAEN LA MOCHILA AMDRENTA PERO NO EXIBEN SE LE EXPLICA LOS PASOS A SEGUI R,-38.010201675975,-57.608845314547,2026,2,February,28,21,5,Sábado,True,Noche (18-24),[],,GILERA,ARMA_FUEGO
2026-02-28 23:50:00,10015931519,LORENZO CIANCHETTA al 2838,VIOLENCIA,POR RAZONES DE GENERO,"LLAMANTE REFIERE QUE UN HOMBRE LE PEGO A UNA MUJER DE 30 AÑOS - LE SANGRA LA CARA, NECESITA AMBULANCIA __NO APORTA ARMA DE FUEGO",GENERAL PUEYRREDON,MAR DEL PLATA,-37944.0,-575548.0,POSITIVO,29019__MONICA MARCELA PEREZ  CONFLICTO CON LA PAREJA  GUEVAR SERGIO    EL CUAL NO SE ENCONTRABA EN EL DLIO LA MISMA NO REQUIEE ASISTENCIA MEDICA.- BAJAN A CRIA A RADCIAR,-37.944,-57.5548,2026,2,February,28,23,5,Sábado,True,Noche (18-24),[],,OTRA / NO ESPECIFICADA,ARMA_FUEGO
2026-03-01 00:55:00,10015931919,RICARDO ROJAS y  ,DISPAROS,DISPAROS,"LLAMANTE REFIERE QUE  HAY DOS PERSONAS EN BICICLETA EFECTUANDO DETONACIONES DE ARMA DE FUEGO,   UNO VISTE DE PANTALON  BCO O GRIS SE SACO LA REMERA, OTRO NO APORTA DESCRIPCION. AMBOS EN BICICLETA LAS DEJARON ESTAN DENTRO DE LA VILLA. NO HERIDOS.  ",GENERAL PUEYRREDON,MAR DEL PLATA,-379679439985.0,-575710619992.0,NEGATIVO,30667 INF RECORRIDA SIN NOVEDAD NEGATIVO NN ,-37.9679439985,-57.5710619992,2026,3,March,1,0,6,Domingo,True,Madrugada (00-06),[],,OTRA / NO ESPECIFICADA,ARMA_FUEGO
2026-03-01 09:33:00,10015933830,NESTOR ROMANO al 3071,VIOLENCIA,POR RAZONES DE GENERO,LLAMANTE DICE QUE HAY UNA PERSONA  EN UNA MOTO AFUERA DE SU CASA CON LA QUE TIENE DENUNCIA DE RESTRICCION DE ACERCAMIENTO ESTA EFECTUANDO DISPAROS DE ARMA DE FUEGO ,GENERAL PUEYRREDON,MAR DEL PLATA,-37945634545142.0,-57548070274166.0,NEGATIVO,"MOVIL ENTREVISTA CON .SRA ALANIS ROMINA, MANIFIESTA QUE PASO UNA MOTO EFECTUANDO DETONACIONES, LA MISMA NO SABE DIFERENCIAR SI ERAN DISPAROS DE UN ARMA DE FUEGO O EL CAÑO DE ESCAPE DE LA MOTO",-37.945634545142,-57.548070274166,2026,3,March,1,9,6,Domingo,True,Mañana (06-12),[],,OTRA / NO ESPECIFICADA,ARMA_FUEGO
2026-03-01 12:25:00,10015934356,JURAMENTO al 2661,PEDIDO GENERICO DE AUXILIO,PGA,"REFIERE QUE HAY UN POLICIA HERIDO, LE PEGO UN CHICO QUE HACIA PROBLEMAS DICE, ESTA MAL , NO SABE CON QUE  LO AGREDIO, NO SABE SI ES CON ARMA DE FUEGO O BLANCA, EL POLICIA SE DEMAYO, ESTA TIRADO EN EL PISO, UNIFORMADO, FUE PORQUE HABIA PROBLEMAS, EL  AGRESOR SE ESCAPO, SE LLAMA LUCAS, NO SABE EL APELILIDO, NO SABE DONDE ESTA. ",GENERAL PUEYRREDON,MAR DEL PLATA,-38051760139375.0,-57573779026763.0,V ACC-MC,0,-38.051760139375,-57.573779026763,2026,3,March,1,12,6,Domingo,True,Tarde (12-18),[],,OTRA / NO ESPECIFICADA,ARMA_FUEGO
2026-03-01 14:06:00,10015934682,AV FERMIN ERREA y 3 De Febrero,VIOLENCIA,NO FAMILIAR,"__LOS VECINOS ESTAN  PELEANDO,  HAY UNO PANTALON NEGRO,  TORSO DESNUDO,  ARMADO CON ARMA DE FUEGO, SON 6 EN TOTAL, ENTRE ELLOS UNA FEMENINA CON UN MENOR EN BRAZOS  ",GENERAL PUEYRREDON,MAR DEL PLATA,-379595339985.0,-576165679992.0,NEGATIVO,PERSONAL INFORMA RECORRIDA POR LA ZONA PANORAMA NORMAL SE ENTREVISTA CON UN VECINO SR DE LA CUADRA NO VIO NADA,-37.9595339985,-57.6165679992,2026,3,March,1,14,6,Domingo,True,Tarde (12-18),[],,OTRA / NO ESPECIFICADA,ARMA_FUEGO
2026-03-01 15:32:00,10015934975,GARCIA LORCA y Diagonal Cesar Gascon,ROBO,VÍA PÚBLICA,"LLAMANTE REFIERE QUE HAY 5 MENORES, DE 15 A 17 AÑOS, QUE LE QUISIERON ROBAR A OTRO CHICO. UNO EN BICICLETA, DOS EN CUERO Y OTRO DE REMERA DE FUTBOL COLOR CELESTE Y BLANCA. UNO ESTABA CON UN ARMA DE FUEGO QUE METIO EN UN MORRAL NEGRO. OTRO ESTABA CON UN PALO. NO HAY HERIDOS- ",GENERAL PUEYRREDON,MAR DEL PLATA,-380522919985.0,-575788929992.0,NEGATIVO,"MOVIL 30175 EN EL LUGAR Y RECORRIDA NEGATIVO. NEGATIVO ROBO,.",-38.0522919985,-57.5788929992,2026,3,March,1,15,6,Domingo,True,Tarde (12-18),[],,OTRA / NO ESPECIFICADA,ARMA_FUEGO
2026-03-01 17:58:00,10015935553,CALABRIA al 9053,DISPAROS,PERSONAS,"LLAMANTE MENOR REFIERE QUE EN EL LUGAR CONFRONTAN SIETE PERSONAS, UNO ESTA ARMADO CON UN REOLVER CALIBRE 38, __UN HERIDO DE ARMA DE FUEGO ",GENERAL PUEYRREDON,MAR DEL PLATA,-38019739065531.0,-57615128682024.0,V ACC-MC,0,-38.019739065531,-57.615128682024,2026,3,March,1,17,6,Domingo,True,Tarde (12-18),[],,OTRA / NO ESPECIFICADA,ARMA_FUEGO
2026-03-01 19:14:00,10015935851,LUIS AGOTE y Gaboto,ROBO AUTOMOTOR,VEHÍCULOS,LLAMA POR QUE 4 MASCULINO  EN DOS MOTOS LE ROBAN EL AUTO A UN VECINOS. LE SUSTRAEN UN AUTO NUEVO   COLOR ROJO APORTA PARTE DEL  DOMINIO AH 5 XY. FUGAN EN SENTIDO A IRALA. MUNIDOS DE ARMA DE FUEGO.  ,GENERAL PUEYRREDON,,-380291979984.0,-575612359992.0,Telefonía Fija/Móvil,0,-38.0291979984,-57.5612359992,2026,3,March,1,19,6,Domingo,True,Noche (18-24),[],,OTRA / NO ESPECIFICADA,ARMA_FUEGO
2026-03-01 19:31:00,10015935924,LA PAMPA al 1237,CONTRAVENTORES,DESORDEN EN VÍA PÚBLICA,LLAMANTE REFIERE QUE HAY 4 PERSOINAS EN SITUACION DE CALLE EXALTADOS QUE GENERAN DISTURBIOS EN EL LUGAR __SON TRES MASCULINOS Y UNA FEMENINA - CREE ESTÁN EBRIOS O DROGADOS - NO VE ARMA DE FUEGO - PARECEN VIOLENTOS - ,GENERAL PUEYRREDON,MAR DEL PLATA,-379870235302.0,-575609698278.0,Telefonía Fija/Móvil,0,-37.9870235302,-57.5609698278,2026,3,March,1,19,6,Domingo,True,Noche (18-24),[],,OTRA / NO ESPECIFICADA,ARMA_FUEGO
2026-03-01 19:38:00,10015935949,S/D,VIOLENCIA,NO FAMILIAR,"LLAMANTE REFIERE QUE HAY UNA CONFRONTACIÓN EN EL LUGAR, SE NECESITA PRESENCIA POLCIAL - MENCIONA QUE EL MÁS ALTERADO ES UN MASCULINO ALIAS * EL GRINGO* - NO HAY HERIDOS - ARROJA PIEDRAS - NO TIENE ARMA DE FUEGO A LA VISTA ",GENERAL PUEYRREDON,BATAN,-380107.0,-576731.0,NEGATIVO,"MOVIL INFORMA QUE EN LA AMPLIA RECORRIDA EL PANORAMA ES NORMAL, NADIE ENTREVISTA CON EL PERSONAL POLICIAL, MISMO SIGUE EN RECORRIDA.",-38.0107,-57.6731,2026,3,March,1,19,6,Domingo,True,Noche (18-24),[],,OTRA / NO ESPECIFICADA,ARMA_FUEGO
2026-03-01 21:05:00,10015936388,ROSALES al 5137,INTEGRIDAD A LA VIDA,AMENAZA DE MUERTE,"LLTE REF QUE LO ESTAN ESPERANDO 3 NN EN LA PUERTA CON UN ARMA DE FUEGO AFUERA DEL LOCAL, TIENEN APROX 25 AÑOS ",GENERAL PUEYRREDON,MAR DEL PLATA,-38038388153165.0,-57571326878025.0,NEGATIVO,"MOVIL ENTREVISTA CON EL SR IONE, NEGATIVO SUJETOS EN LA PUERTA DEL NEGOCIO, PERSONAL LIBERA CON PANORAMA NORMAL",-38.038388153165,-57.571326878025,2026,3,March,1,21,6,Domingo,True,Noche (18-24),[],,OTRA / NO ESPECIFICADA,ARMA_FUEGO
2026-03-01 21:48:00,10015936643,AV PEDRO LURO al 10052,PEDIDO GENERICO DE AUXILIO,PGA,"INF CRIA 6TA REFIERE EN LA SALITA DEL BARRIO AMEGHINO, PERSONAL POLICIAL DE ADICICONAL INFORMA MASC HERIDO DE ARMA DE FUEGO ",GENERAL PUEYRREDON,MAR DEL PLATA,-37960677548467.0,-57621175463679.0,POSITIVO,"INF MOV 30916 REFIERE POSITIVO MASC HERIDO DE ARMA DE FUEGO EN EL PECHO, MASC DE 26 AÑOS EL MISMO RESPONDE AL NOMBRE DE ROLDAN JORGE DNI 42112295. HEANO REFIERE QUE ESTABAN EN UN CUMPLEAÑOS SE APERSONA EL *GORDO MORALES* Y EFECTUA DETONCIONES, EL HECJO OCURRIO EN 240 Y ALBERTI . SAME 16 DA CATALAN REALIZA EL TRASLADO",-37.960677548467,-57.621175463679,2026,3,March,1,21,6,Domingo,True,Noche (18-24),[],,OTRA / NO ESPECIFICADA,ARMA_FUEGO
2026-03-01 22:01:00,10015936718,AV MARIO BRAVO y Echeverria,ROBO,COMERCIO,LLTE REF QUE HAY UN POSIBLE ROBO__EN UN LOCAL HAY UN MASCULINO EN BICICLETA CON ARMA DE FUEGO ATRAS__CAMISETA DEL DIBU MARTINEZ__,GENERAL PUEYRREDON,MAR DEL PLATA,-380480209985.0,-575879579992.0,NEGATIVO,"MOVIL INFORMA QUE ESTA EN EL LUGAR NEGATIVO ROBO, ES EL DUEÑO DEL LOCAL QUE ESTABA CERRANDO, SR ROBLES",-38.0480209985,-57.5879579992,2026,3,March,1,22,6,Domingo,True,Noche (18-24),[],,OTRA / NO ESPECIFICADA,ARMA_FUEGO
2026-03-02 09:46:00,10015938519,AV FERMIN ERREA y 25 De Mayo,SOSPECHOSOS,PERSONA EXTRAÑA,LLAMANTE DICE QUE HAY UN MASCULINO JENA AZUL OSCURO ZAPATILLAS NARANJAS Y UN BUZO MARRON OSCURO SOSPECHOSO RECORRIENDO LA ZONA ARMADO CON ARMA DE FUEGO Y CON UNA BOTELLA EN LA MANO ,GENERAL PUEYRREDON,MAR DEL PLATA,-379603309985.0,-576172289992.0,POSITIVO,MASCULINO SILVA FLORES ERIK (39) DNI 34099208IDENTIFICADO ENCUENTRAN ARMA DE JUGUETE EN TACHO DE BASURA QUE HABRIA DESCARTADO EL MASCULINO FISCALIA DR VICENTE NO TOMA TEMPERAMENTO,-37.9603309985,-57.6172289992,2026,3,March,2,9,0,Lunes,False,Mañana (06-12),[],,OTRA / NO ESPECIFICADA,ARMA_FUEGO
2026-03-02 17:44:00,10015940323,3 y 16,SOSPECHOSOS,PERSONA EXTRAÑA,"LLAMANTE REFIERE QUE HAY UN MASCULINO EN MULETAS PORTANDO UN ARMA DE FUEGO, MERODEANDO __ ",GENERAL PUEYRREDON,,,,NEGATIVO,MOVIL 30924 MANIFIESTA QUE AMPLIA RECORRIDA NEGATIVO EL MASCULINO,,,2026,3,March,2,17,0,Lunes,False,Tarde (12-18),[],,OTRA / NO ESPECIFICADA,ARMA_FUEGO
2026-03-02 19:48:00,10015940853,FRANCIA al 196,VIOLENCIA,POR RAZONES DE GENERO,LLAMANTE REFIERE QUE PASO SU YERNO POR EL LUGAR CON MOTO BLANCA CON BUZO BLANCO SU HIJA FUE A LA COMISARIA A DENUNCIARLO CREE QUE TIENE ARMA DE FUEGO 9 MM,GENERAL PUEYRREDON,MAR DEL PLATA,-37975640999154.0,-57560210930942.0,NEGATIVO,33643 INF RECORRID ASIN NOVEDAD NADIE ENTREVISTA ,-37.975640999154,-57.560210930942,2026,3,March,2,19,0,Lunes,False,Noche (18-24),[],,OTRA / NO ESPECIFICADA,ARMA_FUEGO
2026-03-03 00:08:00,10015941750,FRANCISCO SCARPATTI al 1726,DISPAROS,DISPAROS,LLAMA POR QUE ESCUCHO UNA DETOANCION AL PARECER DE  ARMA DE FUEGO. CREE QUE SE TRATA DE UN JOVEN VECINO QUE VIVE SOLO QUE SE HABRIA ULTIMADO.  APORTA QUE EL MISMO TIENE FLIARES EN CALLE  SOLOER BIS Y 206. SE CORTA EL LLAMADO.  ,GENERAL PUEYRREDON,,-380046469985.0,-576194419992.0,NEGATIVO,30549 REALIZA AMPLIA RECORRIDA. NEGATIVO SOSPECHOSOS NEGATIVO DETONACIONES EN EL LUGAR. NADIE ENTREVISTA ,-38.0046469985,-57.6194419992,2026,3,March,3,0,1,Martes,False,Madrugada (00-06),[],,OTRA / NO ESPECIFICADA,ARMA_FUEGO
2026-03-03 05:47:00,10015942510,TEODORO BRONZINI y Falucho,SOSPECHOSOS,EN VEHÍCULO,"LLAMANTE REFIERE QUE DOS SUJETOS  EN MOTO  UNO DE BUZO GRIS Y PANTALON AZUL OTRO DE NEGRO INTENTARON ROBARLE  , TIENEN ARMA DE FUEGO . SE VAN  POR FALUCHO EN CONTRAMANO  HACIA CHAMPAGNAT ",GENERAL PUEYRREDON,MAR DEL PLATA,-379888059985.0,-575837239992.0,NEGATIVO,"PERSONAL POLICIAL INFORMA QUE NADIE ENTREVISTA EN EL LUGAR, AL ARRIBO DEL MOVIL PANORAMA NORMAL.-",-37.9888059985,-57.5837239992,2026,3,March,3,5,1,Martes,False,Madrugada (00-06),[],,OTRA / NO ESPECIFICADA,ARMA_FUEGO
2026-03-03 09:45:00,10015942946,GRAL JOSE ARTIGAS al 405,ROBO,FINCA,"EN PROCESO .-   REFIERE QUE TIENE EMERGENCIA POLICIAL, QUE HAY UN MASCULINO QUE ENTRO A ROBAR A LA CASA  Y QUIERE MATAR AL LLATE Y LA MEJOR AMIGO, EL LLATE TIENE 8 AÑOS .-   EL MASCULINO VISTE SIN REMERA Y TIENE UN ARMA DE FUEGO, LUEGO DICE QUE  ESTA AFUERA DE LA CASA, NO LO CONOCE Y ESTA EN UNA MOTO .-   ",GENERAL PUEYRREDON,MAR DEL PLATA,-379688.0,-575605.0,V ACC-MC,0,-37.9688,-57.5605,2026,3,March,3,9,1,Martes,False,Mañana (06-12),[],,OTRA / NO ESPECIFICADA,ARMA_FUEGO
2026-03-03 15:19:00,10015943869,SAN ANTONIO al 8530,INTEGRIDAD A LA VIDA,AMENAZA DE MUERTE,"LLAMANTE COMUNICA QUE SU HERMANO EDGARDO ROBERTO RONDON, SE ESCAPO DE LAS CASITAS DE BATAN HACE DOS AÑOS, ESTABA PRESO POR ROBO Y AHORA ESTA  CON UN  ARMA DE FUEGO DENTRO DE LA CASA Y QUIERE MATAR A LA FAMILIA",GENERAL PUEYRREDON,MAR DEL PLATA,-38011449282987.0,-57596593625746.0,Telefonía Fija/Móvil,0,-38.011449282987,-57.596593625746,2026,3,March,3,15,1,Martes,False,Tarde (12-18),[],,OTRA / NO ESPECIFICADA,ARMA_FUEGO
2026-03-03 23:00:00,10015945582,ECUADOR al 955,DISPAROS,DISPAROS,"LLAMANTE REFIERE QUE HAY UN AUTO PEUGEOT GRIS SOSPECHOSO DESDE DE LA MADRUGADA, INDICA QUE DEL MISMO SE BAJO UNA PERSONA, QUE AL MOMENTO ESTARIA EN EL MISMO LUGAR QUE EL VEHICULO, APARENTEMENTE DROGADO Y ALCOHOLIZADO, Y HAY DETONACIONES DE ARMA DE FUEGO, NO SABE COMO ES LA SITUACION",GENERAL PUEYRREDON,MAR DEL PLATA,-379582780739.0,-576112168999.0,NEGATIVO,"INF MOV 30151 REFIERE NEGATIVO LOS SUJETOS APORTADOS EN CARTA DE LLAMADO, NADIE ENTREVISTA CON EL MOVIL POLICIAL. PANORAMA NORMAL, NEGATIVO DISTURBIOS O CONFRONTACION EN EL LUGAR, EL VEHICULO YA NO SE ENCONTRABA EN EL LUGAR, NEGATIVO DETONACIONES",-37.9582780739,-57.6112168999,2026,3,March,3,23,1,Martes,False,Noche (18-24),[],,PEUGEOT,ARMA_FUEGO
2026-03-04 12:43:00,10015947576,AV JARA al 2515,PEDIDO GENERICO DE AUXILIO,PGA,"CCA QUE HAY UNA FEMENINA CON UN ARMA DE FUEGO , REMERA VERDE , POLLERA LARGA , SERIA DE LA COMUNIDAD  SINGARA , ESTA CN UN BEBE , NO SABE QUE SUCEDE",GENERAL PUEYRREDON,MAR DEL PLATA,-379938.0,-575764.0,NEGATIVO,"NUMERAL INEXISNTENTE NADIE ENTREVISTA, NEGATIVO FEMENINA INFORMA EL MOVIL",-37.9938,-57.5764,2026,3,March,4,12,2,Miércoles,False,Tarde (12-18),[],,OTRA / NO ESPECIFICADA,ARMA_FUEGO
2026-03-04 18:53:00,10015948763,PAULA ALBARRACIN y San Lorenzo,CARTA ORIGINAL,CON PRIORIDAD,"LLAMANTE REFIERE QUE A UNA MUJER LA  LA MOLESTAN FAMILIARES DE LA MISMA   , ESTAN CON ARMAS. LA MOLESTAN A ELLA  Y OTRO FAMILIAR . NO HERIDOS . ESTA EN LA ESQUINA VIA PUBLICA ____LLAMANTE REFIERE QUE VENDEN DROGA CALLE   SAN LORENZO Y ESTADO DE ISRALES, JUSTO ESQUINA  CASA DE DOS PISOS BLANCA , UNO SE LLAMA MARIO BERGARA Y OTRO  ROBERTO BERGARA. VENDEN COCAINA.  EN OTRA CASA AL FRENTE  TAMBIEN COMERCIALIZAN DROGA, CASA DE PORTON  DE MADERA Y PATIO AL FONDO CON MOTO BLANCA EN LA VERERA TAMBIEN VENDE COCAINA , SE LLAMA YASMIN CALO ES UN HOMBRE DE  26 AÑOS. ESTAN ARMADOS Y ESTEBAN IBANEZ EN LA MISMA CUADRA ESTA CON ARMA DE FUEGO . LUIS IBAÑEZ VIVE A LA VUELTA POR CALLLE  PAULA ALBARRACIN  N°3170, TAMBIEN VENDE DROGA.  VENDEN TODO EL DIA. TIENEN MOTO BLANCA . ",GENERAL PUEYRREDON,MAR DEL PLATA,-379880659985.0,-576027889992.0,V ACC-MC,0,-37.9880659985,-57.6027889992,2026,3,March,4,18,2,Miércoles,False,Noche (18-24),[],,OTRA / NO ESPECIFICADA,ARMA_FUEGO
2026-03-04 19:11:00,10015948827,PAULA ALBARRACIN y San Lorenzo,DROGAS ILÍCITAS,VENTA/ELABORACIÓN,"LLAMANTE REFIERE QUE A UNA MUJER LA  LA MOLESTAN FAMILIARES DE LA MISMA   , ESTAN CON ARMAS. LA MOLESTAN A ELLA  Y OTRO FAMILIAR . NO HERIDOS . ESTA EN LA ESQUINA VIA PUBLICA ____LLAMANTE REFIERE QUE VENDEN DROGA CALLE   SAN LORENZO Y ESTADO DE ISRALES, JUSTO ESQUINA  CASA DE DOS PISOS BLANCA , UNO SE LLAMA MARIO BERGARA Y OTRO  ROBERTO BERGARA. VENDEN COCAINA.  EN OTRA CASA AL FRENTE  TAMBIEN COMERCIALIZAN DROGA, CASA DE PORTON  DE MADERA Y PATIO AL FONDO CON MOTO BLANCA EN LA VERERA TAMBIEN VENDE COCAINA , SE LLAMA YASMIN CALO ES UN HOMBRE DE  26 AÑOS. ESTAN ARMADOS Y ESTEBAN IBANEZ EN LA MISMA CUADRA ESTA CON ARMA DE FUEGO . LUIS IBAÑEZ VIVE A LA VUELTA POR CALLLE  PAULA ALBARRACIN  N°3170, TAMBIEN VENDE DROGA.  VENDEN TODO EL DIA. TIENEN MOTO BLANCA . ",GENERAL PUEYRREDON,MAR DEL PLATA,-379880659985.0,-576027889992.0,V ACC-MC,0,-37.9880659985,-57.6027889992,2026,3,March,4,19,2,Miércoles,False,Noche (18-24),[],,OTRA / NO ESPECIFICADA,ARMA_FUEGO
2026-03-04 20:50:00,10015949256,AV DELLA PAOLERA al 638,ROBO,VÍA PÚBLICA,"LLAMANTE MENCIONA QUE DOS MASCULINOS QUE VISTEN BUZO CON CAPUCHA LE ROBARON LA BICICLETA A OTRO EN LA VIA PUBLICA, SE FUERON HACIA LA VILLA DE BERUTTI POR LA CALLE PELAYO CREE QUE TENIAN ARMA DE FUEGO. LA VICTIMA SE VA A PIE  POR CHAMPAGNAT HACIA LIBERTAD Y VISTE REMERA CON MOCHILA NEGRA.- ",GENERAL PUEYRREDON,MAR DEL PLATA,-37956202617785.0,-57580021991818.0,NEGATIVO,30118 INF RECORRIDA SIN NOVEDAD ,-37.956202617785,-57.580021991818,2026,3,March,4,20,2,Miércoles,False,Noche (18-24),[],,OTRA / NO ESPECIFICADA,ARMA_FUEGO
2026-03-05 03:40:00,10015950407,CALLE 433 y Calle 28,DISPAROS,DISPAROS,"  LLAMANTE  INFORMA LE EFECTUAN DETONACIONES DE ARMA DE FUEGO HACIA SU CASA, SERIA SU EX PAREJA, QUE HOY FUE DENUNCIADO POR ELLA POR UN ROBO A SU CASA,  EL MASCULINO  ESTA EN UNA MOTO GLH AAZUL, VESTIDO NEGRO CON CASCO, __SE VA HACIA EL LADO DE CALLE 435, NO HAY HERIDOS",GENERAL PUEYRREDON,,,,NEGATIVO,30677 INF ENTREVISTA CON SRA ESTEFANIA CARDOZO DNI TEL 2236011087 DNI 41783309  REFIERE QUE ESCUCHA RUIDOS ATRAS ESTA MUY DROGADA RECORRIDA NEGATIVO LO APORTADO INDICADOS LOS PASOS A SEGUIR ,,,2026,3,March,5,3,3,Jueves,False,Madrugada (00-06),[],,OTRA / NO ESPECIFICADA,ARMA_FUEGO
2026-03-05 05:47:00,10015950568,MORENO al 8034,ROBO,VÍA PÚBLICA,"REFIERE QUE LE ROBARON A SU MARIDO__NO ESTA HERIDO __ERAN 4 MASCULINOS EN UNA CAMIONETA TIPO AMAROK, COLOR GRIS OSCURA , PARTENTE NO RECUERDA __ARMADOS CON ARMA DE FUEGO __SE FUGARON HACIA MONTE VARELA. POR MORENO, TOMARON 194, CHILABERT HACIA EL MONTE, COLON ",GENERAL PUEYRREDON,MAR DEL PLATA,-37974140849818.0,-57603483149157.0,POSITIVO,POSITIVO SE INVITA A RADICAR NO REQUIERE ASISTENCIA MEDICA LE ROBAN EL CELULAR ,-37.974140849818,-57.603483149157,2026,3,March,5,5,3,Jueves,False,Madrugada (00-06),[],,OTRA / NO ESPECIFICADA,ARMA_FUEGO
2026-03-05 08:22:00,10015950830,AV MARIO BRAVO al 5705,ROBO,VÍA PÚBLICA,"REFIERE QUE 2 NN ARMADOS CON ARMA DE FUEGO, ROBARON A UNA MAESTRAEN EL INGRESO A LA  ESCUELA NRO  919 __LA FEM QUEDA  HERIDA PERO SERA TRASLADADA POR OTROS MEDIOS____OP 26 DE ALARMAS NIKRO __TEL 08103333500",GENERAL PUEYRREDON,MAR DEL PLATA,-38046072005795.0,-57590576026891.0,Telefonía Fija/Móvil,0,-38.046072005795,-57.590576026891,2026,3,March,5,8,3,Jueves,False,Mañana (06-12),[],,OTRA / NO ESPECIFICADA,ARMA_FUEGO
2026-03-05 09:10:00,10015950913,GUTEMBERG al 9823,DISPAROS,PERSONAS,LLTE REFIERE QUE VARIOS NN ESTAN CON ARMA DE FUEGO DISPARANDO CONTRA UN VECINO__AL MOMENTO NO HAY HERIDOS,GENERAL PUEYRREDON,MAR DEL PLATA,-380207689985.0,-576155009992.0,V ACC-MC,0,-38.0207689985,-57.6155009992,2026,3,March,5,9,3,Jueves,False,Mañana (06-12),[],,OTRA / NO ESPECIFICADA,ARMA_FUEGO
2026-03-05 14:05:00,10015951653,CERRETI y ARANA Y GOIRI,INTRUSION,INMUEBLE PUBLICO,"LLAMANTE COMUNICA QUE HAY  4 A 5 HOMBRES USURPANDO UNA CALLE, REFIERE QUE ES UNA CALLE QUE ESTA PLANA Y LOS MASCULINOS ESTAN TRATANDO DE USURPAR ESE SECTOR, UNO ESTA CON ARMA DE FUEGO Y OTROS DOS TENIAN UN HIERRO Y UNA PALA CON LA CUAL  AMENAZARON A LOS VECIOS CUANDO SE ACERCARON A DECIRLES QUE ERA UNA CALLE EL LUGAR ",GENERAL PUEYRREDON,,,,V ACC-MC,0,,,2026,3,March,5,14,3,Jueves,False,Tarde (12-18),[],,OTRA / NO ESPECIFICADA,ARMA_FUEGO
2026-03-05 15:52:00,10015951952,RODRIGUEZ PEÑA al 7209,DISPAROS,PERSONAS,"REFIERE QUE A VECINO LE DIPARON CON ARMA DE FUEGO, NO MENCIONA HERIDOS, LO SIGUIERON EN LA CALLE, UNOS CHICOS, NO DIO CARACTERICAS, DISPARARON CONTRA EL, LA VICTIMA ESTA CON LA HIJA JUNTO A LA LLAMANTE. ",GENERAL PUEYRREDON,MAR DEL PLATA,-37989605374967.0,-57604145418226.0,V ACC-MC,0,-37.989605374967,-57.604145418226,2026,3,March,5,15,3,Jueves,False,Tarde (12-18),[],,OTRA / NO ESPECIFICADA,ARMA_FUEGO
2026-03-06 01:07:00,10015953860,CALLE 429 BIS al 871,INTEGRIDAD A LA VIDA,AMENAZA DE MUERTE,"LLAMANTE REFIERE QUE TIENE AMENEZAS DE MUERTE Y  YA  REALIZÓ LA DENUNCIA Y AHORA PASARON CON UN ARMA, PASARON EN UNA MOTO UN HOMBRE Y UNA MUJER CON ARMA DE FUEGO,NO SABE DATOS DE LA MOTO. LES DICEN QUE VUELVEN Y LOS VAN A MATAR , EL ESTA CON SU MUJER Y BEBITA, REFIERE QUE ESTAN EN PELIGRO",GENERAL PUEYRREDON,MAR DEL PLATA,-38095700021686.0,-57581421706492.0,POSITIVO,30677 INF QUE ENTREVISTA CON LA SRA MILAGROS GARDEL REF LO MISMO QUE EN CARTA PASAN 2 PERSONAS MASCULINO CARO Y DAIANA PONSE- A LA LLEGADA DEL MOVIL NEGATIVO- NO REQUIERA ASISTENCA MEDICA,-38.095700021686,-57.581421706492,2026,3,March,6,1,4,Viernes,False,Madrugada (00-06),[],,OTRA / NO ESPECIFICADA,ARMA_FUEGO
2026-03-06 08:57:00,10015954741,11 DE SEPTIEMBRE al 8551,INTEGRIDAD A LA VIDA,AMENAZA DE MUERTE,"LLAMANTE REFIERE QUE DOS CHICOS ARMADOS ENTRARON A LA CASA MIENTRAS LOS FILMABAN Y LE DIJERO *ULTIMO AVISO,*, ENTIENDE QUE LOS ENVIO QUIEN LES ALQUILA PORQUE ESTAN CON PROBLEMA POR UN PÁGO -__ROMPERON LA PUERTA Y APUNTARON EN LA CABEZA A LA NENA CON UN ARMA DE FUEGO __NO HAY HERIDOS, ANDAN EN UNA GILERA 110 GRIS, UNO TIENE CAMEPERA CAMUFLADA Y EL OTRO CAMPERA GRIS, AMBOS CON CASCO __SE VAN POR BOLIVIA HACIA LURO  ULTIMO AVISO ",GENERAL PUEYRREDON,MAR DEL PLATA,-37965090799369.0,-57603409422439.0,POSITIVO,"MOVIL 30559 ENTREVISTA CON ALVARITO DIANA DNI 38441103 TEL 2235969099 MANIFIESTA QUE INGRESAN DOS MASCULINOS ARMADOS APROX A LAS 8:30 AM  Y UNO DE ELLOS APUNTA A SU HIJA DE 7 AÑOS EN LA CABEZA Y LE REFIEREN QUE ANDATE DE LA CASA DE MI ABUELO QUE VAMOS A VOLVER, LOS MISMOS SOLO UNOS MINUTOS DESPUES SE RETIRAN DEL LUGAR, EN EL LUGAR NO REQUIEREN AISTENCIA, LA FEMENINA REFIERE QUE TIENE UN CONFLICTO DE INQUILINATO CON EL PROPIETARIO DE LA FINCA, POR EL TEMA DEL ALQUILER, SE PONE EN CONOCIMIENTO A INSTRUCCION A CARGO DE OSI AGUIRRE",-37.965090799369,-57.603409422439,2026,3,March,6,8,4,Viernes,False,Mañana (06-12),[],,GILERA,ARMA_FUEGO
2026-03-06 16:36:00,10015955939,MERCEDES y Gral Pueyrredon,DISPAROS,PERSONAS,"__LLAMANTE REFIERE QUE SE PRESENTO UN  HOMBRE Y UNA MUJER LE FUERON A ROBAR    Y  EL MASCULINO TIENE  UN ARMA  VISTE CAMPERA BLANCA Y PANTALON CLARO Y ZAPATILLAS NEGRAS __ LA MUJER TIENE UN DESTORNILLADOR, VISTE  PANTALON AZUL CON  BLANCO ,  ZAPATILLAS NEGRAS, Y CAMPERA  ROSA  . HABRIA UN  HERIDO DE ARMA DE FUEGO . EL SUEGRO DE LA LLAMANTE Y EL MARIDO ESTAN HERIDOS. ",GENERAL PUEYRREDON,CAMET,-378393.0,-576277.0,V ACC-MC,0,-37.8393,-57.6277,2026,3,March,6,16,4,Viernes,False,Tarde (12-18),[],,OTRA / NO ESPECIFICADA,ARMA_FUEGO
2026-03-06 19:49:00,10015956616,TRES ARROYOS y San Lorenzo,ROBO,VÍA PÚBLICA,"LLAMANTE REFIERE QUE UNA MOTO SE LE CRUZÓ A UN TAXI PARA ROBARLE, NO PUDIERON. INDICA QUE UNO DE LOS MASCULINOS SE FUE POR AVELLANEDA PARA EL LADO DEL REGIONAL, ENCAPUCHADO, LLEVANDO LA MOTO 110CC CAMINANDO. INDICA QUE EL ACOMPAÑANTE, UN MASCULINO ROBUSTO DE CAPUCHA AZUL, TENIA UN ARMA DE FUEGO, SE FUE CAMINANDO SAN LORENZO PARA CHAMPAGNAT",GENERAL PUEYRREDON,,-379910869985.0,-575968119992.0,NEGATIVO,31251 INF EN LUGAR ANDIE ENTREVISTA ,-37.9910869985,-57.5968119992,2026,3,March,6,19,4,Viernes,False,Noche (18-24),[],,OTRA / NO ESPECIFICADA,ARMA_FUEGO
2026-03-07 12:00:00,10015959027,CHACO al 1940,VIOLENCIA,POR RAZONES DE GENERO,LLAMANTE DICE QUE HAY UN MASCULINO LA AMENAZO ARMADO CON ARMA DE FUEGO SE FUE RECIEN EN UN AUTO  POLO COLOR GRIS CVJ837,GENERAL PUEYRREDON,MAR DEL PLATA,-37992180063994.0,-57566569199082.0,NEGATIVO,"ENTREVISTADA NUÑEZ MARIANA , REF MASC CON MULETAS Y UNA FEM , EN VEHCIULO APORTADO ENB CARTA , LA AMENZAN CON ARMA DE FUEGO , EN RECORRIDA NEG ",-37.992180063994,-57.566569199082,2026,3,March,7,12,5,Sábado,True,Tarde (12-18),['CVJ837'],CVJ837,OTRA / NO ESPECIFICADA,ARMA_FUEGO
2026-03-07 19:37:00,10015960536,OTRO,VIOLENCIA,NO FAMILIAR,"LLAMANTE REFIERE QUE ESTAN CONFRONTANDO CUATRO PERSONAS, ESTAN CON ARMA DE FUEGO ",GENERAL PUEYRREDON,,,,NEGATIVO,"MOVIL INFORMA QUE EN LA AMPLIA RECORRIDA EL PANORAMA ES NORMAL, NADIE ENTREVISTA CON EL PERSONAL POLICIAL, MISMO SIGUE EN RECORRIDA.__",,,2026,3,March,7,19,5,Sábado,True,Noche (18-24),[],,OTRA / NO ESPECIFICADA,ARMA_FUEGO
2026-03-07 23:11:00,10015961415,AV JUAN B JUSTO y Juan N Fernandez,PEDIDO GENERICO DE AUXILIO,PGA,"TTE1RO LEOZ DEL DESTACAMENTO POLICIAL DE LA GUARDIA DEL HOSPITAL HIGA INFORMA QUE INGRESA UN MASCULINO HERIDO DE ARMA DE FUEGO EN LA ZONA INFERIOR, EN BREVE AMPLIA PANORAMA",GENERAL PUEYRREDON,MAR DEL PLATA,-379950759985.0,-576028369992.0,POSITIVO,"EL MASCULINO ES IDENTIFICADO COMO KRAIMER LUCAS DE 51 AÑOS, REFIERE QUE UN MASCULINO LE EFECUA UN DISPARO SIN MEDIAR EN LA ZONA DE CALLE 1 Y EL ARROYO EN JUSRISDICCION 13RA, SE ENCUENTRA LUCIDO Y CONSCIENTE, ESTA SIENDO ATENDIDO POR PERSONAL MEDICO",-37.9950759985,-57.6028369992,2026,3,March,7,23,5,Sábado,True,Noche (18-24),[],,OTRA / NO ESPECIFICADA,ARMA_FUEGO
2026-03-08 11:32:00,10015963639,GARCIA LORCA y Vignolo,CARTA ORIGINAL,CON PRIORIDAD,"__LLAMANTE REFIERE QUE  EN EL LUGAR  VENDERIAN DROGAS , NO SABE QUIEN ES EL QUE VENDEN ,   VENDERIAN COCAINA , MANEJAN ARMAS DE FUEGO ,-______ REFIERE QUE DOS A TRES PERSONAS  CONFRONTAN , LE DIJERON QUE UNO DE ELLOS ESTARIA CON UN ARMA DE FUEGO NOS ABE CUAL DE LOS TRES , NO TIENE DESCRIPCION",GENERAL PUEYRREDON,MAR DEL PLATA,-380208429985.0,-576205239992.0,V ACC-MC,0,-38.0208429985,-57.6205239992,2026,3,March,8,11,6,Domingo,True,Mañana (06-12),[],,OTRA / NO ESPECIFICADA,ARMA_FUEGO
2026-03-08 11:36:00,10015963646,GARCIA LORCA y Vignolo,VIOLENCIA,NO FAMILIAR,"__REFIERE QUE DOS A TRES PERSONAS  CONFRONTAN , LE DIJERON QUE UNO DE ELLOS ESTARIA CON UN ARMA DE FUEGO NO SABE CUAL DE LOS TRES , NO TIENE DESCRIPCION",GENERAL PUEYRREDON,MAR DEL PLATA,-380208429985.0,-576205239992.0,NEGATIVO,30498 NEGATIVO EN VIA PUBLICA,-38.0208429985,-57.6205239992,2026,3,March,8,11,6,Domingo,True,Mañana (06-12),[],,OTRA / NO ESPECIFICADA,ARMA_FUEGO
2026-03-08 11:37:00,10015963652,GARCIA LORCA y Vignolo,DROGAS ILÍCITAS,VENTA/ELABORACIÓN,"__LLAMANTE REFIERE QUE  EN EL LUGAR  VENDERIAN DROGAS , NO SABE QUIEN ES EL QUE VENDEN ,   VENDERIAN COCAINA , MANEJAN ARMAS DE FUEGO ,-______ REFIERE QUE DOS A TRES PERSONAS  CONFRONTAN , LE DIJERON QUE UNO DE ELLOS ESTARIA CON UN ARMA DE FUEGO NOS ABE CUAL DE LOS TRES , NO TIENE DESCRIPCION",GENERAL PUEYRREDON,MAR DEL PLATA,-380208429985.0,-576205239992.0,V ACC-MC,0,-38.0208429985,-57.6205239992,2026,3,March,8,11,6,Domingo,True,Mañana (06-12),[],,OTRA / NO ESPECIFICADA,ARMA_FUEGO
2026-03-08 12:10:00,10015963754,HIPOLITO YRIGOYEN y Formosa,ROBO,VÍA PÚBLICA,LLAMANTE REFIERE QUE UN MASCULINO LE ROBÓ A UN HOMBRE MAYOR. ESTÁ ARMADO CON ARMA DE FUEGO Y SE FUE A PIE POR MATHEU PARA MITRE. TIENE REMERA NEGRA Y VISERA NEGRA. ES DELGADO Y MIDE 1.70 MTS. APROX. EL DAMNIFICADO ESTÁ GOLPEADO.  ,GENERAL PUEYRREDON,MAR DEL PLATA,-380146689984.0,-575634119992.0,Telefonía Fija/Móvil,0,-38.0146689984,-57.5634119992,2026,3,March,8,12,6,Domingo,True,Tarde (12-18),[],,OTRA / NO ESPECIFICADA,ARMA_FUEGO
2026-03-08 12:12:00,10015963761,LA RIOJA al 3793,ROBO,VÍA PÚBLICA,LLAMANTE REFIERE QUE RECIÉN LLAMÓ POR UN ROBO Y LA PERSONA QUE ROBÓ PARECE QUE SE SUBIÓ A UN AUTO VOLKSWAGEN COLOR GRIS. ESTABA ARMADO CON ARMA DE FUEGO. SE HABIA IDO POR MATHEU PARA MITRE. EL MASCULINO MAYOR AL QUE LE ROBÓ ESTÁ GOLPEADO. ,GENERAL PUEYRREDON,MAR DEL PLATA,-380141.0,-575644.0,Telefonía Fija/Móvil,0,-38.0141,-57.5644,2026,3,March,8,12,6,Domingo,True,Tarde (12-18),[],,VOLKSWAGEN,ARMA_FUEGO
2026-03-08 15:51:00,10015964461,PUAN al 4527,ROBO,VÍA PÚBLICA,LLAMANTE REFIERE QUE 2 SUJETOS EN MOTO AZUL ROBARON EN EL LUGAR LA MOTO ES TIPO CROSS SE FUERON POR PUAN PARA JURAMENTO UNO CON CAPUCHA NEGRA CON ARMA DE FUEGO EL DE ATRAS ENCAPUCHADO NO HERIDOS ,GENERAL PUEYRREDON,MAR DEL PLATA,-380471.0,-575719.0,POSITIVO,30548- ENTREVISTADO SR CEJAS - APORTA QUE DOS PERSONAS SE ACERCARON A SU CASA Y LE EXCIBIERON UN ARMA -LLEGO A SACAR LA LLAVE DELA MOTO QUE TENIA Y SE METIO AL DCLIO -TTVA- APORTA QUE EL ARMA ERA DE UTILERIA POR LO QUE LLEGO A VER- ,-38.0471,-57.5719,2026,3,March,8,15,6,Domingo,True,Tarde (12-18),[],,OTRA / NO ESPECIFICADA,ARMA_FUEGO
2026-03-08 18:56:00,10015965094,FRANCIA y 9 De Julio,INTEGRIDAD A LA VIDA,AMENAZA DE MUERTE,LLAMANTE REFIERE QUE  UNA PERSONA LO AMENAZA CON UN ARMA DE FUEGO Y VA EN UN AUTO VW SURAN AB077WR COLOR BLANCO. NO HAY HERIDOS,GENERAL PUEYRREDON,MAR DEL PLATA,-379852569985.0,-575680129992.0,NEGATIVO,33643 MARTIN ENTREVISTADO - DISCUSION POR ESTACIONAMIENTO - IDENTIFICADO EL SR SOSA MANUEL NEGATIVO ARMA DE FUEGO - SE CALMAN LAS PARTES INDCADOS PASOS ,-37.9852569985,-57.5680129992,2026,3,March,8,18,6,Domingo,True,Noche (18-24),['AB077WR'],AB077WR,OTRA / NO ESPECIFICADA,ARMA_FUEGO
2026-03-08 20:35:00,10015965474,TOMAS FALKNER al 5778,DISPAROS,DISPAROS,"LLAMANTE REFIERE QUE LE QUISIERON ROBAR LA CAMIONETA A SU HERMANA__UNA CAMIONETA 5008 COLOR GRIS, ERAN DOS ASCULINOS EN MOTO, DESCONOCE DATOS DE LA MISMA__EFECTURRON DISPAROS DE ARMA DE FUEGO, NO HAY HERIDOS__SU HERMANA PUDO PERDERLOS, NO TIENE NINGUN DATO NI DESCRIPCION DE LA MOTO__",GENERAL PUEYRREDON,MAR DEL PLATA,-37968766565169.0,-57567225718403.0,POSITIVO,"SE ENTREVISTA SR LALI CRISTIAN REFIERE QEU DOS NN DE NEGRO EN UN MOTOVEHICULO DE C ALTA  LE QUIEREN ROARLA CAMIONETA, SE DAN A LA FUGA INV RADICAR, RECORRID ASIN NOVEDAD NO HAY HERIDOS  INF MOVIL 30667",-37.968766565169,-57.567225718403,2026,3,March,8,20,6,Domingo,True,Noche (18-24),[],,OTRA / NO ESPECIFICADA,ARMA_FUEGO
2026-03-08 20:41:00,10015965493,3 DE FEBRERO y Teodoro Bronzini,ROBO AUTOMOTOR,MOTOS,"LLAMA POR QUE LE ACABAN DE ROBAR LA MOTO. ERAN DOS MASCULINOS ABORDO DE UNA  XR 1550CC, LE SUSTRAEN UNA MOTO   ROUSER 200 CC COLOR BLANCA CON AZUL, DOMINIO A235VHL   FUGAN PARA LURO.  MUNIDOS DE ARMA DE FUEGO. ERA UN  REVOLVER.  LA VICTIMA NO ESTA HERIDA. ESPERAN EL MOVIL EN EL LUGAR.  AGRESORES ENCAPOCUHCADOS SIN CASCOS. AMBOS DELGADOS. ESPREAN EL RECURSO [Id.Remoto: 10015965493]",GENERAL PUEYRREDON,MAR DEL PLATA,-379803579985.0,-575755009992.0,REDERIVADO,"DOLORES SUBCRIO CARRION, PINAMAR OSI ERRASQUIN, TANDIL SGTO PIANO, CHASCOMUS TTE SEBEY, VIAL VIVORATA SGTO SANCHEZ, VIAL CHAPADMALAL OFL LAMBERT, VIAL EL SOLDADO TTE MARTINEZ, VIAL CAMET SUBTTE RODRIGUEZ ",-37.9803579985,-57.5755009992,2026,3,March,8,20,6,Domingo,True,Noche (18-24),['A235VHL'],A235VHL,OTRA / NO ESPECIFICADA,ARMA_FUEGO
2026-03-09 00:42:00,10015966434,CORDOBA y San Luis,DISPAROS,DISPAROS,LLAMANTE REFIERE QUE ESCUCHO VARIAS DETONACIONES DE ARMA DE FUEGO,GENERAL PUEYRREDON,,,,NEGATIVO,INF QUE SON  FUEGOS ARTIFICIALES  TODOS MENORES  FESTEJANDO EL UPD ,,,2026,3,March,9,0,0,Lunes,False,Madrugada (00-06),[],,OTRA / NO ESPECIFICADA,ARMA_FUEGO
2026-03-09 02:33:00,10015966846,SICILIA al 5443,VIOLENCIA,POR RAZONES DE GENERO,"LLTE REF QUE SU EX PAREJA LA AMENAZA , ESTÁ YENDO A LA CASA , TIENE UN ARMA DE FUEGO__FUE A LA CASA ABUSCARLA__NO TIENE PERIMETRAL.-__",GENERAL PUEYRREDON,MAR DEL PLATA,-38043001031794.0,-57582619121556.0,POSITIVO,MOVIL 30920 ENTREVISTA CON LA SRA GONSALEZ MICAELA POSITIOV UNA VAINA DNI 43741071 LA FEMMENINA SE ENCUNTRA BIEN Y L CASQUILLO EN VIA PUBLICA PODRIA SER EL SR SOSA ESTEBAN LA EX PAREJA DE 21 AÑOS A LA ESPERA DE CIENTIFICA POSITIVO VAINA ,-38.043001031794,-57.582619121556,2026,3,March,9,2,0,Lunes,False,Madrugada (00-06),[],,OTRA / NO ESPECIFICADA,ARMA_FUEGO
2026-03-09 12:15:00,10015968078,CALLE 24 y Dr Guillermo Bosch Mayol  Cabo Corrientes,DISPAROS,PERSONAS,"REFIERE MASC ARMADO CON ARMA DE FUEGO DENTRO DE LA VIVIENDA DE UNA PAREJA  AMIGA DE LA LLTE LES QUIERE DISPARAR __NO SABE QUE SUCEDE .- __ANOCHE EL MISMO MASC   LE DISPARO AL DUEÑO DE LA CASA, LO HIRIO,  LE SALIO  EL DISPARO POR LA ESPALDA E IMPACTO EN EL DEDO , EL MASC YA FUE ATENDIDO __AHORA EL MASC REGRESO AL DOMICILIO ARAMDO .- ",GENERAL PUEYRREDON,MAR DEL PLATA,-380940289985.0,-575901909992.0,REDERIVADO,0,-38.0940289985,-57.5901909992,2026,3,March,9,12,0,Lunes,False,Tarde (12-18),[],,OTRA / NO ESPECIFICADA,ARMA_FUEGO
2026-03-09 16:05:00,10015968748,ESTEBAN GASCON y Olazabal,SOSPECHOSOS,EN VEHÍCULO,LLAMANTE REFIERE QUE VIO DOS MASCULINOS N MOTO TIPO 110 COLOR OSCURA GRIS O NEGRO SIN PATENTE COLOCADA __UNO CON CASCO Y OTRO CON GORRA Y CAPOUCHA - AMBOS DELGADOS - EL DE ATRÁS SE ACOMODA EL BUZO Y SE LE VE UN ARMA DE FUEGO EN LA CINTURA - VAN POR GASCON HACIA SAN JUAN ,GENERAL PUEYRREDON,MAR DEL PLATA,-379987469985.0,-575662789992.0,NEGATIVO,PERSONAL INFORMA RECORRIDA PR LA ZONA DE FUNES A SAN JUAN NEGATIVO MASCULINOS CON DATOS APORTADOS ,-37.9987469985,-57.5662789992,2026,3,March,9,16,0,Lunes,False,Tarde (12-18),[],,OTRA / NO ESPECIFICADA,ARMA_FUEGO
2026-03-09 23:06:00,10015970104,AV CARLOS TEJEDOR y Mansilla,SOSPECHOSOS,PERSONA EXTRAÑA,LLAMANTE REFIERE QUE LE ROBARON YA FUE MOVIL Y ESTOS SUJTOS ESTAN DANDO VUELTAS AHORA SON 25 Y 40 AÑOS CON ARMA DE FUEGO Y OTRO CON FIERRO TODO NEGRO ZAPATILLA BLANCAS BERMUDA Y SHORT,GENERAL PUEYRREDON,MAR DEL PLATA,-379512669984.0,-575421379992.0,NEGATIVO,"INF MOV 29150 REFIERE NEGATIVO LOS SUJETOS APORTADOS EN CARTA DE LLAMADO, NADIE ENTREVISTA CON EL MOVIL POLICIAL. PANORAMA NORMAL, NEGATIVO DISTURBIOS O CONFRONTACION EN EL LUGAR",-37.9512669984,-57.5421379992,2026,3,March,9,23,0,Lunes,False,Noche (18-24),[],,OTRA / NO ESPECIFICADA,ARMA_FUEGO
2026-03-10 08:03:00,10015971098,CALLE 11 B y Camino De Las Canteras,DISPAROS,DISPAROS,"LLAMANTE REFIERE QUE A DOS HOMBRES EN UNA MOTO CON ARMAS DE FUEGO , UNO ESTA EN EL PUENTE Y LE INDICA QUE LE DISPARO A UN AUTO Y EL DE LA MOTO SE METIO EN LA CANTERA, ES 150 CC NEGRA, EL HOMBRE DEL PUENTE ESTA ARMADO, TIENE UN ARMA DE FUEGO , VISTE CON CONJUNTO NEGRO , EL DE LA MOTO TIENE GORRA BLANCA Y CAMPERON NEGRO , EL HOMBRE QUE ESTA ARMADO ESTA BAJO EL PUENTE Y EL OTRO ESTA EN LA CANTERA .- ",GENERAL PUEYRREDON,BATAN,-380226.0,-576957.0,NEGATIVO,"30923 REFIERE PANORAMA NORMAL A LA ALTURA DEL PUENTE,NEGATIVO MASCULINO., ENTREVISTA CON__MATIAS LUNA, ENCARGADO DE CANTERA FATIMA, REFIERE QUE__EL UNICO EMPLEADO CN MOTOVEHICULO INGRESO A LAS 7 AM, NEGATIVO MOTO. MOVIL REFIERE RECORRIDA NORMAL.",-38.0226,-57.6957,2026,3,March,10,8,1,Martes,False,Mañana (06-12),[],,OTRA / NO ESPECIFICADA,ARMA_FUEGO
2026-03-10 10:06:00,10015971367,FRANCISCO SCARPATTI al 1726,INTEGRIDAD A LA VIDA,SUICIDIO,"LLAMANTE REFIERE QUE SE COMUNICA UN AMIGO QUE TUVO INTENCIONES SUICIDAS LA SEMANA PASADA SE COLGO, Y AHORA LO LLAMA DICIENDO QEU SE QUIERE MATAR, TIENE ENTENDIDO QUE TIENE UN ARMA DE FUEGO__ESTARIA SOLO EN LA CASA ES UN SR DE 40 AÑOS__LO LLAMA Y NO RESPONDE",GENERAL PUEYRREDON,MAR DEL PLATA,-38004821961598.0,-5761966162715.0,NEGATIVO,30549 EN EL NUMERAL APORTADO NADIE  ENTREVISTA. SE ENTREVISTA EL VECINO SR 1735 NELSON PRIETO REFIERE QUE EL VECINO NO SUELE ENTREVISTAR CON PERSONAL POLICIAL. NO SABE SI ESTA O NO,-38.004821961598,-57.61966162715,2026,3,March,10,10,1,Martes,False,Mañana (06-12),[],,OTRA / NO ESPECIFICADA,ARMA_FUEGO
2026-03-10 10:22:00,10015971403,11 DE SEPTIEMBRE al 8551,CARTA ORIGINAL,CON PRIORIDAD,"LLAMANTE REFIERE QUE EL DUEÑO DEL LUGAR DONDE ALQUILA LOS QUIERE SACAR, ESTAN CON 3 PERSONAS MAS ARMADOS CON ARMA DE FUEGO, AYER HUBO DISPAROS TEME QUE VUELVA A SUCEDER, EL PROBLEMA VIENE DESDE LA SEMANA PASADA __LLEGARON EN UN AUTO PTTE JEX314 COLOR NEGRO/GRIS - AL MOMENTO NO HAY HERIDOS__LLAMANTE REFIERE QUE AYER FUE A LA COMISARIA  DEL BARRIO COMISIRIA 6TA Y NO LE TOMARON LA DENUNCIA , LE DIJERON QUE DEBIA LLEVR LA DENUNCIA PREVIA QUE SINO NO SE LA TOMABAN, LA ATENDIO UNA MUJER DE NOMBRE FARFAL MARICEL  FUE CERCA DE LAS 21 HS.,INFORMA QUE EL SABADO TAMBIEN  FUE A CRIA 6 A LAS 11 AM  Y LA ATENDIO UN HOMBRE DE APELLIDO BORRAJO  Y LE DIJO QUE PORQUE YA TENIA DENUNCIAS NO SE LA TOMABAN  Y JUNTO CON EL JEFE DE CALLE LA SACARON A LA FUERZA DE LA DEPENDENCIA, LA MISMA SE ACERCO A COMISARIA DE LA MUJER LA ATENDIERON Y PIDIERON QUE REGRESE A COMSAIRA 6 DONDE LE TOMARIAN LA DENUNCIA PORQUE SE HABIAN COMUNICADO POR TELEFONO, PERO ESTUVO TODO EL DIA Y NO SE LA TOMARON ",GENERAL PUEYRREDON,MAR DEL PLATA,-379650907994.0,-576034094224.0,V ACC-MC,0,-37.9650907994,-57.6034094224,2026,3,March,10,10,1,Martes,False,Mañana (06-12),['JEX314'],JEX314,OTRA / NO ESPECIFICADA,ARMA_FUEGO
2026-03-10 10:31:00,10015971425,11 DE SEPTIEMBRE al 8551,VIOLENCIA,NO FAMILIAR,"LLAMANTE REFIERE QUE EL DUEÑO DEL LUGAR DONDE ALQUILA LOS QUIERE SACAR, ESTAN CON 3 PERSONAS MAS ARMADOS CON ARMA DE FUEGO, AYER HUBO DISPAROS TEME QUE VUELVA A SUCEDER, EL PROBLEMA VIENE DESDE LA SEMANA PASADA __LLEGARON EN UN AUTO PTTE JEX314 COLOR NEGRO/GRIS - AL MOMENTO NO HAY HERIDOS__",GENERAL PUEYRREDON,MAR DEL PLATA,-379650907994.0,-576034094224.0,POSITIVO,"30559 SRA AVLARITO BELEN INQUILINA HERMANA DE LA LLTE, PROBLEMAS DE INQUILINATO, AL ARRIBO NEGATIVO N NI ARMAS NIVEHICUKLO, INDICADOS LOS PASOS LEGALES__",-37.9650907994,-57.6034094224,2026,3,March,10,10,1,Martes,False,Mañana (06-12),['JEX314'],JEX314,OTRA / NO ESPECIFICADA,ARMA_FUEGO
2026-03-10 19:07:00,10015972887,BLVD MARITIMO PATRICIO PERALTA RAMOS y Moreno,SOSPECHOSOS,PERSONA EXTRAÑA,"LLAMANTE DICE QUE HAY UN SUJETO QUE TIENE COMO UN GARROTE DE POLICIA, PASO CAMINANDO PARA EL LADO DE VARESE, VESTIA COMO SIFUERA ALGUIEN SE SEGURIDAD, ROPA VERDE CON PAÑUELO EN LA CABEZA. NO VIO SI TIENE ARMA DE FUEGO O CORTANTE. LLEVA UNA MOCHILA. DICE QUE ESTA COMO ENAGENADO.",GENERAL PUEYRREDON,MAR DEL PLATA,-380050726906.0,-575425669992.0,NEGATIVO,27128 EN RECORRIDA NEG,-38.0050726906,-57.5425669992,2026,3,March,10,19,1,Martes,False,Noche (18-24),[],,OTRA / NO ESPECIFICADA,ARMA_FUEGO
2026-03-10 23:42:00,10015973839,WILLIAMS MORRIS y Manuel Savio,VIOLENCIA,NO FAMILIAR,"LLAMANTE REFIERE QUE HAY UN VECINO EN LA ESQUINA A LOS GRITOS, TIENE UN ARMA DE FUEGO, NO SABE QUE SUCEDE. ESTABA PELEANDO CON OTRO VECINO.",GENERAL PUEYRREDON,,-380440169985.0,-575864279992.0,NEGATIVO,30920 ENTREVISTA CON EL SR ARISTA LUCIANO REFIERE QUE EL NO LLAMO NI VIO NADA. ALA RRIBO DELMOVIL PANORAMA NORMAL EN LA ZONA,-38.0440169985,-57.5864279992,2026,3,March,10,23,1,Martes,False,Noche (18-24),[],,OTRA / NO ESPECIFICADA,ARMA_FUEGO
2026-03-12 13:19:00,10015979303,25 DE MAYO y Mexico,SOSPECHOSOS,PERSONA EXTRAÑA,"REFIERE FEMENINA CON ARMA DE FUEGO . VISTE CAMISETA AZUL , CALZA NEGRA , ZAPATILLA BLANCAS ,. APROX 30 AÑOS , VA HACIAS LAS TORRES ",GENERAL PUEYRREDON,MAR DEL PLATA,-379831839985.0,-575749149992.0,DERIVADO A 107,33643 EN EL LUGAR NEGATIVO FEMENINA ARMADA NADIE ENTEVISTA,-37.9831839985,-57.5749149992,2026,3,March,12,13,3,Jueves,False,Tarde (12-18),[],,OTRA / NO ESPECIFICADA,ARMA_FUEGO
2026-03-12 20:32:00,10015980930,AV JOSE M ESTRADA y Andrade,CARTA ORIGINAL,SIN PRIORIDAD,"LLAMANTE DENUNCIA LA VENTA DE DROGAS DE UNA BANDA QUE TAMBIEN SE DEDICA A ROBAR TERRENOS Y A ROBAR EN LA ZONA UNO ES __JORGITO DE 40 AÑOS SIEMBRA Y VENDE MARIHUANA, ANDA HONDA CG  125 CC ROJA,HACE  DELIVEY EN ESTRADA Y LA  COSTA EN EL VERANO __TIENE ARMA DE FUEGO Y ARMA BLANCA .-__LUCAS 40 AÑOS, VIVE EN ZEBALLOS/ ENTRE URQUIA  ROBAN TERRENOS Y SIEMBRAN MARIHUANA Y LAS VENDE ENTRE 6/7 PLANTAS CADA 7 MESES , CG 125 HONDA COLOR AZUL ARMADO __LA VENTA ES DE LAS 12 AM A 00 HS __GODOY CRUZ 58 21 E/ CIANCHETA Y GIOCO SE LLAMA JAVIER NACHO ITUM __CALLE ROMANO Y ALVAREZ CONDARCO EN EL KIOSCO DESPENSA , SE LLAMA MISAEL , SIEMBRA MARIHUANA Y TRAE COCOAINA DE L BARRIO MALVINAS ARGENTINA EN CALLE CALASA 90 ENTRE RIONEGRO Y ANTA CRUZ __SON COMPAÑEROS DE LA ESCUEÑA 22 DE CARBALLSO Y ESTRADA __CALLE LOS GRANADOS  MANO PARA CASI ESQUINA DE ANCHORENA , ZEBALLOS  VENDE CON LAS 2/3  HERMANAS DE 40 AÑOS , ESTAN TODOS ARMADOS __TIENE CAUSAS POR VENTA Y TENENCIA DE DROGAS __LAS HNS DE MISAEL SE DEDICAN A LA PROTITUCION __ES UNA BANDA QUE HACE LO MISMO __SON CONOCIDOS DE LA ZONA ",GENERAL PUEYRREDON,MAR DEL PLATA,-379519559984.0,-575539279992.0,Telefonía Fija/Móvil,0,-37.9519559984,-57.5539279992,2026,3,March,12,20,3,Jueves,False,Noche (18-24),[],,HONDA,ARMA_FUEGO
2026-03-12 20:48:00,10015980988,AV JOSE M ESTRADA y Andrade,DROGAS ILÍCITAS,VENTA/ELABORACIÓN,"LLAMANTE DENUNCIA LA VENTA DE DROGAS DE UNA BANDA QUE TAMBIEN SE DEDICA A ROBAR TERRENOS Y A ROBAR EN LA ZONA UNO ES __JORGITO DE 40 AÑOS SIEMBRA Y VENDE MARIHUANA, ANDA HONDA CG  125 CC ROJA,HACE  DELIVEY EN ESTRADA Y LA  COSTA EN EL VERANO __TIENE ARMA DE FUEGO Y ARMA BLANCA .-__LUCAS 40 AÑOS, VIVE EN ZEBALLOS/ ENTRE URQUIA  ROBAN TERRENOS Y SIEMBRAN MARIHUANA Y LAS VENDE ENTRE 6/7 PLANTAS CADA 7 MESES , CG 125 HONDA COLOR AZUL ARMADO __LA VENTA ES DE LAS 12 AM A 00 HS __GODOY CRUZ 58 21 E/ CIANCHETA Y GIOCO SE LLAMA JAVIER NACHO ITUM __CALLE ROMANO Y ALVAREZ CONDARCO EN EL KIOSCO DESPENSA , SE LLAMA MISAEL , SIEMBRA MARIHUANA Y TRAE COCOAINA DE L BARRIO MALVINAS ARGENTINA EN CALLE CALASA 90 ENTRE RIONEGRO Y ANTA CRUZ __SON COMPAÑEROS DE LA ESCUEÑA 22 DE CARBALLSO Y ESTRADA __CALLE LOS GRANADOS  MANO PARA CASI ESQUINA DE ANCHORENA , ZEBALLOS  VENDE CON LAS 2/3  HERMANAS DE 40 AÑOS , ESTAN TODOS ARMADOS __TIENE CAUSAS POR VENTA Y TENENCIA DE DROGAS __LAS HNS DE MISAEL SE DEDICAN A LA PROTITUCION __ES UNA BANDA QUE HACE LO MISMO __SON CONOCIDOS DE LA ZONA ",GENERAL PUEYRREDON,MAR DEL PLATA,-379519559984.0,-575539279992.0,V ACC-MC,0,-37.9519559984,-57.5539279992,2026,3,March,12,20,3,Jueves,False,Noche (18-24),[],,HONDA,ARMA_FUEGO
2026-03-13 09:43:00,10015982830,MALABIA al 3675,DISPAROS,PERSONAS,REFIERE QUE HAY UN TIROTEO. ESCUCHO TRES DISPAROS. AHORA HAY UN MASCULINO TIRADO EN EL PISO. ESTA HERIDO DE ARMA DE FUEGO. PIDE AMBULANCIA.-,GENERAL PUEYRREDON,MAR DEL PLATA,-3808105659474.0,-57555016361114.0,V ACC-MC,0,-38.08105659474,-57.555016361114,2026,3,March,13,9,4,Viernes,False,Mañana (06-12),[],,OTRA / NO ESPECIFICADA,ARMA_FUEGO
2026-03-13 10:55:00,54459031,CALLE 12 y Calle 791,INTRUSION,PROPIEDAD PRIVADA,INFORMA QUE 2  TERRENOS ESTAN SIENDO ALAMBRADOS POR DOS MASC  - DE NOMBRE GONZALO Y CARLOS - SON DE LA MATANAZA- ESTAN DROGADOS - DICEN SER DE LA ZONA  Y QUE LA MADRE VIVE POR ALLI  Y 2UE SON LOS PROPIETARIOS - NO PUEDEN CONTACTAR AL  PROPIETARIO DEL TERRENO __ ANTERIORMENTE QUISISERON USUSRPAR OTROS DOS TERRENOS - __ ESTAN AGRESIVOS - TIENEN ARMA DE FUEGO  Y ARMA BLANCA ,GENERAL PUEYRREDON,CHAPADMALAL,-381960099986.0,-576856699993.0,NEGATIVO,"EN EL LUGAR NEGATIVO USURPACION, NADIE ENTREVISTA",-38.1960099986,-57.6856699993,2026,3,March,13,10,4,Viernes,False,Mañana (06-12),[],,OTRA / NO ESPECIFICADA,ARMA_FUEGO
2026-03-13 20:31:00,10015985099,ARMENIA al 2442,VIOLENCIA,POR RAZONES DE GENERO,"LLAMANTE REFIERE QUE  EL VECINO  LE PEGO A LA MUJER , ESTA CON ARMA DE FUEGO LA APUNTO , Y LE TIRO UNA PAVA DE AGUA CALIENTE , LA MUJER  ESTA AFUERA DE LA CASA , SE FUE CORRIENDO  Y NO LA PUEDEN ENCONTRAR, NO SABE HACIA DONDE SE FUE.__EL MASCULINO QUEDO EN LA CASA, VIVE CON LA MADRE Y LA  TIENE A LA MAMA ENCERRRADA EN UNA HABITACION PEQUEÑA CON DOS ANIMALES, NO SABE COMO ESTA LA MADRE, PÓRQUE NO SAE LA VE. EL SE LLAMA ALBERTO PACHECO . NO ES LA PRIMERA VEZ QUE SE PONE AGRESIVO",GENERAL PUEYRREDON,MAR DEL PLATA,-37980472881809.0,-57601105179823.0,NEGATIVO,"INF MOV 31251 INFORMA AL MOMENTO NORMAL, ENTREVISTA CON VECINO LINDERO EN NUMERAL 2450 GODOY JORGE NO ESCUCHO NADA, EN EL DOMICILIO NADIE RESPONDE. SE CONSTATA LLAMANTE REFIERE QUE NO SABE DONDE ESTA LA FEMENINA YA QUE ELLA SE RETIRO DEL LUGAR.",-37.980472881809,-57.601105179823,2026,3,March,13,20,4,Viernes,False,Noche (18-24),[],,OTRA / NO ESPECIFICADA,ARMA_FUEGO
2026-03-13 20:50:00,10015985190,E MARTINEZ al 196,DROGAS ILÍCITAS,VENTA/ELABORACIÓN,"__LLAMANTE MENCIONA QUE HAY UN VEHICULO RENAULT 19 COLOR GRIS DOMINIO CKT 430, LO VIO VARIAS VECES  EN DISTINTOS HORARIOS Y DIFERENTES DIAS, NO APORTA VE UN MASCULINO Y UNA FEMENINA EN SU INTERIOR, EL INDIVIDUO TIENE ARMA DE FUEGO Y ES MENDOCINO. NO APORTA TIPO DE ESTUPEFACIENTES, NO SIEMPRE ESTA EN EL MISMO HORARIO.- LLAMANTE AGREAG QUE HAY MENORES DE EDAD INVOLUCRADOS A LOS QUE LES VENDE ",GENERAL PUEYRREDON,SIERRA DE LOS PADRES,-379297.0,-576826.0,VSup,0,-37.9297,-57.6826,2026,3,March,13,20,4,Viernes,False,Noche (18-24),[],,RENAULT,ARMA_FUEGO
2026-03-13 21:15:00,10015985279,TOMAS FALKNER al 7721,DROGAS ILÍCITAS,VENTA/ELABORACIÓN,"LLAMANTE REFIERE QUE  EN ESA CASA VIVE UNA MUJER QUE PONE MUSICA A TODO VOLUMEN Y VENDE COCAINA Y MARIHUANA. SE LLAMA LAURA CHAVEZ. ANDA ARMADA  CON ARMA BLANCA Y ARMA DE FUEGO. TIENE UNA CAMIONETA NEGRA CON CAJA.TIPO 4 X4 NUEVA  QUE LA ESTACIONA EN FRENTE DE LA CASA Y AHI SE SIENTA A VENDER CON LA MUSICA A TODO VOLUMEN. LO HACE  TODOS LOS DIAS DESDE LAS 12 PM A LAS 06 HORAS O DE LAS 10 AM A LAS 06. __TIENE 7 HIJOS QUE LA AYUDAN EN LA VENTA. ELLA CULTIVA LA MARIHUANA EN LA CASA. ADENTRO. NO DEJA PASAR A LA GENTE POR LA CALLE, LES  PIDE PEAJE. SOLO DEJA PASAR A LOS COMPRADORES. YA LE MATARON UN HIJO POR VENTA DE DROGAS.- ",GENERAL PUEYRREDON,MAR DEL PLATA,-37958870881696.0,-57586750543492.0,VSup,0,-37.958870881696,-57.586750543492,2026,3,March,13,21,4,Viernes,False,Noche (18-24),[],,OTRA / NO ESPECIFICADA,ARMA_FUEGO
2026-03-14 17:12:00,10015988618,CALLE 835 y Calle 34,DISPAROS,PERSONAS,LLAMANTE REFIERE QUE EL VECINO DE LA  ESQUINA LE EFECTUO UN DISPARO DE ARMA DE FUEGO AL PASAR CON LA CAMIONETA__NO ESTA HERIDO,GENERAL PUEYRREDON,CHAPADMALAL,-381982999987.0,-577116299993.0,V ACC-MC,0,-38.1982999987,-57.7116299993,2026,3,March,14,17,5,Sábado,True,Tarde (12-18),[],,OTRA / NO ESPECIFICADA,ARMA_FUEGO
2026-03-14 19:16:00,10015989136,HARAS EGLENDER y Belgrano,VIOLENCIA,NO FAMILIAR,LLAMANTE REFIERE QUE SE APERSONO UN MASCULINO ARMADO QUIEN CIRCULA EN UNA MOTO 110CC MONDIAL COLOR NEGRA Y LO AMENAZO CON EL ARMA DE FUEGO  __NO HAY HERIDOS  ,GENERAL PUEYRREDON,MAR DEL PLATA,-379580809986.0,-576351529992.0,NEGATIVO,23211 INF A LA RECORRIDA NEGATIVO ,-37.9580809986,-57.6351529992,2026,3,March,14,19,5,Sábado,True,Noche (18-24),[],,MONDIAL,ARMA_FUEGO
2026-03-14 21:40:00,10015989712,PEDRO GOYENA al 11900,CARTA ORIGINAL,SIN PRIORIDAD,"LLAMA  POR QUE VIERON SALIR DE UNA CASA A LOS SUJETOS QUE HACE UNAS HROAS ROBARON A UNA FEMENINA QUE BAJABA DEL COLECTIVO, SOBRE LURO. ERAN  DOS SUEJTOS EN MOTO. UNO DE LOS MASCULINOS LA GOLPEA EN LA CABEZA. A LA FEMENINA PROBOCANDOLE UNA HERIDA CORTANTE.  LA MISMA DEBIO SER DERIBADA A LA SALA DE EMERGENCIAS PROXIMAS. APORTA QUE LOS  MALVIVIENTES, ABORDO DE  UNA MOTO ROJA, POSIBLEMENTE O UN GLH O UN 110CC, Y  MUNIDOS DE ARMA DE FUEGO,  DE ENTRE 20 A 30 AÑOS, CON BUZO Y CAPUCHA , SIN CASCOS. EL DE ADELANTE ES DE BAJA ESTATURA Y OBESO, SALEN   DE LA CASA, SOBRE CALLE  GOYENA, ENTRE SARTORA Y HERRADURA SUR,LOS MISMOS SALEN DE UNA CASA SITA  A MITAD DE CUADRA, A MANO PAR,   MUY OSCURA,  CON PASILLO AL MEDIO. CASA AL FRENTE DEL TERRENO, DE UN PISO, LINDERA A UN TERRENO BALDIO, CON TECHO DE CHAPA, DE UN SOLO PISO.   VENDERIAN DROGAS.  SOLO CONOCE AL NOMBRE DEL DUEÑO DE LA VIVIENDAS QUE ES   SANTIAGO PALAVECINO. APORTAN  USAN MOTO S Y BICICLETAS PARA MOVERSE. DESCONOCE QUE DROGAS VENDEN.  VENDEN DURANTE TODO EL DIA. SIEMPRE HAY GENTE AFUERA.  VENDEN TODOS LOS DIAS.  LOS VIO SALIR DE LA CASA EN SENTIDO A LA ROTONDA DEL OMBO DE 226. [Id.Remoto: 10015989712]",GENERAL PUEYRREDON,MAR DEL PLATA,-379539441564.0,-57641359917.0,REDERIVADO,0,-37.9539441564,-57.641359917,2026,3,March,14,21,5,Sábado,True,Noche (18-24),[],,OTRA / NO ESPECIFICADA,ARMA_FUEGO
2026-03-14 22:10:00,10015989803,PADRE DUTTO y Tripulantes Del Fournier,ROBO,VÍA PÚBLICA,LLAMANTE REFIERE QUE ANDA UNA MOTO POR BARRIO TERMA HUINCO Y LE APUNTARON CON ARMA DE FUEGO A SU SOBRINO EN MOTO 200 NEGRA DOS SUJETOS VESTIDOS DE NEGRO UNO MAS GRANDE QUE EL OTRO. NO HERIDO SU SOBRINO,GENERAL PUEYRREDON,MAR DEL PLATA,-380477638245.0,-575605926514.0,POSITIVO,"30506 ENTREVISTA CON LA SRA VEGA, REFIERE QUE AL SOBRINO MENDIOLA MARCOS DE 21 AÑOS LE QUISIERON ROBAR EL MOTOVEHCULO. UN ATENTATIVA MASCULONOP SE ENCUENTRA BIEN. SE LE INDICAN LOS PASOS A SEGUIR ",-38.0477638245,-57.5605926514,2026,3,March,14,22,5,Sábado,True,Noche (18-24),[],,OTRA / NO ESPECIFICADA,ARMA_FUEGO
2026-03-14 22:18:00,10015989841,PEDRO GOYENA al 11900,DROGAS ILÍCITAS,VENTA/ELABORACIÓN,"LLAMA  POR QUE VIERON SALIR DE UNA CASA A LOS SUJETOS QUE HACE UNAS HROAS ROBARON A UNA FEMENINA QUE BAJABA DEL COLECTIVO, SOBRE LURO. ERAN  DOS SUEJTOS EN MOTO. UNO DE LOS MASCULINOS LA GOLPEA EN LA CABEZA. A LA FEMENINA PROBOCANDOLE UNA HERIDA CORTANTE.  LA MISMA DEBIO SER DERIBADA A LA SALA DE EMERGENCIAS PROXIMAS. APORTA QUE LOS  MALVIVIENTES, ABORDO DE  UNA MOTO ROJA, POSIBLEMENTE O UN GLH O UN 110CC, Y  MUNIDOS DE ARMA DE FUEGO,  DE ENTRE 20 A 30 AÑOS, CON BUZO Y CAPUCHA , SIN CASCOS. EL DE ADELANTE ES DE BAJA ESTATURA Y OBESO, SALEN   DE LA CASA, SOBRE CALLE  GOYENA, ENTRE SARTORA Y HERRADURA SUR,LOS MISMOS SALEN DE UNA CASA SITA  A MITAD DE CUADRA, A MANO PAR,   MUY OSCURA,  CON PASILLO AL MEDIO. CASA AL FRENTE DEL TERRENO, DE UN PISO, LINDERA A UN TERRENO BALDIO, CON TECHO DE CHAPA, DE UN SOLO PISO.   VENDERIAN DROGAS.  SOLO CONOCE AL NOMBRE DEL DUEÑO DE LA VIVIENDAS QUE ES   SANTIAGO PALAVECINO. APORTAN  USAN MOTO S Y BICICLETAS PARA MOVERSE. DESCONOCE QUE DROGAS VENDEN.  VENDEN DURANTE TODO EL DIA. SIEMPRE HAY GENTE AFUERA.  VENDEN TODOS LOS DIAS.  LOS VIO SALIR DE LA CASA EN SENTIDO A LA ROTONDA DEL OMBO DE 226.   ",GENERAL PUEYRREDON,,-379539441564.0,-57641359917.0,V ACC-MC,0,-37.9539441564,-57.641359917,2026,3,March,14,22,5,Sábado,True,Noche (18-24),[],,OTRA / NO ESPECIFICADA,ARMA_FUEGO
2026-03-15 02:01:00,10015990755,LOS OLMOS y Av Jara,DISPAROS,DISPAROS,"LLAMANTE REFIERE QUE ESCUCHA DETONACIONES DE ARMA DE FUEGO, GRITOS  Y CORRIDAS, NO SABE A QUE DISPARAN, NO SABE CUANTOS SON, DESCONOCE SI HAY HERIDOS. -",GENERAL PUEYRREDON,MAR DEL PLATA,-380071659985.0,-575895999992.0,NEGATIVO,0,-38.0071659985,-57.5895999992,2026,3,March,15,2,6,Domingo,True,Madrugada (00-06),[],,OTRA / NO ESPECIFICADA,ARMA_FUEGO
2026-03-15 19:50:00,10015994082,12 DE OCTUBRE al 10995,VIOLENCIA,NO FAMILIAR,"LLAMANTE REFIERE QUE  EN EL LUGAR ESTA AGUSTIN RIVERO REFIERE QUE LO BUSCA LA POLICA POR TENENCIA DE ARMA DE FUEGO, ABUSO DE MENORES ESTA ARMADO CON ARMA DE FUEGO Y AGRESIVO CON LA LLAMANTE EN EL LUGAR AL MOMENTO DE LA LLAMADA. ",GENERAL PUEYRREDON,MAR DEL PLATA,-37991846131108.0,-57614065798658.0,Telefonía Fija/Móvil,0,-37.991846131108,-57.614065798658,2026,3,March,15,19,6,Domingo,True,Noche (18-24),[],,OTRA / NO ESPECIFICADA,ARMA_FUEGO
2026-03-15 20:16:00,10015994182,S/D,VIOLENCIA,NO FAMILIAR,"LLAMANTE REFIERE QUE ESTAN CONFORNTANDO EN EL LUGUR, __A UNO LE DIERON UN TIRO EN L APIERNA, A OTRO EN LA PANZAA, CREE QUE HAY UN HERIDO MAS__SON EN TOTAL 10 PEERSONAS APROX TODOS ARMADOS CON ARMA DE FUEGO Y CUCHILLOS",GENERAL PUEYRREDON,MAR DEL PLATA,-37996.0,-575855.0,V ACC-MC,0,-37.996,-57.5855,2026,3,March,15,20,6,Domingo,True,Noche (18-24),[],,OTRA / NO ESPECIFICADA,ARMA_FUEGO
2026-03-16 06:00:00,10015995920,LA LEGUA y Av Lomas Del Golf,ROBO,VÍA PÚBLICA,"LLAMANTE REFIERE QUE ACABAN DE ROBARLE  EL CELULAR Y LAS ZAPATILLAS DOS MASCULINOS EN UNA HONDA WAVE NEGRA Y OTROS 3 EN UN XR 190 BLANCO Y ROJO,  TAMBIEN ROBARON A UNA FEMENINA Y  LA APUNTARON CON ARMA DE FUEGO, NO HAY HERIDOS,LOS DELINCUENTES SE FUERON COMO PARA EL LADO DEL NUEVO GOLF POR LA CALLE DE TIERRA -NO SABE NOMBRE- . LLAMANTE YA SE RETIRO DEL LUGAR.-",GENERAL PUEYRREDON,MAR DEL PLATA,-380593.0,-57601.0,NEGATIVO,"MOVIL INFORMA QUE EN LA AMPLIA RECORRIDA EL PANORAMA ES NORMAL, NADIE ENTREVISTA CON EL PERSONAL POLICIAL, MISMO SIGUE EN RECORRIDA.__",-38.0593,-57.601,2026,3,March,16,6,0,Lunes,False,Mañana (06-12),[],,HONDA,ARMA_FUEGO
2026-03-16 10:28:00,10015996414,JOVELLANOS al 1300,DROGAS ILÍCITAS,VENTA/ELABORACIÓN,"LLAMANTE DICE QUE HAY UN MASCULINO LE DICEN  *EL CONGRIO* VENDE DROGA DE  MARIHUANA Y COCAINA APARTIR DE 5PM HASTA 12PM, EN MOTOROSS HONDA ROJA Y NEGRA, ESTAN ARMADOS ____AGREGA EN CATALUÑA 7521  E/ PELAYO Y JOVELLANOS, MASCULINO  LE DICEN *ATILA*  VENDE COCAINA A PARTIR DE 7 PM A 11 PM DESCONOCE SI TIENE VEICULO ESTA ARMADO ____AGREGA PELAYO 1161 E/ ARAGON Y CATALUÑA  MASCULINOS ANDRES CANIGALLO Y NICOLAS CANEGALLO VENDEN COCAINA TODOS LOS  DIAS 24 HS ESTA ARMADO CON ARMA DE FUEGO  NO INFORMA VEHICULO ____AGREGA 188 E/ MARIANI Y DAPROTIS (MITAD DE CUADRA CASA DE LOSA Y EN ESQUINA DAPROTIS) MASCULINOS CARLOS MOLINAS, Y FABIAN YANDU, VENDEN MARIHUANA Y COCAINA CONSIGUEN LA DROGA DE BARRIO MALVINAS ARGENTINAS CRUZANDO LAS VIAS HACIA EL SUR, ESTAN ARMADOS (DESTACA CUCHILLOS ARMAS DE FUEGO Y JERINGAS), SE MOVILIZAN BICLCLETA ",GENERAL PUEYRREDON,MAR DEL PLATA,-3794986867704.0,-57577792382185.0,VSup,0,-37.94986867704,-57.577792382185,2026,3,March,16,10,0,Lunes,False,Mañana (06-12),[],,HONDA,ARMA_FUEGO
2026-03-16 10:54:00,10015996472,RONDEAU al 54,CARTA ORIGINAL,CON PRIORIDAD,"REFIERE QUE PASO POR LA PUERTA DE LO QUE ERA UN FRIGORIFICO Y HAY UN MASCULINO CON UN ARMA DE FUEGO EN LA MANO__VISTE MUSCULOSA, ANTEOJOS TORNASOLADOS AZULES__QUE DICEN QUE ES COMO EL DUEÑO DE ESA FABRICA, QUE AHI VENDEN PESCADO DE MANERA ILEGAL, NO ES UNA FABRICA, LO VENDE SIN TENER HELADERAS__INFORMA QUE EN ESE LUGAR TIENE AUTOS CORTADOS, AUTO ROBADOS, QUE SE LOS LLEVAN DE NOCHE AL MASCULINO __QUE EL MISMO SE LLAMA RUBEN, LE DICEN GATO, NO SABE APELLIDO __NO SABE DONDE LOS ROBAN , QUE LOS METEN DE NOCHE, POR PARTES, QUE LOS DEBE ROBAR LOS MISMOS QUE SE LOS LLEVAN__QUE A  ESOS AUTOS LOS VAN A BUISCAR EN CAMIONETAS Y CAMIONES QUE NO TIENEN PATENTE, NO BRINDA DESCRIPCION DE ESTOS VEHICULOS __QUE ESTO ES DE NOCHE [Id.Remoto: 10015996472]",GENERAL PUEYRREDON,MAR DEL PLATA,-380378627526.0,-575471695633.0,REDERIVADO,0,-38.0378627526,-57.5471695633,2026,3,March,16,10,0,Lunes,False,Mañana (06-12),[],,OTRA / NO ESPECIFICADA,ARMA_FUEGO
2026-03-16 11:03:00,10015996493,RONDEAU al 54,SOSPECHOSOS,PERSONA EXTRAÑA,"REFIERE QUE PASO POR LA PUERTA DE LO QUE ERA UN FRIGORIFICO Y HAY UN MASCULINO CON UN ARMA DE FUEGO EN LA MANO__VISTE MUSCULOSA, ANTEOJOS TORNASOLADOS AZULES__",GENERAL PUEYRREDON,MAR DEL PLATA,-380378627526.0,-575471695633.0,NEGATIVO,"33855 INFORMA AL LLEGAR AL LUGAR OBSERVAN UN GARAGE ABIERTO__INGRESAN A VERIFICAR Y SALE LA__PROPIETARIA SALE A LOS GRITOS__REFIRIENDO QUIEN LOS AUTORIZO A INGRESAR.__MISMA NO APORTA DATOS DE SU PERSONA, MANIFIESTA QUE SE VA C OMUNICAR CN TITULAR DE CRIA 3RA. TITULAR EN EL LUGAR REFIERE QUE VA A ENTREVISTAR CN LA SEÑORA. MOVIL LIBERA NORMAL, ",-38.0378627526,-57.5471695633,2026,3,March,16,11,0,Lunes,False,Mañana (06-12),[],,OTRA / NO ESPECIFICADA,ARMA_FUEGO
2026-03-16 12:53:00,10015996778,DORREGO al 2025,CARTA ORIGINAL,SIN PRIORIDAD,"REFIERE FEM YANINA APELLIDO IGNORA 37 AÑOS  ROBUSTA  __SU SOBRINA   BRENDA   APELLIDO APODO  IGNORA 25/28 AÑOS __VENDEN COCAINA SE DEDICAN A LA  ACTIVIDAD HACE  2/3 AÑOS TODOS LOS DIAS LAS 24 HS __POSEEN ARMAS BLANCA Y ARMA DE FUEGO __SE MOVILIZAN EN UNA  MOTO MOTOMEL 150 NEGRA  PATENTE IGNORA __________EN CALLE CORONEL VIDAL 2355 ENTRE CALLES  NO APORTA__MASC LAUTARO APELLIDO IGNORA  DE APODO LAUTI 24 AÑOS,   ARMADO CON ARMA DE FUEGO , VENDE DROGA.- .- __MASC  TIENE PEDIDO DE CAPTURA POR   VENTA DE DROGAS,  PERTENCE A CLAN DE LA COSTA .-  __TIENE TRES PERSONAS QUE LA REPARTEN .- UNA FEM  DE APODO CHUKI 30 AÑOS, UN MASC  DE NOMBRE SAIR  APELLIDO IGNORA  19 AÑOS , EL DUEÑO DEL  ALQUILER DE NOMBRE MAXILIANO APELLIDO IGNORA 45 AÑOS  Y  OTRO MASC QUE CUIDA COCHES  DE NOMBRE DAVID APELLIDO IGNORA  35 AÑOS ,  ARMADOS CON ARMA  BLANCA ,  REPARTEN LA DROGA  DENTRO Y FUERA DE LA FERIA COMUNITARIA DE CALLE 39 Y FRIULI __",GENERAL PUEYRREDON,MAR DEL PLATA,-379958699062.0,-575611145901.0,REDERIVADO,0,-37.9958699062,-57.5611145901,2026,3,March,16,12,0,Lunes,False,Tarde (12-18),[],,MOTOMEL,ARMA_FUEGO
2026-03-16 13:27:00,10015996881,DORREGO al 2025,DROGAS ILÍCITAS,VENTA/ELABORACIÓN,"REFIERE FEM YANINA APELLIDO IGNORA 37 AÑOS  ROBUSTA  __SU SOBRINA   BRENDA   APELLIDO APODO  IGNORA 25/28 AÑOS __VENDEN COCAINA SE DEDICAN A LA  ACTIVIDAD HACE  2/3 AÑOS TODOS LOS DIAS LAS 24 HS __POSEEN ARMAS BLANCA Y ARMA DE FUEGO __SE MOVILIZAN EN UNA  MOTO MOTOMEL 150 NEGRA  PATENTE IGNORA __________EN CALLE CORONEL VIDAL 2355 ENTRE CALLES  NO APORTA__MASC LAUTARO APELLIDO IGNORA  DE APODO LAUTI 24 AÑOS,   ARMADO CON ARMA DE FUEGO , VENDE DROGA.- .- __MASC  TIENE PEDIDO DE CAPTURA POR   VENTA DE DROGAS,  PERTENCE A CLAN DE LA COSTA .-  __TIENE TRES PERSONAS QUE LA REPARTEN .- UNA FEM  DE APODO CHUKI 30 AÑOS, UN MASC  DE NOMBRE SAIR  APELLIDO IGNORA  19 AÑOS , EL DUEÑO DEL  ALQUILER DE NOMBRE MAXILIANO APELLIDO IGNORA 45 AÑOS  Y  OTRO MASC QUE CUIDA COCHES  DE NOMBRE DAVID APELLIDO IGNORA  35 AÑOS ,  ARMADOS CON ARMA  BLANCA ,  REPARTEN LA DROGA  DENTRO Y FUERA DE LA FERIA COMUNITARIA DE CALLE 39 Y FRIULI __",GENERAL PUEYRREDON,MAR DEL PLATA,-379958699062.0,-575611145901.0,V ACC-MC,0,-37.9958699062,-57.5611145901,2026,3,March,16,13,0,Lunes,False,Tarde (12-18),[],,MOTOMEL,ARMA_FUEGO
2026-03-16 20:06:00,10015998089,SABINO ARANA Y GOIRI y Herminia Brumana,DISPAROS,DISPAROS,LLAMANTE REFIERE QUE HAY CUATRO MASCULINOS EN DOS MOTOS EFECTUANDO DISPAROS DE ARMA DE FUEGO AL AIRE,GENERAL PUEYRREDON,MAR DEL PLATA,-380205369985.0,-576001149992.0,NEGATIVO,"30514 REALIZA AMPLIA RECORRIDA POR LA ZONA. NEGATIVO SOSPECHOSOS, NEGATIVODETONACIONES. NADIE ENTREVISTA",-38.0205369985,-57.6001149992,2026,3,March,16,20,0,Lunes,False,Noche (18-24),[],,OTRA / NO ESPECIFICADA,ARMA_FUEGO
2026-03-16 22:24:00,10015998563,MOSCONI y El Churrinche,CARTA ORIGINAL,CON PRIORIDAD,"LLAMANTE REFIERE QUE EN EL LUGAR HAY CUATRO O CINCO MASCULINOS EFECTUADO DISPAROS DE ARMA DE FUEGO, INTERVIENEN UNA CAMIONETA Y UN AUTO, DESCONOCE SI HAY HERIDOS ____QUISIERON ROBARLE LAS PLANTAS DE MARIHUANA QUE EL DUEÑO DE LA CASA TIENE EN EL LUGAR, TIENE CONOCIMIENTO QUE YA TIENE VARIAS DENUNCIAS POR ESTA SITUACION ",GENERAL PUEYRREDON,MAR DEL PLATA,-380719762906.0,-575723180828.0,V ACC-MC,0,-38.0719762906,-57.5723180828,2026,3,March,16,22,0,Lunes,False,Noche (18-24),[],,OTRA / NO ESPECIFICADA,ARMA_FUEGO
2026-03-16 22:38:00,10015998626,MOSCONI y El Churrinche,DROGAS ILÍCITAS,VENTA/ELABORACIÓN,"LLAMANTE REFIERE QUE EN EL LUGAR HAY CUATRO O CINCO MASCULINOS EFECTUADO DISPAROS DE ARMA DE FUEGO, INTERVIENEN UNA CAMIONETA Y UN AUTO, DESCONOCE SI HAY HERIDOS ____QUISIERON ROBARLE LAS PLANTAS DE MARIHUANA QUE EL DUEÑO DE LA CASA TIENE EN EL LUGAR, TIENE CONOCIMIENTO QUE YA TIENE VARIAS DENUNCIAS POR ESTA SITUACION ",GENERAL PUEYRREDON,MAR DEL PLATA,-380719762906.0,-575723180828.0,V ACC-MC,0,-38.0719762906,-57.5723180828,2026,3,March,16,22,0,Lunes,False,Noche (18-24),[],,OTRA / NO ESPECIFICADA,ARMA_FUEGO
2026-03-16 23:11:00,10015998724,SERAPIO URQUIA y  ,DISPAROS,PERSONAS,"LLAMANTE INFORMA QUE   ANDAN DOS MOTOS EFECTUANDO DETONACIONES DE ARMA DE FUEGO ENTRE PERSONAS, DESCONOCE HERIDOS ",GENERAL PUEYRREDON,MAR DEL PLATA,,,V ACC-MC,0,,,2026,3,March,16,23,0,Lunes,False,Noche (18-24),[],,OTRA / NO ESPECIFICADA,ARMA_FUEGO
2026-03-16 23:19:00,10015998746,ANTONIO GALEANA y Godoy Cruz,DISPAROS,PERSONAS,"LLAMANTE REFIERE QUE ESTAN CONFRONTANDO CON DISPAROS DE ARMA DE FUEGO, SON MAS CINCO, DESCONOCE SI HAY HERIDOS, ESCUCHA CORRIDAS Y GRITOS DE UN LADO A OTRO",GENERAL PUEYRREDON,MAR DEL PLATA,-379439579984.0,-575472369992.0,V ACC-MC,0,-37.9439579984,-57.5472369992,2026,3,March,16,23,0,Lunes,False,Noche (18-24),[],,OTRA / NO ESPECIFICADA,ARMA_FUEGO
2026-03-17 05:53:00,10015999637,AV CHAMPAGNAT al 1120,EMERGENCIA DE SALUD,EMERGENCIA,"REFIERE QUE SE LE ACERCARON DOS PERSONAS Y LE DICEN QUE HAY UN MASCULINO EN LA CALLE  CHACABUCO Y CHAMPAGNAT. APARENTEMENTE  ESTA NE LA CALLE,  TIRADO EN LA VEREDA.HERIDO DE ARMA DE FUEGO EN LA PIERNA .NO SABE EL MOTIVO . APAREENTEMENTE HACE UNA HORA ESTA EN EL LUGAR. -",GENERAL PUEYRREDON,MAR DEL PLATA,-37976382228432.0,-57579382115029.0,POSITIVO,"22029 INFORMA SON TODOS GENTE DE MAL VIVIR, DICE QUE ESTABA TOMANDO ALGO EN LA ESQUINA Y PASO UNO Y DISPARO , DICE QUE TIENE UN CORTESITO EN EL PANTALON NO QUIEREN APORTAR DATOS",-37.976382228432,-57.579382115029,2026,3,March,17,5,1,Martes,False,Madrugada (00-06),[],,OTRA / NO ESPECIFICADA,ARMA_FUEGO
2026-03-17 17:34:00,10016001545,CALLE 789 al 351,INTEGRIDAD A LA VIDA,AMENAZA DE MUERTE,"IBA A HACER UNA TRANSACCION POR LACOMPRA  DE  UN VEHICULO, EL LE PARECIO ALGO RARO CON EL VEHICULO Y LOS DE LA AGENCIA QUE FUERON  SE PUSIERON AGRESIVOS ,  EL MASCULINO LO AMENAZO CON UN ARMA DE FUEGO  Y LA FEMENINA QUE ESTABA CON EL ,  SE PUSO AGRESIVA , ESTABAN  EN UNA CAMIONETA  TIPO F 100 COLOR VERDE  CLARA , TENIA UNA  CAJA DE FRIO QUE DICE TAPAMAR , SERIAN DE UNA AGENCIA AHORA SE ACABA  DE IR  POR RUTA 11 HACIA MAR DEL PLATA ",GENERAL PUEYRREDON,CHAPADMALAL,-381972514529.0,-576820943711.0,POSITIVO,"RODRIGUEZ JAVIER REFIERE QUE SUFRIO AGRESION FISICA Y VERBAL POR PARTE DE UN MASCULINO AL CUAL NO LE QUIZO COMPRAR LA CAMIONETA, NO REQUIERE ASISTENCIA MEDICA , EL MASCULNO AGRESOR ESTARIA ARMADO REFIERE Y SE PRESENTO COMO POLICIA FEDERAL DOMINIO VTZ543 . ES INVITADO A RADICAR DENUNCIA ",-38.1972514529,-57.6820943711,2026,3,March,17,17,1,Martes,False,Tarde (12-18),[],,OTRA / NO ESPECIFICADA,ARMA_FUEGO
2026-03-18 02:04:00,10016003012,AV JUAN JOSE PASO al 3385,ROBO,FINCA,REFIERE QUE HAY UN HOMBRE CON ALGO OSTENTANDO (TIPO ARMA DE FUEGO) PATEANDO LA PUERTA.__HOY HABIA UN AUTO SOSPECHOSO Y AHORA APARECIO ESTE HOMBRE.__CON GORRA Y CAMPERA __ESTA SOLO UNA MENOR CHIQUITITA. __ ,GENERAL PUEYRREDON,,-38015382693567.0,-57571056633813.0,NEGATIVO,"30885 ENTREVISTADO SR CORREA, REFIERE QUE UNA PERSONA VESTIDO DE ROJO, LE PATEA LA REJA, NO SABE SI FUGA ENE L AUTO QUE VIO EN LA PUERTA, REFIERE QUE SE FUE AL TROTE PARA EL LADO DE JARA. ",-38.015382693567,-57.571056633813,2026,3,March,18,2,2,Miércoles,False,Madrugada (00-06),[],,OTRA / NO ESPECIFICADA,ARMA_FUEGO
2026-03-18 10:41:00,10016003879,VIGNOLO y Benito Lynch,CARTA ORIGINAL,CON PRIORIDAD,"REFIERE QUE HAY UN MASCULINO EN UNA CAMIONETA BORDO, REALIZANDO DETONACIONES DE ARMA DE FUEGO, CAMIONETA FIAT TORO BORDO, EL MASCULINO 1.70 MOROCHO GORDITO, LOS VECINOS DICEN QUE A LA VUELTA HAY UNA PERSONA TIRADA EN VIGNOLO Y HEGUILOR, CREEN QUE ESTA HERIDA LA PERSONA.-  ____REFIERE QUE HAY UN MASCULINO QUE VENDE DROGA, TRAE COSAS A LAS LOSAS QUE ESTAN EN GARCIA LORCA Y ENTRE HEGIUILOR Y MC GAUL, NO SABE QUE DROGA VENDE, LA VENTA DE DROGA ES TODOS LOS DIAS A TODA HORA, EL NO SE QUEDA A VENDER SIEMPRE HAY GENTE DIFERENTE QUE VENDE, ESTA GENTE SIEMPRE PUEDE ESTAR ARMADA-  ESTAN PARADOS EN LA ESQUINA O EN LAS LOSAS QUE TIENE UN CARTEL QUE DICE COMPRA DE BRONCE, CARTON.-  EL MASCULINO QUE TRAE LAS COSAS TIENE UNA CAMIONETA TORO BOPRDO  ",GENERAL PUEYRREDON,,-380208429985.0,-576205239992.0,V ACC-MC,0,-38.0208429985,-57.6205239992,2026,3,March,18,10,2,Miércoles,False,Mañana (06-12),[],,FIAT,ARMA_FUEGO
2026-03-18 10:47:00,10016003898,VIGNOLO y Benito Lynch,DISPAROS,PERSONAS,"REFIERE QUE HAY UN MASCULINO EN UNA CAMIONETA BORDO, REALIZANDO DETONACIONES DE ARMA DE FUEGO, CAMIONETA FIAT TORO BORDO, EL MASCULINO 1.70 MOROCHO GORDITO, LOS VECINOS DICEN QUE A LA VUELTA HAY UNA PERSONA TIRADA EN VIGNOLO Y HEGUILOR, CREEN QUE ESTA HERIDA LA PERSONA.-  __",GENERAL PUEYRREDON,,-380208429985.0,-576205239992.0,Telefonía Fija/Móvil,0,-38.0208429985,-57.6205239992,2026,3,March,18,10,2,Miércoles,False,Mañana (06-12),[],,FIAT,ARMA_FUEGO
2026-03-18 11:01:00,10016003964,VIGNOLO y Benito Lynch,DROGAS ILÍCITAS,VENTA/ELABORACIÓN,"REFIERE QUE HAY UN MASCULINO EN UNA CAMIONETA BORDO, REALIZANDO DETONACIONES DE ARMA DE FUEGO, CAMIONETA FIAT TORO BORDO, EL MASCULINO 1.70 MOROCHO GORDITO, LOS VECINOS DICEN QUE A LA VUELTA HAY UNA PERSONA TIRADA EN VIGNOLO Y HEGUILOR, CREEN QUE ESTA HERIDA LA PERSONA.-  ____REFIERE QUE HAY UN MASCULINO QUE VENDE DROGA, TRAE COSAS A LAS LOSAS QUE ESTAN EN GARCIA LORCA Y ENTRE HEGIUILOR Y MC GAUL, NO SABE QUE DROGA VENDE, LA VENTA DE DROGA ES TODOS LOS DIAS A TODA HORA, EL NO SE QUEDA A VENDER SIEMPRE HAY GENTE DIFERENTE QUE VENDE, ESTA GENTE SIEMPRE PUEDE ESTAR ARMADA-  ESTAN PARADOS EN LA ESQUINA O EN LAS LOSAS QUE TIENE UN CARTEL QUE DICE COMPRA DE BRONCE, CARTON.-  EL MASCULINO QUE TRAE LAS COSAS TIENE UNA CAMIONETA TORO BOPRDO  ",GENERAL PUEYRREDON,,-380208429985.0,-576205239992.0,V ACC-MC,0,-38.0208429985,-57.6205239992,2026,3,March,18,11,2,Miércoles,False,Mañana (06-12),[],,FIAT,ARMA_FUEGO
2026-03-18 16:50:00,10016005250,CALLE 461 y Calle 8,SOSPECHOSOS,EN VEHÍCULO,"__LLAMANTE REFIERE QUE   UN MASCULINO VA Y VIENE  HACIENDO WILLI POR LA ZONA  Y VIO QUE SE LE HABRIA CAIDO UN ARMA DE FUEGO , VOLVIO LA AGARRO LA COLOCO EN UN BOLSO Y SE FUE AHORA RONDA LA PLAZA __ ES UNA HONDA STORN ROJA ",GENERAL PUEYRREDON,MAR DEL PLATA,-381078779985.0,-575887179992.0,NEGATIVO,"MOVIL 30677 EN EL LUGAR NEGTAIVO MASCULINO, SIRENAS Y BALIZAS NADIE ENTREVISTA",-38.1078779985,-57.5887179992,2026,3,March,18,16,2,Miércoles,False,Tarde (12-18),[],,HONDA,ARMA_FUEGO
2026-03-18 16:53:00,10016005265,ZEBALLOS al 5758,SOSPECHOSOS,EN VEHÍCULO,"PASO UNA MOTO  CON 2 MASCULINOS EN UNA  MOTO ROJA 110 CC, EL DE ATRAS VESTIA 1 CAMISETA DE ARGENTINA CON EL NUMERO  10 Y CLARITOS  EN EL PELO, AL  DE ADELNTE NO LO VO , NO VIO LA PATENTE  CUANDO LA VIERON UNO DE ELLOS EL DE ATRAS LE MOSTRO UN ARMA DE FUEGO , SE FUERON POR COSTA AZUL  Y DOBLARON POR ANCHORENA Y SENTIDO HACIA GHANDI ",GENERAL PUEYRREDON,MAR DEL PLATA,-379429.0,-575511.0,NEGATIVO,29019 RECORRIDO NEGTAIVO NADIE ENTREVISTA NO CONSTATA NOVEDD ,-37.9429,-57.5511,2026,3,March,18,16,2,Miércoles,False,Tarde (12-18),[],,OTRA / NO ESPECIFICADA,ARMA_FUEGO
2026-03-18 22:46:00,10016006516,RIVADAVIA y Colombia,INTEGRIDAD A LA VIDA,AMENAZA DE MUERTE,"LLAMANTE REFIERE QUE HAY UNA CAMIONETA   TIPO KANGOO ROJA CON 5 O 6 MASCULINOS CON UN ARMA DE FUEGO AMENAZAN  CON DISPARARLES, DURANTE LA LLAMADA REFIERE QUE CON SE VAN POR CALLE 224  HACIA COLON ",GENERAL PUEYRREDON,MAR DEL PLATA,-379646749985.0,-576177849992.0,NEGATIVO,30885 INF NEGATIVO LO APORTADO NADIE ENTREVISTA NORMAL EN VIA PUBLICA ,-37.9646749985,-57.6177849992,2026,3,March,18,22,2,Miércoles,False,Noche (18-24),[],,OTRA / NO ESPECIFICADA,ARMA_FUEGO
2026-03-19 20:40:00,10016009911,GRECIA al 2251,SOSPECHOSOS,EN VEHÍCULO,LLAMANTE REFIERE QUE HAY DOS MASCULINOS SOSPECHOSOS. EN UNA MOTO SIN PATENTE. HABLABAN DE UN ARMA DE FUEGO. NO BRINDA MAS DESCRIPCIONES. ,GENERAL PUEYRREDON,MAR DEL PLATA,-37.98,-575977.0,NEGATIVO,"30884 NEGATIVO MOTOS, SOLO 3 MENORES TOMANDO UNA GASEOSA EN LA VEREDA. NORMAL",,-57.5977,2026,3,March,19,20,3,Jueves,False,Noche (18-24),[],,OTRA / NO ESPECIFICADA,ARMA_FUEGO
2026-03-20 18:56:00,10016013419,427 y 0 BIS,PRIVACION ILEGITIMA DE LA LIBERTAD,EN PROGRESO,"REFIERE QUE A UN COMPAÑERO LLAMADO  JONATHAN OLAZABAL LO SACARON DE LA CASA DE EL Y SE LO LLEVARON EN UN AUTO POR UN AJUISTE CUENTA,QUE LA PERSONA QUE SE LO LLEVO SE LAMA CHAIME MATIAS CARLOS ALBERTO, __SE LO LLEVARON EN UN ONIX COLOR GRIS, PATENTE NO SABE __ERAN 5 PERSONAS, QUE TOMARON EN FORMA DE PAGO UN C4 QUE ES DE SU COMPAÑERO JONATHAN    __QUE SU COMPAÑERO VIVE EN DIAGONAL CENTRO 83__NO SABE PARA DONDE SE LO LLEVARON, PARA UN DESCAMPADO__ARMADOS CON ARMA DE FUEGO [Id.Remoto: 10016013419]",GENERAL PUEYRREDON,INDEFINIDA,,,REDERIVADO,DDI MDP,,,2026,3,March,20,18,4,Viernes,False,Noche (18-24),[],,OTRA / NO ESPECIFICADA,ARMA_FUEGO
2026-03-20 19:51:00,10016013616,BELISARIO ROLDAN al 2930,VIOLENCIA,FAMILIAR,"__LLAMANTE MENCIONA QUE HAY UN MASCULINO QUE TIENE ARMA DE FUEGO Y ESTA AFUERA DE LA CASA, EN EL INTERIOR HAY MENORES, ES FAMILIAR DE LA VECINA,. ",GENERAL PUEYRREDON,MAR DEL PLATA,-379491.0,-575439.0,POSITIVO,30667 INF FUE POR UNA PELEA DE PERROS LOS DUEÑOS CONFRONTAN SR ANDINO DICE QU E LA OTRA PARTE ESTABA CON UN ARMA DE FUEGO LA OTRA PARTE SR  YAQUINIL RAFAEL EL DICE QUE LO FUE AL BUSCAR CON UN FIERRO DE PILETA INDICADO LOS PASOSA SEGUIR INVITADO A RADICAR ,-37.9491,-57.5439,2026,3,March,20,19,4,Viernes,False,Noche (18-24),[],,OTRA / NO ESPECIFICADA,ARMA_FUEGO
2026-03-20 20:00:00,10016013642,AV VICTORIO TETAMANTI y LA VIA,ROBO AUTOMOTOR,MOTOS,"LLAMANTE DICE QUE ROBARON UNA MOTO Y LOSVECINOS HICIERON QUE LA DEJARAN TIRADA EN EL LUGAR, SON 2 SUJETOS CON UN ARMA DE FUEGO, AHORA ESTAN A MITAD DEL CAMPO, AMBOS VISTEN VICERA BLANCA Y CAMPERON NEGRO. REFIERE QUE AHORA LOS LEVANTO UNA MOTO NEGRA DEL LUGAR Y SE ESTAN YENDO PARA EL LADO DE SERENIL. HAY UNA PERSONA HERIDA EN LA MANO. LE DISPARARON EN LA MANO, ES EL DUEÑO DE LA MOTO. ",GENERAL PUEYRREDON,,-38021649302217.0,-57624742335167.0,Telefonía Fija/Móvil,0,-38.021649302217,-57.624742335167,2026,3,March,20,20,4,Viernes,False,Noche (18-24),[],,OTRA / NO ESPECIFICADA,ARMA_FUEGO
2026-03-20 23:44:00,10016014394,FELIPE DE ARANA,DISPAROS,PERSONAS,REFIERE QUE HAY UN MASCULINO EN EL PISO HERIDO DE ARMA DE FUEGO __,GENERAL PUEYRREDON,,,,V ACC-MC,0,,,2026,3,March,20,23,4,Viernes,False,Noche (18-24),[],,OTRA / NO ESPECIFICADA,ARMA_FUEGO
2026-03-21 03:02:00,10016015006,SICILIA y Jose Hernandez,DISPAROS,DISPAROS,"LLAMANTE REFIERE QUE SIENTE GRITOS FUERTES DE AYUDA EN LA VIA PUBLICA, SIENTE DETONACIONES DE ARMA DE FUEGO, NO SABE A QUE DISPARAN, NO SABE CUANTOS SON O SI HAY HERIDOS, SOLO ESCUCHA, NO VE. -",GENERAL PUEYRREDON,MAR DEL PLATA,-380487299985.0,-575750379992.0,NEGATIVO,MOVIL DA CON FERNANDES MIA RAVENTOS NAEMIAS Y SALAZAR AXEL MISMOS IDENTIFICADOS SIN IMPEDIMENTO LEGAL SINVITADOS A RETIRAR NEGATIVO ARMAMENTO NI DETONACIONES ,-38.0487299985,-57.5750379992,2026,3,March,21,3,5,Sábado,True,Madrugada (00-06),[],,OTRA / NO ESPECIFICADA,ARMA_FUEGO
2026-03-21 08:28:00,10016015528,JUANA AZURDUY al 1366,ROBO,VÍA PÚBLICA,"REFIERE QUE LE ROBARON A EL HACE 2 HORAS__ESTA HERIDO EN LA BOCA, LO LASTIMARON CON UN FIERRO, DICE QUE UN ARMA DE FUEGO__QUIENES LE ROBARON ERAN 2 MASCUKNOS, LOS CONOCE, ESTAN  A LA VUELTA DE DONDE ESTA EL AHORA , QUIERE IR AL LUGAR, QUE ESTAN CON FIERROS",GENERAL PUEYRREDON,MAR DEL PLATA,-37996444914601.0,-5762457849706.0,Telefonía Fija/Móvil,0,-37.996444914601,-57.62457849706,2026,3,March,21,8,5,Sábado,True,Mañana (06-12),[],,OTRA / NO ESPECIFICADA,ARMA_FUEGO
2026-03-21 12:52:00,10016016144,CNEL SUAREZ al 1834,INFORMACION ,INFORMACION,LLAMANTE DICE QUE HAY UN MASCULINO MAXIMILIANO VEGA  ES BUSCADO DESDE AYER POR LA POLICIA POR PORTACION DE ARMA DE FUEGO INFORMA QUE ESTA EN EL DOMICILIO EN ESTE MOMENTO ESTA SOLO [Id.Remoto: 10016016144],GENERAL PUEYRREDON,MAR DEL PLATA,-37974021398117.0,-57600101470487.0,Telefonía Fija/Móvil,0,-37.974021398117,-57.600101470487,2026,3,March,21,12,5,Sábado,True,Tarde (12-18),[],,OTRA / NO ESPECIFICADA,ARMA_FUEGO
2026-03-21 23:35:00,10016018312,LISANDRO DE LA TORRE al 186,CARTA ORIGINAL,CON PRIORIDAD,"LLAMANTE REFIERE QUE SE ACABA DE CORTAR LA PULSERA UNA MUJER QUE TIENE PRISIÓN DOMICILIARIA POR CAUSA DE ROBO AGRAVADO POR EL VÍNCULO CON ALEVOSÍA - SE LLAMA PAULA MARIA GABIRELA RODRÍGUEZ MURANO - __NO SABE SI FUE DE LA CASA O ESTA EN VIA PUBLICA  TIENE CONOCIMIENTO QUE UN MASCULINO ESTA EN EL LUGAR Y ES INCAPACITADO PARA LLAMAR - __LA FEMENINA ESTÁ DROGADA  Y TIENE ARMA DE FUEGO - TIENE 22 AÑOS - ES DELGADA DE BAJA ESTATURA - TIENE UN ARO EN LA CEJA Y TATUAJES EN LA PANZA  ____LLAMANTE REFIERE QUE EN LA DIRECCIÓN APORTADA LA FEMENINA PAULA MARIA GABIRELA RODRÍGUEZ MURANO VENDE LA SUSTACIA COCAÍNA, PASTILLAS DE CLONAZEPÁN 2,5 MG Y MARIHUANA - SABE QUE TIENE ARMA DE FUEGO - LO HACE LAS 24 HORAS TODOS LOS DÍAS - __TIENE UNA BICICLETA  -  TIENE 22 AÑOS - ES DELGADA DE BAJA ESTATURA - TIENE UN ARO EN LA CEJA Y TATUAJES EN LA PANZA  ",GENERAL PUEYRREDON,MAR DEL PLATA,-380196929205.0,-575736006081.0,V ACC-MC,0,-38.0196929205,-57.5736006081,2026,3,March,21,23,5,Sábado,True,Noche (18-24),[],,OTRA / NO ESPECIFICADA,ARMA_FUEGO
2026-03-21 23:50:00,10016018362,LISANDRO DE LA TORRE al 186,EVASIÓN DE DETENIDOS,ARRESTO DOMICILIARIO,"LLAMANTE REFIERE QUE SE ACABA DE CORTAR LA PULSERA UNA MUJER QUE TIENE PRISIÓN DOMICILIARIA POR CAUSA DE ROBO AGRAVADO POR EL VÍNCULO CON ALEVOSÍA - SE LLAMA PAULA MARIA GABIRELA RODRÍGUEZ MURANO - __NO SABE SI FUE DE LA CASA, PODRIA ESTAR EN LA VIA PUBLICA  TIENE CONOCIMIENTO QUE UN MASCULINO ESTA EN EL LUGAR Y ES INCAPACITADO PARA LLAMAR - __LA FEMENINA ESTÁ DROGADA  Y TIENE ARMA DE FUEGO - TIENE 22 AÑOS - ES DELGADA DE BAJA ESTATURA - TIENE UN ARO EN LA CEJA Y TATUAJES EN LA PANZA  ____",GENERAL PUEYRREDON,MAR DEL PLATA,-380196929205.0,-575736006081.0,V ACC-MC,0,-38.0196929205,-57.5736006081,2026,3,March,21,23,5,Sábado,True,Noche (18-24),[],,OTRA / NO ESPECIFICADA,ARMA_FUEGO
2026-03-21 23:54:00,10016018379,LISANDRO DE LA TORRE al 186,DROGAS ILÍCITAS,VENTA/ELABORACIÓN,"LLAMANTE REFIERE QUE SE ACABA DE CORTAR LA PULSERA UNA MUJER QUE TIENE PRISIÓN DOMICILIARIA POR CAUSA DE ROBO AGRAVADO POR EL VÍNCULO CON ALEVOSÍA - SE LLAMA PAULA MARIA GABIRELA RODRÍGUEZ MURANO - __NO SABE SI FUE DE LA CASA O ESTA EN VIA PUBLICA  TIENE CONOCIMIENTO QUE UN MASCULINO ESTA EN EL LUGAR Y ES INCAPACITADO PARA LLAMAR - __LA FEMENINA ESTÁ DROGADA  Y TIENE ARMA DE FUEGO - TIENE 22 AÑOS - ES DELGADA DE BAJA ESTATURA - TIENE UN ARO EN LA CEJA Y TATUAJES EN LA PANZA  ____LLAMANTE REFIERE QUE EN LA DIRECCIÓN APORTADA LA FEMENINA PAULA MARIA GABIRELA RODRÍGUEZ MURANO VENDE LA SUSTACIA COCAÍNA, PASTILLAS DE CLONAZEPÁN 2,5 MG Y MARIHUANA - SABE QUE TIENE ARMA DE FUEGO - LO HACE LAS 24 HORAS TODOS LOS DÍAS - __TIENE UNA BICICLETA  -  TIENE 22 AÑOS - ES DELGADA DE BAJA ESTATURA - TIENE UN ARO EN LA CEJA Y TATUAJES EN LA PANZA  ",GENERAL PUEYRREDON,MAR DEL PLATA,-380196929205.0,-575736006081.0,V ACC-MC,0,-38.0196929205,-57.5736006081,2026,3,March,21,23,5,Sábado,True,Noche (18-24),[],,OTRA / NO ESPECIFICADA,ARMA_FUEGO
2026-03-22 04:37:00,10016019141,LARREA y Gral Paz,SOSPECHOSOS,PERSONA EXTRAÑA,"LLTE REF QUE SE LE CRUZÓ DELANTE DEL AUTO UN NN CON ABRIGO NARANJA, PANTALON GRIS Y GORRA BLANCA , __TENIA UN ARMA DE FUEGO __NO SABE PARA DONDE SE IBA,-",GENERAL PUEYRREDON,MAR DEL PLATA,-380316519984.0,-575433979992.0,NEGATIVO,"INF MOV 30237 REFIERE NEGATIVO SUJETO APORTADO EN CARTA DE LLAMADO, NADIE ENTREVISTA CON EL MOVIL POLICIAL. PANORAMA NORMAL, NEGATIVO DISTURBIOS O CONFRONTACION EN EL LUGAR",-38.0316519984,-57.5433979992,2026,3,March,22,4,6,Domingo,True,Madrugada (00-06),[],,OTRA / NO ESPECIFICADA,ARMA_FUEGO
2026-03-22 12:05:00,10016020112,LOS QUEBRACHOS al 3269,EVASIÓN DE DETENIDOS,ARRESTO DOMICILIARIO,"REFIERE QE UN VECINO QUE TIENE ARRESTO DOMICILIARIO ESTA GRITANDO EN LA VEREDA DE LA PUERTA DE SU HIJO, ESTA CON UN ARMA DE FUEGO __NO HAY HERIDOS __SE LLAMA LUCAS DOMENEQ__LE PARECE QUE TIENE ARRESTO POR VIOLENCIA DE GENERO__NO SABE COMO VISTE, EL PARECE QUE ESTA TODO DE AZUL  ",GENERAL PUEYRREDON,MAR DEL PLATA,-37933610665074.0,-5755925853244.0,V ACC-MC,0,-37.933610665074,-57.55925853244,2026,3,March,22,12,6,Domingo,True,Tarde (12-18),[],,OTRA / NO ESPECIFICADA,ARMA_FUEGO
2026-03-22 14:07:00,10016020495,25 DE MAYO y Geronimo Costa,ROBO AUTOMOTOR,MOTOS,"REFIERE QUE ROBARON UNA MOTO__EL CONDUCTOR ESTA HERIDO __ESTAN ARMADOS CON UN ARMA DE FUEGO __ERAN 3 MASCULINOS __ROBARON UNA GLH ROJA, HONDA, PATENTE A193QPK__SE FUGAN PARA 25 DE MAYO, PARA EL FONDO SUBIERON LA ALTURA, LUEGO DICE QUE FUGARON LURO PARA EL FONDO __UNO CASCO Y ROPA DEPORTIVA ",GENERAL PUEYRREDON,MAR DEL PLATA,-379687219985.0,-576028369992.0,Telefonía Fija/Móvil,0,-37.9687219985,-57.6028369992,2026,3,March,22,14,6,Domingo,True,Tarde (12-18),['A193QPK'],A193QPK,HONDA,ARMA_FUEGO
2026-03-23 09:06:00,10016023574,TTE DANIEL A JUKIC al 1751,DISPAROS,DISPAROS,"LLAMANTE COMUNCIA QUE EL HERMANO LE AVISA QUE ESTAN PRODUCIENDO DETONACIONES DE ARMA DE FUEGO HACIA LA CASA, SERIA EL CUÑADO EL QUE LO ESTA TIROTEANDO, __LLAMANTE MO ESTA EN EL LUGAR__DESCONCOE SI HAY HERIDOS",GENERAL PUEYRREDON,CAMET,-37907416858048.0,-57583078105023.0,NEGATIVO,"SE BAJA INTERNO 54278, POJET OSCAR ES EL PROPIETARIO DEL DOMICILIO, NO TIENE PROBLEMAS CON NINGUN VECINO NORMAL",-37.907416858048,-57.583078105023,2026,3,March,23,9,0,Lunes,False,Mañana (06-12),[],,OTRA / NO ESPECIFICADA,ARMA_FUEGO
2026-03-23 18:31:00,10016025171,HARAS EL FIRMAMENTO y 7,ROBO,VÍA PÚBLICA,LLTE MANIFIESTA QUE HAY UN MACSULINO VESTIDO DE AZUL CON VIDERA ROJA ESTA EN UNA MOTO- TENDRIA UN ARMA DE FUEGO - CON INTENCIONES DE ROBO EN VIA PUBLICA- ESTA CON OTRO MASCULINO ,GENERAL PUEYRREDON,,,,NEGATIVO,"EN EL LUGAR NEGATIVO , NADIE ENTREVISTA , MOVIL AUDIVLE Y VISIBLE ",,,2026,3,March,23,18,0,Lunes,False,Noche (18-24),[],,OTRA / NO ESPECIFICADA,ARMA_FUEGO
2026-03-23 20:46:00,10016025555,ANCHORENA al 6172,DISPAROS,DISPAROS,LLAMANTE REFIERE QUE NECESITA UN MOVIL - LOS VECINOS DE ENFRENTE LE TIRAN DISPAROS DE ARMA DE FUEGO A SU CASA - __CREE ESTÁN DROGADO CON PASTILLAS ,GENERAL PUEYRREDON,MAR DEL PLATA,-379406.0,-575563.0,NEGATIVO,27752 INF EN LUGAR ANDIE ENTREVISTA ,-37.9406,-57.5563,2026,3,March,23,20,0,Lunes,False,Noche (18-24),[],,OTRA / NO ESPECIFICADA,ARMA_FUEGO
2026-03-23 21:15:00,10016025634,CESAR MILSTEIN y Calle 6,DISPAROS,DISPAROS,"LLAMANTE REFIERE QUE ANDAN DOS MASCULINOS EFECTUANDO DISPAROS DE ARMA DE FUEGO, ESTAN EN UNA MOTO, AHORA PARARO ATRAS DE LA GARITA DE COLECTIVO__UNO TINEE CAMPERA NEGRA CON RAYAS EN EL HOMBRO ",GENERAL PUEYRREDON,MAR DEL PLATA,-381078359985.0,-575834079992.0,NEGATIVO,"MOVIL 30677 INF ENTREVISTA SRA ANA VIDAL, MANIFIESTA LO APORTADO EN CARTA, AL ARRIBO NEGATIVO MOTOVEHICULO, AMPLIA RECORRIDA POR LA ZONA NORMAL ",-38.1078359985,-57.5834079992,2026,3,March,23,21,0,Lunes,False,Noche (18-24),[],,OTRA / NO ESPECIFICADA,ARMA_FUEGO
2026-03-24 05:26:00,10016026702,AV COLON y Cnel Suarez,DISPAROS,DISPAROS,"  LLAMANTE INFORMA  ESCUCHA DETONACIONES DE ARMA DE FUEGO, NO VE NADA, SOLO ESCUCHA__ NO SABE SI HAY HERIDOS",GENERAL PUEYRREDON,MAR DEL PLATA,-379769774909.0,-576024673652.0,NEGATIVO,"INF MOV 30884 EN AMPLIA RECORRIDA EN ZONA NADIE ENTREVISTA CON EL MOVIL POLICIAL, NEGATIVO DETONACIONES EN LA VIA PUBLICA, PANORAMA NORMAL",-37.9769774909,-57.6024673652,2026,3,March,24,5,1,Martes,False,Madrugada (00-06),[],,OTRA / NO ESPECIFICADA,ARMA_FUEGO
2026-03-24 05:58:00,10016026738,RIVADAVIA al 9625,ROBO,FINCA,"LLAMANTE REFIERE QUE LE ROBARON EN SU CASA , EL ESTABA DUERMIENDO Y LE ENTRARON , ERAN DOS HOMBRES , TENIAN UN ARMA DE FUEGO, NO ESTA HERIDO .-",GENERAL PUEYRREDON,MAR DEL PLATA,-37964548185755.0,-5761803260883.0,POSITIVO,"INF MOV 30506 EN EL LUGAR ENTREVISTA CON EL SR VILLALOBOS FERNANDO REFIERE QUE SUJETO MASC INGRESA A SU FINCA EL MISMO DEL DEPTO 12 INGRESA A SU DEPTO LA CUAL ESTARIA VIOLENTADA, SUJETO MASC A NOMBRE DE LAGUN DIEGO, SUSTRAE EQUIPO DE MUSICA Y UNA CAMPERA CON 3000 PESOS, INDICADOS LOS PASOS A SEGUIR",-37.964548185755,-57.61803260883,2026,3,March,24,5,1,Martes,False,Madrugada (00-06),[],,OTRA / NO ESPECIFICADA,ARMA_FUEGO
2026-03-24 15:33:00,10016027978,SOLER y Int Rufino Inda,VIOLENCIA,POR RAZONES DE GENERO,LLAMANTE DICE QUE HAY UN MASCULINO ARMADO CON ARMA DE FUEGO TRATO DE AGREDIR LA EN LA CALLE ,GENERAL PUEYRREDON,MAR DEL PLATA,-38016699538.0,-57604132638.0,NEGATIVO,MOVIL 27788 EN EL LUGAR TIEMPO PRUDENCIAL SIRENAS Y BALIZASA NADIE ENTREVISTA,-38.016699538,-57.604132638,2026,3,March,24,15,1,Martes,False,Tarde (12-18),[],,OTRA / NO ESPECIFICADA,ARMA_FUEGO
2026-03-24 19:34:00,10016028853,MAGALLANES y Av Carlos Gardel,VIOLENCIA,NO FAMILIAR,"LLAMANTE REFIERE QUE  HAY UNA FEMENINA COIN UN ARMA DE FUEGO ESTA CONFRONTANDO CON LA LLAMANTE , NO HAY HERIDOS ,LA AGRESORA CON  REMERA ROSA CALZA NEGRA ",GENERAL PUEYRREDON,MAR DEL PLATA,-379937959985.0,-576131979992.0,NEGATIVO,30350 REALIZA AMPLIA RECORRIDA POR LA ZONA. NEGATIVO SOSPECHOSOS. NADIE ENTREVISTA,-37.9937959985,-57.6131979992,2026,3,March,24,19,1,Martes,False,Noche (18-24),[],,OTRA / NO ESPECIFICADA,ARMA_FUEGO
2026-03-25 15:33:00,10016031929,AYACUCHO al 7691,CARTA ORIGINAL,SIN PRIORIDAD,"LLAMANTE REFIERE QUE VENDEN DROGAS Y SIEMBRAN MARIHUANA.SE LLAMAN MANUEL BAUDICK, CARLOS BAUDICK. SON PADRE E HIJO, SON REMISEROS.VENDEN COCAINA TAMBIEN. VENDEN DE LAS 10 DE LA MAÑANA A LAS 22 HORAS. __LLAMANTE REFIERE QUE VENDEN EXTASIS Y COCAINA EN LA PLAYA DE LA COSTA DE MAR DEL PLATA. ANDAN ARMADOS CON ARMA DE FUEGO Y ARMAS DE FUEGO. ANDAN EN UN CHEVROLET CORSA 5 PUERTAS NEGRO POLARIZADO.____LLAMANTE REFIERE QUE ESTAS MISMAS PERSONAS,EN LA CASA DE LA ESQUINA, DERARMAN AUTOS.TENIAN UN CHEVROLET DORADO, HACE DOS AÑOS.  YA LO DESMANTELARON,NO ESTA ALLI. AHORA TIENEN OTRO VEHICULO. NO APORTA CUALES.",GENERAL PUEYRREDON,MAR DEL PLATA,-379653583505.0,-575915651161.0,Telefonía Fija/Móvil,0,-37.9653583505,-57.5915651161,2026,3,March,25,15,2,Miércoles,False,Tarde (12-18),[],,CHEVROLET,ARMA_FUEGO
2026-03-25 15:44:00,10016031955,AYACUCHO al 7691,DROGAS ILÍCITAS,VENTA/ELABORACIÓN,"LLAMANTE REFIERE QUE VENDEN DROGAS Y SIEMBRAN MARIHUANA.SE LLAMAN MANUEL BAUDICK, CARLOS BAUDICK. SON PADRE E HIJO, SON REMISEROS.VENDEN COCAINA TAMBIEN. VENDEN DE LAS 10 DE LA MAÑANA A LAS 22 HORAS. __LLAMANTE REFIERE QUE VENDEN EXTASIS Y COCAINA EN LA PLAYA DE LA COSTA DE MAR DEL PLATA. ANDAN ARMADOS CON ARMA DE FUEGO Y ARMAS DE FUEGO. ANDAN EN UN CHEVROLET CORSA 5 PUERTAS NEGRO POLARIZADO.____LLAMANTE REFIERE QUE ESTAS MISMAS PERSONAS,EN LA CASA DE LA ESQUINA, DERARMAN AUTOS.TENIAN UN CHEVROLET DORADO, HACE DOS AÑOS.  YA LO DESMANTELARON,NO ESTA ALLI. AHORA TIENEN OTRO VEHICULO. NO APORTA CUALES.",GENERAL PUEYRREDON,MAR DEL PLATA,-379653583505.0,-575915651161.0,V ACC-MC,0,-37.9653583505,-57.5915651161,2026,3,March,25,15,2,Miércoles,False,Tarde (12-18),[],,CHEVROLET,ARMA_FUEGO
2026-03-25 19:19:00,10016032647,LISANDRO DE LA TORRE al 186,CARTA ORIGINAL,SIN PRIORIDAD,"__LLAMANTE MENCIONA QUE QUIERE RADICAR UNA DENUNCIA POR UNA FEMENINA DE NOMBRE PAULA MARIA RODRIGUEZ MURANO DE 20 AÑOS, SE CORTO LA PULSERA E INCUMPLE EL ARRESTO DOMICILIARIO, SE ESCAPO ANTES DE COMENZAR CON EL ARRESTO DOMICILIARIO, LA POLICIA LA BUSCA POR ROBO AGRAVADO POR EL VINCULO. INFORMA QUE ESTA ESCONDIDA EN EL LUGAR QUE APORTA, LA CASA ES COLOR CLARITA Y TIENE UN ARBOL LAUREL AWFUERA , DA VUELTAS POR TODOS LADOS DURANTE LA MADRUGADA, CONSUME ESTUPEFACIENTES Y TAL VEZ LA VENDE ESTUPEFACIENTES EN EL MISMO INMUEBLE, Y ESTA ARMADA CON ARMA DE FUEGO Y ARMA BLANCA. LA FEMENINA ES DE BAJA ESTATURA, TIENE UNA TATUAJE EN LA CINTURA Y UN PIERCING EN LA CEJA, TIENE RAPADO A LOS LADOS DE LA CABEZA. AGREGA QUE LA FEMENINA ESTA JUNTO CON EL PADRE EN EL MISMO DOMICILIO Y ESTE TIENE UNA MULETA.- ",GENERAL PUEYRREDON,MAR DEL PLATA,-380196929205.0,-575736006081.0,Telefonía Fija/Móvil,0,-38.0196929205,-57.5736006081,2026,3,March,25,19,2,Miércoles,False,Noche (18-24),[],,OTRA / NO ESPECIFICADA,ARMA_FUEGO
2026-03-25 19:42:00,10016032755,LISANDRO DE LA TORRE al 186,DROGAS ILÍCITAS,VENTA/ELABORACIÓN,"__LLAMANTE MENCIONA QUE QUIERE RADICAR UNA DENUNCIA POR UNA FEMENINA DE NOMBRE PAULA MARIA RODRIGUEZ MURANO DE 20 AÑOS, SE CORTO LA PULSERA E INCUMPLE EL ARRESTO DOMICILIARIO, SE ESCAPO ANTES DE COMENZAR CON EL ARRESTO DOMICILIARIO, LA POLICIA LA BUSCA POR ROBO AGRAVADO POR EL VINCULO. INFORMA QUE ESTA ESCONDIDA EN EL LUGAR QUE APORTA, LA CASA ES COLOR CLARITA Y TIENE UN ARBOL LAUREL AWFUERA , DA VUELTAS POR TODOS LADOS DURANTE LA MADRUGADA, CONSUME ESTUPEFACIENTES Y TAL VEZ LA VENDE ESTUPEFACIENTES EN EL MISMO INMUEBLE, Y ESTA ARMADA CON ARMA DE FUEGO Y ARMA BLANCA. LA FEMENINA ES DE BAJA ESTATURA, TIENE UNA TATUAJE EN LA CINTURA Y UN PIERCING EN LA CEJA, TIENE RAPADO A LOS LADOS DE LA CABEZA. AGREGA QUE LA FEMENINA ESTA JUNTO CON EL PADRE EN EL MISMO DOMICILIO Y ESTE TIENE UNA MULETA.- ",GENERAL PUEYRREDON,MAR DEL PLATA,-380196929205.0,-575736006081.0,V ACC-MC,0,-38.0196929205,-57.5736006081,2026,3,March,25,19,2,Miércoles,False,Noche (18-24),[],,OTRA / NO ESPECIFICADA,ARMA_FUEGO
2026-03-25 21:58:00,10016033219,ORTIZ DE ZARATE al 10827,ROBO AUTOMOTOR,MOTOS,"LLAMANTE REFIERE QUE LE ROBARON SU MOTO, NO ESTA HERIDO, FUE SALIENDO DE SU CASA, LO ABORDARON DOS EN UNA MOTO, LE MUESTRAN UN ARMA DE FUEGO Y SE LLEVAN SU MOTO. ELLOS ESTABAN EN UNA 110CC COLOR NO RECUERDA DOS MASCULINOS JOVENES, 20 AÑOS APROX, ENCAPUCHADOS, EL DE ADELANTE CON CASCO. SE FUERON PARA EL FONDO DEL BARRIO POR ORTIZ DE ZARATE. __EL VEHICULO ROBADO ES UNA KELLER ROJA 110CC DOMINIO A207ZWA- [Id.Remoto: 10016033219]",GENERAL PUEYRREDON,MAR DEL PLATA,-379956240199.0,-576159381098.0,Telefonía Fija/Móvil,0,-37.9956240199,-57.6159381098,2026,3,March,25,21,2,Miércoles,False,Noche (18-24),['A207ZWA'],A207ZWA,OTRA / NO ESPECIFICADA,ARMA_FUEGO
2026-03-25 22:23:00,10016033320,GRAL PIRAN al 1542,CARTA ORIGINAL,SIN PRIORIDAD,"LLAMANTE REFIERE QUE VENDEN DROGA EN EL LUGAR. MARIHUANA QUE ESTA SEMBRADA EN EL LUGAR Y COCAINA QUE TRAEN DEL BARRIO MALVINAS ARGENTINAS. USAN EL CAMION DE SODA (TIENEN LA FABRICA CLAUDIO BAU) PARA MOVER LA MERCANCIA. LA SRA CARLA Y CESAR DI CONSTANZO, SON HERMANOS. EL MARIDO SE LLAMA CARLOS ERREA. TIENEN CAMIONETAS FORD 1100 BLANCO, AZUL Y NEGRA Y FORD 100 QUE USAN PARA EL REPARTO DE SODA Y DISTRIBUYEN LA DROGA. VENDEN TODOS LOS DIAS. ESTAN ARMADOS CON ARMA DE FUEGO Y ARMAS BLANCAS Y ROBAN VEHICULOS QUE LES SACAN LOS MOTORES. ____LLAMANTE REFIERE QUE EL SR BAU TIENE MUJERES CARENCIADAS QUE TRAE DEL BARRIO PARQUE CAMET. SON MAYORES Y MENORES. LAS RETIENEN EN CONTRA DE SU VOLUNTAD, TIENEN LOS DOCUMENTOS RETENIDOS. ESTAN DROGADAS Y ALCOHOLIZADAS. LAS HACEN VENDER DROGAS SOBRE TODOS LOS FINES DE SEMANA. LA GENTE VIENE A COMPRAR A LA CASA DE CALLE PIRAN DESDE CAISAMAR Y GROSELLAR Y LAS DALIAS. ____LLAMANTE REFIERE QUE CLAUDIO BAU (EL SODERO) DICE QUE ES POLICIA QUIEN ES EL QUE RECLUTA LAS MUJERES PARA VENDER DROGA. VA POR LAS CASAS REPARTIENDO DROGA Y LAS CONTRATA. ROBAN CON CHALECOS DE CAZA Y ESCOPETA DE CAZA EN RUTA 11 Y RUTA 2 ANIMALES (ENTRE ELLOS CIERVOS). ",GENERAL PUEYRREDON,MAR DEL PLATA,-379495396844.0,-575730701025.0,Telefonía Fija/Móvil,0,-37.9495396844,-57.5730701025,2026,3,March,25,22,2,Miércoles,False,Noche (18-24),[],,FORD,ARMA_FUEGO
2026-03-25 22:38:00,10016033361,GRAL PIRAN al 1542,TRATA DE PERSONAS,DENUNCIA,"LLAMANTE REFIERE QUE VENDEN DROGA EN EL LUGAR. MARIHUANA QUE ESTA SEMBRADA EN EL LUGAR Y COCAINA QUE TRAEN DEL BARRIO MALVINAS ARGENTINAS. USAN EL CAMION DE SODA (TIENEN LA FABRICA CLAUDIO BAU) PARA MOVER LA MERCANCIA. LA SRA CARLA Y CESAR DI CONSTANZO, SON HERMANOS. EL MARIDO SE LLAMA CARLOS ERREA. TIENEN CAMIONETAS FORD 1100 BLANCO, AZUL Y NEGRA Y FORD 100 QUE USAN PARA EL REPARTO DE SODA Y DISTRIBUYEN LA DROGA. VENDEN TODOS LOS DIAS. ESTAN ARMADOS CON ARMA DE FUEGO Y ARMAS BLANCAS Y ROBAN VEHICULOS QUE LES SACAN LOS MOTORES. ____LLAMANTE REFIERE QUE EL SR BAU TIENE MUJERES CARENCIADAS QUE TRAE DEL BARRIO PARQUE CAMET. SON MAYORES Y MENORES. LAS RETIENEN EN CONTRA DE SU VOLUNTAD, TIENEN LOS DOCUMENTOS RETENIDOS. ESTAN DROGADAS Y ALCOHOLIZADAS. LAS HACEN VENDER DROGAS SOBRE TODOS LOS FINES DE SEMANA. LA GENTE VIENE A COMPRAR A LA CASA DE CALLE PIRAN DESDE CAISAMAR Y GROSELLAR Y LAS DALIAS. ____LLAMANTE REFIERE QUE CLAUDIO BAU (EL SODERO) DICE QUE ES POLICIA QUIEN ES EL QUE RECLUTA LAS MUJERES PARA VENDER DROGA. VA POR LAS CASAS REPARTIENDO DROGA Y LAS CONTRATA. ROBAN CON CHALECOS DE CAZA Y ESCOPETA DE CAZA EN RUTA 11 Y RUTA 2 ANIMALES (ENTRE ELLOS CIERVOS). ",GENERAL PUEYRREDON,MAR DEL PLATA,-379495396844.0,-575730701025.0,V ACC-MC,0,-37.9495396844,-57.5730701025,2026,3,March,25,22,2,Miércoles,False,Noche (18-24),[],,FORD,ARMA_FUEGO
2026-03-25 22:38:00,10016033360,GRAL PIRAN al 1542,DROGAS ILÍCITAS,VENTA/ELABORACIÓN,"LLAMANTE REFIERE QUE VENDEN DROGA EN EL LUGAR. MARIHUANA QUE ESTA SEMBRADA EN EL LUGAR Y COCAINA QUE TRAEN DEL BARRIO MALVINAS ARGENTINAS. USAN EL CAMION DE SODA (TIENEN LA FABRICA CLAUDIO BAU) PARA MOVER LA MERCANCIA. LA SRA CARLA Y CESAR DI CONSTANZO, SON HERMANOS. EL MARIDO SE LLAMA CARLOS ERREA. TIENEN CAMIONETAS FORD 1100 BLANCO, AZUL Y NEGRA Y FORD 100 QUE USAN PARA EL REPARTO DE SODA Y DISTRIBUYEN LA DROGA. VENDEN TODOS LOS DIAS. ESTAN ARMADOS CON ARMA DE FUEGO Y ARMAS BLANCAS Y ROBAN VEHICULOS QUE LES SACAN LOS MOTORES. ____LLAMANTE REFIERE QUE EL SR BAU TIENE MUJERES CARENCIADAS QUE TRAE DEL BARRIO PARQUE CAMET. SON MAYORES Y MENORES. LAS RETIENEN EN CONTRA DE SU VOLUNTAD, TIENEN LOS DOCUMENTOS RETENIDOS. ESTAN DROGADAS Y ALCOHOLIZADAS. LAS HACEN VENDER DROGAS SOBRE TODOS LOS FINES DE SEMANA. LA GENTE VIENE A COMPRAR A LA CASA DE CALLE PIRAN DESDE CAISAMAR Y GROSELLAR Y LAS DALIAS. ____LLAMANTE REFIERE QUE CLAUDIO BAU (EL SODERO) DICE QUE ES POLICIA QUIEN ES EL QUE RECLUTA LAS MUJERES PARA VENDER DROGA. VA POR LAS CASAS REPARTIENDO DROGA Y LAS CONTRATA. ROBAN CON CHALECOS DE CAZA Y ESCOPETA DE CAZA EN RUTA 11 Y RUTA 2 ANIMALES (ENTRE ELLOS CIERVOS). ",GENERAL PUEYRREDON,MAR DEL PLATA,-379495396844.0,-575730701025.0,V ACC-MC,0,-37.9495396844,-57.5730701025,2026,3,March,25,22,2,Miércoles,False,Noche (18-24),[],,FORD,ARMA_FUEGO
2026-03-26 12:33:00,10016035008,PAULA ALBARRACIN al 2661,CARTA ORIGINAL,CON PRIORIDAD,"LLAMANTE REFIERE QUE HAY UN HOMBRE ARMADO CON UN RIFLE, ARMA DE FUEGO LARGA, QUE ENTRÓ A UNA VIVIENDA Y ESTÁ EFECTUANDO DISPAROS. DICE QUE ES UN CONFLICTO ENTRE DICHAS PERSONAS. NO SABE CUÁNTA GENTE HAY DENTRO NI SI HAY ALGUIEN HERIDO.__ASIMISMO INFORMA QUE EN LA PROPIEDAD VENDEN DROGA. NO SABE CUÁNTAS PERSONAS SON NI QUÉ DROGAS VENDEN. SABE QUE TODOS LOS DIAS, TODAS LAS NOCHES, HAY MOVIMIENTO. TIENEN UN AUTO TAPADO CON UN NAYLON EN EL LUGAR. DESCONOCE MÁS INFORMACIÓN.  ",GENERAL PUEYRREDON,MAR DEL PLATA,-379838176437.0,-575993520618.0,Analizado por ACC-MC,0,-37.9838176437,-57.5993520618,2026,3,March,26,12,3,Jueves,False,Tarde (12-18),[],,OTRA / NO ESPECIFICADA,ARMA_FUEGO
2026-03-26 12:36:00,10016035013,PAULA ALBARRACIN al 2661,DISPAROS,PERSONAS,"LLAMANTE REFIERE QUE HAY UN HOMBRE ARMADO CON UN RIFLE, ARMA DE FUEGO LARGA, QUE ENTRÓ A UNA VIVIENDA Y ESTÁ EFECTUANDO DISPAROS. DICE QUE ES UN CONFLICTO ENTRE DICHAS PERSONAS. NO SABE CUÁNTA GENTE HAY DENTRO NI SI HAY ALGUIEN HERIDO.__",GENERAL PUEYRREDON,MAR DEL PLATA,-379838176437.0,-575993520618.0,V ACC-MC,0,-37.9838176437,-57.5993520618,2026,3,March,26,12,3,Jueves,False,Tarde (12-18),[],,OTRA / NO ESPECIFICADA,ARMA_FUEGO
2026-03-26 12:45:00,10016035041,PAULA ALBARRACIN al 2661,DROGAS ILÍCITAS,VENTA/ELABORACIÓN,"LLAMANTE REFIERE QUE HAY UN HOMBRE ARMADO CON UN RIFLE, ARMA DE FUEGO LARGA, QUE ENTRÓ A UNA VIVIENDA Y ESTÁ EFECTUANDO DISPAROS. DICE QUE ES UN CONFLICTO ENTRE DICHAS PERSONAS. NO SABE CUÁNTA GENTE HAY DENTRO NI SI HAY ALGUIEN HERIDO.__ASIMISMO INFORMA QUE EN LA PROPIEDAD VENDEN DROGA. NO SABE CUÁNTAS PERSONAS SON NI QUÉ DROGAS VENDEN. SABE QUE TODOS LOS DIAS, TODAS LAS NOCHES, HAY MOVIMIENTO. TIENEN UN AUTO TAPADO CON UN NAYLON EN EL LUGAR. DESCONOCE MÁS INFORMACIÓN.  ",GENERAL PUEYRREDON,MAR DEL PLATA,-379838176437.0,-575993520618.0,V ACC-MC,0,-37.9838176437,-57.5993520618,2026,3,March,26,12,3,Jueves,False,Tarde (12-18),[],,OTRA / NO ESPECIFICADA,ARMA_FUEGO
2026-03-26 15:31:00,10016035512,YAPEYU y San Salvador,EMERGENCIA DE SALUD,EMERGENCIA,"CCA QUE VE QUE HAY UN MASC CREE CON UNA HERIDA DE ARMA DE FUEGO, VEREDA TIRADO, NO SABE QUE LE SUCEDIO ",GENERAL PUEYRREDON,MAR DEL PLATA,-379952709985.0,-576215259992.0,Telefonía Fija/Móvil,0,-37.9952709985,-57.6215259992,2026,3,March,26,15,3,Jueves,False,Tarde (12-18),[],,OTRA / NO ESPECIFICADA,ARMA_FUEGO
2026-03-26 15:32:00,54719063,YAPEYU y San Salvador,EMERGENCIA DE SALUD,EMERGENCIA,"CCA QUE VE QUE HAY UN MASC CREE CON UNA HERIDA DE ARMA DE FUEGO, VEREDA TIRADO, NO SABE QUE LE SUCEDIO [Id.Remoto: 10016035512] [Id.Remoto: 2656690] [Id.Remoto: 3774216] [Id.Remoto: 2656735]",GENERAL PUEYRREDON,MAR DEL PLATA,-379952709985.0,-576215259992.0,REDERIVADO,0,-37.9952709985,-57.6215259992,2026,3,March,26,15,3,Jueves,False,Tarde (12-18),[],,OTRA / NO ESPECIFICADA,ARMA_FUEGO
2026-03-26 17:12:00,10016035848,JUAN DE DIOS FILIBERTO y Magallanes,DROGAS ILÍCITAS,CONSUMO,"__ REFIERE QUE HABRIA 5 MASCULINS CON UNA MOTO 110  ROJA , EBRIOS CONSUMIENDO  COCAINA Y ARMADOS CON ARMA DE FUEGO  CON UN REVOLVER  , UNO DE ELLOS BUZO AZUL CON  AMARILLO  Y ROPA DEPORTIVA ",GENERAL PUEYRREDON,MAR DEL PLATA,-379937959985.0,-576131979992.0,NEGATIVO,MOVIL 30350 MANIFIESTA QUE ENE L LUGAR Y AMPLIA RECORRIDA NEGATIVO MASCULINOS NADIE ENTREVISTA,-37.9937959985,-57.6131979992,2026,3,March,26,17,3,Jueves,False,Tarde (12-18),[],,OTRA / NO ESPECIFICADA,ARMA_FUEGO
2026-03-26 17:23:00,10016035884,MAGALLANES al 10800,SOSPECHOSOS,PERSONA EXTRAÑA,"YA LLAMO ANTES , HAY 5 MASCULINOS  JUGANDO CON UN ARMA DE FUEGO EN LA CALLE Y HAY MUCHOS CHICOS EN EL LUGAR , ELLOS ESTAN TOMANDO ALCOHOL Y DROGANDOSE  , ESTAN CON UNA MOTO 110 CC ROJA , UNO VISTE BUZO AZUL Y OTRO DE BUZO AMARILLO Y OTRO DE  BUZO OSCURO Y  PANTALON DE JEAN ",GENERAL PUEYRREDON,MAR DEL PLATA,-37993796404084.0,-57613198291667.0,NEGATIVO,MOVIL 30350 MANIFIESTA QUE AMPLIA RECORRIDA NEGATIVO LOS MSCULINOS,-37.993796404084,-57.613198291667,2026,3,March,26,17,3,Jueves,False,Tarde (12-18),[],,OTRA / NO ESPECIFICADA,ARMA_FUEGO
2026-03-26 21:10:00,10016036663,BELISARIO ROLDAN al 2236,ROBO,FINCA,"LLAMANTE REFIERE QUE LE INGRESARON A SU DLIO, LE ROBARON COSAS DE DENTRO, Y LUEGO SE ROBARON SU AUTO. ES UN C3 YOU, BLANCO CON TECHO NEGRO Y RAYAS TURQUESAS DOMINIO AH665IS.__ERAN DOS MASCULINOS CON ARMA DE FUEGO, NO ESTAN HERIDOS, NO SABEN POR DONDE SE FUERON",GENERAL PUEYRREDON,MAR DEL PLATA,-37954685772112.0,-57547728495143.0,Telefonía Fija/Móvil,0,-37.954685772112,-57.547728495143,2026,3,March,26,21,3,Jueves,False,Noche (18-24),['AH665IS'],AH665IS,OTRA / NO ESPECIFICADA,ARMA_FUEGO
2026-03-27 09:17:00,10016038258,RODRIGUEZ PEÑA al 5666,SOSPECHOSOS,PERSONA EXTRAÑA,"REFIERE QUE POR TIERRA DEL FUEGO HAY UN JOVEN REVOLVIENDO LA BASURA, LE VEN QUE TIENE UN ARMA DE FUEGO, TIENE PANTALOSNES CORTOS Y REMERA DEPORTIVA GRIS ",GENERAL PUEYRREDON,MAR DEL PLATA,-379978.0,-575886.0,NEGATIVO,"PERSONAL DE PREFECTURA AYUDANTE TERCERA CERRUDO, INFORMA NEGATIVO MASCULINO",-37.9978,-57.5886,2026,3,March,27,9,4,Viernes,False,Mañana (06-12),[],,OTRA / NO ESPECIFICADA,ARMA_FUEGO
2026-03-27 17:58:00,10016039769,Sciocco Domingo al 2822,VIOLENCIA,POR RAZONES DE GENERO,"LLAMANTE REFIERE QUE RECIEN SE FUE EL MOVIL Y AHORA EL MASCULINO AGRESIVO  VOLVIO AL LUGAR __ES EL HIJO DE LA SEÑORA, ESTA ROMPIENDO TODA LA CASA, PODRIA ESTAR CON UN ARMA DE FUEGO , HAY DOS HERIDOS DE GOLPES PORQUE SE PELO CON VECINOS TAMBIEN. REFIERE QUE ESTA EN LA PUERTA A LOS GRITIS",GENERAL PUEYRREDON,,,,Telefonía Fija/Móvil,0,,,2026,3,March,27,17,4,Viernes,False,Tarde (12-18),[],,OTRA / NO ESPECIFICADA,ARMA_FUEGO
2026-03-27 18:08:00,10016039804,CERRITO al 4636,VIOLENCIA,FAMILIAR,LLAMANTE REFIERE QUE HACE UNA SEMANA FALLECIO SU CUÑADO Y LA FAMILIA DE EL FUE A AMEANAZARLO CON ARMA DE FUEGO-. LLAMANTE TIENE ESQUIZOFRENIA,GENERAL PUEYRREDON,MAR DEL PLATA,-38063202947411.0,-57594833577112.0,NEGATIVO,"EN EL LUGAR NEGATIVO, NADIE ENTREVISTA ",-38.063202947411,-57.594833577112,2026,3,March,27,18,4,Viernes,False,Noche (18-24),[],,OTRA / NO ESPECIFICADA,ARMA_FUEGO
2026-03-27 20:57:00,10016040445,MAC GAUL al 2800,VIOLENCIA,NO FAMILIAR,"LLAMANTE REFIERE QUE HAY UNA DISCUSION EN LA VIA PUBLICA, UN MASCULINO AMENAZA CON BALEAR LAS CASAS, TIENE UN ARMA DE FUEGO, LA OTRA PERSONA INTENTA QUE SE VAYA.__EL MASCULINO AGRESIVO VISTE GORRA ROJA, CAMPERA TIPO ADIDAS NEGRA CON RAYAS BLANCAS, LLEVA UNA MOCHILA Y UN BUZO A LA CINTURA, NO HIRIO A NADIE",GENERAL PUEYRREDON,MAR DEL PLATA,-38020144386247.0,-57618021683502.0,NEGATIVO,"MOVIL INFORMA QUE EN LA AMPLIA RECORRIDA EL PANORAMA ES NORMAL, NADIE ENTREVISTA CON EL PERSONAL POLICIAL, MISMO SIGUE EN RECORRIDA.",-38.020144386247,-57.618021683502,2026,3,March,27,20,4,Viernes,False,Noche (18-24),[],,OTRA / NO ESPECIFICADA,ARMA_FUEGO
2026-03-27 21:13:00,10016040523,PERU al 2829,VIOLENCIA,NO FAMILIAR,"LLAMANTE REFIERE QUE NO LES PERMITEN SALIR DE LA PROPIEDAD. LES CERRARON EL ACCESO CON UN CANDADO Y HAY UN PERRO VIOLENTO PARA QUE NO INGRESE LA POLICIA. NO PUEDEN SALIR. ES UNA INQUILINA, DE NOMBRE MARISOL CEPEDA. ESTA ARMADA CON UN HACHA O ARMA DE FUEGO. INTENTO INGRESAR POR LA VENTANA A LA PROPIEDAD A LOS GOLPES. LA SRA ESTA DROGADA. YA ESTA DENUNCIADA. LLAMANTE REFIERE QUE ES PACIENTE ONCOLOGICO Y REQUIERE ASISTENCIA MEDICA. LA MAMA DEL LLAMANTE TIENE 70 AÑOS Y ESTA CON EL. ",GENERAL PUEYRREDON,MAR DEL PLATA,-37993203683884.0,-57584462959257.0,Telefonía Fija/Móvil,0,-37.993203683884,-57.584462959257,2026,3,March,27,21,4,Viernes,False,Noche (18-24),[],,OTRA / NO ESPECIFICADA,ARMA_FUEGO
2026-03-28 00:01:00,10016041130,VERGARA al 2817,ROBO,VÍA PÚBLICA,"LLTE REF QUE HAY UN MASCULINO HERIDO, LE CORTARON EL CUELLO Y LE PEGARON CON UN ARMA DE FUEGO EN LA CABEZA.-____CABO LEONARDO LEONARDO DE PREFECTURA [Id.Remoto: 10016041130]",GENERAL PUEYRREDON,MAR DEL PLATA,-380672482903.0,-575559082406.0,REDERIVADO,0,-38.0672482903,-57.5559082406,2026,3,March,28,0,5,Sábado,True,Madrugada (00-06),[],,OTRA / NO ESPECIFICADA,ARMA_FUEGO
2026-03-28 02:04:00,10016041625,RIO NEGRO y Tres Arroyos,EMERGENCIA DE SALUD,EMERGENCIA,LLAMANTE REFIERE QUE UNA PERSONA LE EFECTUO UN DISPARO DE ARMA DE FUEGO A OTRA. EL AGRESOR NO ESTA EN EL LUGAR. EL DISPARO FUE EN LA CADERA,GENERAL PUEYRREDON,MAR DEL PLATA,-379654199985.0,-575760439992.0,V ACC-MC,0,-37.9654199985,-57.5760439992,2026,3,March,28,2,5,Sábado,True,Madrugada (00-06),[],,OTRA / NO ESPECIFICADA,ARMA_FUEGO
2026-03-28 02:13:00,10016041647,TRES ARROYOS y RIO NEGRO,EMERGENCIA DE SALUD,EMERGENCIA,"LLAMANTE REFIERE QUE HAY UNA PERSONA CON UNA HERIDA DE ARMA DE FUEGO, UNA PERSONA INGRESO AL LOCAL Y LO AGREDIO EFECTUANDOLE UN DISPARO EN LA CADERA IZQUIERDA. EL AGRESOR SE FUE. SOLICITA AMBULANCIA, LOS PATRULLEROS YA ESTAN EN EL LUGAR",GENERAL PUEYRREDON,,,,V ACC-MC,0,,,2026,3,March,28,2,5,Sábado,True,Madrugada (00-06),[],,OTRA / NO ESPECIFICADA,ARMA_FUEGO
2026-03-28 22:38:00,10016044866,LISANDRO DE LA TORRE al 186,CARTA ORIGINAL,CON PRIORIDAD,"LLTE MANIFIESTA QUE HAY UNA PERSONA QUE SE LLAMA PAULA MARIA RODRIGUEZ MURANO 21 AÑOS- ES PROFUGA HACE DOS DESDE ANTES DE LAS FIESTAS- AHORA ESTA EN DOMICILIO APORTADO, ESTA EN LA CASA DEL PADRE ESCONDIDA __SE ESCAPO ANTERIORMENTE DE CALLE MATEU CASI INDEPENDENCIA, DE LA CASA DE LA MADRE - TIENE CAUSA POR ROBO AGRAVADO POR EL VINCULO- ESTA ARMADA- CON ARMA DE FUEGO CALIBRE 22- REMINGTON MAGNUN- Y UNA CUCHILLA - ELLA TOMA CLONAZEPAN. Y VENDE COCAINA EN EL DOMICILIO APORTADO TAMBIEN- EN ESTE MOMENTO HABRIA AGREDIDO AL TIO [Id.Remoto: 10016044866]",GENERAL PUEYRREDON,MAR DEL PLATA,-380196929205.0,-575736006081.0,Telefonía Fija/Móvil,0,-38.0196929205,-57.5736006081,2026,3,March,28,22,5,Sábado,True,Noche (18-24),[],,OTRA / NO ESPECIFICADA,ARMA_FUEGO
2026-03-28 22:44:00,10016044884,LISANDRO DE LA TORRE al 186,VIOLENCIA,FAMILIAR,"LLTE MANIFIESTA QUE HAY UNA PERSONA QUE SE LLAMA PAULA MARIA RODRIGUEZ MURANO 21 AÑOS- ES PROFUGA HACE DOS DESDE ANTES DE LAS FIESTAS- AHORA ESTA EN DOMICILIO APORTADO, ESTA EN LA CASA DEL PADRE ESCONDIDA __SE ESCAPO ANTERIORMENTE DE CALLE MATEU CASI INDEPENDENCIA, DE LA CASA DE LA MADRE - TIENE CAUSA POR ROBO AGRAVADO POR EL VINCULO- ESTA ARMADA- CON ARMA DE FUEGO CALIBRE 22- REMINGTON MAGNUN- Y UNA CUCHILLA  - EN ESTE MOMENTO HABRIA AGREDIDO AL TIO ",GENERAL PUEYRREDON,MAR DEL PLATA,-380196929205.0,-575736006081.0,REDERIVADO,0,-38.0196929205,-57.5736006081,2026,3,March,28,22,5,Sábado,True,Noche (18-24),[],,OTRA / NO ESPECIFICADA,ARMA_FUEGO
2026-03-28 22:47:00,10016044895,LISANDRO DE LA TORRE al 186,DROGAS ILÍCITAS,VENTA/ELABORACIÓN,"LLTE MANIFIESTA QUE HAY UNA PERSONA QUE SE LLAMA PAULA MARIA RODRIGUEZ MURANO 21 AÑOS- ES PROFUGA HACE DOS DESDE ANTES DE LAS FIESTAS- AHORA ESTA EN DOMICILIO APORTADO, ESTA EN LA CASA DEL PADRE ESCONDIDA __SE ESCAPO ANTERIORMENTE DE CALLE MATEU CASI INDEPENDENCIA, DE LA CASA DE LA MADRE - TIENE CAUSA POR ROBO AGRAVADO POR EL VINCULO- ESTA ARMADA- CON ARMA DE FUEGO CALIBRE 22- REMINGTON MAGNUN- Y UNA CUCHILLA - ELLA TOMA CLONAZEPAN. Y VENDE COCAINA EN EL DOMICILIO APORTADO TAMBIEN- EN ESTE MOMENTO HABRIA AGREDIDO AL TIO ",GENERAL PUEYRREDON,MAR DEL PLATA,-380196929205.0,-575736006081.0,V ACC-MC,0,-38.0196929205,-57.5736006081,2026,3,March,28,22,5,Sábado,True,Noche (18-24),[],,OTRA / NO ESPECIFICADA,ARMA_FUEGO
2026-03-28 22:51:00,10016044909,431 al 3478,INTEGRIDAD A LA VIDA,SUICIDIO,LLAMANTE NO ESTA EN  LACIUDAD.LLAMA POR UN JOVEN CON UN ARMA DE FUEGO AMENZA CON MATARSE .  TEME POR EL PADRE Y LOSDOSHIJOSQUE ESTAN CON EL.  ,GENERAL PUEYRREDON,,-38071085876519.0,-57615385574802.0,Telefonía Fija/Móvil,0,-38.071085876519,-57.615385574802,2026,3,March,28,22,5,Sábado,True,Noche (18-24),[],,OTRA / NO ESPECIFICADA,ARMA_FUEGO
2026-03-28 23:52:00,10016045108,AV VERTIZ y Lanzilota,VIOLENCIA,NO FAMILIAR,"LLTE REF QUE ANDAN AUTOS Y MOTOS EN DIRECCION A EDISON__5 AUTOS Y 4 MOTOS OCUPANDO AMBAS MANOS CON ARMA DE FUEGO AMENAZANDO , MOTOS 110 CC__UNO CAMPERA DE ALDOCIVI ",GENERAL PUEYRREDON,MAR DEL PLATA,-380424109984.0,-575608399992.0,NEGATIVO,23211 REALIZA AMPLIA RECORRIDA POR LA ZONA. NEGATIVO MOTOS Y VEHICULOS. ,-38.0424109984,-57.5608399992,2026,3,March,28,23,5,Sábado,True,Noche (18-24),[],,OTRA / NO ESPECIFICADA,ARMA_FUEGO
2026-03-29 04:55:00,10016046235,FLORISBELO ACOSTA al 6849,CARTA ORIGINAL,SIN PRIORIDAD,"LLAMANTE REFIERE QUE VENDEN DROGA EN EL LUGAR, CASA AL FONDO DE DOS PISOS Y ADELANTE TAMBIEN DE DOS PISOS DE LOZAS. LOS QUE VENDEN SON 10 PERSONAS DE APELLIDO ROMERO BONANA, SON MASCULINOS Y FEMENINAS, TIENEN ARMAS ARMA DE FUEGO,  VENDEN DEDES 12 DEL MEDIODIA A LAS 10 DE LA NOCHE, VENDEN COCAINA Y MARIAHUANA SEMBRADA, TIENEN UN FIAT UNO BLANCO Y SON PIRATAS DE ASFALTO Y ROBAN VEHICULOS, TAMBIEN  SALEN A ROBAR  ANIMALES, HAN  ROBADO UNA  FERRETERIA  EN BARRIO ALTO CAMET EN CALLE MARTINEZ Y BELTRAN. HAY 6 FEMENINAS QUE OFRERENCEN SEXO A CAMBIO DE DINERO SON DE LA FAMILIA BONANA Y NO ESTAN CONTRA SU VOLUNTAD - [Id.Remoto: 10016046235]",GENERAL PUEYRREDON,MAR DEL PLATA,-37959405552087.0,-57574724365774.0,REDERIVADO,DDI MAR DEL PLATA ,-37.959405552087,-57.574724365774,2026,3,March,29,4,6,Domingo,True,Madrugada (00-06),[],,FIAT,ARMA_FUEGO
2026-03-29 05:05:00,10016046259,FLORISBELO ACOSTA al 6849,DROGAS ILÍCITAS,VENTA/ELABORACIÓN,"LLAMANTE REFIERE QUE VENDEN DROGA EN EL LUGAR, CASA AL FONDO DE DOS PISOS Y ADELANTE TAMBIEN DE DOS PISOS DE LOZAS. LOS QUE VENDEN SON 10 PERSONAS DE APELLIDO ROMERO BONANA, SON MASCULINOS Y FEMENINAS, TIENEN ARMAS ARMA DE FUEGO,  VENDEN DEDES 12 DEL MEDIODIA A LAS 10 DE LA NOCHE, VENDEN COCAINA Y MARIAHUANA SEMBRADA, TIENEN UN FIAT UNO BLANCO Y SON PIRATAS DE ASFALTO Y ROBAN VEHICULOS, TAMBIEN  SALEN A ROBAR  ANIMALES, HAN  ROBADO UNA  FERRETERIA  EN BARRIO ALTO CAMET EN CALLE MARTINEZ Y BELTRAN. HAY 6 FEMENINAS QUE OFRERENCEN SEXO A CAMBIO DE DINERO SON DE LA FAMILIA BONANA Y NO ESTAN CONTRA SU VOLUNTAD - ",GENERAL PUEYRREDON,MAR DEL PLATA,-379594055521.0,-575747243658.0,VSup,0,-37.9594055521,-57.5747243658,2026,3,March,29,5,6,Domingo,True,Madrugada (00-06),[],,FIAT,ARMA_FUEGO
2026-03-29 05:06:00,10016046260,FLORISBELO ACOSTA al 6849,TRATA DE PERSONAS,DENUNCIA,"LLAMANTE REFIERE QUE VENDEN DROGA EN EL LUGAR, CASA AL FONDO DE DOS PISOS Y ADELANTE TAMBIEN DE DOS PISOS DE LOZAS. LOS QUE VENDEN SON 10 PERSONAS DE APELLIDO ROMERO BONANA, SON MASCULINOS Y FEMENINAS, TIENEN ARMAS ARMA DE FUEGO,  VENDEN DEDES 12 DEL MEDIODIA A LAS 10 DE LA NOCHE, VENDEN COCAINA Y MARIAHUANA SEMBRADA, TIENEN UN FIAT UNO BLANCO Y SON PIRATAS DE ASFALTO Y ROBAN VEHICULOS, TAMBIEN  SALEN A ROBAR  ANIMALES, HAN  ROBADO UNA  FERRETERIA  EN BARRIO ALTO CAMET EN CALLE MARTINEZ Y BELTRAN. HAY 6 FEMENINAS QUE OFRERENCEN SEXO A CAMBIO DE DINERO SON DE LA FAMILIA BONANA Y NO ESTAN CONTRA SU VOLUNTAD - ",GENERAL PUEYRREDON,MAR DEL PLATA,-379594055521.0,-575747243658.0,Analizado por ACC-MC,0,-37.9594055521,-57.5747243658,2026,3,March,29,5,6,Domingo,True,Madrugada (00-06),[],,FIAT,ARMA_FUEGO
2026-03-29 11:02:00,10016046975,AV VERTIZ al 1230,VIOLENCIA,POR RAZONES DE GENERO,"LLAMANTE MENCIONA QUE HAY UN MASCULINO AGRESIVO, ESTA CON UN ARMA DE FUEGO, LE ESTA PEGANDO A LA MUJER__HAY HERIDOS, NO DE ARMAS DE FUEGO__HAY UN MENOR ",GENERAL PUEYRREDON,MAR DEL PLATA,-380540589984.0,-575472519992.0,Telefonía Fija/Móvil,0,-38.0540589984,-57.5472519992,2026,3,March,29,11,6,Domingo,True,Mañana (06-12),[],,OTRA / NO ESPECIFICADA,ARMA_FUEGO
2026-03-29 16:58:00,10016047982,BORDABEHERE al 2020,DISPAROS,PERSONAS,LLAMANTE REFIERE QUE ESTAN CONFRONTANDO CON ARMA DE FUEGO UNO DISPARO DESDE UNA MOTO ,GENERAL PUEYRREDON,MAR DEL PLATA,-37982125529394.0,-57588145988152.0,V ACC-MC,0,-37.982125529394,-57.588145988152,2026,3,March,29,16,6,Domingo,True,Tarde (12-18),[],,OTRA / NO ESPECIFICADA,ARMA_FUEGO
2026-03-29 21:14:00,10016048902,DR RAMON CARRILLO y  ,DISPAROS,PERSONAS,LLAMANTE INFORMA QUE   LE COMENTARON  HAY UN CHICO DROGADO EN LA ESQUINA GRITANDO EFECTUANDO DETONACIONES DE ARMA DE FUEGO DESCONOCE SI HACIA PERSONAS PERO ESTA DISCUTIENDO CON PERSONAS DESCONOCE HERIDOS.  ,GENERAL PUEYRREDON,MAR DEL PLATA,-379660244663.0,-576331729992.0,JTv,0,-37.9660244663,-57.6331729992,2026,3,March,29,21,6,Domingo,True,Noche (18-24),[],,OTRA / NO ESPECIFICADA,ARMA_FUEGO
2026-03-29 23:22:00,10016049321,CORNELIO VIERA al 362,CARTA ORIGINAL,CON PRIORIDAD,"LLAMANTE REFIERE QUE UN MASCULINO AMENAZA CON DISPARAR A LA CASA Y CON MATAR AL VECINO DE ENFRENTE   - __LLAMANBTE CREE PUEDEN LLEGAR EN CUALQUIER MOMENTO____LLAMANTE REFIERE QUE EL MASCULINO DIEGO FUNES VENDE DROGA, LA SUSTANCIA COCAÍNA __LO HACE TODOS LOS DÍAS EN CUALQUIER HORARIO - TIENE ARMA DE FUEGO - ES DELGADO - SE DESPLAZA A PIE ",GENERAL PUEYRREDON,SIERRA DE LOS PADRES,-3793009611.0,-576861923643.0,V ACC-MC,0,-37.93009611,-57.6861923643,2026,3,March,29,23,6,Domingo,True,Noche (18-24),[],,OTRA / NO ESPECIFICADA,ARMA_FUEGO
2026-03-29 23:30:00,10016049342,CORNELIO VIERA al 362,DROGAS ILÍCITAS,VENTA/ELABORACIÓN,"LLAMANTE REFIERE QUE UN MASCULINO AMENAZA CON DISPARAR A LA CASA Y CON MATAR AL VECINO DE ENFRENTE   - __LLAMANBTE CREE PUEDEN LLEGAR EN CUALQUIER MOMENTO____LLAMANTE REFIERE QUE EL MASCULINO DIEGO FUNES VENDE DROGA, LA SUSTANCIA COCAÍNA __LO HACE TODOS LOS DÍAS EN CUALQUIER HORARIO - TIENE ARMA DE FUEGO - ES DELGADO - SE DESPLAZA A PIE ",GENERAL PUEYRREDON,SIERRA DE LOS PADRES,-3793009611.0,-576861923643.0,V ACC-MC,0,-37.93009611,-57.6861923643,2026,3,March,29,23,6,Domingo,True,Noche (18-24),[],,OTRA / NO ESPECIFICADA,ARMA_FUEGO
2026-03-30 00:33:00,10016049557,NAPOLES al 4046,VIOLENCIA,NO FAMILIAR,LLAMANTE REFIERE QUE HAY UNA CONFORNTACION HAY UNA FEMENINA CON UN ARMA DE FUEGO,GENERAL PUEYRREDON,MAR DEL PLATA,-38050960770107.0,-57568646987252.0,NEGATIVO,"MOVIL ENTREVSTA CON EL SR BARRAZA, REFIERE QUE HUBO UNA CONFRONTACION EN EL LUGAR PERO AL ARRIBO DEL MOVIL YA SE HABIAN RETIRADO",-38.050960770107,-57.568646987252,2026,3,March,30,0,0,Lunes,False,Madrugada (00-06),[],,OTRA / NO ESPECIFICADA,ARMA_FUEGO
2026-03-30 19:19:00,10016052551,PACHECO DE MELO al 3866,DISPAROS,PERSONAS,"LLAMANTE INFORMA QUE   EN EL LUBRICENTRO ENTRO UN CHICO, NO CON INTENCIONES DE ROBO, Y DEL LUBRICENTRO LE ESTA EFECTUANDO DETONACIONES DE ARMA DE FUEGO. HAY UN HERIDO. SE ENTIENDE EN EL LLAMADO QUE EL LLAMANTE TIENE UNA PERSONA A RESGUARDO EN SU CASA  ",GENERAL PUEYRREDON,MAR DEL PLATA,-38085043974776.0,-57554470006133.0,V ACC-MC,0,-38.085043974776,-57.554470006133,2026,3,March,30,19,0,Lunes,False,Noche (18-24),[],,OTRA / NO ESPECIFICADA,ARMA_FUEGO
2026-03-30 19:20:00,10016052558,CONCEPCION ARENAL al 5854,ROBO AUTOMOTOR,VEHÍCULOS,LLAMANTE REFIERE QUE A SU MARIDO CON ARMA DE FUEGO LE LLEVARON EL AUTO CUANDO INGRESABA AL DOMICILIO EL AUTO ES UN VW TCROS 2021 GRIS SE FUERON POR ARENAL EN CONTRAMANO. NO ESTA HERIDO SE LLEVARON TAMBIEN TELEFONO ,GENERAL PUEYRREDON,MAR DEL PLATA,-37963628832791.0,-57564187591401.0,Telefonía Fija/Móvil,0,-37.963628832791,-57.564187591401,2026,3,March,30,19,0,Lunes,False,Noche (18-24),[],,OTRA / NO ESPECIFICADA,ARMA_FUEGO
2026-03-30 20:02:00,10016052732,CALLE 46 al 1802,DISPAROS,DISPAROS,LLAMANTE REFIERE QUE EN EN EL LUGAR UN VECINO ANDA EFECTUANDO DISPROS DE ARMA DE FUEGO HACIA LOS PERROS,GENERAL PUEYRREDON,MAR DEL PLATA,-38088748745533.0,-57610079939187.0,JTv,0,-38.088748745533,-57.610079939187,2026,3,March,30,20,0,Lunes,False,Noche (18-24),[],,OTRA / NO ESPECIFICADA,ARMA_FUEGO
2026-03-30 22:22:00,10016053237,ARENALES al 2376,DROGAS ILÍCITAS,VENTA/ELABORACIÓN,"LLAMANTE INFORMA QUE   LE COMENTARON QUE EN FALUCHO Y SANTA FE SE VENDE DROGA, QUIEN LA VENDE ES ALEJANDRO SIROLESSI SE VISTE DE REMERA NEGRA CON VICERA ROJA, ES ROBUSTO PESA 100 KG MIDE 1.60 APROX., ES EN UN DEPTO 2 PISO DESDE LA MANO DE FALUCHO CRUZANDO SANTA FE PRIMER EDIFICIO POR FALUCHO PRIMERA VENTANA DESDE AHI ARROJA  AS SUSTANCIAS. VENDE COCAINA MARIHUANA.  VENDE DURANTE LA TARDE.  EL MEDIO DE CONTACTO ES POR TELEFONO  2236219494.-  __LA MADRE ESTA EN BROWN Y SANTA FE ES PORTERA EN UN EDIFICIO EN DIAGONAL AL ACA , EDIFICIO A MITAD DE CUADRA, EN ESA DIRECCION TAMBIEN SE VENDE DROGA, LA MADRE NO VENDE PERO ES CONSCIENTE DEL TEMA. SOLIA VENDER TAMBIEN EN ESE LUGAR.  ____SUELE  ANDAR  A PIE Y SUELE ESTAR ARMADO CON UN ARMA DE FUEGO.  ____ ",GENERAL PUEYRREDON,MAR DEL PLATA,-380085.0,-575443.0,VSup,0,-38.0085,-57.5443,2026,3,March,30,22,0,Lunes,False,Noche (18-24),[],,OTRA / NO ESPECIFICADA,ARMA_FUEGO
2026-03-30 23:46:00,10016053484,AV PEDRO LURO al 10000,ROBO AUTOMOTOR,MOTOS,LLAMANTE REFIERE QUE LE ROBARON MOTO XR 150 BLANCA Y NEGRA EN LURO Y TRINIDAD Y TOBAGO ERAN DOS SUJETOS SIN CASCO NO SABE HACIA DONDE SE FUERON ESTABAN CON ARMA DE FUEGO ,GENERAL PUEYRREDON,MAR DEL PLATA,-37960955441433.0,-5762065132565.0,NEGATIVO,MOVIL 30559 INFORAM TIEMPO PRUDENCIAL NADIE NETERVISAT ,-37.960955441433,-57.62065132565,2026,3,March,30,23,0,Lunes,False,Noche (18-24),[],,OTRA / NO ESPECIFICADA,ARMA_FUEGO
2026-03-31 00:08:00,10016053547,BUQUE PESQUERO VIRGEN DE LAS LAGRIMAS al 296,EMERGENCIA DE SALUD,EMERGENCIA,"LLAMANTE REFIERE QUE HAY  UN MASCULINO  EN LA CALZADA CON UN DISPARO DE ARMA DE FUEGO EN LA PIERNA , NO SABE EN QUE CIRCUNSTANCIAS SUCEDIO EL HECHO __. ",GENERAL PUEYRREDON,MAR DEL PLATA,-380467.0,-575441.0,V ACC-MC,0,-38.0467,-57.5441,2026,3,March,31,0,1,Martes,False,Madrugada (00-06),[],,OTRA / NO ESPECIFICADA,ARMA_FUEGO
2026-03-31 00:21:00,10016053581,AV DE LOS TRABAJADORES al 562,DISPAROS,PERSONAS,"REFIERE QUE UN MASCULINO DE 38 AÑOS RECIBIO UN DISPARO DE ARMA DE FUEGO A LA ALTURA DEL TOBILLO. ESTA CONSCIENTE, PERO DESORIENTADO. DESCONOCE QUIEN FUE EL AUTOR. HABRIAN SIDO DOS MASCULINOS EN MOTO PERO NO SABE CON PRESICION.__LLTE PERSONAL PREFECTURA, CABO 1ERO SUAREZ",GENERAL PUEYRREDON,MAR DEL PLATA,-380464.0,-575444.0,Analizado por ACC-MC,0,-38.0464,-57.5444,2026,3,March,31,0,1,Martes,False,Madrugada (00-06),[],,OTRA / NO ESPECIFICADA,ARMA_FUEGO
2026-03-31 00:45:00,10016053645,TERMAS DE RIO HONDO y Av Pedro Luro,ROBO,VÍA PÚBLICA,"LLAMANTE REFIERE QUE HAY DOS CHICOS EN UNA MOTO HONDA WAVE BLANCA, SIN PATENTE, UNO TIENE LA CARA CORTADA, OTRO TENIA VICERA Y CAMPERA NEGRA. ESTAN DESDE LA TARDE EN LA ZONA ROBANDO, AHORA QUISIERON ROBARLE AL LLAMANTE, TENIAN ARMA DE FUEGO, Y AMENAZARON CON DISPARARLE. NO HAY HERIDOS",GENERAL PUEYRREDON,MAR DEL PLATA,-379731679985.0,-575966009992.0,NEGATIVO,MOVIL 30885 INFORAM NORAML EN RECORRIDA ,-37.9731679985,-57.5966009992,2026,3,March,31,0,1,Martes,False,Madrugada (00-06),[],,HONDA,ARMA_FUEGO
2026-03-31 01:41:00,10016053751,FRENCH al 9638,ROBO AUTOMOTOR,VEHÍCULOS,"LLAMANTE REFIERE QUE LE ROBARON EL AUTO A UN VECINO , ERAN CUATRO O CINCO PERSONAS, ARMADOS CON ARMA DE FUEGO, ERA UN GOL TREND BLANCO PATENTE NO SE ACUERDO , EL CHICO ESTA GOLPEADO",GENERAL PUEYRREDON,MAR DEL PLATA,-379524.0,-576084.0,NEGATIVO,MOVIL  30151 INFORMA  QUE EL ENTRVISTADO EL SR JOSE LEIVA LE ROBAN UN GOL TREND BLANCO CON BRIDIOS POLARIZADO CON UNA CALCOMANIA DETRAS DE MAR DEL PLATA EL MOVIL 29019 PASA COMO NOVEDAD QUE ENTREVISTA EN VIA PUBLICA Y LE MANIFIESTAN QUE EL DOMNIO DEL VEHICULO AE911IK A LA MISMA VEZ PERFECTURA ENTRA EN PERSECUCION DANDO CON ESTE COLOMVBIA Y CHACABUCO ,-37.9524,-57.6084,2026,3,March,31,1,1,Martes,False,Madrugada (00-06),[],,OTRA / NO ESPECIFICADA,ARMA_FUEGO
2026-03-31 02:58:00,10016053856,MATHEU y Bahia Blanca,ROBO AUTOMOTOR,VEHÍCULOS,"LLAMANTE REFIERE QUE ES POLICIA Y ESTA DE POLAD EN LA ESTACION DE SERVICIO DE YPF Y UN CHICO LE PIDIO AYUDA PORQUE  LE ROBARON SU AUTO PEUGEOT 206 GRIS, PATENTE TERMINADA EN 006 , CON VIDRIOS POLARIZADOS, ERAN TRES CHICOS ARMADOS CON ARMA DE FUEGO Y CUCHILLO, FINGIERON SER PASAJEROS Y SE LO ROBARON, LO GOLPEARON EN LA CABEZA CON EL MANGO DEL CUCHILLO.",GENERAL PUEYRREDON,MAR DEL PLATA,-379968379985.0,-575986349992.0,POSITIVO,MOVIL 30492 ENTREVISTA CON EL SR MARTIN DURRUTI 3 MACULINO  LE SUSTAEN UN PEUGEOT 207 NO RECUERDA PATENTE CON PAPPELES DENTRO CEL Y DINERO ,-37.9968379985,-57.5986349992,2026,3,March,31,2,1,Martes,False,Madrugada (00-06),[],,PEUGEOT,ARMA_FUEGO
2026-04-01 09:45:00,10016058914,BALCARCE al 9276,VIOLENCIA,NO FAMILIAR,LLAMNATE CCA QUE HAY CONFLICTO ENTRE VECINOS - ESTAN CON ARMA DE FUEGO - HAY 2 HERIDOS POR GOLPES ,GENERAL PUEYRREDON,MAR DEL PLATA,-37960616970905.0,-57610009641564.0,Telefonía Fija/Móvil,0,-37.960616970905,-57.610009641564,2026,4,April,1,9,2,Miércoles,False,Mañana (06-12),[],,OTRA / NO ESPECIFICADA,ARMA_FUEGO
2026-04-01 22:27:00,10016061365,GIANELLI y Moises Lebensohn,DISPAROS,DISPAROS,"LLAMANTE REFIERE QUE EN LA VIA PUBLICA HAY 2 O 3 PERSONAS UNO DE ELLOS  EFECTUO UNA DETONACION DE ARMA DE FUEGO HACIA EL AIRE , UNO CON BUZO BLANCO MOCHILA, OTRO BUZO NEGRO OTRO CAMPERA GRIS , NO HAY HERDIOS ",GENERAL PUEYRREDON,MAR DEL PLATA,-380440679985.0,-575743279992.0,NEGATIVO,"PERSONAL POLICIAL INFORMA QUE A LA RECORRIDA POR LA ZONA , EL PANORAMA  NORMAL, NEGATIVO DETONACIONES.-",-38.0440679985,-57.5743279992,2026,4,April,1,22,2,Miércoles,False,Noche (18-24),[],,OTRA / NO ESPECIFICADA,ARMA_FUEGO
2026-04-02 00:47:00,10016061881,FRAGATA ITATI al 3787,VIOLENCIA,FAMILIAR,"LLAMANTE INFORMA  EL MARIDO DE A SU HERMANA, LLAMADO EMAUEL ALBORNOZ,  SALIO DE ESTAR PRESO HACE DOS MESES,  CREE QUE POR ROBO, REFIERE QUE SE HACE PRESENTE EN LA CASA  Y EFECTUO DETONACIONES  DE ARMA DE FUEGO DENTRO Y FUERA DE LA PROPIEDAD, Y GOLPEO A SU HIJO DE 18/20 AÑOS,  NO SABE SI ESTA HERIDO______ ",GENERAL PUEYRREDON,MAR DEL PLATA,-38068689900218.0,-57576434039656.0,POSITIVO,"30175 ENTREVISAT CON TREJO ALEJANDRA DNI 38704418, CEL 223624847. REFIRERE QUE SU SUEGRO ALBORNOZ AXEL APARENTEMENTE EXHIBE UN ARMA 9MM. DEJA UNA MOTO XR EN ALGUN DLIO DE LA ZONA . MISMO EN ESTADO DE EBRIEDAD. MISMO RESIDIRIA  EN CALLE 471 NRAL 1119. LA SRA TREJO SE SE VA LA CASA DE LA SUEGRA CON LOS MENORES, POR PROXIMIDAD  SE IBA A DIRIGIR A CRIA 3ERA A RADICAR LA DENUNCIA. AL ARRIBO DEL MOVIL EL MASCULÑINO NO ESTABA EN EL LUGAR ",-38.068689900218,-57.576434039656,2026,4,April,2,0,3,Jueves,False,Madrugada (00-06),[],,OTRA / NO ESPECIFICADA,ARMA_FUEGO
2026-04-02 02:08:00,10016062180,.,DISPAROS,DISPAROS,"REFIERE QUE HAY DOS MASCULINOS DANDO VUELTAS POR EL LUGAR, EFECTUAN DETONACIONES CON ARMA DE FUEGO, DESCONCOE DIRECCION DE LOS DISPAROS. NO SABE SI HAY HERIDOS. DESCONOCE DESCRIPCION",GENERAL PUEYRREDON,,,,NEGATIVO,MOVIL INFORMA AL ARRIBO Y EN AMPLIA RECORRIDA EN ZONA NEGATIVO NADIE ENTREVISTA CON EL PERSONAL PANORAMA NORMAL,,,2026,4,April,2,2,3,Jueves,False,Madrugada (00-06),[],,OTRA / NO ESPECIFICADA,ARMA_FUEGO
2026-04-02 08:12:00,10016062921,Calle 206 al 150,VIOLENCIA,NO FAMILIAR,"HAY UNA FEMENINA EBRIA ES RUBIA, GOLPEA LAS MANOS A LOS VECINOS, TIENE UN ARMA DE FUEGO, ARROJA PIEDRAS A LOS AUTOS, INSULTA , ESTA MOLESTANDO ",GENERAL PUEYRREDON,,,,NEGATIVO,MOVIL EN EL LUGAR EN RECORRIDA AL MOMENTO NEG FEM,,,2026,4,April,2,8,3,Jueves,False,Mañana (06-12),[],,OTRA / NO ESPECIFICADA,ARMA_FUEGO
2026-04-02 19:37:00,10016065158,ISLA DE CERDEÑA al 980,ROBO AUTOMOTOR,VEHÍCULOS,"__LLAMANTE MENCIONA QUE A SU VECINO LE ROBARON LA CAMIONETA A SU VECINO, LA CUAL ES RENEGADE COLOR BLANCA DOMINIO AH 759 DY Y SU NOVIO VA EN UNA CAMIONETA SUSUKI COLOR GRIS 4X4  SU MARIO BRAVO PARA EL LADO DE CHAMPAGNAT. LOS AUTORES SON 4 MASCULINO EN DOS MOTOS Y NO APORTA SI ESTABAN CON ARMA DE FUEGO, NO HAY HERIDOS .- ",GENERAL PUEYRREDON,MAR DEL PLATA,-380803428278.0,-57553918992.0,POSITIVO,30584 INF EN EL LUGAR ENTREVISTA CON EL VECINO - LOS DUELÑOS YA SE ENCUENTRAN RADICANDO DENUNCIA EN 5TA,-38.0803428278,-57.553918992,2026,4,April,2,19,3,Jueves,False,Noche (18-24),[],,OTRA / NO ESPECIFICADA,ARMA_FUEGO
2026-04-02 21:15:00,10016065548,ORTIZ DE ZARATE y Benito Quinquela Martin,ROBO,VÍA PÚBLICA,"__LLAMANTE MENCIONA QUE HAY TRES MASCULINOS TODOS VESTIDOS DE NEGRO CON CAPUCHAS Y UNA ARMA DE FUEGO INTENTARON ROBARLE EN LA VIA PUBLICA, NO ESTA HERIDA, SE VAN POR ORTIZ DE ZARATE NO APORTA HACIA DONDE ",GENERAL PUEYRREDON,MAR DEL PLATA,-379951879985.0,-576165229992.0,NEGATIVO,"MOVIL INFORMA QUE EN LA AMPLIA RECORRIDA EL PANORAMA ES NORMAL, NADIE ENTREVISTA CON EL PERSONAL POLICIAL, MISMO SIGUE EN RECORRIDA.",-37.9951879985,-57.6165229992,2026,4,April,2,21,3,Jueves,False,Noche (18-24),[],,OTRA / NO ESPECIFICADA,ARMA_FUEGO
2026-04-02 21:39:00,10016065649,25 DE MAYO al 8768,ROBO,VÍA PÚBLICA,"LLAMANTE REFIERE QUE LE ROBARON A UN HOMBRE , DOS HOMBRES EN UNA MOTO , NO ESTA HERIDO , TENIAN UN ARMA DE FUEGO, NO SABE QUE MOTO ES , ES COLOR ROJA , ES UNA 125 CC, SE FUERON POR CALLE BRASIL HACIA COLON .- ",GENERAL PUEYRREDON,MAR DEL PLATA,-379664.0,-576075.0,POSITIVO,"INF MOV 30916 ENTREVISTADO EL SR SIR REFIERE QUE LE SUSTRAEN 15 MIL PESOS A UN TRANSEUNTE OCASIONAL, SUJETOS APORTADOS EN CARTA DE LLAAMDO, MASC APORTADO EN CARTA DE LLAMADO, INDICADOS LOS PASOS A SEGUIR",-37.9664,-57.6075,2026,4,April,2,21,3,Jueves,False,Noche (18-24),[],,OTRA / NO ESPECIFICADA,ARMA_FUEGO
2026-04-02 23:39:00,10016066114,RICARDO GUIRALDES al 5553,DISPAROS,PERSONAS,"__LLAMANTE MENCIONA QUE HAY 20 PERSONAS QUE ESTAN AGREDIENDOSE, POSEEN ARMA DE FUEGO Y HAY HERIDOS PRODUCTO DE LAS ARMAS.. ",GENERAL PUEYRREDON,MAR DEL PLATA,-38045002397575.0,-5758684055217.0,V ACC-MC,0,-38.045002397575,-57.58684055217,2026,4,April,2,23,3,Jueves,False,Noche (18-24),[],,OTRA / NO ESPECIFICADA,ARMA_FUEGO
2026-04-03 07:15:00,10016067734,AV VERTIZ y Ruta 88 (P),ROBO,COMERCIO,"UN MASCULINO EN MOTO NEGRA 110 CON BUZO VERDE CON CAPUCHA GRIS O NEGRA, ROBO EN EL CAFE DE LA ESTACION, ESTA ARMADO CON ARMA DE FUEGO, SALIO PARA EL LADO DE VERTIZ HACIA EL LADO DE POLONIA O 39, NO HAY HERIDOS ",GENERAL PUEYRREDON,MAR DEL PLATA,-380064789985.0,-576083839992.0,POSITIVO,MOVIL INFORMA ENTREVISTAD CON VALENTINA HERRECHE 47807520 EMPLEADA DE LA YPF MISMA REFIERE  UN NN (APORTA MISMA DESCRIPCIONES EN CARTA) INGRESA A COMPRAR AL DARSE VUELTA LE EXHIBE UN ARMA DE FUEGO Y LE SUTRAE LA RECAUDACION ( A VERIFICAR) NO LESIONANDO PARA LUEGO DARSE A LA FUGA EL MISIMO BAJA A COMISARIA 11 PARA RADICAR Y MOSTRAR LAS CAMARAS ,-38.0064789985,-57.6083839992,2026,4,April,3,7,4,Viernes,False,Mañana (06-12),[],,OTRA / NO ESPECIFICADA,ARMA_FUEGO
2026-04-03 19:13:00,10016069951,RIO NEGRO y 220,VIOLENCIA,POR RAZONES DE GENERO,"LLAMANTE DICE MASCULINO, VECINO DE SU TIA , AGRESIVO CON ARMA DE FUEGO ... REMERA GRIS PANTALON OSCURO , VIVE EN LA ESQUINA DE LA CASA DEL A TIA ,LA QUIERE AGREDIR , LA AMENZO CON UN ARMA ANTERIORMENTE __LLAMANTE ESTA EN LA ESQUINA  , ESPERA EL MOVIL , TIENE MIEDO ",GENERAL PUEYRREDON,,,,NEGATIVO,30151 EN EL LUGAR NADIE ENTREVISTA - TIEMPO PRUDENCIAL DEL MOVIL SE CONSTATA LLAMANTE INT 54278 NADIE CONTESTA EN VARIAS OPORTUNIDADES -,,,2026,4,April,3,19,4,Viernes,False,Noche (18-24),[],,OTRA / NO ESPECIFICADA,ARMA_FUEGO
2026-04-03 20:55:00,10016070305,FALUCHO al 3334,VIOLENCIA,INFANTIL,"LLAMANTE REFIERE QUE EL VIERNES PASADO, ELLA Y LA HIJA FUERON A BERAZATEGUI A DONDE ESTABA EL PADRE DE LA MENOR, INDICA QUE EL FUE AL DLIO DE LA MADRE DE LA LLAMANTE Y SE LLEVO A LA MENOR SIN PERMISO, NO SE LA DEJO VER, LA RETUVO DESDE EL VIERNES, LE IMPIDIO EL CONTACTO. LA LLAMANTE HIZO DENUNCIAS, ESTUVO EN FISCALIA, INDICA QUE LUEGO SE ENTERÓ QUE EL MASCULINO TRAJO A LA MENOR A MAR DEL PLATA. REFIERE QUE LE ACONSEJARON QUE SI SABIA DONDE SE ENCONTRABA FUERA AL LUGAR Y SOLICITARA ASISTENCIA POLICIAL. INDIC QUE EL MASCULINO ESTÁ AHI EN LA DIRECCION APORTADA EN UNA CANCHA, ELLA ESTA AHI, EL ES VIOLENTO, SUELE PORTAR ARMA DE FUEGO. REFIERE QUE AVERIGUO Y LA MENOR NO FUE AL COLEGIO EN TODA LA SEMANA, TIENE 6 AÑOS. LA LLAMANTE AGUARDA A UNA CUADRA.",GENERAL PUEYRREDON,MAR DEL PLATA,-38001313727174.0,-57558971700388.0,NEGATIVO,"34834 SE ENTREVISTA SRA GODOY ALMA GISELE Y SR DE ACLA HUGO ALBERTO QUIEN ESTAB A RESGUARDO DE LA MENOR, ALMA JAZMIN DE ACLA  LA CUL SE ENCONTRABA BNE NINGUNO DE LOS DOS TIENEN RESRINCION ALGUNA CON LA MENOR IND LOS PASOS SEGUIR ",-38.001313727174,-57.558971700388,2026,4,April,3,20,4,Viernes,False,Noche (18-24),[],,OTRA / NO ESPECIFICADA,ARMA_FUEGO
2026-04-03 21:31:00,10016070456,ANCHORENA y Los Granados,CARTA ORIGINAL,CON PRIORIDAD,"__LLAMANTE REFIERE QUE  UNA MUJER CONFROTA  CONFRONTA CON UNOS VECINOS  CON LOS QUE  YA TIENE DENUNCIAS Y RESTRICCION DE ACERCAMIENTO ,  AHORA  ESTAN FUERA DE LA CASA DE LA MUJER , LA AMENAZAN  CON DIASPARARLE Y METERSE EN SU CASA , SON LOS CARMONA  Y ESTAN CON ARMA DE FUEGO , PIDE QUE NO ASISTA PERONSAL DE LA COMISARIA 15 TA QUE ESTAN ARRAGLADOS CON ESTAS PERSONAS ____ REFIERE QUE  LA COMISARIA DECIMOQUINTA  SABE DE LA SITUACION   Y ESTARIAN CON ARREGLO CON  UNA FAMILIA DE APELLIDO CARMONA QUE VENDERIAN DROGAS  __LOS CARMONA VIVEN  EN UNA ESQUINA Y ANTE ESQUINA , VENDERIAN COCAINA , USAN ARMAS DE FUEGO , ESTAN CON UN GOL GRIS .",GENERAL PUEYRREDON,MAR DEL PLATA,-379384429984.0,-575590409992.0,V ACC-MC,0,-37.9384429984,-57.5590409992,2026,4,April,3,21,4,Viernes,False,Noche (18-24),[],,OTRA / NO ESPECIFICADA,ARMA_FUEGO
2026-04-03 21:51:00,10016070576,ANCHORENA y Los Granados,DROGAS ILÍCITAS,VENTA/ELABORACIÓN,"__LLAMANTE REFIERE QUE  UNA MUJER CONFROTA  CONFRONTA CON UNOS VECINOS  CON LOS QUE  YA TIENE DENUNCIAS Y RESTRICCION DE ACERCAMIENTO ,  AHORA  ESTAN FUERA DE LA CASA DE LA MUJER , LA AMENAZAN  CON DIASPARARLE Y METERSE EN SU CASA , SON LOS CARMONA  Y ESTAN CON ARMA DE FUEGO , PIDE QUE NO ASISTA PERONSAL DE LA COMISARIA 15 TA QUE ESTAN ARRAGLADOS CON ESTAS PERSONAS ____ REFIERE QUE  LA COMISARIA DECIMOQUINTA  SABE DE LA SITUACION   Y ESTARIAN CON ARREGLO CON  UNA FAMILIA DE APELLIDO CARMONA QUE VENDERIAN DROGAS  __LOS CARMONA VIVEN  EN UNA ESQUINA Y ANTE ESQUINA , VENDERIAN COCAINA , USAN ARMAS DE FUEGO , ESTAN CON UN GOL GRIS .",GENERAL PUEYRREDON,MAR DEL PLATA,-379384429984.0,-575590409992.0,V ACC-MC,0,-37.9384429984,-57.5590409992,2026,4,April,3,21,4,Viernes,False,Noche (18-24),[],,OTRA / NO ESPECIFICADA,ARMA_FUEGO
2026-04-04 20:19:00,10016074306,FRANCISCO SCARPATTI al 1726,VIOLENCIA,NO FAMILIAR,"LLAMANTE DICE QUE  ESTAN QUERIENDO  INGRESAR  A SU CASA, NO LLEGO A VER , CON ARMA DE FUEGO , DICE QUE  QUE LE QUIEREN PEGAR UN TIRO, LOS MANDA  SU EXPAREJA , LOS ESCUCHA ",GENERAL PUEYRREDON,,-380046469985.0,-576194419992.0,NEGATIVO,"MOVIL ENTREVISTA CON EL SR SOSA MARIO, REFIERE SU EX PAREJA Y EL VECINO LO AMENANZAN DE MUERTE, MISMO TIENE PROBLEMAS MENTALES, PERSONAL ENTREVISTA CON EL SR RODRIGUEZ VECINO, REFIERE QUE SOLO CONOCE AL SR SOSA DE VISTA, NUNCA CURZO PALABRA CON EL MISMO",-38.0046469985,-57.6194419992,2026,4,April,4,20,5,Sábado,True,Noche (18-24),[],,OTRA / NO ESPECIFICADA,ARMA_FUEGO
2026-04-04 23:25:00,10016074802,AV VERTIZ y Juana Manso,ROBO,VÍA PÚBLICA,"LLAMANTE DICE QUE HAY 3 CHICO  VERTY Y JUANA MANSO , UNO DE BICERA AZUL  CAMPERA AZUL , CON ARMA DE FUEGO , A PIE __INTENTARON ROBAR A UN REPARTIDOR , ESTAN EN LA ESQUINA ",GENERAL PUEYRREDON,,-380285429985.0,-575792059992.0,NEGATIVO,34839 INF EN EL LUGAR NEGATIVO MASCU CON ESAS DESCRIPCIONES.  NADIE ENTREVISTA ,-38.0285429985,-57.5792059992,2026,4,April,4,23,5,Sábado,True,Noche (18-24),[],,OTRA / NO ESPECIFICADA,ARMA_FUEGO
2026-04-04 23:34:00,10016074823,AV DE LOS TRABAJADORES y Moises Lebensohn,PEDIDO GENERICO DE AUXILIO,PGA,INVERSA DESTACAMENTO MOGOTES INVERSA - SE APERSONA SR JONATAN DAVID ACEVEDO SE HACE PRESENTE EN EL UPA  - INF QUE EN LEBENSON Y DE LOS TRABAJADORES MOVI BLANCO CON MASCULINOS LE ROBAN MOCHILA Y PERTENENCIAS Y PROPAGAN UN GOLPE EN LA FRENTE CON ARMA DE FUEGO - ENFERMERA MARISEL FORTIEL - INF SGTO PUEBLAS ,GENERAL PUEYRREDON,MAR DEL PLATA,-380646229984.0,-575471389992.0,POSITIVO,EL MACULINO SE DIRIJE A CRIA 5TA A RADICAR,-38.0646229984,-57.5471389992,2026,4,April,4,23,5,Sábado,True,Noche (18-24),[],,OTRA / NO ESPECIFICADA,ARMA_FUEGO
2026-04-05 01:41:00,10016075263,43 y 88,VIOLENCIA,NO FAMILIAR,"LLTE REF QUE HAY UNOS MASCULINOS CONFRONTANDO, 3 NN__UNO CON ARMA DE FUEGO .-",GENERAL PUEYRREDON,,,,NEGATIVO,0,,,2026,4,April,5,1,6,Domingo,True,Madrugada (00-06),[],,OTRA / NO ESPECIFICADA,ARMA_FUEGO
2026-04-05 03:10:00,10016075509,FALUCHO al 6857,VIOLENCIA,NO FAMILIAR,"LLTE REF QUE LO AMENAZAN CON UNA ESCOPETA __ES EL DUEÑO DE DONDE VIVE,__ESTÁ ALCOHOLIZADO, EL DICE QUE EL LLTE ANOCHE LO AMENAZÓ CON UN ARMA DE FUEGO.-__",GENERAL PUEYRREDON,MAR DEL PLATA,-37983471838531.0,-57594246486853.0,NEGATIVO,"31251 INFORMA LOS NN MUY ALCOHOLIZADOS, NO SE CONSTATA NINGUNA DETONACION",-37.983471838531,-57.594246486853,2026,4,April,5,3,6,Domingo,True,Madrugada (00-06),[],,OTRA / NO ESPECIFICADA,ARMA_FUEGO
2026-04-06 01:04:00,10016078975,AV FELIX U CAMET y ANTONIO ALICE,PEDIDO GENERICO DE AUXILIO,PGA,"MOVIL RO 33807__AV F U CAMET Y STORNI__PERSONAL POLICIAL INFORMA QUE 23:20 HS PROCEDE A IDENTIFICAR A UN MASCULINO MAYOR, EL SR MAGGIO CLAUDIO, DE 44 AÑOS DE EDAD, DNI NRO 28699989, EL MISMO ES CURSADO POR CAPA INFORMATICA NO ARROJANDO IMPEDIMENTOS LEGALES, AL REALIZAR UNA REQUIZA SOBRE LAS PERTENENCIAS DEL MENCIONADO, SE HALLA UN ARMA DE FUEGO, TIPO PISTOLA CALIBRE 22MM, DOS LEONES, NRO DE REGISTRO 51901, SE MANTIENE COMUNICACION CON LA UFI DE FLAGRANCIAS, A CARGO DE LA DRA ANA CARO , QUIEN DISPONES SE LABREN ACTUACIONES POR PORTACION ILEGAL DE ARMA DE FUEGO DE USO CIVIL CONDICIONAL, Y ACTUACIONES DE RIGOR.-",GENERAL PUEYRREDON,MAR DEL PLATA,-379620059984.0,-575407029992.0,POSITIVO,"MOVIL RO 33807__AV F U CAMET Y STORNI__PERSONAL POLICIAL INFORMA QUE 23:48 HS PROCEDE A IDENTIFICAR A UN MASCULINO MAYOR, EL SR MAGGIO CLAUDIO, DE 44 AÑOS DE EDAD, DNI NRO 28699989, EL MISMO ES CURSADO POR CAPA INFORMATICA NO ARROJANDO IMPEDIMENTOS LEGALES, AL REALIZAR UNA REQUIZA SOBRE LAS PERTENENCIAS DEL MENCIONADO, SE HALLA UN ARMA DE FUEGO, TIPO PISTOLA CALIBRE 22MM, DOS LEONES, NRO DE REGISTRO 51901, SE MANTIENE COMUNICACION CON LA UFI DE FLAGRANCIAS, A CARGO DE LA DRA ANA CARO , QUIEN DISPONES SE LABREN ACTUACIONES POR PORTACION ILEGAL DE ARMA DE FUEGO DE USO CIVIL CONDICIONAL, Y ACTUACIONES DE RIGOR.-",-37.9620059984,-57.5407029992,2026,4,April,6,1,0,Lunes,False,Madrugada (00-06),[],,OTRA / NO ESPECIFICADA,ARMA_FUEGO
2026-04-06 13:59:00,10016080449,BUENOS AIRES al 1784,VIOLENCIA,NO FAMILIAR,"REFIERE QUE DOS RUSOS EN VEHICULO LE APUNTARON CON UN ARMA DE FUEGO, __ESTA CON MENORES __DODGE CRYSLER COLOR NARANJA PATENTE MTH579__LLAMANTE LOS SIGUE, SOLICITA QUE LOS DETENGAN ",GENERAL PUEYRREDON,MAR DEL PLATA,-380027.0,-575424.0,NEGATIVO,30918 IFNORMA RECORRIDA SIN NVOEDADES ,-38.0027,-57.5424,2026,4,April,6,13,0,Lunes,False,Tarde (12-18),['MTH579'],MTH579,OTRA / NO ESPECIFICADA,ARMA_FUEGO
2026-04-06 16:18:00,10016080830,JUAN DE DIOS FILIBERTO al 405,VIOLENCIA,NO FAMILIAR,"LLAMANTE MENOR REFIERE QUE ESTAN CONFRONTANDO EN EL LUGAR MAS DE 20 PERSONAS, TIENEN ARMAS NO QUEDA CLARO SI ARMA DE FUEGO__DICE QUE TIENEN FIERROS. ACHAS, PALOS__LLAMADA MUY ENTRECORTADA, SE ESCUCHA DISTURBIO DE FONDO",GENERAL PUEYRREDON,MAR DEL PLATA,-37993143373062.0,-57612432894941.0,Telefonía Fija/Móvil,0,-37.993143373062,-57.612432894941,2026,4,April,6,16,0,Lunes,False,Tarde (12-18),[],,OTRA / NO ESPECIFICADA,ARMA_FUEGO
2026-04-06 16:33:00,10016080873,9 DE JULIO y Italia,VIOLENCIA,NO FAMILIAR,LLAMAPOR UN MASCULINO EBRIO MUNIDO DE ARMA DE FUEGO EN LA PUERTA DE SU CASA.  LO AMENAZA.  ,GENERAL PUEYRREDON,MAR DEL PLATA,-379872769984.0,-575640259992.0,NEGATIVO,33643 INFORMA RECORRIDA SIN NVOEDADES ,-37.9872769984,-57.5640259992,2026,4,April,6,16,0,Lunes,False,Tarde (12-18),[],,OTRA / NO ESPECIFICADA,ARMA_FUEGO
2026-04-06 17:10:00,10016080976,CAMINO LOS ORTIZ y Ruta 88 (P),SOSPECHOSOS,PERSONA EXTRAÑA,LLAMA POR QUE VIO UN MASCULINOS CON UN ARMA DE FUEGO LARGA.  QUE VA POR EL CAMINO. VISTE TODO DE NEGRO.  ,GENERAL PUEYRREDON,BATAN,-380076989987.0,-577192119993.0,NEGATIVO,"A LA RECORRIDA NEGATIVO , NADIE ENTREVISTA ",-38.0076989987,-57.7192119993,2026,4,April,6,17,0,Lunes,False,Tarde (12-18),[],,OTRA / NO ESPECIFICADA,ARMA_FUEGO
2026-04-06 17:40:00,10016081068,JUAN DE DIOS FILIBERTO al 405,DISPAROS,DISPAROS,"LLAMANTE INFORMA QUE   HAY PERSONAS EFECTUANDO DETONACIONES DE ARMA DE FUEGO EN EL LUGAR, NO HABRIA HERIDOS. ",GENERAL PUEYRREDON,MAR DEL PLATA,-37993143373062.0,-57612432894941.0,POSITIVO,"LUIS GOMES BAJA A DEPENDENCIA JUNTO AL MOVIL A RADICAR  , REFIERE QUE EFECTUAN DETONACIONES AL AIRE EN SU QTH. ",-37.993143373062,-57.612432894941,2026,4,April,6,17,0,Lunes,False,Tarde (12-18),[],,OTRA / NO ESPECIFICADA,ARMA_FUEGO
2026-04-06 20:59:00,10016081695,RODOLFO WALSH al 908,ROBO AUTOMOTOR,VEHÍCULOS,LLAMANTE REFIERE QUE LE ROBARON AUTO GOL GRIS LWF857 DOS SUJETOS CON ARMA DE FUEGO NO HERIDA SE FUERON POR WALSH PARA LA COSTA EN MOTO TORNADO BLANCA CON NEGRO ,GENERAL PUEYRREDON,MAR DEL PLATA,-38087295332359.0,-57558609428013.0,REDERIVADO,POLICIA DE LA CIUDAD- OI SOSA__ANILLO DIGITAL- TTE AYALA__PINAMAR-SRGT ROMERO__DOLORES- SCRIO CABRION__CHASCOMUS- SUB CRIO GOROCITO__VIAL VIVORATA- NO RESPONDE__VIAL CAMET- NO RESPONDE__VIAL CHAPADMALAL-  NO RESP__VIAL VIDAL- NO RESPONDE,-38.087295332359,-57.558609428013,2026,4,April,6,20,0,Lunes,False,Noche (18-24),['LWF857'],LWF857,OTRA / NO ESPECIFICADA,ARMA_FUEGO
2026-04-07 00:28:00,10016082298,ARMENIA y San Lorenzo,DISPAROS,PERSONAS,"LLAMANTE REFIERE QUE ESTABA BUSCANDO UN CAN PERDIDO Y  DESDE UNA FINCA LE  EFECTUAN UNA DETONACION DE ARMA DE FUEGO  , PUEDO ESQUIVAR  EL DISPARO , EL MISMO DIO EN UNA FINCA LINDERA   . NO HAY HERIDOS - ",GENERAL PUEYRREDON,MAR DEL PLATA,-379864809985.0,-576059629992.0,V ACC-MC,0,-37.9864809985,-57.6059629992,2026,4,April,7,0,1,Martes,False,Madrugada (00-06),[],,OTRA / NO ESPECIFICADA,ARMA_FUEGO
2026-04-07 22:45:00,10016085304,MISIONES al 2158,ROBO,VÍA PÚBLICA,"__LLAMANTE MENCIONA QUE DOS MASCULINOS LE INTENTARON ROBAR EN LA VIA PUBLICA, ESTABAN CON ARMA DE FUEGO O UNA REPLICA, LO AGREDIERON FISICAMANTE, NO NECESITA ASISTENCIA MEDICA.- VISTEN AMBOS EN BICICLETA OSCURA Y VISTEN TODOS DE NEGRO, BUZO, PANTALON, UNO TIENE GORRA BLANCA, UNO ES MAS ALTO QUE OTRO, ESTABAN EN CALLE CHACO Y COLON.- ",GENERAL PUEYRREDON,MAR DEL PLATA,-379935.0,-575689.0,NEGATIVO,33643 TIEMPO PRUDENCIAL NADIE ENTREVISTA ,-37.9935,-57.5689,2026,4,April,7,22,1,Martes,False,Noche (18-24),[],,OTRA / NO ESPECIFICADA,ARMA_FUEGO
2026-04-08 22:06:00,10016088256,MALVINAS y Av Libertad,ROBO,VÍA PÚBLICA,"LLAMANTE REFIERE QUE 2 JOVENE S CON UN ARMA DE FUEGO LE QUISIERON ROBAR, VESTIAN DE NEGRO UNO BOINA BLANCA Y OTRO CAPUCHA Y GORRA NEGRA SE FUERON POR LIBERTAD PARA LA COSTA , ESTAN  EN 2 BICILETAS PLAYERAS OSCURAS , LLAMANTE SE RETIRO DEL LUGAR ",GENERAL PUEYRREDON,MAR DEL PLATA,-379769209985.0,-575755349992.0,NEGATIVO,"INF MOV 33822 REFIERE NEGATIVO LOS SOSPECHOSOS APORTADOS POR CARTA DE LLAMADO, NEGATIVO DISTURBIOS, NEGATIVO CONFRONTACION EN LA VIA PUBLICA, PANORMA NORMAL	",-37.9769209985,-57.5755349992,2026,4,April,8,22,2,Miércoles,False,Noche (18-24),[],,OTRA / NO ESPECIFICADA,ARMA_FUEGO
2026-04-09 20:50:00,10016091234,AV CHAMPAGNAT y Chacabuco,SOSPECHOSOS,PERSONA EXTRAÑA,"LLAMANTE REFIERE QUE HAY PERSONAS EN LA ESQUINA, 3 MASCULINOS Y 2 FEMENINAS, LE APUNTARON CON UN ARMA DE FUEGO MIENTRAS PASO. ESTAN ROBANDO, TIENE APROX 20/30 AÑOS. INDICA QUE LUEGO FUERON POR CHACABUCO COMO PARA BAHIA BLANCA. CON GORRAS, CAMPERAS NEGRAS Y CONJUNTOS DEPORTIVOS. ",GENERAL PUEYRREDON,MAR DEL PLATA,-379737309985.0,-575772309992.0,NEGATIVO,34836 INF RECORRIDA SIN NOVEDAD NEGATIVO NN ,-37.9737309985,-57.5772309992,2026,4,April,9,20,3,Jueves,False,Noche (18-24),[],,OTRA / NO ESPECIFICADA,ARMA_FUEGO
2026-04-09 21:15:00,10016091342,VALENTINI al 1580,ROBO,VÍA PÚBLICA,"__LLAMANTE MENCIONA QUE LLAMO ANTES Y AGUARDA EL RECURSO EN EL LUGAR, SU HERMANA Y SU CUÑADO ESTABAN DESCENDIENDO DEL UBER Y AL CHOFER LE ROBARON LAS PERTENENCIAS, ENTRE ELLAS EL CELULAR, NO HAY HERIDOS, EN EL LUGAR HAY UNA MENOR. AHORA RASTREARON EL CELULAR Y FIGURA QUE ESTA EN BESTOSO Y AZOPARDO.- EL AUTOR ES UN MASCULINO TEZ BLANCA Y CON BARBA, CON ARMA DE FUEGO Y SE MOVILIZA EN UNA BICICLETA, NO SE PUEDE VER QUE BICICLETA COLOR ROJO, VISTE CAMPERA DEPORTIVA CON GORRA.- ",GENERAL PUEYRREDON,MAR DEL PLATA,-38032424299748.0,-57580610718496.0,NEGATIVO,31616 ENTREVISTA CON EL SR ALDERETE LUIS PASAJERO. REFIRE QUE LE ROBAN EL CEL Y PERTENENCIA AL CHOFER DE UBER. MISMO AL ARRIBO DEL MOVIL KYA NO SE ENCONTRABA EN EL LUGAR. APORTA QUE ERA  UN MASCULINO EN UNA BICICLETA ROJA APARENTEMENTE ARMADO. SE REALIZA RECORRIDA Y SE LE INDICAN LOS PASOS A SEGUIR,-38.032424299748,-57.580610718496,2026,4,April,9,21,3,Jueves,False,Noche (18-24),[],,OTRA / NO ESPECIFICADA,ARMA_FUEGO
2026-04-10 06:16:00,10016092395,AV JACINTO PERALTA RAMOS al 1120,ROBO,VÍA PÚBLICA,LLAMANTE CCA QUE LE ROBARON A UN MASCULINO  EN PERALTA RAMOS Y VERTIZ -ERAN DOS DELINCUENTES VESTIDOS DE NEGRO - ESTABAN A PIE - TENIAN ARMA DE FUEGO - NO HERIDOS -SE FUERON PARA LA VILLA - LA VICTIMA ESTA CON LLAMANTE EN UN LOCAL COMERCIAL ,GENERAL PUEYRREDON,MAR DEL PLATA,-38026607911453.0,-57580455717854.0,NEGATIVO,MOVIL 30174 INFORM QUE LA VICTIMA SE HABRIA RETIRADO NO LO CONOCIA NO TIENE LOS DATOS NO PUEDEPRESISAR NINGUN OTRO DATO COMANDO CENTRAL TAMPOCO VIZUALIZA EL ILICITO EN CAMARAS DE VERTIS Y SAN SALVADOR Y VERTIS Y PERALTA RAMOS __,-38.026607911453,-57.580455717854,2026,4,April,10,6,4,Viernes,False,Mañana (06-12),[],,OTRA / NO ESPECIFICADA,ARMA_FUEGO
2026-04-10 07:03:00,10016092425,CHILE y Rawson,ROBO AUTOMOTOR,VEHÍCULOS,"LLAMANTE CCA QUE LE ACABAN DE ROBAR - LLAMANTE DE DIDI , FUE A BUSCAR A UNA FEMENINA Y DOS MASCULINOS A COLON Y URUGUAY  -AL LLEGAR A   CHAMPAGÑAT Y ROQUE PEÑA, LO APUNTARON LOS 3 CON ARMA DE FUEGO  - LE ROBARON EL VEHICULO , Y DOCUMENTACION - ES UN AUTO CHEVROLET CORSA 2010 COLOR CHAMPAGNE -. DOMINIO PARCIAL 186 (CREE QUE LAS LETRAS SON WNS) - SE FUERON POR ROQUE PEÑA HACIA 180 - NO HERIDOS - LLAMANTE ESTA A RESGUARDO EN COMISARIA CUARTA ",GENERAL PUEYRREDON,MAR DEL PLATA,-379924159985.0,-575810329992.0,POSITIVO,"PERSONAL POLICIAL INFORMA QUE EL DAMNIFICADO SE ENCUENTRA EN COMISARIA 4TA RADICANDO LA DENUNCIA, AL MOMENTO NO SE CUENTA CON EL DOMINIO COMPLETO, RAZON POR LA QUE NO SE PUEDE REALIZAR LA CARGA SIV.-",-37.9924159985,-57.5810329992,2026,4,April,10,7,4,Viernes,False,Mañana (06-12),[],,CHEVROLET,ARMA_FUEGO
2026-04-10 16:00:00,10016093700,AV LIBERTAD al 5022,ROBO,FINCA,"EN PROCESO____LLAMANTE REFIERE QUE  HAY PERSONAS ARMADAS CON ARMA DE FUEGO QUE INGRESARON A SU CASA, ESTA ESCONDIDA, CON SU HERMANITA. NO APORTA MAS DATOS. DICE QUE LLAMÓ TRES VECES.",GENERAL PUEYRREDON,MAR DEL PLATA,-37981387843498.0,-57566679959547.0,JTv,0,-37.981387843498,-57.566679959547,2026,4,April,10,16,4,Viernes,False,Tarde (12-18),[],,OTRA / NO ESPECIFICADA,ARMA_FUEGO
2026-04-10 20:54:00,10016094636,EL TORDILLO y Haras Firmamento,SOSPECHOSOS,PERSONA EXTRAÑA,"LLAMANTE REFIERE QUE HAY UN MASCULINO CON UN ARMA DE FUEGO, ESTA CON MULETAS, TODO DE NEGRO, ESTA SOLO EN EL LUGAR",GENERAL PUEYRREDON,,-379612399986.0,-576531139992.0,NEGATIVO,MOV INF QUE AL ARRIBO PANORAMA NORMAL - NADIE ENTREVISTA ,-37.9612399986,-57.6531139992,2026,4,April,10,20,4,Viernes,False,Noche (18-24),[],,OTRA / NO ESPECIFICADA,ARMA_FUEGO
2026-04-10 22:45:00,10016094993,JUAN NESTOR GUERRA al 974,ROBO,VÍA PÚBLICA,"__LLAMANTE INFORMA QUE 4 MASCULINOS VISTEN TODOS DE NEGRO Y CAPUCHA, GORRA Y NO SE LES VEIA LA CARA, QUE LE ROBARON EN LA PUERTA DE LA CASA,  LAS PERTENENCIAS A ELLA DE LA FACULTAD Y EL CELULAR AL PADRE, NO HAY HERIDOS.  UNO DE LOS AUTORES POSEE ARMA DE FUEGO SE FUERON A PIE POR GUERRA EN DIRECCION HACIA LOPEZ DE GOMARA ",GENERAL PUEYRREDON,MAR DEL PLATA,-37946571053802.0,-57591557897729.0,POSITIVO,"INF MOV30916 ENTREVISTADO EL SR RODRIGUEZ OSVALDO REFIERE QUE LO ABORDAN 4 MASC LE SUSTRAEN CELULAR, MOCHILA Y BOLSO. LOS MISMOS A PIE, SUJETOS ARMADOS, INDICADOS LOS PASOS A SEGUIR, LOS MISMOS EN BUEN ESTADO DE SALUD",-37.946571053802,-57.591557897729,2026,4,April,10,22,4,Viernes,False,Noche (18-24),[],,OTRA / NO ESPECIFICADA,ARMA_FUEGO
2026-04-11 12:43:00,10016096722,AV JOSE COELHO DE MEYRELLES al 6225,DISPAROS,DISPAROS,LLAMNTE DICE QUE HAY UN VECINO AGRESIVO EFECTUANDO DISPAROS DE ARMA DE FUEGO AL AIRE NO HAY HERIDOS,GENERAL PUEYRREDON,MAR DEL PLATA,-3794560441797.0,-57554881422249.0,NEGATIVO,"33807 INFORM sr fabian carraro, problemas familaires, NEGATIVOP ARMAS",-37.94560441797,-57.554881422249,2026,4,April,11,12,5,Sábado,True,Tarde (12-18),[],,OTRA / NO ESPECIFICADA,ARMA_FUEGO
2026-04-11 17:32:00,10016097608,ESTEBAN GASCON y Termas De Rio Hondo,DISPAROS,PERSONAS,LLAMANTE REFIERE QUE VARIAS PERSONAS CONFRONTAN CON ARMA DE FUEGO ,GENERAL PUEYRREDON,MAR DEL PLATA,-379804299985.0,-576024539992.0,V ACC-MC,0,-37.9804299985,-57.6024539992,2026,4,April,11,17,5,Sábado,True,Tarde (12-18),[],,OTRA / NO ESPECIFICADA,ARMA_FUEGO
2026-04-11 20:58:00,10016098365,CALLE 465 al 422,ROBO AUTOMOTOR,VEHÍCULOS,"LLAMANTE REFIERE QUE LE ROBARON AUTO UN FIAT CRONOS GRIS PATENTE AH196LH NO HERIDO, ERAN 3 MNOTOS Y 6 SUJETOS CON ARMA DE FUEGO SE FUERON PARA EL LADO DE 8 Y EDISON ",GENERAL PUEYRREDON,MAR DEL PLATA,-381108.0,-575876.0,Telefonía Fija/Móvil,0,-38.1108,-57.5876,2026,4,April,11,20,5,Sábado,True,Noche (18-24),['AH196LH'],AH196LH,FIAT,ARMA_FUEGO
2026-04-12 00:42:00,10016099086,LANZILOTA al 2143,DISPAROS,DISPAROS,"LLAMANTE REFIERE QUE ESCUCHO TRES DETONACIONES DE ARMA DE FUEGO, TRES MASCULINOS NE MOTO CON CAMPERA NEGA Y CAPUCHA, ",GENERAL PUEYRREDON,MAR DEL PLATA,-38048888611535.0,-57568692173046.0,NEGATIVO,"30920 REALIZA AMPLIA RECORRIDA POR LA ZONA. NEGATIVO SOSPECHOSOS, NEGATIVO DETONACIONES. NADIE ENTREVISTA.",-38.048888611535,-57.568692173046,2026,4,April,12,0,6,Domingo,True,Madrugada (00-06),[],,OTRA / NO ESPECIFICADA,ARMA_FUEGO
2026-04-12 16:06:00,10016101193,AYOLAS al 7500,CARTA ORIGINAL,CON PRIORIDAD,"LLAMANTE REFIERE QUE EN EL LLUGAR HAY 9 MASCULINOS MAS 5 MUJERES, ESTAN ARMADOS CON ARMA DE FUEGO__ESTAN ARMANDO UNA CASILLAA, VIVEN EN LA OTRA CUADRA, CONFRONTARON CON LOS VECINOS DEL LUGAR____ESTAS PERSONAS RESIDEN EN AYOLAS Y CANOSA, CASA CON PAREDON Y REJA, VENFDE COCAINA Y MARIHUANA__EN EL LUGAR VENDEN TODOS LOS DIAS TODO EL TIEMPO, ESTAN ARMADOS__EL QUE MANEJA TODO LE DICEN EL CHILENO CON LA MUJER, SE LLAMA ROMA ",GENERAL PUEYRREDON,MAR DEL PLATA,-380164531606.0,-575851318322.0,REDERIVADO,0,-38.0164531606,-57.5851318322,2026,4,April,12,16,6,Domingo,True,Tarde (12-18),[],,OTRA / NO ESPECIFICADA,ARMA_FUEGO
2026-04-12 16:17:00,10016101229,AYOLAS al 7500,DROGAS ILÍCITAS,VENTA/ELABORACIÓN,"LLAMANTE REFIERE QUE EN EL LLUGAR HAY 9 MASCULINOS MAS 5 MUJERES, ESTAN ARMADOS CON ARMA DE FUEGO__ESTAN ARMANDO UNA CASILLAA, VIVEN EN LA OTRA CUADRA, CONFRONTARON CON LOS VECINOS DEL LUGAR____ESTAS PERSONAS RESIDEN EN AYOLAS Y CANOSA, CASA CON PAREDON Y REJA, VENFDE COCAINA Y MARIHUANA__EN EL LUGAR VENDEN TODOS LOS DIAS TODO EL TIEMPO, ESTAN ARMADOS__EL QUE MANEJA TODO LE DICEN EL CHILENO CON LA MUJER, SE LLAMA ROMA ",GENERAL PUEYRREDON,MAR DEL PLATA,-380164531606.0,-575851318322.0,V ACC-MC,0,-38.0164531606,-57.5851318322,2026,4,April,12,16,6,Domingo,True,Tarde (12-18),[],,OTRA / NO ESPECIFICADA,ARMA_FUEGO
2026-04-12 16:49:00,10016101319,ARMENIA y Esteban Gascon,PEDIDO GENERICO DE AUXILIO,PGA,"LLAMANTE INFORMA QUE  PERSONAS SE PELEABAN  EN LA CALLE Y ALGUIEN EFECTUO DETONACIONES DE ARMA DE FUEGO, SE VAN PARA EL LADO DE 182 Y COLON EN UN VEHICULO BLANCO Y EL OTRO SE VA POR FASCON PARA  182    __NO SABE SI FUE UN ROBO O UN HECHO DE VIOLENCIA  ",GENERAL PUEYRREDON,MAR DEL PLATA,-379801309985.0,-576008329992.0,NEGATIVO,"A LA RECORRIDA NEGATIVO, NADIE ENTREVISTA",-37.9801309985,-57.6008329992,2026,4,April,12,16,6,Domingo,True,Tarde (12-18),[],,OTRA / NO ESPECIFICADA,ARMA_FUEGO
2026-04-12 17:49:00,10016101551,RATERY y AYOLAS,CARTA ORIGINAL,CON PRIORIDAD,"LLAMANTE REFIERE QUE EN TERRENO QUIERO PLANTAR CASILLA SON CINCO SUJETOS ARMADOS CON ARMA DE FUEGO____LLAMANTE REFIERE QUE PERSONAS VENDEN DROGA EN LA ESQUINA DE AYOLAS Y CANOSA, LE DICEN CHILENO A UNO Y A LA MUJER ROMA, CON ARMA DE FUEGO VENDEN TODOS LOS DIAS Y TODO EL TIEMPO, TIENEN MOTO 110 NEGRA ______",GENERAL PUEYRREDON,,,,REDERIVADO,0,,,2026,4,April,12,17,6,Domingo,True,Tarde (12-18),[],,OTRA / NO ESPECIFICADA,ARMA_FUEGO
2026-04-12 17:53:00,10016101567,RATERIY y AYOLAS,INTRUSION,PROPIEDAD PRIVADA,LLAMANTE REFIERE QUE EN TERRENO QUIERO PLANTAR CASILLA SON CINCO SUJETOS ARMADOS CON ARMA DE FUEGO______,GENERAL PUEYRREDON,MAR DEL PLATA,-380159149985.0,-575857039992.0,NEGATIVO,"EN EL LUGAR NEGATIVO USURPACION, NADIE ENTREVISTA ",-38.0159149985,-57.5857039992,2026,4,April,12,17,6,Domingo,True,Tarde (12-18),[],,OTRA / NO ESPECIFICADA,ARMA_FUEGO
2026-04-12 17:57:00,10016101580,RATERY y AYOLAS,DROGAS ILÍCITAS,VENTA/ELABORACIÓN,"LLAMANTE REFIERE QUE EN TERRENO QUIERO PLANTAR CASILLA SON CINCO SUJETOS ARMADOS CON ARMA DE FUEGO____LLAMANTE REFIERE QUE PERSONAS VENDEN DROGA EN LA ESQUINA DE AYOLAS Y CANOSA, LE DICEN CHILENO A UNO Y A LA MUJER ROMA, CON ARMA DE FUEGO VENDEN TODOS LOS DIAS Y TODO EL TIEMPO, TIENEN MOTO 110 NEGRA ______",GENERAL PUEYRREDON,,,,V ACC-MC,0,,,2026,4,April,12,17,6,Domingo,True,Tarde (12-18),[],,OTRA / NO ESPECIFICADA,ARMA_FUEGO
2026-04-12 20:17:00,10016102044,PIGUE al 235,CARTA ORIGINAL,CON PRIORIDAD,"LLTE MANIFIESTA QUE LLAMO PORQUE HABIA UNA PELEA EN LA CALLE- LLEGO EL MOVIL Y SE METIERON ADENTRO DE UNA CASA, U EL SE RETIRO Y NO ASISTIO- HABRIA GENTE QUE ESTA ARMADA- CON ARMA DE FUEGO- ________",GENERAL PUEYRREDON,MAR DEL PLATA,-379575812036.0,-575966474157.0,V ACC-MC,0,-37.9575812036,-57.5966474157,2026,4,April,12,20,6,Domingo,True,Noche (18-24),[],,OTRA / NO ESPECIFICADA,ARMA_FUEGO
2026-04-12 20:21:00,10016102053,PIGUE al 235,VIOLENCIA,NO FAMILIAR,LLTE MANIFIESTA QUE LLAMO PORQUE HAY  UNA PELEA EN LA CALLE- HABRIA GENTE QUE ESTA ARMADA- CON ARMA DE FUEGO- ________,GENERAL PUEYRREDON,MAR DEL PLATA,-379575812036.0,-575966474157.0,NEGATIVO,"INF MOV 30916 REFIERE NEGATIVO LOS SOSPECHOSOS APORTADOS POR CARTA DE LLAMADA, NEGATIVO DISTURBIOS, NEGATIVO CONFRONTACION EN LA VIA PUBLICA, PANORMA NORMAL",-37.9575812036,-57.5966474157,2026,4,April,12,20,6,Domingo,True,Noche (18-24),[],,OTRA / NO ESPECIFICADA,ARMA_FUEGO
2026-04-13 00:45:00,10016102842,FRANCISCO SCARPATTI al 1726,ROBO,FINCA,EN PROCESO____LLAMANTE REFIERE QUE EL NOVIO DE SU EX PAREJA. LE QUIERE NETRAR A ROBAR CON ARMA DE FUEGO,GENERAL PUEYRREDON,MAR DEL PLATA,-38004821961598.0,-5761966162715.0,V ACC-MC,0,-38.004821961598,-57.61966162715,2026,4,April,13,0,0,Lunes,False,Madrugada (00-06),[],,OTRA / NO ESPECIFICADA,ARMA_FUEGO
2026-04-13 07:22:00,10016103400,FRANCISCO SARTORA y Pedro Goyena,CARTA ORIGINAL,CON PRIORIDAD,"LLAMANTE REFIERE QUE EN LA VIA PUBLICA ESTAN VENDIENDO DROGA, LOS QUE VENDEN SON 5 O 6 MASCULINOS, DE VEZ EN CUANDO HAY 2 CHICAS, NO SABE NOMBRE NI APODOS, SUELEN VENDEN TODOS LOS DIAS MAYORMENTE LOS JUEVES HASTA HOY, LAS 24 HORAS, NO SABE QUE TIPO DE DROGAS PERO VENDEN EN BOLSITAS, NO SABE TIENEN VEHICULO, CREE QUE TIENEN ARMAS PORQUE DIAS ATRAS HUBO  UNA CONFRONTACION CON ARMA DE FUEGO.______LLAMANTE REFIERE QUE HAY UN GRUPO DE PERSONAS SOSPECHOSAS EN LA ESQUINA EN LA VIA PUBLICA, SON 5 O 6, ESTAN A PIE.- ",GENERAL PUEYRREDON,MAR DEL PLATA,-379539441564.0,-57641359917.0,V ACC-MC,0,-37.9539441564,-57.641359917,2026,4,April,13,7,0,Lunes,False,Mañana (06-12),[],,OTRA / NO ESPECIFICADA,ARMA_FUEGO
2026-04-13 07:38:00,10016103425,FRANCISCO SARTORA y Pedro Goyena,DROGAS ILÍCITAS,VENTA/ELABORACIÓN,"LLAMANTE REFIERE QUE EN LA VIA PUBLICA ESTAN VENDIENDO DROGA, LOS QUE VENDEN SON 5 O 6 MASCULINOS, DE VEZ EN CUANDO HAY 2 CHICAS, NO SABE NOMBRE NI APODOS, SUELEN VENDEN TODOS LOS DIAS MAYORMENTE LOS JUEVES HASTA HOY, LAS 24 HORAS, NO SABE QUE TIPO DE DROGAS PERO VENDEN EN BOLSITAS, NO SABE TIENEN VEHICULO, CREE QUE TIENEN ARMAS PORQUE DIAS ATRAS HUBO  UNA CONFRONTACION CON ARMA DE FUEGO.______LLAMANTE REFIERE QUE HAY UN GRUPO DE PERSONAS SOSPECHOSAS EN LA ESQUINA EN LA VIA PUBLICA, SON 5 O 6, ESTAN A PIE.- ",GENERAL PUEYRREDON,MAR DEL PLATA,-379539441564.0,-57641359917.0,VSup,0,-37.9539441564,-57.641359917,2026,4,April,13,7,0,Lunes,False,Mañana (06-12),[],,OTRA / NO ESPECIFICADA,ARMA_FUEGO
2026-04-13 13:10:00,10016104154,ARMENIA al 2455,DISPAROS,DISPAROS,LLAMANTE DICE QUE HAY UN MASCULINO EFECTUANDO DISPAROS DE ARMA DE FUEGO EN SU CASA AGRESIVO ,GENERAL PUEYRREDON,MAR DEL PLATA,-37980569849908.0,-57601183839008.0,NEGATIVO,"MOVIL 30492 ENTREVISTA CON LA SEÑORA  AMADEO REFIERE UN CONFICTO VECINAL Y SE INVITA A RADICAR, NEGATIVO DISPAROS",-37.980569849908,-57.601183839008,2026,4,April,13,13,0,Lunes,False,Tarde (12-18),[],,OTRA / NO ESPECIFICADA,ARMA_FUEGO
2026-04-13 19:15:00,10016105213,1 y 204,DISPAROS,DISPAROS,"LLAMANTE REFIERE QUE EN EL LUGAR HAY UNA CHATARRERIA, Y ESCUCHO DISPAROS DE ARMA DE FUEGO ( DE 22)  DEL INTERIOR DEL LUGAR, DESCONOCE CUANTOS SON YA QUE NO LOS VIO",GENERAL PUEYRREDON,,,,NEGATIVO,"30705 INFORMA NORMAL EN EL LUGAR SR RODRIGUEZ LUCIANO, LE QUIERON ROBAR  UNO DE LOS CAMIONES, VERIFICADO EL LUGAR 5/5. NEG DETONACIONES",,,2026,4,April,13,19,0,Lunes,False,Noche (18-24),[],,OTRA / NO ESPECIFICADA,ARMA_FUEGO
2026-04-13 21:49:00,10016105711,NAMUNCURA y Sabino Arana Y Goiri,DISPAROS,PERSONAS,LLAMANTE REFIERE QUE HAY UN MASCULINO CON HERIDA DE ARMA DE FUEGO PIDIENDO AYUDA __ SE DESCONOCE MAS DETALLES ,GENERAL PUEYRREDON,MAR DEL PLATA,-380205369985.0,-576001149992.0,JTv,0,-38.0205369985,-57.6001149992,2026,4,April,13,21,0,Lunes,False,Noche (18-24),[],,OTRA / NO ESPECIFICADA,ARMA_FUEGO
2026-04-13 22:20:00,10016105781,AV JUAN B JUSTO al 6450,PRIVACION ILEGITIMA DE LA LIBERTAD,EN PROGRESO,"LLAMANTE REFIERE QUE SUJETO SE METIO ADENTRO DE CANCHA Y NO SABE QUE PASO CON LA MADRE VENIA CAMINANDO CON LA MADRE Y 4 SUJETOS CON ARMA DE FUEGO LO QUISIERON AGARRAR A EL INFORMA PRIMERO QUE HABRIAN AGARRADO A LA MADRE, LUEGO DICE QUE NO SABE DONDE ESTA EL SALIO CORRIENDO, ",GENERAL PUEYRREDON,,-37997350720444.0,-57599797427692.0,Telefonía Fija/Móvil,0,-37.997350720444,-57.599797427692,2026,4,April,13,22,0,Lunes,False,Noche (18-24),[],,OTRA / NO ESPECIFICADA,ARMA_FUEGO
2026-04-13 23:37:00,10016105968,RAWSON al 6100,ROBO,VÍA PÚBLICA,"LLAMA POR DOS MASCULINOS  Y DOS FEMENINAS,  QUE  ESTABAN SENTADOS  A MITAD DE CUADRA  BAJO EL ALERO DEL SUPERMERCADO.     AL PASAR CON SU AUTO UNO DE LOS MASCULINOS, SE LEVANTO RAUDAMENTE Y  LE EXHIBE UN ARMA DE FUEGO CON INTENCIONES DE ROBO.  EL DEL ARMA TENIA GORRA Y BARBA,. DE CONTEXTURA NORMAL.",GENERAL PUEYRREDON,,-379891333092.0,-57589659891.0,POSITIVO,30492 FEMENINA CON PEDIO DE CAPTURA DEL DIA 15/ 12 25 SOLICITA TRIBUNAL CRIMINAL N 2 DR SIMAZ CARATULA ROBO AGRAVADO  SR URBISTONDO MARCELA ALEJANDRA DNI 27678696 SE INDENTIFICARON 4 PERSONAS MAS SIN IMPEDIMENTOS ,-37.9891333092,-57.589659891,2026,4,April,13,23,0,Lunes,False,Noche (18-24),[],,OTRA / NO ESPECIFICADA,ARMA_FUEGO
2026-04-14 07:35:00,10016106673,AV JACINTO PERALTA RAMOS y Bouchard,ROBO,COMERCIO,"LLE REFIERE QUE UN MASC ESTA CON ARMA DE FUEGO,  EL NNE ESTA EBRIO Y QUIERE ROBAR__ESTA  ACOMPAÑADO POR UNA MUJER Y UN PERRO __EL NN ES MOROCHO,  PETISO , VISTE PANTALON AZUL Y BUSO GRIS __NO HAY NN HERIDOS __AL FINAL INDICA QUE TOMA LA AVENIDA Y VA HACIA CALLE  39 ",GENERAL PUEYRREDON,MAR DEL PLATA,-380285159985.0,-575827289992.0,POSITIVO,"MOVIL 30149 ENTREVISTA CON LA SRA  DELGADO FLORENCIA UN NN VESTIDO DE BUZO GRIS PANTALON AZUL, EXIBE ARMA DE FUEGO. NO SUSTRAE NADA. SE DA A LA FUGA POR PERALTA RAMOS PARA AV 39 A PIE.  NO REQ ASISTENCIA MEDICA. SE LE INDICAN LOS PASOS A SEGUIR E INVITADA A RADICAR. ",-38.0285159985,-57.5827289992,2026,4,April,14,7,1,Martes,False,Mañana (06-12),[],,OTRA / NO ESPECIFICADA,ARMA_FUEGO
2026-04-14 18:21:00,10016108374,DIAGONAL GENOVA y Ciudad San Cayetano,ROBO AUTOMOTOR,MOTOS,"LLAMANTE REFIERE QUE LE ROBARON LA MOTO UN KELLER 150 COLOR NEGRO SIN PATENTE YA QUE LA SACO AYER DE LA AGENCIA  ERAN  2 MASCULINOS EL CONDUCTOR CASCO BLANCO EL DE ATRAS CONJUNTO NEGRO VISERA BLANCA  CON ARMA DE FUEGO ESTABAN EN UNA  TORNADO BLANCA Y NEGRA   SE FUERON  PARA EL LADO DE LA RUTA 88 FRENTE AL MERCADO DE ABASTO PARA PARQUE PALERMO , NO ESTA HERIDO ",GENERAL PUEYRREDON,MAR DEL PLATA,-380154.0,-576306.0,NEGATIVO,PERSONAL INFORMA DIRIJIENDO AL LUGAR HIZO RECORRIDA POR LA RUTA Y EL MERCADO ABASTO SIN NOVEDAD,-38.0154,-57.6306,2026,4,April,14,18,1,Martes,False,Noche (18-24),[],,OTRA / NO ESPECIFICADA,ARMA_FUEGO
2026-04-14 21:18:00,10016108978,LISANDRO DE LA TORRE al 186,EVASIÓN DE DETENIDOS,ARRESTO DOMICILIARIO,"LLAMANTE REFIERE QUE HAY UNA PERSONA CON PRISION DOMICILIARIA QUE SE SACO LA PULCERA Y ESTA EN LA CALLE,  ES UNA FEEMNINA, ESTA AFUERA DE LA CASA EN LA VEREDA CON UNA CUCHILLA EN LA MANO. ENTRE Y SALE, SE LLAMA PAULA MARIA RODRIGUEZ MURANO, TIENE 22 AÑOS. TIENE ARMA DE FUEGO Y UNA CUCHILLA TIPO DE FILETERO. AHORA ESTA AFUERA. GOLPEÓ A UNA VECINA. NO SABE SI HAY HERIDOS.- ",GENERAL PUEYRREDON,MAR DEL PLATA,-38019692920517.0,-57573600608054.0,V ACC-MC,0,-38.019692920517,-57.573600608054,2026,4,April,14,21,1,Martes,False,Noche (18-24),[],,OTRA / NO ESPECIFICADA,ARMA_FUEGO
2026-04-14 23:22:00,10016109423,FRANCISCO SCARPATTI al 1726,ROBO,FINCA,"EN PROCESO__LLAMANTE REFIERE QUE  UN MASCULINO CON ARMA DE FUEGO ESTA QUERIENDO ENTRARA  A SU CASA , NO VE COMO VISTE ",GENERAL PUEYRREDON,MAR DEL PLATA,-38004821961598.0,-5761966162715.0,V ACC-MC,0,-38.004821961598,-57.61966162715,2026,4,April,14,23,1,Martes,False,Noche (18-24),[],,OTRA / NO ESPECIFICADA,ARMA_FUEGO
2026-04-15 04:34:00,10016110009,DR SALVADOR MAZZA al 1831,DISPAROS,DISPAROS,"  LLAMANTE INFORMA HAY 4  MOTOS EN LA PUERTA DE SU CASA, CON DOS PERSONAS CADA UNO, NO SABE DESCRIPCIONES,  NO SABE SI STAN ARMADOS__ESCUCHA DETONACIONES DE ARMA DE FUEGO PARA EL LADO DE LA RUTA, NO SABE SI HAY HERIDOS",GENERAL PUEYRREDON,MAR DEL PLATA,-38091500179683.0,-57598627975771.0,NEGATIVO,MOV INF QUE AL ARRIBO PANORAMA NORMAL - NADIE ENTREVISTA ,-38.091500179683,-57.598627975771,2026,4,April,15,4,2,Miércoles,False,Madrugada (00-06),[],,OTRA / NO ESPECIFICADA,ARMA_FUEGO
2026-04-15 18:08:00,10016111768,ALVARADO al 4800,VIOLENCIA,NO FAMILIAR,EL LLAMANTE REFIERE QUE  UN EMPLEADO DE LA COCHERA NO LE QUIERE ENTREGAR SU MOTO. HAY DOS O TRES MASCULINOS MAS QUE LO QUISIERON GOLPEAR . UNO LO AMENAZO CON ARMA DE FUEGO. NO HAY HERIDOS. ,GENERAL PUEYRREDON,MAR DEL PLATA,-37998666445551.0,-57577460223077.0,POSITIVO,34844 EN EL LUGAR ENTREVISTA CON SRA CECILIA COCIA QUERIA RETIRAR SU MOTO PTTE A162HDM SCOOTER ELPRA ELVETIC. DEBE TRES CUOTAS DE LA COCHERA. EMPLEADO PAULO ALVAREZ DE LA COHCERA. SE INVITAN A RADICAR LA RETIRA DEL LUGAR ,-37.998666445551,-57.577460223077,2026,4,April,15,18,2,Miércoles,False,Noche (18-24),[],,OTRA / NO ESPECIFICADA,ARMA_FUEGO
2026-04-16 19:51:00,10016115541,GIANELLI al 629,ROBO,VÍA PÚBLICA,"LLAMANTE MENCIONA QUE INTENTARON ROBARLE DOS MASCULINOS EN UNA MOTO TORNADO COLOR BLANCO, UNO DE ELLOS TIENE ARMA DE FUEGO, SE FUERON PARA EL LADO DE GIANELLI HACIA 12 OCTUBRE, VINIERON DEL LADO DE VERTIZ, NO ESTA HERIDO.- ",GENERAL PUEYRREDON,MAR DEL PLATA,-380339.0,-575627.0,POSITIVO,CUBCRIO INF ENTREVISTA CON EL SR MORCHINO- TENTATIVA- REF LO MISMO QUE EN CARTA. ,-38.0339,-57.5627,2026,4,April,16,19,3,Jueves,False,Noche (18-24),[],,OTRA / NO ESPECIFICADA,ARMA_FUEGO
2026-04-16 22:57:00,10016116123,GOYENECHE R al 11700,ROBO,VÍA PÚBLICA,"__LLAMANTE MENCIONA QUE HAY UN MASCULINO QUE LE ROBA A LA GENTE EN LA VIA PUBLICA, SE MOVILIZA EN UNA MOTO KAWASAKI CC650 COLOR VERDE DOMINIO NO APORTA, POSEE ARMA DE FUEGO, HAY UN HERIDO DE ARMA DE FUEGO- ",GENERAL PUEYRREDON,,,,V ACC-MC,0,,,2026,4,April,16,22,3,Jueves,False,Noche (18-24),[],,OTRA / NO ESPECIFICADA,ARMA_FUEGO
2026-04-17 07:10:00,10016117144,FRANCISCO SCARPATTI al 1726,VIOLENCIA,NO FAMILIAR,"REFIERE QUE QUIEREN INGRESAR CON ARMA DE FUEGO TRES O CUATRO PERSONAS, SON PARIENTES DEL NOVIO DE SU EX PAREJA, NO HAY HERIDOS ",GENERAL PUEYRREDON,MAR DEL PLATA,-380049.0,-576196.0,NEGATIVO,"30549 EN EL LUGAR, INFORMA PANORAMA NORMAL, NO ENTREVISTA NADIE. MOVIL REFIERE QUE SIEMPRE LLAMAN Y NUNCA SALE NADIE A ENTREVISTAR, QUE EL LLAMANTE ES RECURRENTE.",-38.0049,-57.6196,2026,4,April,17,7,4,Viernes,False,Mañana (06-12),[],,OTRA / NO ESPECIFICADA,ARMA_FUEGO
2026-04-17 10:15:00,10016117482,CASILDO VILLAR al 2284,SOSPECHOSOS,PERSONA EXTRAÑA,REFIERE QUE ESTABAN EMPUJANDO UN AUTO EN UN TALLER PASO UN AUTO GOL GRIS 2018 CON 4 MASCULINOS EN EL INTERIOR ESTABAN ARMADOS CON ARMA DE FUEGO CUANDO LE REFIEREN QUE ESTAN EN CONTRAMANO EXHIBEN LAS ARMAS SE VAN POR CASILDO VILLAR HACIA LA 47 (GENOVA ) ,GENERAL PUEYRREDON,MAR DEL PLATA,-380339.0,-57591.0,POSITIVO,"30174 SR LEONARDO PUYUMAN__ESTABAN EMPUJANDO UN AUTO DEL TALLER, PASA UN UN VW POLO, GRIS PLATA,VIDRIO POLARIZADO EN CONTRAMANO, LES REFIEREN QUE SON DELINCUENTES LE EXHIBEN ARMA, SE VAN POR CASILDO EN DIRECCION A GENOVA  MOVILES EN RECORRIDA",-38.0339,-57.591,2026,4,April,17,10,4,Viernes,False,Mañana (06-12),[],,OTRA / NO ESPECIFICADA,ARMA_FUEGO
2026-04-18 19:20:00,10016123269,MOISES LEBENSOHN al 8450,CARTA ORIGINAL,CON PRIORIDAD,"CCA QUE HAY UN MASC QUE AMENAZO A OTRO CON UN ARMA DE FUEGO, NO HAY NADIE HERIDO __ESTE SUJETO ES UN VENDEDOR DE DROGAS , LA VENTA ES 24 HORAS, Y ESTA ARMADO, LA VIVIENDA TIENE LA PARED PINTADA DE ALVARADO , ES UN SUJETO LLAMADO MARTIN LOPEZ APROX 40 AÑOS MOROCHO PELO CORTO , ROBUSTO TIENE UN VEHICULO SANDERO BLANCO , PATENTE NO APORTA , CON ESTE VEHICULO LA REPARTE POR EL BARRIO, VENDE COCAINA , LE VENDE A TODO EL BARRIO, TIENE A LOS SOLDADITOS DANDO VUELTAS. ",GENERAL PUEYRREDON,MAR DEL PLATA,-380202285644.0,-576059119957.0,V ACC-MC,0,-38.0202285644,-57.6059119957,2026,4,April,18,19,5,Sábado,True,Noche (18-24),[],,OTRA / NO ESPECIFICADA,ARMA_FUEGO
2026-04-18 19:27:00,10016123299,MOISES LEBENSOHN al 8450,VIOLENCIA,NO FAMILIAR,"CCA QUE HAY UN MASC QUE AMENAZO A OTRO CON UN ARMA DE FUEGO, NO HAY NADIE HERIDO __",GENERAL PUEYRREDON,MAR DEL PLATA,-380202285644.0,-576059119957.0,NEGATIVO,"EN EL LUGAR NEGATIVO , NADIE ENTREVISTA ",-38.0202285644,-57.6059119957,2026,4,April,18,19,5,Sábado,True,Noche (18-24),[],,OTRA / NO ESPECIFICADA,ARMA_FUEGO
2026-04-18 20:10:00,10016123479,MOISES LEBENSOHN al 8450,DROGAS ILÍCITAS,VENTA/ELABORACIÓN,"CCA QUE HAY UN MASC QUE AMENAZO A OTRO CON UN ARMA DE FUEGO, NO HAY NADIE HERIDO __ESTE SUJETO ES UN VENDEDOR DE DROGAS , LA VENTA ES 24 HORAS, Y ESTA ARMADO, LA VIVIENDA TIENE LA PARED PINTADA DE ALVARADO , ES UN SUJETO LLAMADO MARTIN LOPEZ APROX 40 AÑOS MOROCHO PELO CORTO , ROBUSTO TIENE UN VEHICULO SANDERO BLANCO , PATENTE NO APORTA , CON ESTE VEHICULO LA REPARTE POR EL BARRIO, VENDE COCAINA , LE VENDE A TODO EL BARRIO, TIENE A LOS SOLDADITOS DANDO VUELTAS. ",GENERAL PUEYRREDON,MAR DEL PLATA,-380202285644.0,-576059119957.0,V ACC-MC,0,-38.0202285644,-57.6059119957,2026,4,April,18,20,5,Sábado,True,Noche (18-24),[],,OTRA / NO ESPECIFICADA,ARMA_FUEGO
2026-04-18 23:48:00,10016124241,VIGNOLO y Eduardo Carasa,DISPAROS,DISPAROS,"LLAMANTE REFIERE QUE ESTAN PASANDO MOTOS Y OYE DISPAROS DE ARMA DE FUEGO. DESCONOCE A QUE LE DISPARAN. NO HAY HERIDOS. VAN POR VIGNOLO HACIA 39, DAN LA VUELTA Y VUELVEN A DISPARAR.",GENERAL PUEYRREDON,MAR DEL PLATA,-380121689985.0,-576100139992.0,NEGATIVO,27788 INF EN EL LUGAR NEGATIVO MOTOVEHICULOS - AMPLIA RECORRIDA NADIE ENTREVISTA CON EL MOVIL ,-38.0121689985,-57.6100139992,2026,4,April,18,23,5,Sábado,True,Noche (18-24),[],,OTRA / NO ESPECIFICADA,ARMA_FUEGO
2026-04-19 17:19:00,10016127139,GIANELLI al 1154,SOSPECHOSOS,EN VEHÍCULO,LLAMANTE INFORMA QUE   PASO UN MOROCHO EN UNA MOTO CON UNA MUJER GRITABAN *SOY MANOLO* CON UN ARMA DE FUEGO EN LA MANO. ,GENERAL PUEYRREDON,MAR DEL PLATA,-38037257705697.0,-57566680654677.0,NEGATIVO,"30149 EN RECORRIDA POR LA ZONA NEGATIVO, Y NADIE ENTREVISTA",-38.037257705697,-57.566680654677,2026,4,April,19,17,6,Domingo,True,Tarde (12-18),[],,OTRA / NO ESPECIFICADA,ARMA_FUEGO
2026-04-20 03:51:00,10016129330,ELCANO al 10578,DISPAROS,DISPAROS,"LLAMANTE REFIERE QUE ESTAN ARROJANDO PIEDRAS AL TECHO DE SU CASA Y SINTIO UNA DETONACION DE ARMA DE FUEGO EN LA VIA PUBLICA, NO SABE CUANTOS SON, NO HAY HERIDOS. ",GENERAL PUEYRREDON,MAR DEL PLATA,-3799398378502.0,-57609535280481.0,NEGATIVO,MOVIL ENTREVISTA CON JUAREZ MARCELA SE BRINDA TRANQUILIDAD PANORAMA NORMAL NEGATIVO DETONACIONES ,-37.99398378502,-57.609535280481,2026,4,April,20,3,0,Lunes,False,Madrugada (00-06),[],,OTRA / NO ESPECIFICADA,ARMA_FUEGO
2026-04-20 16:33:00,10016130747,ASTURIAS al 1793,DISPAROS,PERSONAS,LLAMANTE REFIERE QUE SU EX MARIDO TIENE PROBLEMAS DE ADICCIONES Y LLEGO A SU CASA CON HERIDAS DE ARMA DE FUEGO EN LAS PIERNAS Y EL ROSTRO. DESCONOCE DONDE ESTAN LOS AGRESORES.DESCONOCE MAS DATOS ,GENERAL PUEYRREDON,MAR DEL PLATA,-37946644691456.0,-57576546460314.0,JTv,0,-37.946644691456,-57.576546460314,2026,4,April,20,16,0,Lunes,False,Tarde (12-18),[],,OTRA / NO ESPECIFICADA,ARMA_FUEGO
2026-04-20 18:31:00,10016131022,MAGALLANES al 10953,VIOLENCIA,FAMILIAR,"LLAMANTE INFORMA QUE  RECIEN SE ACERCARON A LA CRIA POR QUE TENIAN UNA DENUNCIA CONTRA EL PRIMO Y LA TIA.  AHORA EL MASCULINO SE ACERCO AL LUGAR VESTIDO  DE CAMPERA ROJA CON VICERA, TENIA UN ARMA DE FUEGO UNA 9 MM  NO HERIDOS  PARA AMENAZAR A LA FAMILIA ",GENERAL PUEYRREDON,MAR DEL PLATA,-37992801707646.0,-57614535975728.0,POSITIVO,SE ENTREVISTA SANHUEZA MOLINA ARMANDO REFIERE PROBLEMA DE VIEJA DATA POR UNOS TERRENOS CON SU NIETO SANHUEZA JONATAN ALEJANDRO EL CUAL LOS AMENAZA AL ARRIBO DEL MOVIL NEGATIVO EL NIETO SE INDICA PASOS A SEGUIR ,-37.992801707646,-57.614535975728,2026,4,April,20,18,0,Lunes,False,Noche (18-24),[],,OTRA / NO ESPECIFICADA,ARMA_FUEGO
2026-04-21 11:02:00,10016132855,ARENALES y Alberti,SOSPECHOSOS,EN VEHÍCULO,"LLAMANTE REFIERE HAY UN AUTO GRIS SOSPECHOSO, ES UN NISSAN MARCH DRIVE , PATENTE NUEVA , NO SABE LA PATENTE , CREE QUE ES NUEVA , LLAMANTE ES ENCARGADO DE 90 KIOSCOS Y UN HOMBRE QUE VISTE CON PANTALON GRIS Y CAPERA NEGRA NIKE ROBO DOS KIOSCOS, TIENE TAPA BOCAS Y LENTES , TIENE UN ARMA DE FUEGO , INDICA QUE AYER TAMBIEN ROBO ESTA PERSONA, EN ESTE MOMENTO ESTA EN LA VIA PUBLICA .- ",GENERAL PUEYRREDON,MAR DEL PLATA,-380102369984.0,-575457659992.0,NEGATIVO,"34834 Y 30537 INFORMA EN EL LUGAR NEGATIVO AUTO  NI NN SOSPECHOSO, ",-38.0102369984,-57.5457659992,2026,4,April,21,11,1,Martes,False,Mañana (06-12),[],,NISSAN,ARMA_FUEGO
2026-04-22 20:35:00,10016137329,AV COLON y Hipolito Yrigoyen,ROBO,VÍA PÚBLICA,"LLAMANTE REFIERE QUE LE ABRIERON LA CAMIONETA, Y LE ROBARON UN ARMA DE FUEGO UNA 9 MM REGISTRADA A SU NOMBRE.__LA CAMIONETA ES UNA HYUNDAI TUCSON BLANCA. INDICA QUE AGUARDA EN EL LUGAR CON BALIZAS. INDICA QUE CUANDO ESTACIONO HABIA UN TRAPITO CON CHALECO COLOR VERDE, Y AHORA DESAPARECIO",GENERAL PUEYRREDON,MAR DEL PLATA,-38001972849.0,-575531581933.0,POSITIVO,"34834 ENTREVISTADO ANIBAL ANSELMO DNI 17480816, DE SU CAMIONETA HYUNDAI PTTE LYE656 ESTACIONADA EN COLON CASI H YRIGOYEN, DE LA GUANTERA  SUSTRAEN BERSA TPR 9 MM SERIE M93627 CON CARGADOR CON CARGA COMPLETA. EXHIBE LA DOCUMENTACION.",-38.001972849,-57.5531581933,2026,4,April,22,20,2,Miércoles,False,Noche (18-24),[],,HYUNDAI,ARMA_FUEGO
2026-04-23 03:26:00,10016138199,LOS TALAS al 4550,DISPAROS,DISPAROS," LLAMANTE INFORMA  EFECTUAN DETONACIONES DE ARMA DE FUEGO HACIA SU CASA, NO HAY HERIDOS__CREE QUE ES UN MENOR ",GENERAL PUEYRREDON,MAR DEL PLATA,-37926375020865.0,-57544057113252.0,NEGATIVO,"INF MOV 27752 ENTREVISTADA LA SR SUTO REFIERE QUE ESCUCHO DETOANCIONES FUERA DE LA FINCA, LAS CUALES NO IMPACTAN EN LA MISMA, LA MISMA APORTA QUE TIENE CNFLICTO CON SUS VECINOS INDICADOS LOS PASOS A SEGUIR",-37.926375020865,-57.544057113252,2026,4,April,23,3,3,Jueves,False,Madrugada (00-06),[],,OTRA / NO ESPECIFICADA,ARMA_FUEGO
2026-04-24 16:14:00,10016143325,LAS HERAS al 2283,SOSPECHOSOS,EN VEHÍCULO,LLAMANTE REFIERE QUE HAY UN AUTO VW BOYAGE DOMINIO LKM992 CON DOS SUJETOS GRITANDO DENTRO DEL AUTO HABLANDO POR TELEFONO Y SE VE UN ARMA DE FUEGO ESTA ATRAS DE TRAFFIC MEDIO GRIS CON TAPAS BLANCAS,GENERAL PUEYRREDON,MAR DEL PLATA,-380087.0,-575418.0,POSITIVO,34834 TRABAJANDO EN EL LUGAR NO APORTA MAS DATOS ,-38.0087,-57.5418,2026,4,April,24,16,4,Viernes,False,Tarde (12-18),['LKM992'],LKM992,OTRA / NO ESPECIFICADA,ARMA_FUEGO
2026-04-25 01:20:00,10016145143,CERRITO al 4046,SOSPECHOSOS,PERSONA EXTRAÑA,LLAMANTE CCA QUE HAY UN MASCULINO CON CAMPERA AZUL ARMADO CON ARMA DE FUEGO AGRESIVO. INFORMA QUE ES PARAGUAYO.-,GENERAL PUEYRREDON,MAR DEL PLATA,-38060202923866.0,-57591449904268.0,NEGATIVO,"INF MOV 30175 ENTREVISTADA LA SRA LUZ, REFIERE EL MASC NO QUIZO PAGAR LA BEBIDA ALCOHOLICA, NEGATIVO ARMADOS EN EL LUGAR, INDICADOS LOS PASOS A SEGUIR",-38.060202923866,-57.591449904268,2026,4,April,25,1,5,Sábado,True,Madrugada (00-06),[],,OTRA / NO ESPECIFICADA,ARMA_FUEGO
2026-04-25 17:32:00,10016147446,FRANCISCO SARTORA y Pedro Goyena,CARTA ORIGINAL,CON PRIORIDAD,"LLAMANTE INFORMA QUE LE COMENTARON QUE UN VECINO    VIO UNA  PERSONA DE GORRA ROJA EFECTUANDO DETONACIONES DE ARMA DE FUEGO AL AIRE.____LLAMANTE REFIERE QUE LE COMENTARON QUE EN ESE LUGAR SE VENDE DROGA, CASA CON REJAS DE MADERA, DESCONOCE CUANTAS PERSONAS VENDEN O EL HORARIO.  ",GENERAL PUEYRREDON,MAR DEL PLATA,-379539441564.0,-57641359917.0,VSup,0,-37.9539441564,-57.641359917,2026,4,April,25,17,5,Sábado,True,Tarde (12-18),[],,OTRA / NO ESPECIFICADA,ARMA_FUEGO
2026-04-25 17:38:00,10016147456,FRANCISCO SARTORA y Pedro Goyena,CARTA ORIGINAL,CON PRIORIDAD,"LLAMANTE INFORMA QUE LE COMENTARON QUE UN MASCULINO  VIO UNA  PERSONA DE GORRA ROJA EFECTUANDO DETONACIONES DE ARMA DE FUEGO AL AIRE.____LLAMANTE REFIERE QUE LE COMENTARON QUE EN ESE LUGAR SE VENDE DROGA, CASA CON REJAS DE MADERA, DESCONOCE CUANTAS PERSONAS VENDEN O EL HORARIO.  ",GENERAL PUEYRREDON,MAR DEL PLATA,-379539441564.0,-57641359917.0,Analizado por ACC-MC,0,-37.9539441564,-57.641359917,2026,4,April,25,17,5,Sábado,True,Tarde (12-18),[],,OTRA / NO ESPECIFICADA,ARMA_FUEGO
2026-04-25 17:39:00,10016147458,FRANCISCO SARTORA y Pedro Goyena,DISPAROS,DISPAROS,LLAMANTE INFORMA QUE LE COMENTARON QUE UN MASCULINO  VIO UNA  PERSONA DE GORRA ROJA EFECTUANDO DETONACIONES DE ARMA DE FUEGO AL AIRE.____,GENERAL PUEYRREDON,MAR DEL PLATA,-379539441564.0,-57641359917.0,NEGATIVO,MOVIL 25566 REFIERE QUE AMPLIA RECORRIDA NEGATIVO MASCULINOS NADIE ENTREVISTA,-37.9539441564,-57.641359917,2026,4,April,25,17,5,Sábado,True,Tarde (12-18),[],,OTRA / NO ESPECIFICADA,ARMA_FUEGO
2026-04-25 17:49:00,10016147492,FRANCISCO SARTORA y Pedro Goyena,DROGAS ILÍCITAS,VENTA/ELABORACIÓN,"LLAMANTE INFORMA QUE LE COMENTARON QUE UN MASCULINO  VIO UNA  PERSONA DE GORRA ROJA EFECTUANDO DETONACIONES DE ARMA DE FUEGO AL AIRE.____LLAMANTE REFIERE QUE LE COMENTARON QUE EN ESE LUGAR SE VENDE DROGA, CASA CON REJAS DE MADERA, DESCONOCE CUANTAS PERSONAS VENDEN O EL HORARIO.  ",GENERAL PUEYRREDON,MAR DEL PLATA,-379539441564.0,-57641359917.0,V ACC-MC,0,-37.9539441564,-57.641359917,2026,4,April,25,17,5,Sábado,True,Tarde (12-18),[],,OTRA / NO ESPECIFICADA,ARMA_FUEGO
2026-04-25 19:12:00,10016147807,AV CARLOS GARDEL al 1139,DISPAROS,PERSONAS,"LLAMANTE REFIERE QUE UN MASCULINO CON UN ARMA DE FUEGO LE DISPARO A OTRO EN LA VIA PUBLICA, NO LOGRO HERIRLO. LOS AGRESORES SON UNA PAREJA, VAN POR AV CARLOS GARDEL SENTIDO HACIA LA COMISARIA 11. NO HAY HERIDOS. LA VICTIMA ESTA EN UN CHINO. LOS AGRESORES VISTEN ROPA OSCURA Y CHALECO BLANCO. ",GENERAL PUEYRREDON,MAR DEL PLATA,-379987.0,-576176.0,V ACC-MC,0,-37.9987,-57.6176,2026,4,April,25,19,5,Sábado,True,Noche (18-24),[],,OTRA / NO ESPECIFICADA,ARMA_FUEGO
2026-04-25 21:26:00,10016148243,SANTIAGO DEL ESTERO al 2090,VIOLENCIA,POR RAZONES DE GENERO,"LLAMANTE INFORMA QUE   TIENE UNA AMIGA QUE ES VICTIMA DE VIOLENCIA DE GENERO ES MILAGROS ALMARAZ , EL MASCULINO ESTA ARMADO CON ARMA DE FUEGO LE DIJO QUE IBA A MATARLA JUNTO CON LA PERRA LE DIJO POR UNA LLAMADA QUE CORTO.  ESTA HERIDA LE SALE SANGRE DE LA BOCA Y LE GOLEPO LA CARA.     ",GENERAL PUEYRREDON,MAR DEL PLATA,-38003055544226.0,-57548395963044.0,POSITIVO,34843 INF APREHENDIDO ASSISA RAMIRO DE 18 AÑOS DNI 48.309.929 SANTIAGO DEL ESTERO PISO 8 DEO B FECHA DE N 01/11/2007 CARATULA VAQUERO NO TOMA TEMPERAMENTO POR CONTRAVENCION,-38.003055544226,-57.548395963044,2026,4,April,25,21,5,Sábado,True,Noche (18-24),[],,OTRA / NO ESPECIFICADA,ARMA_FUEGO
2026-04-25 22:38:00,10016148508,AV CHAMPAGNAT y Primera Junta,VIOLENCIA,NO FAMILIAR,LLAMANTE REFIERE QUE  HABIA UN PARTIDO Y UN MASCULINO FUE AL AUTO E INGRESO A LA CANCHA  CON ARMA DE FUEGO  ESTA AGRESIVO NO HAY HERIDOS ESTAESCONDIDO EN EL BAÑO ,GENERAL PUEYRREDON,MAR DEL PLATA,-379946633917.0,-575940931058.0,POSITIVO,"GPM OSA RUEDAS  INFORMA A SR ARIAS JONATAL ELOY , DNI 38.607878 DOMICILIO SAN LORENZO 7731 FECHA DE N 06/03/1989 , SECUESTRO DE ARMA DE FUEGO BERSA MINI THUNDER CALIBRE 9MM  SERIE 13-M88840 CON CARGADOR COLOCADO Y 6 CARTUCHOS TIENE GRABADO POLICIA DE LA PROVINCIA DE BUENOS AIRES CARATULA TENENCIA ILEGAL DE ARMA DE GUERRA Y ENCUBRIMIENTO DR BAQUEIRO",-37.9946633917,-57.5940931058,2026,4,April,25,22,5,Sábado,True,Noche (18-24),[],,OTRA / NO ESPECIFICADA,ARMA_FUEGO
2026-04-26 04:59:00,10016149581,GRECIA y San Lorenzo,VIOLENCIA,NO FAMILIAR,LLAMANTE REFIERE QUE HAY UN VECINO QUE ESTA EN UN AUTO ESCUCHANDO MUSICA FUERTE Y GRITANDO. ESTA EN LA ESQUINA. REFIERE QUE LE PIDEN QUE BAJE LA MUSICA Y LOS AMENAZA CON UN ARMA DE FUEGO.__HAY 4 PERSONAS DENTRO DEL AUTO Y OTROS EN MOTO,GENERAL PUEYRREDON,MAR DEL PLATA,-379875557662.0,-576037755545.0,NEGATIVO,INF MOV QUE AL ARRIBO PANORAMA NORMAL - NADIE ENTREVISTA ,-37.9875557662,-57.6037755545,2026,4,April,26,4,6,Domingo,True,Madrugada (00-06),[],,OTRA / NO ESPECIFICADA,ARMA_FUEGO
2026-04-26 12:43:00,10016150448,JUAN DE DIOS FILIBERTO y Soler,CARTA ORIGINAL,CON PRIORIDAD,LLAMANTE DICE QUE HAY UN MASCULINO NANUEL IBAÑEZ EN EL DOMICILIO Y OTRAS PERSONAS EN DOMICILIO POR SOLER Y 214  DONDE VENDEN DROGA (DESCONOCE TIPO ) EN EL LUGAR ESTA ACTIVIDAD SE SUELE REALIZAR DE NOCHE ESTAN ARMADOS ____LLAMANTE DICE QUE HAY PERSONAS CONFRONTANDO EN LA CALLE EFECTUANDO DISPAROS DE ARMA DE FUEGO INFORMA QUE AHORA SE ESCONDIERON EN CASA AZUL POR SOBRE CALLE  JUAN DE DIOS FILIBERTO EN FRENTE A PAREDON AZUL,GENERAL PUEYRREDON,MAR DEL PLATA,-380019369985.0,-576230199992.0,V ACC-MC,0,-38.0019369985,-57.6230199992,2026,4,April,26,12,6,Domingo,True,Tarde (12-18),[],,OTRA / NO ESPECIFICADA,ARMA_FUEGO
2026-04-26 12:50:00,10016150464,JUAN DE DIOS FILIBERTO y Soler,DISPAROS,PERSONAS,LLAMANTE DICE QUE HAY PERSONAS CONFRONTANDO EN LA CALLE EFECTUANDO DISPAROS DE ARMA DE FUEGO INFORMA QUE AHORA SE ESCONDIERON EN CASA AZUL POR SOBRE CALLE  JUAN DE DIOS FILIBERTO EN FRENTE A PAREDON AZUL,GENERAL PUEYRREDON,MAR DEL PLATA,-380019369985.0,-576230199992.0,V ACC-MC,0,-38.0019369985,-57.6230199992,2026,4,April,26,12,6,Domingo,True,Tarde (12-18),[],,OTRA / NO ESPECIFICADA,ARMA_FUEGO
2026-04-26 12:51:00,10016150469,JUAN DE DIOS FILIBERTO y Soler,DROGAS ILÍCITAS,VENTA/ELABORACIÓN,LLAMANTE DICE QUE HAY UN MASCULINO NANUEL IBAÑEZ EN EL DOMICILIO Y OTRAS PERSONAS EN DOMICILIO POR SOLER Y 214  DONDE VENDEN DROGA (DESCONOCE TIPO ) EN EL LUGAR ESTA ACTIVIDAD SE SUELE REALIZAR DE NOCHE ESTAN ARMADOS ____LLAMANTE DICE QUE HAY PERSONAS CONFRONTANDO EN LA CALLE EFECTUANDO DISPAROS DE ARMA DE FUEGO INFORMA QUE AHORA SE ESCONDIERON EN CASA AZUL POR SOBRE CALLE  JUAN DE DIOS FILIBERTO EN FRENTE A PAREDON AZUL,GENERAL PUEYRREDON,MAR DEL PLATA,-380019369985.0,-576230199992.0,V ACC-MC,0,-38.0019369985,-57.6230199992,2026,4,April,26,12,6,Domingo,True,Tarde (12-18),[],,OTRA / NO ESPECIFICADA,ARMA_FUEGO
2026-04-26 18:31:00,10016151546,TRINIDAD Y TOBAGO y Av Libertad,SOSPECHOSOS,PERSONA EXTRAÑA,LLAMANTE REFIERE QUE ESTA VIENDO POR CAMARAS  A UN MASCULINO CON UN ARMA DE FUEGO EN LA MANO. ESTA CAMINANDO POR LA CUADRA HACE UNA HORA Y MEDIA ,GENERAL PUEYRREDON,,-379568889985.0,-576173759992.0,NEGATIVO,PERSONAL INFORMA RECORRIDA POR LA ZONA PANORAMA NORMAL NEGATIVO MASCULINO SOSPECHOS,-37.9568889985,-57.6173759992,2026,4,April,26,18,6,Domingo,True,Noche (18-24),[],,OTRA / NO ESPECIFICADA,ARMA_FUEGO
2026-04-26 18:57:00,10016151611,AV MARIO BRAVO y Vergara,ROBO,COMERCIO,"LLAMA POR QUE LE ACABAN DE INGRESAR A ROBAR A L LOCAL UN MASCULINO MUNIDO DE  ARMA DE FUEGO.  NO ESTA HERIDA. DE CAMPERA NEGRA, DELGADO, DE CABELLOS MOSCUROS YY DE CAPUCHA. DE MENOS DE 30 AÑOS,  SIN BARBA.  FUGA  A PIE EN SENTIDO A CROCE. DESCONCEO SI ESTABA EN VHICULO. ESPERA EL MOVIL PARA ENTREVISTAR ",GENERAL PUEYRREDON,,-380704239984.0,-575580599992.0,POSITIVO,"GIMENEZ NATALIA ENTEVISTA REFIERE QUE LE SUSTRAEN 50 MIL PESOS DE LA CAJA , NEGATIVO VIOLENCIA , MASCULINO ARMADO CON LAS DESCRIPCIONES APORTADAS , LA FEMENINA NO VA A RADICAR DENUNCIA ",-38.0704239984,-57.5580599992,2026,4,April,26,18,6,Domingo,True,Noche (18-24),[],,OTRA / NO ESPECIFICADA,ARMA_FUEGO
2026-04-27 10:43:00,10016153273,AV VERTIZ al 11755,DISPAROS,PERSONAS,LLAMANTE DICE QUE YA LLAMO PORQUE LE DISPARARON A UN MASCULINO Y SE METIO EN EL PATIO DE LA CASA. ESTA  HERIDO DE ARMA DE FUEGO ,GENERAL PUEYRREDON,MAR DEL PLATA,-379922.0,-57627.0,JTv,0,-37.9922,-57.627,2026,4,April,27,10,0,Lunes,False,Mañana (06-12),[],,OTRA / NO ESPECIFICADA,ARMA_FUEGO
2026-04-27 10:47:00,10016153292,AV VERTIZ al 11745,DISPAROS,PERSONAS,"LLAMANTE REFIERE QUE EN EL LUGAR HAY UN MASCULINO QUE ESTA HERIDODE ARMA DE FUEGO S EESTA DESANGRANDO__NO VIO AGRESORES, ESCUCHO LOS DISPAROS",GENERAL PUEYRREDON,MAR DEL PLATA,-379924.0,-57627.0,JTv,0,-37.9924,-57.627,2026,4,April,27,10,0,Lunes,False,Mañana (06-12),[],,OTRA / NO ESPECIFICADA,ARMA_FUEGO
2026-04-27 18:02:00,10016154344,PERU y Alvarado,ROBO,COMERCIO,"EN PROCESO____LLAMANTE REFIERE QUE UN MASCULINO LLAMADO MAURICIO ANDRES COSTA ESTA CON UN ARMA DE FUEGO AMENAZANDO A LA SEGURIDAD DEL COMERCIO, QUIERE INGRESAR A ROBAR. NO HAY HERIDOS. ",GENERAL PUEYRREDON,MAR DEL PLATA,-379945947846.0,-575855910907.0,V ACC-MC,0,-37.9945947846,-57.5855910907,2026,4,April,27,18,0,Lunes,False,Noche (18-24),[],,OTRA / NO ESPECIFICADA,ARMA_FUEGO
2026-04-27 20:24:00,10016154718,REP DE CUBA y  ,ROBO,VÍA PÚBLICA,"LLAMANTE INFORMA QUE QUE DOS MASCULINOS CON ROPA DEPORTIVA UNO DE CELESTE LE QUIZO ROBAR AUNA PERSONA, LE APUNTARON CON UN ARMA DE FUEGO. CALIBRE 40.   NO HERIDOS POR EL INTENTO DE ROBO.  LAS PERSONAS ANDAN A PIE. ",GENERAL PUEYRREDON,MAR DEL PLATA,-380152819985.0,-575865389992.0,NEGATIVO,30504 REALIZA AMPLIA RECORRIDA POR LA ZONA. NEGATIVO SOSPECHOSOS. TIEMPO PRUDENCIAL SIRENA BALIZA NADIE ENTREVISTA,-38.0152819985,-57.5865389992,2026,4,April,27,20,0,Lunes,False,Noche (18-24),[],,OTRA / NO ESPECIFICADA,ARMA_FUEGO
2026-04-27 21:18:00,10016154863,EDUARDO CARASA y Alejandro Korn,ROBO,VÍA PÚBLICA,"LLAMANTE REFIERE QUE ESTAN ROBANDO EN LA VIA PUBLICA, UNA PERSONA ARMADA CON ARMA DE FUEGO, CREE QUE HIRIO A ALGUIEN, ESCUCHA LOS GRITOS, ",GENERAL PUEYRREDON,MAR DEL PLATA,-380452039985.0,-575691349992.0,NEGATIVO,"33855 INF SRA RODRIGUEZ UNA TENTATIVA , UNA MOTO 125 COLOR NEGRA UNO DE CAMPOERA AZUL LA FEMENINA SALE CORRIENDO Y LOGRA METERSE EN LA CASA NEFGATIVP DETONACIONES INVIDIXCADO LOS PASOS A SEGUIR NEGATIVO DETONACIONES",-38.0452039985,-57.5691349992,2026,4,April,27,21,0,Lunes,False,Noche (18-24),[],,OTRA / NO ESPECIFICADA,ARMA_FUEGO
2026-04-27 21:52:00,10016154995,DR JUAN O TESONE al 1035,VIOLENCIA,NO FAMILIAR,LLAMA POR PROBLEMAS CON UN VECINO  DE NOMBRE MIGUEL MARTINEZ.  LOS GOLPEA CON SU MOTO. APORTA QUE ESTA DENUNCIADO VARIAS VECES. EL MISMO YA ESTUVO DETENDIO.  AHORA MOLESTA A LOS VECINOS.  NO ESTA MUNIDO DE UN ARMA DE FUEGO. ,GENERAL PUEYRREDON,MAR DEL PLATA,-3809670501539.0,-57587802414877.0,NEGATIVO,"30869 ENTREVISTA CON LA SRA BENITEZ MARIA PROBLEMA DE VIEJA DATA CON EL VECINO, INVITADA A RADICAR.NEGATIVO HERIDOS, NEGATIVO MOTOVEHICULO Y NEGATIVO MASCULINO EN EL LUGAR",-38.09670501539,-57.587802414877,2026,4,April,27,21,0,Lunes,False,Noche (18-24),[],,OTRA / NO ESPECIFICADA,ARMA_FUEGO
2026-04-27 23:23:00,10016155223,RODRIGUEZ PEÑA y Teodoro Bronzini,VIOLENCIA,POR RAZONES DE GENERO,"LLAMANTE REFIERE QUE UNA AMIGA LE ESTA MANDANDO MSJS QUE LA EX PAREJA LA ESTA AGREDIENDO EN EL DLIO, ELLA SE LLAMA GUILLERMINA STANTELA Y EL, MAURICIO ANDRES COSTA, ELLA ESTA HERIDA LE ROMPIO EL TABIQUE, HAY MENORES EN EL LUGAR, TENIA UN ARMA DE FUEGO.",GENERAL PUEYRREDON,,-379974109985.0,-575887059992.0,NEGATIVO,"AYUDANTE DE SEGUNDA  PEDROSO DE PREFECTURA INFORMA SRA  STANTELA GUILLERMINA ESTABA DURMIENDO NO TIENE LESIONES A LA VISTA , NEGATIVO VIOLENCIA DE GENERO ",-37.9974109985,-57.5887059992,2026,4,April,27,23,0,Lunes,False,Noche (18-24),[],,OTRA / NO ESPECIFICADA,ARMA_FUEGO
2026-04-27 23:26:00,10016155227,TIERRA DEL FUEGO y AVELLANEDA ,VIOLENCIA,POR RAZONES DE GENERO,"LLAMA POR QUE SU VECINA FUE AGREDIDA POR EL EXMARIDO. LA MISMA PRESENTA SU ROSTRO TODO ENSANGRENTADO.  APORTA ESTA DENTRO DEL DPTO CON LOS HIJOS QUE ESTNA LLORANDO. MIENTRAS EL AGRESOR ESTA ABAJO DE LA ESCALERA DROGANDOSA. SE TRATA DE MAURICIO ANDRES COSTA, EL MISMO TIENE PROBLEMAS DE ADICCION.  APORTA QUE ESTA MUNIDO DE UN ARMA DE FUEGO QUE LLEVA EN SU CINTURA.    ",GENERAL PUEYRREDON,,,,Telefonía Fija/Móvil,0,,,2026,4,April,27,23,0,Lunes,False,Noche (18-24),[],,OTRA / NO ESPECIFICADA,ARMA_FUEGO
2026-04-28 06:38:00,10016155728,FORMOSA al 5157,ROBO,VÍA PÚBLICA,"REFIERE UQE LE ROBARON A SU NOVIA EN LA PUERTA, BAJO UN MASCULINO DE UN AUTO CHIQUITO OSCURO, LE PEGO UN CON UN ARMA DE FUEGO EN LA CABEZA, TIENE UN TAJO, LE ROBO LA MOCHILA CON PERTENENCIAS, SE VAN POR FORMOSA DERECHO HACIA EL MATADERO, NO TIENE DATOS DEL VEHICULO ",GENERAL PUEYRREDON,MAR DEL PLATA,-38003921266171.0,-57586923345809.0,POSITIVO,34835 INF SRA CABRERA EMILCE LE LLEVAN UNA MOCHILA CON ROPA PERDUMES Y CELULAR NO REQUIERE ASISTENCIA MEDICA INVITADA A RADICAR. DOS MASCULINOS EN AUTO CHICO  ,-38.003921266171,-57.586923345809,2026,4,April,28,6,1,Martes,False,Mañana (06-12),[],,OTRA / NO ESPECIFICADA,ARMA_FUEGO
2026-04-28 07:23:00,10016155767,JOVELLANOS al 577,SOSPECHOSOS,PERSONA EXTRAÑA,"LLAMANTE REFIERE QUE HAY UN HOMBRE SOSPECHOSO EN LA CALLE , PARECE QUE TIENE UN ARMA DE FUEGO , VISTE CAMPERA AZUL Y BUZO BOROD, JEANS NEGRO GASTADO TIPO GRIS .- ",GENERAL PUEYRREDON,MAR DEL PLATA,-379558.0,-575824.0,NEGATIVO,INF MOV QUE AL ARRIBO PANORAMA NORMAL - NADIE ENTREVISTA ,-37.9558,-57.5824,2026,4,April,28,7,1,Martes,False,Mañana (06-12),[],,OTRA / NO ESPECIFICADA,ARMA_FUEGO
2026-04-28 08:21:00,10016155860,TOMAS FALKNER al 7721,DROGAS ILÍCITAS,VENTA/ELABORACIÓN,"LLAMANTE REFIERE QUE QUIERE DENUNCIAR VENTA DE DROGA EN UNA CASA YTAMBIEN SALEN A LA VEREDA CUANDO BUSCAN LA DROGA , LA PERSONA QUE VENDE SE LLAMA  LAURA CHAVEZ, COMERCILAIZA  JUNTO CON SUS 7 HIJOS, NO SABE LOS NOMBRES LE DICEN *EL GORDO, EL NEGRO, EL PELADO *  TODOS VIVEN EN EL MISMO LUGAR, VENDE COCAINA Y MARIHUANA. DURANTE TODO EL DIA Y TODA LA NOCHE- SE MANEJAN A PIE, ESTAN ARMADOS CON ARMA DE FUEGO Y ARMA BLANCA. ",GENERAL PUEYRREDON,MAR DEL PLATA,-37958870881696.0,-57586750543492.0,VSup,0,-37.958870881696,-57.586750543492,2026,4,April,28,8,1,Martes,False,Mañana (06-12),[],,OTRA / NO ESPECIFICADA,ARMA_FUEGO
2026-04-29 12:59:00,10016159679,ALVARADO y Teodoro Bronzini,DROGAS ILÍCITAS,VENTA/ELABORACIÓN,"LLAMANTE REFIERE QUE VENDEN DROGAS EN DONDE ESTAN LAS TORRES, EN LA ESQUINA, SON 6 O 7 PERSONAS, NO APORTA NOMBRES, ENTRE HOMBRES Y MUJERES QUE TAMBIEN ANDAN ROBANDO MOTOS Y BICCILETAS. ELLOS  ANDAN EN MOTOS ROJAS Y NEGRAS XR O ECONO POWER DE DIFERENTES CILINDRADAS COMO 90, 250 Y 150. LLAMANTE REFIERE QUE CUANDO LES PAGAN, ALGUNO DE ELLOS INGRESA A LA TORRE, NO APORTA QUE PISO, PERO SALE DE ALLI CON MARIHUANA Y SE LA ENTREGA A QUIEN PAGO. VENDEN MARIHUANA Y COCAINA. ANDAN ARMADOS CON ARMA DE FUEGO Y ARMAS BLANCAS. ROBAN BICICLETAS TAMBIEN A QUIENES VAN. AHORA NO HAY EMERGENCIA. ",GENERAL PUEYRREDON,MAR DEL PLATA,-379935609985.0,-575875639992.0,REDERIVADO,DDI MAR DEL PLATA,-37.9935609985,-57.5875639992,2026,4,April,29,12,2,Miércoles,False,Tarde (12-18),[],,OTRA / NO ESPECIFICADA,ARMA_FUEGO
2026-04-29 13:14:00,10016159717,ALVARADO y Teodoro Bronzini,DROGAS ILÍCITAS,VENTA/ELABORACIÓN,"LLAMANTE REFIERE QUE VENDEN DROGAS EN DONDE ESTAN LAS TORRES, EN LA ESQUINA, SON 6 O 7 PERSONAS, NO APORTA NOMBRES, ENTRE HOMBRES Y MUJERES QUE TAMBIEN ANDAN ROBANDO MOTOS Y BICCILETAS. ELLOS  ANDAN EN MOTOS ROJAS Y NEGRAS XR O ECONO POWER DE DIFERENTES CILINDRADAS COMO 90, 250 Y 150. LLAMANTE REFIERE QUE CUANDO LES PAGAN, ALGUNO DE ELLOS INGRESA A LA TORRE, NO APORTA QUE PISO, PERO SALE DE ALLI CON MARIHUANA Y SE LA ENTREGA A QUIEN PAGO. VENDEN MARIHUANA Y COCAINA. ANDAN ARMADOS CON ARMA DE FUEGO Y ARMAS BLANCAS. ROBAN BICICLETAS TAMBIEN A QUIENES VAN. AHORA NO HAY EMERGENCIA. ",GENERAL PUEYRREDON,MAR DEL PLATA,-379935609985.0,-575875639992.0,REDERIVADO,0,-37.9935609985,-57.5875639992,2026,4,April,29,13,2,Miércoles,False,Tarde (12-18),[],,OTRA / NO ESPECIFICADA,ARMA_FUEGO
2026-04-29 16:20:00,10016160193,CHACABUCO al 5188,SOSPECHOSOS,PERSONA EXTRAÑA,"CCA QUE HAY UNA CHICA  ARMADA EN LA VIA PUBLICA  ESTA CON UN ARMA DE FUEGO EN LA CINTURA, CON UN ARMA CALIBRE 9 VESTIDA CAMPERA NEGRA  30 AÑOS APROX, REFIERE QUE LA CONOCE ES UNA VECINA",GENERAL PUEYRREDON,MAR DEL PLATA,-379789.0,-575671.0,NEGATIVO,"34840 EN EL LUGAR INFROMA QUE NEGATIVO FEMENINA, DCTE POR TELEFONO  NO DESEA ENTREVISTAR ",-37.9789,-57.5671,2026,4,April,29,16,2,Miércoles,False,Tarde (12-18),[],,OTRA / NO ESPECIFICADA,ARMA_FUEGO
2026-04-29 17:59:00,10016160473,JOSE MARIA CALAZA al 2791,CARTA ORIGINAL,SIN PRIORIDAD,"REFIERE QUE , QUIERE DEJAR ASENTADO UNA INFORMACION POR EL CASO DEL CHICO QUE FUE BALEADO CON 3 DISPAROS DE ARMA DE FUEGO . __ LA LLAMANTE MENCIONA QUE LO ESTAN INCULPANDO A SU HIJO QUE ESTA TRANSCURRIENDO UN ARREDTO DOMICILIARIO , EL SE LLAMA JIMENEZ TOMAS EZEQUIEL DE 24 AÑOS , ES ACUSADO POR SU TIOMAXIMILIANO SUAREZ  QUE SE ENCUENTRA DETENIDO TAMBIEN PERO EN LA UNIDAD 44 O 15 NO SABE BIEN EN CUAL , QUE LA LLAMANTE DEJA CLARO QUE NO TIENE MUCHO CONTACTO CON LOS FAMILIARES DEL PADRE DE SU HIJO__EL CUAL SE CORRIO UN RUMOR QUE SU HIJO JIMENEZ EZEQUIEL FUE EL QUE LE DIO UN REVOLVER A EL TAL SANTI PARA BALEAR A LA VICTIMA .__ESTO SUCEDIO EN LA CASA DE LA VICTIMA, EN CORONEL GORREGO  DONDE TAMBIEN VIVE EL PRIMO DE JIMENEZ QUE SON FAMILIARES DEL EX DE LA LLAMANTE CACHO SUARES   ,__ EL HECHO SUCEDIO CUANDO LA VICTIMA FUE A CASCOTEAR LA CASA ,COMENZANDO LA CONFRONTACION ,  __QUE LA LLAMANTE QUIERE DEJAR ASENTADO EN UNA DENUNCIA FORMAL , SE LE SUGIERE QUE SE ACERQUE A LA COMISARIA MAS CERCANA AL DOMICILIO .- ____",GENERAL PUEYRREDON,MAR DEL PLATA,-37981223620414.0,-57607321079854.0,Telefonía Fija/Móvil,0,-37.981223620414,-57.607321079854,2026,4,April,29,17,2,Miércoles,False,Tarde (12-18),[],,OTRA / NO ESPECIFICADA,ARMA_FUEGO
2026-04-29 18:19:00,10016160541,JOSE MARIA CALAZA al 2791,PEDIDO GENERICO DE AUXILIO,PGA,"REFIERE QUE , QUIERE DEJAR ASENTADO UNA INFORMACION POR EL CASO DEL CHICO QUE FUE BALEADO CON 3 DISPAROS DE ARMA DE FUEGO . __ LA LLAMANTE MENCIONA QUE LO ESTAN INCULPANDO A SU HIJO QUE ESTA TRANSCURRIENDO UN ARREDTO DOMICILIARIO , EL SE LLAMA JIMENEZ TOMAS EZEQUIEL DE 24 AÑOS , ES ACUSADO POR SU TIOMAXIMILIANO SUAREZ  QUE SE ENCUENTRA DETENIDO TAMBIEN PERO EN LA UNIDAD 44 O 15 NO SABE BIEN EN CUAL , QUE LA LLAMANTE DEJA CLARO QUE NO TIENE MUCHO CONTACTO CON LOS FAMILIARES DEL PADRE DE SU HIJO__",GENERAL PUEYRREDON,MAR DEL PLATA,-379812236204.0,-576073210799.0,Telefonía Fija/Móvil,0,-37.9812236204,-57.6073210799,2026,4,April,29,18,2,Miércoles,False,Noche (18-24),[],,OTRA / NO ESPECIFICADA,ARMA_FUEGO
2026-04-29 20:07:00,10016160938,JURAMENTO al 3012,ROBO AUTOMOTOR,MOTOS,"__LLAMANTE MENCIONA QUE ROBARON UNA MOTO COLOR NEGRA, NO APORTA MAS DATOS LOS AUTORES SON DOS MASCULINOS ESTABAN CON ARMA DE FUEGO, NO HAY HERIDOS, SE MOVILIZABAN EN UNA MOTO MOTO ZANELLA CC110 COLOR NEGRA, NO APORTA MAS DATOS Y CORTA LA LLAMADA ",GENERAL PUEYRREDON,MAR DEL PLATA,-380542.0,-575766.0,NEGATIVO,ENTREVISTADA  FEREIRA YAMILA ESTABA COMPRANDO DOS MASC SUPUESTAMENTE AMENAZAN CON UN ARMA Y SE LE LLEVAN  MOTO ZANELLA CC110 COLOR NEGRA NO RECUERDA DATO DE LA MISMA LA CUÑADA SE DIRIGE A CRIA A RADICAR CON DOCUMENTACION ,-38.0542,-57.5766,2026,4,April,29,20,2,Miércoles,False,Noche (18-24),[],,ZANELLA,ARMA_FUEGO
2026-04-29 23:34:00,10016161575,GENOVA al 8000,ROBO,VÍA PÚBLICA,"LLAMANTE REFIERE QUE LLEGO SU HIJO DICIENDO QUE LE ROBARON EL CELULAR EN LA CALLE, ERA UN VW BLANCO ACHATADO DE 4 PUERTAS, CREE QUE DEBE SER UN GOL, ERAN DOS PERSONAS A BORDO, UNO SE BAJO, PETISO, APROX 1.60, TENIA UNA VISERA CURVA AZUL, CAMPERA DEPORTIVA AZUL CON ROJA Y UN ARMA DE FUEGO, INDICA QUE APARENTEMENTE ESTAN BUSCANDO A UNA PERSONA PUNTUAL PARA ROBARLE. NO ERA SU HIJO EL OBJETIVO, PERO AUN ASI LE ROBARON, NO ESTA HERIDO, SE HABRIA IDO PARA POLONIA. NO DESEAN ENTREVISTAR____",GENERAL PUEYRREDON,MAR DEL PLATA,-38025640395345.0,-57603950303395.0,NEGATIVO,30514 INFORMA TIEMPO PRUDENCIAL SIRENA BALIZA NADIE ENTREVISTA ,-38.025640395345,-57.603950303395,2026,4,April,29,23,2,Miércoles,False,Noche (18-24),[],,OTRA / NO ESPECIFICADA,ARMA_FUEGO
2026-04-30 01:48:00,10016161849,MAGALLANES al 11421,DISPAROS,DISPAROS,"LLAMANTE INFORMA ESCUCHO TRES DETONACIONES DE ARMA DE FUEGO Y ESCUCHO  AMENAZAS DE UN MASCULINO, HACIA OTRO, CREE QUE LE QUIEREN ROBAR, NO SABE OS HAY HERIDOS, NO VE NADA, NO SABE MAS DATOS",GENERAL PUEYRREDON,MAR DEL PLATA,-37989679464945.0,-57618376784813.0,NEGATIVO,MOVIL 30350 INFORMA AL ARRIBO Y EN AMPLIA RECORRIDA EN ZONA NEGATIVO DETONACIONES NI MASCULINOS  NADIE ENTREVISTA CON EL PERSONAL PANORAMA NORMAL,-37.989679464945,-57.618376784813,2026,4,April,30,1,3,Jueves,False,Madrugada (00-06),[],,OTRA / NO ESPECIFICADA,ARMA_FUEGO
2026-04-30 02:21:00,10016161885,MARTINEZ ZUVIRIA y Av Constitucion,CARTA ORIGINAL,SIN PRIORIDAD,"LLAMANTE REFIERE QUE VENDEN DROGA, DENTRO DEL DOMICILIO, VENDEN DESDE EL 2001, VENDEN COCAINA, ESTAN ARMADOS, ANDAN A PIE,  UNO SE LLAMA  GUILLERMO CARMONA, ES FLACO DE PELO RAPADO, Y EL HERMANO ES MAS ALTO , RAPADO , SE LLAMA GUSTAVO CARMONA,____ LLAMANTE REFIERE QUE TAMBIEN ESTAS PERSONAS ROBAN MOTOS Y LAS DESARMAN, SON MOTOS DE CROSS, 250CC , VENDEN DESDE LAS 12 DEL MEDIODIA  ALAS 20 HS __________LLAMANTE REFIERE QUE VENDEN DROGA, COCAINA, EN LA CALLE ZUVIRIA MANO INPAR, ENTRE CONCEPCION ARENAL, Y LOPEZ DE GOMARA EN UN COMVENTILLO DE 3 PISOS, VENDEN EN TODOS LOS PISOS, VENDEN DEDE LAS 20 A LAS 3 AM, DENTRO DEL DOMICILIO, ESTAN ARMADOS CON ARMA DE FUEGO Y ARMAS BLANCAS, EL DOMICILIO PERTENECE A DOS HERMANOS, GUSTAVO Y GUILLERMO CARMONA, SE MUEVEN EN UN PEUGEOT ROJO, CON VIDRIOS POLARIZADOS, SIMPRE PEUGEOT, LE DICEN LOS ROJOS, ANDAN CON 9 MM, ______LLAMANTE REFIERE QUE  VENDEN DROGA EN LOPEZ DE GOMARA ENTRE CARBALLO Y TORRE VERA DE ARAGON, MANO IMPAR, ES UN CHALET CON REJAS VERDES, TEJAS, VIVE UN SEÑOR LLAMADO JORGE CARMONA , VENDE CON LA MUJER, VENDEN COCAINA, AHI GUARDAN COCAINA PARA DESPUES DISTRIBUIRLA, Y EN FRENTE UNA CASA DE LOZA CON REJAS, VIVE LA HIJA, QUE ES RUBIA DE TEZ BLANCA, ES UN UMBANDA,  VENDEN CON EL MARIDO, MARIHUANA, VENDEN DESDE LAS 17 HS HASTA LAS 22 HS, VENDEN DENTRO DEL DOMICILIO, ESTAN ARMADOS CON ARMAS BLANCAS, Y ARMAS DE FUEGO, SE MUEVEN EN PEUGEOT ROJO POLARIZADO, HAY OTRO GUSTAVO CARMONA QUE LE LLEVA LAS CUENTAS DE LA DROGA, ES DE 1,75 METROS DE ALTURA, PELO COLORADO DE RULOS,  DE UNOS 80 KILOS ______LLAMANTE REFIERE QUE  CONCEPCION ARENAL 6353 ENTRE GORRITI Y UNAMUNUI, EN TODA LA CUADRA HAY VARIOS BUNKERS, VENDEN COCAINA , EN EL DOMICILIO, PASILLO AL FONDO , LADRILLO HUECO A LA VISTA, VNENDE DESDE EL AÑO 1997, VENDEN DENTRO DEL DOMICILIO, ESTAN ARMADOS, CON 22 Y 32 REVOLVERES, SE MUEVEN EN EN AUTO PEUGEOT 205 , RENAULT 12 , SE LLAMA JORGE CARMONA, ______EN LA CALLE CORONEL SUAREZ 273 ENTRE FRENCH Y BRANDSEN MANO PAR, VENDEN BOLSITAS DE COCAINA  A 5000 PESOS, BARRIO MALVINAS ARGENTINA, TIENE REJA AMARILLA CON DOS VENTANAS DE DOS HOAS DE MADERA, VENDEN TODO EL DIA, VENDEN HACE DOS AÑOS, NO SABE COMO SE LLAMAN, ANDAN ARMADOS, ESOCNDEN LAS FACAS EN LA ESQUINA ENTRE LOS ARBOLES, ANDAN EN MOTO CILINDRADA 90 CC, COLOR AZUL, GRIS, ________LLAMANTE REFIERE QUE  VENDEN DROGA EN REJON 7832 ENTRE RISIUTO Y 190 MANO PAR,  VENDEN COCAINA A 3000 PESOS EL CUARTO DE MEDIO GRAMO, VENDEN DENTRO DEL DOMICILIO, SON MUJERES, LE DICEN LAS SOBRINAS DEL GAMBA, VENDEN HACE 2 AÑOS, ESTARIAN ARMADAS , SE MUEVEN CON CARRO Y A CABALLO, ________LLAMANTE REFIERE QUE  EN CALLE 200 ENTRE BERUTTI Y FRENCH MANO IMPAR DE LA CALLE 200 , ES UN ALMACEN , QUE VENDEN COCAINA, DESDE LAS 22 A LAS 3 AM, BOLSITAS DE A 5000 PESOS, ESTARIAN ARMADOS, VENDEN DENTRO DEL ALMACEN POR LA REJA, NO SABE COMO SE LLAMAN, VENDEN HACE DOS AÑOS, NO SABE EN QUE SE MUEVEN, CIERRAN CON UN PORTON NEGRO LA CASA, ________LLAMANTE REFIERE QUE  EN LA CALLE 196 ENTRE FRENCH Y BRANDSEN EN LA HELADERIA POR 196 BARRIO MALVINAS ARGENTINA,MANO PAR ,  VENDEN COCAINA , SE LLAMA CARLOTA COPELLO,LE DICEN CARA APLASTADA, VEDNEN DESDE EL 2002, VENDEN DENTRO DEL DOMICILIO,ESTA  ARMADA, ES MUY PELIGROSA, NO SALE DE LA CASA , VENDEN DESDE LAS 11 A LAS 17 HS, ______ [Id.Remoto: 10016161885]",GENERAL PUEYRREDON,MAR DEL PLATA,-379572749985.0,-575723079992.0,Telefonía Fija/Móvil,0,-37.9572749985,-57.5723079992,2026,4,April,30,2,3,Jueves,False,Madrugada (00-06),[],,RENAULT,ARMA_FUEGO
2026-04-30 02:58:00,10016161928,MARTINEZ ZUVIRIA y Av Constitucion,DROGAS ILÍCITAS,VENTA/ELABORACIÓN,"LLAMANTE REFIERE QUE VENDEN DROGA, DENTRO DEL DOMICILIO, VENDEN DESDE EL 2001, VENDEN COCAINA, ESTAN ARMADOS, ANDAN A PIE,  UNO SE LLAMA  GUILLERMO CARMONA, ES FLACO DE PELO RAPADO, Y EL HERMANO ES MAS ALTO , RAPADO , SE LLAMA GUSTAVO CARMONA,____ LLAMANTE REFIERE QUE TAMBIEN ESTAS PERSONAS ROBAN MOTOS Y LAS DESARMAN, SON MOTOS DE CROSS, 250CC , VENDEN DESDE LAS 12 DEL MEDIODIA  ALAS 20 HS __________LLAMANTE REFIERE QUE VENDEN DROGA, COCAINA, EN LA CALLE ZUVIRIA MANO INPAR, ENTRE CONCEPCION ARENAL, Y LOPEZ DE GOMARA EN UN COMVENTILLO DE 3 PISOS, VENDEN EN TODOS LOS PISOS, VENDEN DEDE LAS 20 A LAS 3 AM, DENTRO DEL DOMICILIO, ESTAN ARMADOS CON ARMA DE FUEGO Y ARMAS BLANCAS, EL DOMICILIO PERTENECE A DOS HERMANOS, GUSTAVO Y GUILLERMO CARMONA, SE MUEVEN EN UN PEUGEOT ROJO, CON VIDRIOS POLARIZADOS, SIMPRE PEUGEOT, LE DICEN LOS ROJOS, ANDAN CON 9 MM, ______LLAMANTE REFIERE QUE  VENDEN DROGA EN LOPEZ DE GOMARA ENTRE CARBALLO Y TORRE VERA DE ARAGON, MANO IMPAR, ES UN CHALET CON REJAS VERDES, TEJAS, VIVE UN SEÑOR LLAMADO JORGE CARMONA , VENDE CON LA MUJER, VENDEN COCAINA, AHI GUARDAN COCAINA PARA DESPUES DISTRIBUIRLA, Y EN FRENTE UNA CASA DE LOZA CON REJAS, VIVE LA HIJA, QUE ES RUBIA DE TEZ BLANCA, ES UN UMBANDA,  VENDEN CON EL MARIDO, MARIHUANA, VENDEN DESDE LAS 17 HS HASTA LAS 22 HS, VENDEN DENTRO DEL DOMICILIO, ESTAN ARMADOS CON ARMAS BLANCAS, Y ARMAS DE FUEGO, SE MUEVEN EN PEUGEOT ROJO POLARIZADO, HAY OTRO GUSTAVO CARMONA QUE LE LLEVA LAS CUENTAS DE LA DROGA, ES DE 1,75 METROS DE ALTURA, PELO COLORADO DE RULOS,  DE UNOS 80 KILOS ______LLAMANTE REFIERE QUE  CONCEPCION ARENAL 6353 ENTRE GORRITI Y UNAMUNUI, EN TODA LA CUADRA HAY VARIOS BUNKERS, VENDEN COCAINA , EN EL DOMICILIO, PASILLO AL FONDO , LADRILLO HUECO A LA VISTA, VNENDE DESDE EL AÑO 1997, VENDEN DENTRO DEL DOMICILIO, ESTAN ARMADOS, CON 22 Y 32 REVOLVERES, SE MUEVEN EN EN AUTO PEUGEOT 205 , RENAULT 12 , SE LLAMA JORGE CARMONA, ______EN LA CALLE CORONEL SUAREZ 273 ENTRE FRENCH Y BRANDSEN MANO PAR, VENDEN BOLSITAS DE COCAINA  A 5000 PESOS, BARRIO MALVINAS ARGENTINA, TIENE REJA AMARILLA CON DOS VENTANAS DE DOS HOAS DE MADERA, VENDEN TODO EL DIA, VENDEN HACE DOS AÑOS, NO SABE COMO SE LLAMAN, ANDAN ARMADOS, ESOCNDEN LAS FACAS EN LA ESQUINA ENTRE LOS ARBOLES, ANDAN EN MOTO CILINDRADA 90 CC, COLOR AZUL, GRIS, ________LLAMANTE REFIERE QUE  VENDEN DROGA EN REJON 7832 ENTRE RISIUTO Y 190 MANO PAR,  VENDEN COCAINA A 3000 PESOS EL CUARTO DE MEDIO GRAMO, VENDEN DENTRO DEL DOMICILIO, SON MUJERES, LE DICEN LAS SOBRINAS DEL GAMBA, VENDEN HACE 2 AÑOS, ESTARIAN ARMADAS , SE MUEVEN CON CARRO Y A CABALLO, ________LLAMANTE REFIERE QUE  EN CALLE 200 ENTRE BERUTTI Y FRENCH MANO IMPAR DE LA CALLE 200 , ES UN ALMACEN , QUE VENDEN COCAINA, DESDE LAS 22 A LAS 3 AM, BOLSITAS DE A 5000 PESOS, ESTARIAN ARMADOS, VENDEN DENTRO DEL ALMACEN POR LA REJA, NO SABE COMO SE LLAMAN, VENDEN HACE DOS AÑOS, NO SABE EN QUE SE MUEVEN, CIERRAN CON UN PORTON NEGRO LA CASA, ________LLAMANTE REFIERE QUE  EN LA CALLE 196 ENTRE FRENCH Y BRANDSEN EN LA HELADERIA POR 196 BARRIO MALVINAS ARGENTINA,MANO PAR ,  VENDEN COCAINA , SE LLAMA CARLOTA COPELLO,LE DICEN CARA APLASTADA, VEDNEN DESDE EL 2002, VENDEN DENTRO DEL DOMICILIO,ESTA  ARMADA, ES MUY PELIGROSA, NO SALE DE LA CASA , VENDEN DESDE LAS 11 A LAS 17 HS, ______",GENERAL PUEYRREDON,MAR DEL PLATA,-379572749985.0,-575723079992.0,V ACC-MC,0,-37.9572749985,-57.5723079992,2026,4,April,30,2,3,Jueves,False,Madrugada (00-06),[],,RENAULT,ARMA_FUEGO
2026-04-30 10:20:00,10016162473,ETCHEGARAY,PEDIDO GENERICO DE AUXILIO,PGA,SGTO CUEVAS INFORMA SE HACE PREESENTE UN MASCULINO CON HERIDA DE ARMA DE FUEGO A LA ALTURA DEL TORAX NAHUEL LAGUL CON HERIDA DE ARMA DE FUEGO,GENERAL PUEYRREDON,,-379700779985.0,-576137399992.0,POSITIVO,"PERSONAL INFORMA MASCULINO ARRIBA AL NOSOCOMIO LOCAL CONSIENTE CON HERIDA EN EL OMOPLATO DE ENTRADA Y SALIDA  , DRA MANDARAGAN UFI 4 SE REALIZAN ACTUACIONES ",-37.9700779985,-57.6137399992,2026,4,April,30,10,3,Jueves,False,Mañana (06-12),[],,OTRA / NO ESPECIFICADA,ARMA_FUEGO
2026-04-30 19:57:00,10016164160,EDUARDO CARASA y Martinez De Hoz Bis,VIOLENCIA,NO FAMILIAR,EL LLAMANTE REFIERE QUE  HAY UN MASCULINO CON UN ARMA DE FUEGO. TIENE CAMPERA BLANCA. NO HAY HERIDOS. SE PELEABA CON UNOS CHICOS. ESTA DANDO VUELTAS EN LA ESCUELA. ,GENERAL PUEYRREDON,MAR DEL PLATA,-380166179985.0,-576064649992.0,NEGATIVO,"MOVIL INFORMA QUE EN LA AMPLIA RECORRIDA EL PANORAMA ES NORMAL, NADIE ENTREVISTA CON EL PERSONAL POLICIAL, MISMO SIGUE EN RECORRIDA.",-38.0166179985,-57.6064649992,2026,4,April,30,19,3,Jueves,False,Noche (18-24),[],,OTRA / NO ESPECIFICADA,ARMA_FUEGO
2026-04-30 20:17:00,10016164223,CAYETANO DAGLIO al 3272,DROGAS ILÍCITAS,VENTA/ELABORACIÓN,LLAMANTE REFIERE QUE EN ESTE LUGAR VENDEN COCAINA DESDE LAS 00  ELMASCULINO SE LLAMA RICARDO TIENE ARMA DE FUEGO Y BLANCA NO SABE SI TIENE VEHICULO.- ____BARRIO AEROPARQUE  CALLE 198 E / STORNI Y ALICE  MANO PAR CASA CON LIBUSTRINA Y LADRILLOS HUECO A LA VISTA.- ADENTRO DE LOS LADRILLOS GUARDAN LA COCAINA.- EN ESTE LUGAR VENDE PABLO RIOS VENDEN CON LA ESPOSA  Y LOS HIJOS MAYORES DESCONOCE EL NOMBRE ESTAN ARMADOS.- CIRCULAN UNA MOTO ECONOPOWER 90 CC- VENDEN DESDE LAS 19 HASTA LAS 03 AM ,GENERAL PUEYRREDON,MAR DEL PLATA,-37944245470251.0,-5754520452191.0,VSup,0,-37.944245470251,-57.54520452191,2026,4,April,30,20,3,Jueves,False,Noche (18-24),[],,OTRA / NO ESPECIFICADA,ARMA_FUEGO
2026-05-01 02:40:00,10016165295,AVELLANEDA al 5600,VIOLENCIA,POR RAZONES DE GENERO,"LLAMANTE REFIERE QUE LA LLAMO LA AMIGA QUE LA EX PAREJA LA ESTA  AGREDIENDO FISICAMENTE, ESTA ARMADO CON ARMA DE FUEGO, TIENE BUZO GRIS , EL MISMO SE LLAMA MAURICIO ANDRES COSTAS, ELLA ESTA LASTIMADA, LE QUEBRO EL TABIQUE, LE CUESTA RESPIRAR, TIENE 36 AÑOS, SE LLAMA GUILLERMINA  ESTAMPELLA ",GENERAL PUEYRREDON,,,,NEGATIVO,"CABO PRIMERO ULLUA INF ENTREVISTADA FEMENINA ESTAMPELLA, MISMA SE ENCUENTRA BIEN, NEG LESIONES",,,2026,5,May,1,2,4,Viernes,False,Madrugada (00-06),[],,OTRA / NO ESPECIFICADA,ARMA_FUEGO
2026-05-01 19:18:00,10016167455,BESTOSO al 6196,VIOLENCIA,POR RAZONES DE GENERO,"__LLAMANTE MENCIONA QUE EL NOVIO DE SU MADRE ESTA HOSTIGANDOLAS A ELLA Y A LA ABUELA, LA MADRE YA LLAMO RECIEN POR UNA SIITUACION  DE VIOLENCIA EN LA VIA PUBLICA POR PARTE DE ÉL. LA MADRE AHORA SE ENCUENTA A RESGUARDO PERO EL MASCULINO ESTA EN LA CALLE QUE APORTA, PIDIENDO INFORMACION DEL PARADERO DE LA MADRE, PUEDE ESTAR CON ARMA DE FUEGO, LA LLAMANTE INDICA QUE HUBO UN ALLLANAMIENTO ANTES POR POSESION DE ARMAS ILEGALES POR PARTE DE ÉL. ELLA TAMBIEN CONFIRMA QUE PUEDEN ENTREVISTARSE CON EL PERSONAL POLICIAL ",GENERAL PUEYRREDON,MAR DEL PLATA,-38039480843315.0,-57590722876103.0,NEGATIVO,"30920 SRA SIFRAN NAHIARA . ESTABA EL MASCULINO AFUERA HABIA IDO A BUSCAR UNA LLAVE DE UN DEPOSITO FUENTES ALEXIS, RETIRA LAS LLAVES Y SE VA DEL LUGAR ",-38.039480843315,-57.590722876103,2026,5,May,1,19,4,Viernes,False,Noche (18-24),[],,OTRA / NO ESPECIFICADA,ARMA_FUEGO
2026-05-02 13:22:00,10016170164,AGUSTIN VILERT al 12100,SOSPECHOSOS,EN VEHÍCULO,"REFIERE   2 FEM Y 4 MASC  ENTRE 16/18 AÑOS  NOMBRE  APELLIDOS APODO IGNORA, ESTAN LLEVANDO MOTOS  DE ALTA CILINDRADA, CARAS   ROBADAS DEL CENTRO LAS INGRESARON AL DOMICILIO APORTADO  Y LES  ESTAN SACANDO LOS CAJONES,__LAS  USARON EN  LA PLAZA  AHORA ESTAN DENTRO DE LA  VIVIENDA    Y EN  LA VEREDA CON UNA DE LAS MOTOS, GRIS OSCURA MARCA PATENTE IGNORA__ARMADOS CON ARMA DE FUEGO.- ",GENERAL PUEYRREDON,,-379517647637.0,-576428908051.0,NEGATIVO,29150 IFNORMA NEGA A LA RECORRIDA ,-37.9517647637,-57.6428908051,2026,5,May,2,13,5,Sábado,True,Tarde (12-18),[],,OTRA / NO ESPECIFICADA,ARMA_FUEGO
2026-05-02 20:10:00,10016171329,QUINTANA al 3858,ROBO,VÍA PÚBLICA,VEN POR CAMARA DE SEGURIDAD VEN A UN MASCULINO QUE APUNTA CON UN ARMA DE FUEGO A 3 AGREDIDOS. LOS INGRESA A UN PASILLO DE EDIFICIO DE LADRILLO A LA VISTA SITOS A MITAD DE CUADRA. ,GENERAL PUEYRREDON,MAR DEL PLATA,-38009024687722.0,-57572489622021.0,NEGATIVO,"INF MOV 34844 EN EL LUGAR NADIE ENTREVISTA CON EL MOVIL POLICIAL REFIERE PANORAMA NORMAL, NEGATIVO GENTE ARMADA EN EL LUGAR",-38.009024687722,-57.572489622021,2026,5,May,2,20,5,Sábado,True,Noche (18-24),[],,OTRA / NO ESPECIFICADA,ARMA_FUEGO
2026-05-02 22:13:00,10016171673,HIPOLITO YRIGOYEN y San Martin,VIOLENCIA,NO FAMILIAR,LLAMANTE REFIERE QUE HAY AL MENOS 9 PERSONAS AGRESIVAS __AGREGA QUE UNO DE LOS PRESENTES PORTA UN ARMA DE FUEGO__DESCONOCE HERIDOS  __,GENERAL PUEYRREDON,MAR DEL PLATA,-37997943403.0,-575498971265.0,NEGATIVO,"INF MOV 34840 REFIERE EN EL LUGAR NADIE ENTREVISTA CON EL MOVIL POLICIAL, NEGATIVO LOS SOSPECHOSOS APORTADOS, NEGATIVO CONFONTACION O DISTURBIOS",-37.997943403,-57.5498971265,2026,5,May,2,22,5,Sábado,True,Noche (18-24),[],,OTRA / NO ESPECIFICADA,ARMA_FUEGO
2026-05-03 01:22:00,10016172155,CHACO al 1900,CARTA ORIGINAL,CON PRIORIDAD,"LLAMANTE REFIERE QUE VENDEN DROGA EN UN PASILLO TODOS LOS DIAS, TODO TIPO DE DROGAS, ENTRAN  Y SALEN, NO SABE QUIENES SON  NI CUANTOS, HAY JOVENES DE 17 Y 18 AÑOS JUNTOS  UN SEÑOR MAYOR QUE VENDEN, SALEN EN MOTO N O SABE MARCA MODELO O COLOR. TIENEN ARMA DE FUEGO.- ______LLAMANTE REFIERE QUE UNOS MASCULINOS  GOLPEARON A OTRO CON UNA PISTOLA, EL CHICO ESTA CONSCIENTE PERO SE FUE. LOS AGRESORES SIGUEN EN EL LUGAR, ESTAN FUERA DEL PASILLO.- ",GENERAL PUEYRREDON,MAR DEL PLATA,-379918523089.0,-575663096072.0,Analizado por ACC-MC,0,-37.9918523089,-57.5663096072,2026,5,May,3,1,6,Domingo,True,Madrugada (00-06),[],,OTRA / NO ESPECIFICADA,ARMA_FUEGO
2026-05-03 01:38:00,10016172196,CHACO al 1900,DROGAS ILÍCITAS,VENTA/ELABORACIÓN,"LLAMANTE REFIERE QUE VENDEN DROGA EN UN PASILLO TODOS LOS DIAS, TODO TIPO DE DROGAS, ENTRAN  Y SALEN, NO SABE QUIENES SON  NI CUANTOS, HAY JOVENES DE 17 Y 18 AÑOS JUNTOS  UN SEÑOR MAYOR QUE VENDEN, SALEN EN MOTO N O SABE MARCA MODELO O COLOR. TIENEN ARMA DE FUEGO.- ______LLAMANTE REFIERE QUE UNOS MASCULINOS  GOLPEARON A OTRO CON UNA PISTOLA, EL CHICO ESTA CONSCIENTE PERO SE FUE. LOS AGRESORES SIGUEN EN EL LUGAR, ESTAN FUERA DEL PASILLO.- ",GENERAL PUEYRREDON,MAR DEL PLATA,-379918523089.0,-575663096072.0,V ACC-MC,0,-37.9918523089,-57.5663096072,2026,5,May,3,1,6,Domingo,True,Madrugada (00-06),[],,OTRA / NO ESPECIFICADA,ARMA_FUEGO
2026-05-03 02:55:00,10016172359,DELLEPIANE y Rosales,VIOLENCIA,NO FAMILIAR,"LLTE REF QUE HAY UNA CORRIDA DE GENTE GRITANDO ENCAPUCHADOS__CON ARMAS EN LAS MANOS , VIERON UN ARMA DE FUEGO__SE PELEAN ENTRE ELLOS .-",GENERAL PUEYRREDON,MAR DEL PLATA,-380318439985.0,-575782599992.0,NEGATIVO,"MOVIL INFORMA QUE EN LA AMPLIA RECORRIDA EL PANORAMA ES NORMAL, NADIE ENTREVISTA CON EL PERSONAL POLICIAL, MISMO SIGUE EN RECORRIDA.",-38.0318439985,-57.5782599992,2026,5,May,3,2,6,Domingo,True,Madrugada (00-06),[],,OTRA / NO ESPECIFICADA,ARMA_FUEGO
2026-05-03 20:34:00,10016174587,PESQUERO QUO VADIS al 3768,VIOLENCIA,FAMILIAR,"LLAMA POR QUE TEMEN POR UNA FEMENINA DE UNOS 70 AÑOS, QUE ESTA SOLA CON SU NIETO AGRESIVO Y MUNIDO DE ARMA DE FUEGO. ES MUY AGRESIVO. VEZ ANTERIOR APUÑALO A ALGUIEN. APORTA QUE ACABAN DE RETIRAR A SU HIJA QUE ESTABA EMBARADA  Y LA RESGAURDAN EN SU DLDIO. PERO LA ANCIANA QUEDO A MERCED DEL SUJETO.  ",GENERAL PUEYRREDON,MAR DEL PLATA,-38068282163471.0,-57572576053379.0,NEGATIVO,30175 INF SRSA BELLOSO ELISA LA SRA ESTA BIEN EL NIETO NO ESTA EN LA CASA INDICADO LOS PASOS A SEGUIR ,-38.068282163471,-57.572576053379,2026,5,May,3,20,6,Domingo,True,Noche (18-24),[],,OTRA / NO ESPECIFICADA,ARMA_FUEGO
2026-05-03 21:51:00,10016174793,ECUADOR al 955,INFORMACION ,INFORMACION,"LLAMA NUEVAMENTE POR    CLAUDIO DANIEL GONZALES, QUE SE OCULTA DENTRO DE LA CASA DELA  HERMANA, JOANA MACIEL, INFORMA ATRAVEZ DE MSJ A UN TERCERO , SE ENTERAN QUE LA MISMA LO TIENE A RESGUARDO EN EL LUGAR,  APORTAN LOS MSJ  QUE EL MISMO TIENE UN DISPARO Y ESTA CON FIEBRE MUY ALTA. QUE  ESTA MUNIDO DE ARMA DE FUEGO.. APORTA QUE HAY MENORES DENTRO DEL DDLIO, TEME POR ELLOS YA QUE EL SUEJTOS ES MUY PELIGROSO.  AGREGA A DEMAS QUE ANTEANOCHE AMENAZO O  A SU SUEGRO Y A LA ESPOSA CON UN ARMA DE FUEGO  Y UN CUCHILLO.  QUE HOY ESCAPO DE LA POLICIA QUE VARIOS MOVILES LO TENIAN RODEADO Y HUYP POR LOS TECHOS.  ES VIOLENTO. TEME TOME A LOS MENORESDE REHEN SI SE VE ACORRALADO, SON SUS SOBRINOS .  SE TRATA DE UNA CASA USURPADA. [Id.Remoto: 10016174793]",GENERAL PUEYRREDON,MAR DEL PLATA,-379582780739.0,-576112168999.0,REDERIVADO,DDI MDP,-37.9582780739,-57.6112168999,2026,5,May,3,21,6,Domingo,True,Noche (18-24),[],,OTRA / NO ESPECIFICADA,ARMA_FUEGO
2026-05-03 22:06:00,10016174831,AV EDISON y Sicilia,ROBO,VÍA PÚBLICA,"LLAMANTE PERSONAL DE VIGILANCIA REFIERE QUE DOS MASCULINOS EN MOTO INTENTARON ROBARLE. ESTABAN ARMADOS. NO HAY HERIDOS. UNO DE LOS AGRESORES ESTA HERIDO DE ARMA DE FUEGO. LOS AGRESORES SE FUERON POR EDISON HACIA EL PUERTO, HACIA 39.",GENERAL PUEYRREDON,MAR DEL PLATA,-380565669984.0,-575663319992.0,JTv,0,-38.0565669984,-57.5663319992,2026,5,May,3,22,6,Domingo,True,Noche (18-24),[],,OTRA / NO ESPECIFICADA,ARMA_FUEGO
2026-05-03 22:41:00,10016174923,AV PEDRO LURO y Catamarca,PEDIDO GENERICO DE AUXILIO,PGA,"LLAMANTE REFIERE QUE HAY UN MASCULINO QUE ES CUSTODIA SE PELEA CON DOS PERSONAS SACO UN ARMA DE FUEGO. TIENE BORCEGOS  Y PANTALON TACTICO GRIS,     VIA PUBLICA. DISCUTE CON DIRECCION A LIBERTAD. NO HERIDOS. ",GENERAL PUEYRREDON,MAR DEL PLATA,-379961001391.0,-57551208692.0,NEGATIVO,34840 INF EN LUGAR ANDIE ENTREVISA RECORRIDA SIN NOVEDAD ,-37.9961001391,-57.551208692,2026,5,May,3,22,6,Domingo,True,Noche (18-24),[],,OTRA / NO ESPECIFICADA,ARMA_FUEGO
2026-05-04 00:03:00,10016175115,LISANDRO DE LA TORRE al 186,CARTA ORIGINAL,CON PRIORIDAD,"LLAMANTE REFIERE QUE  UNA FEMENINA LLAMADA  PAULA MARIA RODRIGUEZ MURANO, TIENE 22 AÑOS  ,CON  ARMA DE FUEGO , SE CORTO LA PULSERA , LA MISMA SE MANTIENE EN EL DOMICILIO__ELLA Y EL PADRE VENDEN DROGA __EL PADRE SE LLAMA JOSE GABRIEL RDRIGUEZ DEL RIO Y ANDA CON MULETAS __VENDE COCAINA __LAS 24 HS DEL DIA __VENDEN EN LA VEREDA __NO APORTA QUE TENGAN MOVILDAD __",GENERAL PUEYRREDON,MAR DEL PLATA,-380196929205.0,-575736006081.0,VSup,0,-38.0196929205,-57.5736006081,2026,5,May,4,0,0,Lunes,False,Madrugada (00-06),[],,OTRA / NO ESPECIFICADA,ARMA_FUEGO
2026-05-04 01:31:00,10016175334,TALCAHUANO al 1516,ROBO,COMERCIO,EN PROCESO__LLAMANTE REFIERE QUE PASO POR EL LUGAR Y VIO QUE ESTABAN ROBANDO EL COMERCIO EN UNA M OTO 110 NEGRA CON ARMA DE FUEGO DOS MASCULINOS- ,GENERAL PUEYRREDON,MAR DEL PLATA,-38033286653791.0,-57578356400625.0,V ACC-MC,0,-38.033286653791,-57.578356400625,2026,5,May,4,1,0,Lunes,False,Madrugada (00-06),[],,OTRA / NO ESPECIFICADA,ARMA_FUEGO
2026-05-04 15:07:00,10016176719,CALLE 50 y Calle 461,INTEGRIDAD A LA VIDA,AMENAZA DE MUERTE,"LLAMANTE CCA QUE HAY UN MASCULINO DE NOMBRE MARCELO VIVAS AMENAZANDO CON ARMA DE FUEGO A LOS VECINOS  - REMERA BLANCA , JEAN NEGRO Y ZAPATILLAS MARRONES OSCURAS ",GENERAL PUEYRREDON,MAR DEL PLATA,-380883729985.0,-576145839992.0,NEGATIVO,MATTIELO AGUSTIN ENTREVISTA REFIERE QUE NEGATIVO MASCULINO ARMADO  EN EL LUGAR,-38.0883729985,-57.6145839992,2026,5,May,4,15,0,Lunes,False,Tarde (12-18),[],,OTRA / NO ESPECIFICADA,ARMA_FUEGO
2026-05-05 06:47:00,10016178802,LOS TALAS y San Francisco De Asis,ROBO,VÍA PÚBLICA,"REFIERE QUE LE ROBARON A UNA CHICA, NO ESTA HERIDA__ERAN 3 MASCULNOS EN CABALLO__SE FUGARON PARA EL LADO DE BELTRAN__TOMA LA LLAMADA FEMENINA QUIEN DICE QUE ESTAN ARMADOS CON ARMA DE FUEGO ",GENERAL PUEYRREDON,MAR DEL PLATA,-379293919984.0,-575480789992.0,NEGATIVO,"INF MOV 29019 REFIERE NEGATIVO LOS SUJETOS APORTADOS EN CARTA DE LLAMADO, NADIE ENTREVISTA CON EL MOVIL POLICIAL. PANORAMA NORMAL, NEGATIVO DISTURBIOS O CONFRONTACION EN EL LUGAR, NEGATIVO EQUINO EN EL LUGAR",-37.9293919984,-57.5480789992,2026,5,May,5,6,1,Martes,False,Mañana (06-12),[],,OTRA / NO ESPECIFICADA,ARMA_FUEGO
2026-05-05 07:42:00,10016178862,25 DE MAYO al 7125,VIOLENCIA,NO FAMILIAR,"REFIERE QUE UN VECINO LE DICE QUE EN LA CASA HAY UN MASCULINO EN UNA MOTO CON UN MASCULINO , UN TAL ROCO, CON UN FIERRO, CON UN ARMA DE FUEGO, NO SABE SI HAY HERIDOS, NI QUE PASA, LE ENVIA MENSAJES LA MUJER DE LA CASA.-  ",GENERAL PUEYRREDON,MAR DEL PLATA,-37974748942759.0,-57590977951979.0,NEGATIVO,"INF MOV 22029 ENTREVISTA CON EL SR TRIGGO EL MISMO REFIERE QUE ESTA DISCUCTIENDO CON UN AMIGO POR EL PAGO DE UNA DEUDA, INDICADOS LOS PASOS A SEGUIR, REFIERE NEGATIVO ARMADOS, PANORAMA NORMAL",-37.974748942759,-57.590977951979,2026,5,May,5,7,1,Martes,False,Mañana (06-12),[],,OTRA / NO ESPECIFICADA,ARMA_FUEGO
2026-05-05 11:28:00,10016179295,BENITO LYNCH al 6159,ROBO,VÍA PÚBLICA,"LLAMANTE REFIERE QUE DOS HOMBRES LE INTENTARON ROBAR A OTRO HOMBRE LA MOTO , ERAN UN HOMBRE Y UNA MUJER EN UN 110 CC, COLOR CLARA , LA MUJER CON CASCO NEGRO Y EL HOMBRE MANEJABA , LA MUJER CON UN ARMA DE FUEGO, NO HAY HERIDOS , SE FUERON POR PERALTA RAMOS HACIA EL CENTRO , NO SABE SI SE LLEVARON ALGO .- ",GENERAL PUEYRREDON,MAR DEL PLATA,-38042438542568.0,-57593643426972.0,NEGATIVO,"30548 INFORMA EN EL LUGAR NO ENTREVISTA NADIE, RECORRIDA NORMAL, NEGATVO MOTOVEHICULO CN ESAS DESCRIPCIONES",-38.042438542568,-57.593643426972,2026,5,May,5,11,1,Martes,False,Mañana (06-12),[],,OTRA / NO ESPECIFICADA,ARMA_FUEGO
2026-05-05 13:29:00,10016179594,25 DE MAYO al 5551,DISPAROS,DISPAROS,"LTE REFIERE QUE HAY UNA FEMENINA ARMADA, CON UN ARMA DE FUEGO __SENTADA EN LA ENTRADA DEL EDIFICIO __ESTA AGRESIVA __EFECTUO 2 DISPAROS , NO HAY HERIDOS __VISTE CAMISETA AZUL MANGAS LARGAS, JEAN CLARO Y ZAPATILLAS BLANCAS Y VIOLETAS, PELO SUELTO ",GENERAL PUEYRREDON,MAR DEL PLATA,-37982929134651.0,-57575415856476.0,NEGATIVO,"MOVIL 30537 REFIERE QUE ENE L LUGAR NEGATIVO FEMENINA, SIRENA SY BALIZAS NADIEE NTREVISTA",-37.982929134651,-57.575415856476,2026,5,May,5,13,1,Martes,False,Tarde (12-18),[],,OTRA / NO ESPECIFICADA,ARMA_FUEGO
2026-05-05 13:43:00,10016179627,25 DE MAYO al 5551,ROBO,FINCA,"REFIERE UNA FEMENINA QUE ENTRO A UNA CASA VECVINA Y ESTA ARMADA __ARMA DE FUEGO . CAMISA AZUL , JEAN CLARO , ZAPATILLAS BLANCA CON VIOLETAS . 25/30 AÑOS",GENERAL PUEYRREDON,MAR DEL PLATA,-37982929134651.0,-57575415856476.0,POSITIVO,33643 EN EL LUGAR INDETIFICA A SRA KAREN QUIROGA NEGATIVA ARMAS TIENE PROBLEMAS CON LA CUÑADA CON LA QUE TIENE REESTRICCION VIGENTE Y LLAMA PARA MOLESTARLA.- ,-37.982929134651,-57.575415856476,2026,5,May,5,13,1,Martes,False,Tarde (12-18),[],,OTRA / NO ESPECIFICADA,ARMA_FUEGO
2026-05-05 16:29:00,10016180049,ING JULIO CANESSA al 1635,VIOLENCIA,NO FAMILIAR,"LLAMANTE COMUNICA QUE HAY UN GRUPO DE 4 MASCULINOS Y UNA FEMENINA  FRENTE A SU CASA, UNO DE LOS MASCULINOS TIENE DENUNCIA POR PARTE DE LA LLAMANTE,  LES ESTA GRITANDO COSAS AHORA, SE LLAMA ALAN Y ESTARIA VESTIDO DE NEGRO, USA ARMA DE FUEGO  ",GENERAL PUEYRREDON,MAR DEL PLATA,-38004979694851.0,-57617904940791.0,NEGATIVO,30549 NEGATIVO A LA RECORRIDA,-38.004979694851,-57.617904940791,2026,5,May,5,16,1,Martes,False,Tarde (12-18),[],,OTRA / NO ESPECIFICADA,ARMA_FUEGO
2026-05-05 18:54:00,10016180485,AV MARIO BRAVO y Pesquero Narwal,PEDIDO GENERICO DE AUXILIO,PGA,"REFIERE QUE  PASA POR EL LUGAR Y DETRAS DE UN ALAMBRADO VE UN ARMA DE FUEGO TIRADA , LA LLAMANTE NOS ABE SI ES DE VERDAD ",GENERAL PUEYRREDON,MAR DEL PLATA,-380625709984.0,-575685539992.0,NEGATIVO,33847 IFNROMA U QUE EL ARMA  QUE ESTABA EN EL LUGAR ERA PLASTICA.- NADIE ENTREVISAT ESTABA EN LA PUERTA DEL COMERCIO DE ALAMBRADO ,-38.0625709984,-57.5685539992,2026,5,May,5,18,1,Martes,False,Noche (18-24),[],,OTRA / NO ESPECIFICADA,ARMA_FUEGO
2026-05-05 19:14:00,10016180547,25 DE MAYO al 5551,SOSPECHOSOS,PERSONA EXTRAÑA,"LLAMANTE REFIERE QUE HAY UNA CHICA ARMADA CON ARMA DE FUEGO CAMISETA AZULCON LETRAS BLANCAS JEAN CLARO Y ZAPATILLAS BLANCAS CON VIOLETA, DANDO VUELTAS POR LAS TORRES",GENERAL PUEYRREDON,MAR DEL PLATA,-37982929134651.0,-57575415856476.0,NEGATIVO,"MOVIL 33643 REFIERE QUE EN EL LUGAR NEGATIVO LA FEMENINA, NADIE ENTREVISTA",-37.982929134651,-57.575415856476,2026,5,May,5,19,1,Martes,False,Noche (18-24),[],,OTRA / NO ESPECIFICADA,ARMA_FUEGO
2026-05-05 20:23:00,10016180773,CNEL VIDAL al 2437,INTEGRIDAD A LA VIDA,AMENAZA DE MUERTE,"__LLAMANTE MENCIONA QUE HAY UN MASCULINO QUE SE MOVILIZA  EN UN VEHICULO COLOR NEGRO, Y ESTA AMENAZANDO DE MUERTE DESDE EL INTERIOR DEL MISMO, ESTA CON ARMA DE FUEGO, NO ES FAMILIAR .- ",GENERAL PUEYRREDON,MAR DEL PLATA,-38030695112734.0,-57597867788942.0,POSITIVO,"30549 INFROMA QUE DIRIGE A CRIA 16TA CON UN VEHICULO CON PEDIDO DE SECUESTRO ACTIVO POR DDI NECOCHEA  DE FECHA 22/11/2023 POR CARATULA ROBO. __30549 INFORMA MASCULINO COSTA DIEGO SEBASTIAN DE 36 AÑOS, DNI 35619215, F/N1/03/1990 CONDUCIA PEUGEOT 208 DOMINIO AC610ZQ. MANTENIDA CCION CON UFI FLAGRANCIA  A CARGO DE DRA ANA CARO DISPONE ENCUBRIEMTO Y LIBERTAD POR 161. ",-38.030695112734,-57.597867788942,2026,5,May,5,20,1,Martes,False,Noche (18-24),[],,OTRA / NO ESPECIFICADA,ARMA_FUEGO
2026-05-06 00:36:00,10016181429,AV PEDRO LURO y Rep Arabe Siria,DISPAROS,PERSONAS,REFIERE QUE HAY DOS HERIDOS DE ARMA DE FUEGO.__ESTAN DISPARANDO 10 PERSONAS EN MOTO. __DESCONOCE MAS DATOS. ESTAN EN EL PISO LOS HERIDOS,GENERAL PUEYRREDON,MAR DEL PLATA,-379645738885.0,-576135060001.0,V ACC-MC,0,-37.9645738885,-57.6135060001,2026,5,May,6,0,2,Miércoles,False,Madrugada (00-06),[],,OTRA / NO ESPECIFICADA,ARMA_FUEGO
2026-05-06 20:17:00,10016183951,PERU al 2976,PEDIDO GENERICO DE AUXILIO,PGA,"__LLAMANTE MENCIONA QUE HAY UN MASCULINO QUE ESTA AMENAZANDO A LA DUEÑA DE UN COMERCIO, ESTA CON ARMA DE FUEGO, NO APORTA MAS DATOS  ",GENERAL PUEYRREDON,MAR DEL PLATA,-379945.0,-575853.0,V ACC-MC,0,-37.9945,-57.5853,2026,5,May,6,20,2,Miércoles,False,Noche (18-24),[],,OTRA / NO ESPECIFICADA,ARMA_FUEGO
2026-05-08 15:05:00,10016189275,AV MARIO BRAVO y Av Edison,VIOLENCIA,NO FAMILIAR,"LTE REFIERE QUE  HAY 5 O 6 NN MASCULINOS Y FEMENINA CUIDACOCHES PELEANDOSE__UNO ESTA ARMADO CON UN ARMA DE FUEGO __NO HAY HERIDOS __UNO CON GORRA AZUL Y CAMPERA NEGRA, OTRO GORRA BORDO Y CAMPERA NEGRA. UNA FEMENINA CON CHALECO NARANJA Y PANTALON ROSA ",GENERAL PUEYRREDON,,-38060606907.0,-575712273604.0,NEGATIVO,30175 IDENTIFICADOS LOS NN SIN NOVEDAD,-38.060606907,-57.5712273604,2026,5,May,8,15,4,Viernes,False,Tarde (12-18),[],,OTRA / NO ESPECIFICADA,ARMA_FUEGO
2026-05-09 09:28:00,10016191898,AV FELIX U CAMET al 5157,CARTA ORIGINAL,SIN PRIORIDAD,"LLAMANTE DICE QUE HAY UN MASCULINO OSCAR DAVID NUÑEZ VENDE DROGA DE COCAINA  Y MARIHUANA (QUE CULTIVA EN EL LUGAR) DESDE LOS DIAS MARTES A 9 AM A DOMINGO 9 PM, ESTA ARMADO CON ARMA DE FUEGO, SE MOVILIZA EN VARIOS AUTOS ROBADOS (QUE DESPUES LOS DEGUAZA Y RREVENDE SUS AUTOPARTES EN EL LUGAR), DICE QUE  TRAEN LA DROGA DE BARRIO MALVINAS ARGENTINAS ",GENERAL PUEYRREDON,,,,Telefonía Fija/Móvil,0,,,2026,5,May,9,9,5,Sábado,True,Mañana (06-12),[],,OTRA / NO ESPECIFICADA,ARMA_FUEGO
2026-05-09 09:42:00,10016191920,AV FELIX U CAMET al 5157,DROGAS ILÍCITAS,VENTA/ELABORACIÓN,"LLAMANTE DICE QUE HAY UN MASCULINO OSCAR DAVID NUÑEZ VENDE DROGA DE COCAINA  Y MARIHUANA (QUE CULTIVA EN EL LUGAR) DESDE LOS DIAS MARTES A 9 AM A DOMINGO 9 PM, ESTA ARMADO CON ARMA DE FUEGO, SE MOVILIZA EN VARIOS AUTOS ROBADOS (QUE DESPUES LOS DEGUAZA Y RREVENDE SUS AUTOPARTES EN EL LUGAR), DICE QUE  TRAEN LA DROGA DE BARRIO MALVINAS ARGENTINAS ",GENERAL PUEYRREDON,,,,V ACC-MC,0,,,2026,5,May,9,9,5,Sábado,True,Mañana (06-12),[],,OTRA / NO ESPECIFICADA,ARMA_FUEGO
2026-05-09 09:43:00,10016191924,NAMUNCURA y Sabino Arana Y Goiri,DISPAROS,PERSONAS,"REFIERE  QUE HAY 4 O 5 PERSONAS ENFRENTANDOSE ENTRE ELLOS, PRODUCIENDO DETONACIONES DE ARMA DE FUEGO, NO SABE SI HAY HERIDOS",GENERAL PUEYRREDON,MAR DEL PLATA,-380205369985.0,-576001149992.0,V ACC-MC,0,-38.0205369985,-57.6001149992,2026,5,May,9,9,5,Sábado,True,Mañana (06-12),[],,OTRA / NO ESPECIFICADA,ARMA_FUEGO
2026-05-10 00:59:00,10016194067,433 al 515,ROBO,FINCA,"EN PROCESO__LLAMANTE REFIERE QUE ENTRARON A SU CASA VARIAS PERSONAS A ROBAR CON FIERROS -NO ESPECIFICA SI ES ARMA DE FUEGO-- ,  LASTIMARON A SU ESPOSO, NO RESPONDE SI SIGUEN EN EL LUGAR,  NO RESPONDE LAS PREGUNTAS, SOLO PIDE MOVIL.-  NO TIENE NUMERO DE TELEFONO PARA APORTAR.- ",GENERAL PUEYRREDON,,-38092594464506.0,-57588411024999.0,V ACC-MC,0,-38.092594464506,-57.588411024999,2026,5,May,10,0,6,Domingo,True,Madrugada (00-06),[],,OTRA / NO ESPECIFICADA,ARMA_FUEGO
2026-05-10 06:57:00,10016194668,ING JULIO CANESSA y Rosales Bis,DISPAROS,DISPAROS,"LLAMANTE REFIERE QUE SIENTE UNAS DETONACIONES DE ARMA DE FUEGO, NO VE NADA. SOLO ESCUCHA, ESTA A UNA CUADRA DE LUGAR.-",GENERAL PUEYRREDON,MAR DEL PLATA,-380043969985.0,-576172009992.0,NEGATIVO,MOVIL INFORMA AL ARRIBO Y EN AMPLIA RECORRIDA EN ZONA NEGATIVO NADIE ENTREVISTA CON EL PERSONAL PANORAMA NORMAL ,-38.0043969985,-57.6172009992,2026,5,May,10,6,6,Domingo,True,Mañana (06-12),[],,OTRA / NO ESPECIFICADA,ARMA_FUEGO
2026-05-10 13:24:00,10016195351,GRECIA y Castelli,CARTA ORIGINAL,CON PRIORIDAD,"LLAMANTE COMUNICA QUE ESCUCHA DISPAROS DE ARMA DE FUEGO, UN MASCULINO LE REFIRIO QUE ESTAN ENFRENTANDOSE VARIAS PERSONAS__REFIERE QUE EN CALLE GRECIA ENTRE CASTELLI  Y GARAY MITAD DE CUADRA, PAREDON DE LADILLOS. VENDEN DROGA, NO SABE TIPO DE DROGAS, NO SABE NOMBRE- DE LA PERSONA",GENERAL PUEYRREDON,MAR DEL PLATA,-379844099985.0,-576012329992.0,VSup,0,-37.9844099985,-57.6012329992,2026,5,May,10,13,6,Domingo,True,Tarde (12-18),[],,OTRA / NO ESPECIFICADA,ARMA_FUEGO
2026-05-10 13:30:00,10016195382,GRECIA y Castelli,CARTA ORIGINAL,CON PRIORIDAD,"LLAMANTE COMUNICA QUE SE ESCUCHAN DISPAROS DE ARMA DE FUEGO,  ESTAN ENFRENTANDOSE VARIAS PERSONAS____REFIERE QUE EN CALLE GRECIA ENTRE CASTELLI  Y GARAY MITAD DE CUADRA, PAREDON DE LADILLOS. VENDEN DROGA, NO SABE TIPO DE DROGAS, NO SABE NOMBRE- DE LA PERSONA",GENERAL PUEYRREDON,MAR DEL PLATA,-379844099985.0,-576012329992.0,V ACC-MC,0,-37.9844099985,-57.6012329992,2026,5,May,10,13,6,Domingo,True,Tarde (12-18),[],,OTRA / NO ESPECIFICADA,ARMA_FUEGO
2026-05-10 13:32:00,10016195387,GRECIA y Castelli,DISPAROS,PERSONAS,"LLAMANTE COMUNICA QUE SE ESCUCHAN DISPAROS DE ARMA DE FUEGO,  ESTAN ENFRENTANDOSE VARIAS PERSONAS__",GENERAL PUEYRREDON,MAR DEL PLATA,-379844099985.0,-576012329992.0,V ACC-MC,0,-37.9844099985,-57.6012329992,2026,5,May,10,13,6,Domingo,True,Tarde (12-18),[],,OTRA / NO ESPECIFICADA,ARMA_FUEGO
2026-05-10 13:37:00,10016195399,GRECIA y Castelli,DROGAS ILÍCITAS,VENTA/ELABORACIÓN,"LLAMANTE COMUNICA QUE SE ESCUCHAN DISPAROS DE ARMA DE FUEGO,  ESTAN ENFRENTANDOSE VARIAS PERSONAS____REFIERE QUE EN CALLE GRECIA ENTRE CASTELLI  Y GARAY MITAD DE CUADRA, PAREDON DE LADILLOS. VENDEN DROGA, NO SABE TIPO DE DROGAS, NO SABE NOMBRE- DE LA PERSONA",GENERAL PUEYRREDON,MAR DEL PLATA,-379844099985.0,-576012329992.0,V ACC-MC,0,-37.9844099985,-57.6012329992,2026,5,May,10,13,6,Domingo,True,Tarde (12-18),[],,OTRA / NO ESPECIFICADA,ARMA_FUEGO
2026-05-10 15:59:00,10016195760,AV VERTIZ al 10930,VIOLENCIA,FAMILIAR,LLAMANTE REFIERE QUE HAY UNA FEMENIA DROGADA CON PASTILLAS CUÑADA DE LA LLAMANTE QUE TIENE UN ARMA BLANCA Y ESTÁ ATRINCHERADA EN LA CASA CON UN BEBÉ EN BRAZOS (SOBRINA DE LA LLAMANTE) QUE NO QUIERE SOLTAR - __NO TIENE ARMA DE FUEGO - NO HAY HERIDOS AL MOMENTO,GENERAL PUEYRREDON,MAR DEL PLATA,-37997697159534.0,-576200405361.0,POSITIVO,"ENTREVISTA  CAÑETE CARLA ROCIO Y BOGOL EDGARDO MARTIN , LA FEMENINA RETIRA SUS PERTENENCIAS DEL LUGAR Y BAJA A CRIA CON EL PERSONAL POLICIAL PARA RADICAR DNEUNCIA , NEGATIVO VIOLENCIA FISICA A LA VISTA DEL PERSONAL ",-37.997697159534,-57.6200405361,2026,5,May,10,15,6,Domingo,True,Tarde (12-18),[],,OTRA / NO ESPECIFICADA,ARMA_FUEGO
2026-05-10 20:20:00,10016196436,DARREGUEYRA y LUCANIA,SOSPECHOSOS,EN VEHÍCULO,LLAMANTE REFIERE QUE  PASO UN MASCULINO EN MOTO 125 DE COLOR NEGRA U OSCURTA -TIENE UNA CEMPERA NEGRA Y UNA GORRA ROJA - DA VUELTAS OR EL BARRIO - CREE TIENE UN ARMA DE FUEGO EN EL BOLSILLO - CREE QUIERE COMETER ILÍCITO ,GENERAL PUEYRREDON,MAR DEL PLATA,-380754459984.0,-575513189992.0,NEGATIVO,33847 INF NEGATIVO MOTOVEHICULO - NADIE ENTREVISTA CON EL PERSONAL POLICIAL ,-38.0754459984,-57.5513189992,2026,5,May,10,20,6,Domingo,True,Noche (18-24),[],,OTRA / NO ESPECIFICADA,ARMA_FUEGO
2026-05-11 00:49:00,10016197037,AV FORTUNATO DE LA PLAZA y Av Edison,TRANSITO,PICADAS,"LLAMANTE REFIERE QUE HAY UN GRUPO DE MOTOS ROMPIENDO VIDRIOS DE LAS CASAS, SON 50 O 60 MOTOS Y AUTOS, ARROJAN PIEDRAS A LOS COLECTIVOS, NO RESPONDE SI HAY HERIDOS. SIENTE DETONACIONES DE ARMA DE FUEGO.- ",GENERAL PUEYRREDON,MAR DEL PLATA,-380524659984.0,-575613889992.0,Telefonía Fija/Móvil,0,-38.0524659984,-57.5613889992,2026,5,May,11,0,0,Lunes,False,Madrugada (00-06),[],,OTRA / NO ESPECIFICADA,ARMA_FUEGO
2026-05-11 01:27:00,10016197105,CARASA BIS,VIOLENCIA,NO FAMILIAR,"LLAMANTE REFIERE QUE HAY UN MASCULINO DE NOMBRE SERGIO REDONDO QUE ESTA EFECTUANDO DISPAROS EN LA ZONA CON UNA ESCOPETA. LE ROBA A LA GENTE DEL LUGAR, TIENE VARIAS DENUNCIAS. ESTA CONFRONTANDO CON UN VECINO. NO SABE SI HAY HERIDOS. ESTA GRTIANDO, EBRIO. VISTE CON ROPA SUCIA. SIEMPRE ESTA CON ARMA DE FUEGO Y ARMA BLANCA. ",GENERAL PUEYRREDON,,,,NEGATIVO,INF MOVIL QUE POR EL FRENTE Y EXTERIORMENTE NORMAL - NADIE ENTREVISTA ,,,2026,5,May,11,1,0,Lunes,False,Madrugada (00-06),[],,OTRA / NO ESPECIFICADA,ARMA_FUEGO
2026-05-11 12:03:00,10016197954,SALTA al 3337,PEDIDO GENERICO DE AUXILIO,PGA,"REFIERE ENCONTRO  EL CARGADOR DE UN ARMA DE FUEGO Y UN CANDADO DE MOTO  EN EL PATIO DE SU VIVIENDA, MANIFIESTA EN OTRA OPORTUNIDAD HUBO UN HECHO DFELICTIVO MUY GRANDE EN LA ZONA .- ",GENERAL PUEYRREDON,MAR DEL PLATA,-38008897341937.0,-57564608861227.0,POSITIVO,"DE VERA FEDERICO DNI 25.895.450 TEL. 1140242723, POSITIVO , ACTA DE HALLAZGO CARGADO CON 8 MUNICIONES CALIBRE 9MM , REFIERE QUE DIAZ ANTERIORES HUBO UNA ENTRADERA A LA VUELTA DE LA CASA Y FUGARON POR LOS TECHOS ",-38.008897341937,-57.564608861227,2026,5,May,11,12,0,Lunes,False,Tarde (12-18),[],,OTRA / NO ESPECIFICADA,ARMA_FUEGO
2026-05-11 19:48:00,10016199293,CHUBUT al 1940,ROBO,VÍA PÚBLICA,"LLAMANTE REFIERE QUE DOS EN MOTO QUISIERON ROBAR VEHICULO A VECINO , SE FUERON POR STORNI HACIA LA COSTA CON ARMA DE FUEGO. NO HERIDO.",GENERAL PUEYRREDON,MAR DEL PLATA,-37959114010337.0,-57545482346981.0,NEGATIVO,MOVIL 33807 INFORMA QUE RECOORIDA NORMAL NADIE NETREVISTA ,-37.959114010337,-57.545482346981,2026,5,May,11,19,0,Lunes,False,Noche (18-24),[],,OTRA / NO ESPECIFICADA,ARMA_FUEGO
2026-05-11 20:15:00,10016199366,CHUBUT al 1940,ROBO,VÍA PÚBLICA,"LLAMANTE INFORMA QUE  LLAMO HACE 20 MINUTOS POR UN INTENTO DE ROBO A MANO ARMADA A UN VECINO, NO HERIDOS.  HAY DOS MASCULINOS EN MOTO CON ARMA DE FUEGO POR LA ZONA DANDO VUELTAS, ESTABAN EN UNA TORNADO.  ",GENERAL PUEYRREDON,MAR DEL PLATA,-37959114010337.0,-57545482346981.0,POSITIVO,movil 30190 informa entrevisat con el sr juanramon cabral dos masculino en un motovhiculo en un tornado intenta sustaer el vehiculo no lo logran uno armado  no requiere sistencia ,-37.959114010337,-57.545482346981,2026,5,May,11,20,0,Lunes,False,Noche (18-24),[],,OTRA / NO ESPECIFICADA,ARMA_FUEGO
2026-05-12 03:23:00,10016200216,CANADA y Castelli,VIOLENCIA,NO FAMILIAR,REFIERE QUE 6 MASCULINOS 1 CON ARMA DE FUEGO Y EL RESTO CON CUCHILLOS CONFRONTAN. HAY UN HERIDO AL MOMENTO. CON ELLOS HAY MENROES LLORANDO EN EL LUGAR,GENERAL PUEYRREDON,MAR DEL PLATA,-379755149985.0,-576209679992.0,V ACC-MC,0,-37.9755149985,-57.6209679992,2026,5,May,12,3,1,Martes,False,Madrugada (00-06),[],,OTRA / NO ESPECIFICADA,ARMA_FUEGO
2026-05-12 08:16:00,10016200482,BOLIVAR al 2939,VIOLENCIA,NO FAMILIAR,"LLAMANTE REFIERE QUE HAY UN HOMBRE QUE ESTA CON SANGRE , LE PEGARON , PELEA DE TRAPITOS, INDICA QUE UNO ESTA ARMADO CON CUCHILLO Y OTRO CON ARMA DE FUEGO, INDICA QUE DISPARARON TAMBIEN , NO SABE MAS .- ",GENERAL PUEYRREDON,MAR DEL PLATA,-3800090559721.0,-57552832581843.0,Telefonía Fija/Móvil,0,-38.00090559721,-57.552832581843,2026,5,May,12,8,1,Martes,False,Mañana (06-12),[],,OTRA / NO ESPECIFICADA,ARMA_FUEGO
2026-05-12 10:33:00,10016200717,GARAY y Martiniano Chilabert,PRÓFUGO,EN VÍA PÚBLICA,"LLTE REFIERE QUE SU  HERMANO LLAMADO CLAUDIO DANIEL GONZALES DE  29 AÑOS , SE ACERCO  A LA VIVIENDA Y LOS AMENAZO DE MUERTE TANTO A LA LLTE COMO A LOS DUEÑOS DE CASA__SABE QUE SU HERMANO TIENE PEDIDO DE CAPTURA POR ROBOS,   HACE UNOS DIAS A LA LLTE LE ALLANARON LA VIVIENDA__AHORA EL NN CIRCULA  EN UNA MOTO ROUSER PARECIDA  XR, COOR  BLANCA , VISTE  CAMPERA NEGRA, ESTA ARMADO CON ARMA DE FUEGO __EL NN AMENAZO CON VOLVER Y DISPARARLES ",GENERAL PUEYRREDON,,-379802619985.0,-576093779992.0,POSITIVO,MOVIL 30537 EN EL LUGAR MACIIEL JOHANA LA MISMA REF QUE TIENE ORDEN DE RESTRICCION CON SU HERMANO GONZALEZ CLAUDIO DANIEL. LA MISMA REF QUE EL MASCULINO SE APERSONO EN EL DOMICILIO A MOLESTARLA. ELLA REF QUE ESTABA ARMADO. NO EXIBE . SE LE INDICAN LOS PASOS A SEGUIR E INVITADA A RADICAR. ,-37.9802619985,-57.6093779992,2026,5,May,12,10,1,Martes,False,Mañana (06-12),[],,OTRA / NO ESPECIFICADA,ARMA_FUEGO
2026-05-13 16:53:00,10016204453,GARCIA LORCA al 3645,SOSPECHOSOS,PERSONA EXTRAÑA,"LLAMANTE COMUNICA QUE  HAY DOS PERSONAS REVISANDO UN COINTEINER , UNO  TIENE ARMA DE FUEGO EN LA MANO, Y  UNAS ESPOSAS, TIENE  CAPUCHA ROJA , CAMPERA DE RIVER ",GENERAL PUEYRREDON,MAR DEL PLATA,-38058280738288.0,-57570931927773.0,NEGATIVO,MOVIL 30175 IDENTIFICA SIN NOVEDAD A LA PAREJA Y NEGATIVO ARMA DE FUEGO,-38.058280738288,-57.570931927773,2026,5,May,13,16,2,Miércoles,False,Tarde (12-18),[],,OTRA / NO ESPECIFICADA,ARMA_FUEGO
2026-05-15 09:37:00,10016210154,TRES ARROYOS al 15,ROBO,COMERCIO,"LLAMANTE REFIERE QUE YA LLAMO , REFIERE QUE ROBARON UN BAR , SU PADRE TIENE LA CABEZA ABIERTA , LE PEGARON CON UN ARMA DE FUEGO, TIENE 75 AÑOS, LASTIMARON UNA EMPLEADA TAMBIEN , UN HOMBRE VESTIDO DE NEGRO , ENCAPCUCHADO , CON GORRO Y BUFANDA , SE FUE CORRIENDO POR CALLE RIO NEGRO Y RICARDO ROJAS A UNA VILLA, TIENE UN ARMA DE FUEGO.- ",GENERAL PUEYRREDON,MAR DEL PLATA,-37965533457092.0,-57576140409032.0,Telefonía Fija/Móvil,0,-37.965533457092,-57.576140409032,2026,5,May,15,9,4,Viernes,False,Mañana (06-12),[],,OTRA / NO ESPECIFICADA,ARMA_FUEGO
2026-05-15 13:11:00,10016210680,BALCARCE y Chile,VIOLENCIA,FAMILIAR,"LLAMANTE REFIERE HAY UNA CHICA ARMADA. LA LLAMANTE NO ESTA HERIDA. __LA CHICA LA LA AMENAZÓ, ES LA CUÑADA DE LA LLAMANTE. __TIENE UN BUZO GRIS, CABELLO RUBIO, ZAPATILLAS Y CALZA BLANCA. __TIENE UN ARMA DE FUEGO. ",GENERAL PUEYRREDON,MAR DEL PLATA,-379803229985.0,-575711889992.0,NEGATIVO,MOVIL INFORMA NEGATIVO FEMENINA ARMADA NADIE ENTREVISTS,-37.9803229985,-57.5711889992,2026,5,May,15,13,4,Viernes,False,Tarde (12-18),[],,OTRA / NO ESPECIFICADA,ARMA_FUEGO
2026-05-15 18:20:00,10016211591,SICILIA al 4546,VIOLENCIA,FAMILIAR,LLAMANTE REFIERE QUE SU HERMANA Y SU HERMANO SE ESTAN PELEANDO Y  SU PRIMO CON UN ARMA DE FUEGO LE QUIERE DISPARAR A SU PADRE NO HAY HERIDOS ,GENERAL PUEYRREDON,MAR DEL PLATA,-38049070521469.0,-57574583033156.0,NEGATIVO,INFORMA QUE EN ELUGAR NEGATIVO SE ENYTREVISTA EL SR  RAMOS NOEMI DE 65 AÑOS HABKIA TENIDO PROBLEMa con el sobrino el sr sosa sebastian negativo confornaTACIOPN ,-38.049070521469,-57.574583033156,2026,5,May,15,18,4,Viernes,False,Noche (18-24),[],,OTRA / NO ESPECIFICADA,ARMA_FUEGO
2026-05-15 18:33:00,10016211626,PERU y Alvarado,VIOLENCIA,POR RAZONES DE GENERO,EL LLAMANTE REFIERE QUE SU COMPAÑERO LE AVISO QUE HAY UN MASCULINO ALTERADO DENTRO DEL COMERCIO. PARECE DROGADO. TIENE UN ARMA DE FUEGO. AGREDE A LA DUEÑA . ES UN VECINO  EL AGRESOR. NO HAY HERIDOS. HAY TRES MENORES EN EL COMERCIO,GENERAL PUEYRREDON,MAR DEL PLATA,-379945947846.0,-575855910907.0,NEGATIVO,PNA AYUDANTE CABRERA INFROMA EN EL LUGAR NO CONSTATA NOVEDAD ENTREVISTA CON LA DUEÑO SR NORBERTO MALDONADO DNI 35438795 REFIERE QUE NADIE LLAMO AL 911 QUE NO HUNBO NINGUN ALTERCADO ,-37.9945947846,-57.5855910907,2026,5,May,15,18,4,Viernes,False,Noche (18-24),[],,OTRA / NO ESPECIFICADA,ARMA_FUEGO
2026-05-15 20:48:00,10016212023,9 DE JULIO al 6325,SOSPECHOSOS,PERSONA EXTRAÑA,"LLAMANTE REFIERE QUE UN MASCULINO  AMAGO CON SACARLE UN ARMA DE FUEGO, EL MISMO VISTE CON  CAMPERA AZUL  PELO CORTO, ESTA A PIE SE FUE POR 9 DE JULIO PARA EL LADO DE  180 LLAMANTE NO ESTA HERIDO ",GENERAL PUEYRREDON,MAR DEL PLATA,-379779.0,-575823.0,NEGATIVO,22029 INF A LA RECORRIDA NADIE ENTREVISTA ,-37.9779,-57.5823,2026,5,May,15,20,4,Viernes,False,Noche (18-24),[],,OTRA / NO ESPECIFICADA,ARMA_FUEGO
2026-05-15 23:22:00,10016212461,OLAZAR y Soler,SOSPECHOSOS,EN VEHÍCULO,"LLAMANTE REF ERE  HAY 2 MENORES Y  2 MAS QUE NO SABEN SI SON MENORES__ EN MOTOS ROBADAS ESTAN A LOS TIROS AL AIRE  CON UN ARMA DE FUEGO CALIBRE 22 __SELO ROBARON A ALGUIEN ,SE ESCUCHAN QUE LO DICEN __MERODENA EN UNA MOTO  110 CON ESCAPE LIBRE  Y RECORREN DE ESQUINA A ESQUINA  DE 190 A BIIGNOLO ",GENERAL PUEYRREDON,MAR DEL PLATA,-380114949985.0,-576108849992.0,NEGATIVO,"27788 REALIZA AMPLIA RECORRIDA POR LA ZONA. NEGATIVO SOSPECHOSOS, NEGATIVO MOTOS. NADIE ENTREVISTA",-38.0114949985,-57.6108849992,2026,5,May,15,23,4,Viernes,False,Noche (18-24),[],,OTRA / NO ESPECIFICADA,ARMA_FUEGO
2026-05-16 11:07:00,10016214023,AV FELIX U CAMET al 5157,CARTA ORIGINAL,SIN PRIORIDAD,LLAMANTE REFIERE QUE HAY DESGUACE DE AUTOMOTOR ES OSCAR DAVID NUÑES QUE TENE GOMERIA Y PANCHERIA CON LUBRECENTRO. ROBAN AUTOS Y LOS DESGUASAN EN EL PATIO. TRABAJA CON EL QUE ATIENDE LA GOMERIA. ES EN EL MISMO LUGAR SON 3 CASAS MAS UN TERRENO CON UN CONVENTILLO DE 5 O 6 DEPARTAMENTOS. SE ENGANCHA DE LA LUZ DE LA RUTA Y ABASTECE TODO. TIENE ARMAS BLANCAS Y DE FEUGO______LLAMANTE REFIERE QUE  HAY VENTA DE DROGAS. VENDE MARIHUANA QUE SIEMBRA. SE LLAMA OSCAR DAVID NUÑLES. DE LUNES A SABADO DE 9 DE LA MAÑANA A 21 HS. ESTA ARMADO CON ARMAS BLANCAS Y ARMA DE FUEGO. ESTO OCURRE EN EL PREDIO DEL CONVENTILLO,GENERAL PUEYRREDON,,,,REDERIVADO,0,,,2026,5,May,16,11,5,Sábado,True,Mañana (06-12),[],,OTRA / NO ESPECIFICADA,ARMA_FUEGO
2026-05-16 11:24:00,10016214072,AV FELIX U CAMET al 5157,DROGAS ILÍCITAS,VENTA/ELABORACIÓN,LLAMANTE REFIERE QUE HAY DESGUACE DE AUTOMOTOR ES OSCAR DAVID NUÑES QUE TENE GOMERIA Y PANCHERIA CON LUBRECENTRO. ROBAN AUTOS Y LOS DESGUASAN EN EL PATIO. TRABAJA CON EL QUE ATIENDE LA GOMERIA. ES EN EL MISMO LUGAR SON 3 CASAS MAS UN TERRENO CON UN CONVENTILLO DE 5 O 6 DEPARTAMENTOS. SE ENGANCHA DE LA LUZ DE LA RUTA Y ABASTECE TODO. TIENE ARMAS BLANCAS Y DE FEUGO______LLAMANTE REFIERE QUE  HAY VENTA DE DROGAS. VENDE MARIHUANA QUE SIEMBRA. SE LLAMA OSCAR DAVID NUÑLES. DE LUNES A SABADO DE 9 DE LA MAÑANA A 21 HS. ESTA ARMADO CON ARMAS BLANCAS Y ARMA DE FUEGO. ESTO OCURRE EN EL PREDIO DEL CONVENTILLO,GENERAL PUEYRREDON,,,,V ACC-MC,0,,,2026,5,May,16,11,5,Sábado,True,Mañana (06-12),[],,OTRA / NO ESPECIFICADA,ARMA_FUEGO
2026-05-16 17:21:00,10016215016,DE LA MAZA al 3686,ROBO,COMERCIO,"REFIERE QUE ASALTARON UN COMERCIO__NO HAY HERIDOS __ERAN 2 MASCULINOS, UNO DELGADO ARMADO CON ARMA DE FUEGO Y EL OTRO GORDO,  __SE FUGARON POR ONEGIA  PARA BORTABURU Y DE AHI PARA ALFAR __VISTEN DE NEGRO, EL MAS GORDO, CAMPERA EN EL PECHO CON ROJO__CIRCULAN CAMINADO __DICE QUE YA LLAMARON",GENERAL PUEYRREDON,MAR DEL PLATA,-38081713873084.0,-57554480108592.0,POSITIVO,"ENTREVISTA UN MASCULINO MUY OFUSCADO CON EL PERSONAL , NO APORTA DATOS, REFIERE QUE DIRIJE A CRIA ",-38.081713873084,-57.554480108592,2026,5,May,16,17,5,Sábado,True,Tarde (12-18),[],,OTRA / NO ESPECIFICADA,ARMA_FUEGO
2026-05-16 19:38:00,10016215397,AV VERTIZ al 10600,VIOLENCIA,NO FAMILIAR,"LLAMANTE REFIERE SER VIGILADOR DE EDEA Y QUE EN EL LUGAR HAY VARIOS MASCULINOS CONFROTANDO, CREE QUE SON TRES, SE AMENAZAN CON ARMA DE FUEGO, LLAMANTE SOLO ESCUCHA",GENERAL PUEYRREDON,MAR DEL PLATA,-37999935399008.0,-5761708329859.0,NEGATIVO,"MOVIL INFORMA QUE EN LA AMPLIA RECORRIDA EL PANORAMA ES NORMAL, NADIE ENTREVISTA CON EL PERSONAL POLICIAL, MISMO SIGUE EN RECORRIDA.",-37.999935399008,-57.61708329859,2026,5,May,16,19,5,Sábado,True,Noche (18-24),[],,OTRA / NO ESPECIFICADA,ARMA_FUEGO
2026-05-16 20:21:00,10016215504,MATEOTTI al 981,VIOLENCIA,NO FAMILIAR,LLAMANTE DICE QUE HAY  VECINOS QUE LO ESTAN AGREDIENDO ESTARIAN ARMADOS CON ARMA DE FUEGO,GENERAL PUEYRREDON,MAR DEL PLATA,-38030261062948.0,-57573076400128.0,NEGATIVO,"MOVIL SR DALA VEDOVA OSVALDO Y SR MAYRA DIGORCIA TODO NORMAL CONFROTACION VECINAL ,NEGATIVOS HERIDOS PERSONAL INDICA PASOS A SEGUR",-38.030261062948,-57.573076400128,2026,5,May,16,20,5,Sábado,True,Noche (18-24),[],,OTRA / NO ESPECIFICADA,ARMA_FUEGO
2026-05-16 21:41:00,10016215758,ARQ OSVALDO CEDRON al 1673,ROBO AUTOMOTOR,MOTOS,LLAMANTE REFIERE QUE UN LADRON LE QUIESO ROBAR UNA MOTO A UNA FEMENINA Y LA TIENE TIRADA EN EL LUGAR - __NO ARRANACA - ES MARCA GILERA  - EL MALVIVIENTE TIENE VISERA GRIS Y CAMPERA CELESTE Y BLANBCA TTIENE ARMA DE FUEGO ,GENERAL PUEYRREDON,MAR DEL PLATA,-379965.0,-576297.0,NEGATIVO,23211 INF EN EL LUGAR NADIE ENTREVISTA CON EL PERSONAL POLICIAL - AMPLIA RECORRIDA NEGATIVO ,-37.9965,-57.6297,2026,5,May,16,21,5,Sábado,True,Noche (18-24),[],,GILERA,ARMA_FUEGO
2026-05-16 22:34:00,10016215893,JUNCAL al 349,ROBO AUTOMOTOR,VEHÍCULOS,"REFIERE QUE LE ROBARON EL AUTO DE LA PUERTA, ESTABA ESTACIONANDO, LE APUNTARON CON UN ARMA DE FUEGO EN EL CUELLO, NO HAY HERIDOS __LE ROBARON  UN RENAULT SYMBOL ROJO,DOMINIO  IXB493__ERAN 2 MASCULINOS, NO APORTA COMO VISTEN __MOROCHOS, JOVENES__SE FUGARON POR JUNCAL EN CONTRAMANO ",GENERAL PUEYRREDON,MAR DEL PLATA,-379712.0,-575723.0,POSITIVO,POSITIVO SUSTRACCION DATOS EN COMENTARIOS,-37.9712,-57.5723,2026,5,May,16,22,5,Sábado,True,Noche (18-24),['IXB493'],IXB493,RENAULT,ARMA_FUEGO
2026-05-17 12:51:00,10016217836,AV 10 DE FEBRERO y Talcahuano,SOSPECHOSOS,PERSONA EXTRAÑA,LLAMANTE DICE QUE HAY 4 MASCULINOS EN MEDIO DE LA CALLE ARMADOS CON ARMA DE FUEGO SOSPECHOSOS EN EL LUGAR SE VAN MANO HACIA MARIA BRAVO,GENERAL PUEYRREDON,MAR DEL PLATA,-380448099985.0,-575922679992.0,NEGATIVO,30175 JUNTO A PREFECTURA REFIERE NEGATIVO A LA RECORRIDA,-38.0448099985,-57.5922679992,2026,5,May,17,12,6,Domingo,True,Tarde (12-18),[],,OTRA / NO ESPECIFICADA,ARMA_FUEGO
2026-05-17 14:03:00,10016217999,BOUCHARD al 12220,VIOLENCIA,INFANTIL,"REFIERE QUE A SU HIJO DE 15 AÑOS LE PEGO UN MASCULINO MAYOR. EL MASCULINO ESTA TOMANDO, ES EL MARIDO DE UN AMIGA__NO HAY HERIDOS __AMENAZA CON UN ARMA DE FUEGO ",GENERAL PUEYRREDON,MAR DEL PLATA,-379899.0,-576328.0,NEGATIVO,"MOVIL 23211 REFIERE QUE SALIO SERRANO MASCULINO MUY ALCOHOLIZADO Y RETISENTE CON PERSONAL POLICIAL SE NIEGA A ENTREVISTAR Y SE METE EN SU DOMICILIO SOLICITANDO QUE SE RETIREN, LA LLAMANTE NO ENTREVISTA, EN EL LUGAR UN MENOR DE 6 AÑOS PERO SIN NOVEDAD",-37.9899,-57.6328,2026,5,May,17,14,6,Domingo,True,Tarde (12-18),[],,OTRA / NO ESPECIFICADA,ARMA_FUEGO
2026-05-17 19:53:00,10016218851,AV COLON al 7484,ROBO,FINCA,LLAMANTE REFIERE QUE LE ROBARON LA BICICLETA EN SU DOMICILIO. LOS DELICUENTES ERAN DOS MASCULINOS CON UN ARMA DE FUEGO. NO HAY HERIDOS. LA BICICLETA ES COMUN AMARILLENTA. DESCONOCE HACIA DONDE SE FUERON. ,GENERAL PUEYRREDON,MAR DEL PLATA,-379785612291.0,-57599321612604.0,POSITIVO,30492 INF EN LUGAR  SE ENTREVISTA CON EL SR MARIANO  INV RADICAR CO LOS DATOS APORTADO EN CARTA ,-37.9785612291,-57.599321612604,2026,5,May,17,19,6,Domingo,True,Noche (18-24),[],,OTRA / NO ESPECIFICADA,ARMA_FUEGO
2026-05-17 21:59:00,10016219162,VENEZUELA y Rawson,ROBO,FINCA,"EN PROCESO__LLAMANTE REFIERE QUE ESTAN ROBANDO UNA CASA, VARIOS MASCULINOS EN DOS AUTOS__EFECTUARON DISPAROS DE ARMA DE FUEGO, CREE QUE HAY UN HERIDO",GENERAL PUEYRREDON,MAR DEL PLATA,-37971415232.0,-576246745545.0,V ACC-MC,0,-37.971415232,-57.6246745545,2026,5,May,17,21,6,Domingo,True,Noche (18-24),[],,OTRA / NO ESPECIFICADA,ARMA_FUEGO
2026-05-18 19:42:00,10016221897,SARMIENTO al 2330,CARTA ORIGINAL,CON PRIORIDAD,"LLAMANTE INFORMA QUE LE COMENTARON QUE  HAY UN PELADO TIENE UN ARMA DE FUEGO, UNA MUJER CON TRENZAS CON GORRO ROJIZO, Y DOS MASCULINOS MAS  UNO CON ARMA BLANCA.   VENDEN COCAINA Y MARIHUANA. VENDEN TODO EL DIA. BAJAN DEL EDIFICIO DEL FTE A LA ALTURA 2330 Y VENDEN. BAJA UNA RUBIA O LA MUJER DE TRENZAS CON LAS DROGAS Y SE VAN. ANDAN A PIE SIEMPRE.  ______LLAMANTE REFIERE QUE HAY UN GRUPO DE TRES MASCULINOS CON UNA SEÑORA QUE ESTAN HACIENDO RUIDOS MOLESTOS EN LA VIA PUBLICA",GENERAL PUEYRREDON,MAR DEL PLATA,-380096114519.0,-575410515461.0,V ACC-MC,0,-38.0096114519,-57.5410515461,2026,5,May,18,19,0,Lunes,False,Noche (18-24),[],,OTRA / NO ESPECIFICADA,ARMA_FUEGO
2026-05-18 20:13:00,10016221994,SARMIENTO al 2330,DROGAS ILÍCITAS,VENTA/ELABORACIÓN,"LLAMANTE INFORMA QUE LE COMENTARON QUE  HAY UN PELADO TIENE UN ARMA DE FUEGO, UNA MUJER CON TRENZAS CON GORRO ROJIZO, Y DOS MASCULINOS MAS  UNO CON ARMA BLANCA.   VENDEN COCAINA Y MARIHUANA. VENDEN TODO EL DIA. BAJAN DEL EDIFICIO DEL FTE A LA ALTURA 2330 Y VENDEN. BAJA UNA RUBIA O LA MUJER DE TRENZAS CON LAS DROGAS Y SE VAN. ANDAN A PIE SIEMPRE.  ______LLAMANTE REFIERE QUE HAY UN GRUPO DE TRES MASCULINOS CON UNA SEÑORA QUE ESTAN HACIENDO RUIDOS MOLESTOS EN LA VIA PUBLICA [Id.Remoto: 10016221994]",GENERAL PUEYRREDON,MAR DEL PLATA,-380096114519.0,-575410515461.0,VSup,0,-38.0096114519,-57.5410515461,2026,5,May,18,20,0,Lunes,False,Noche (18-24),[],,OTRA / NO ESPECIFICADA,ARMA_FUEGO
2026-05-20 03:00:00,10016225774,QUINTANA y Bordabehere,ROBO,FINCA,"EN PROCESO__LLAMANTE REFIERE QUE VIO CINCO PERSONAS, VIO TRES SALTANDO UNA REJA, Y DOS QUEDARON DEL LADO DE AFUERA, TENIAN UN ARMA DE FUEGO, LOS DUEÑOS CREE QUE ESTABAN ADENTRO DE LA CASA",GENERAL PUEYRREDON,MAR DEL PLATA,-379950159985.0,-575999889992.0,NEGATIVO,MOVIL 25566 SE SUBEN A UNA CAMIONETA DE DOBLE CABINA NO LLEGAN A ENTRAR ,-37.9950159985,-57.5999889992,2026,5,May,20,3,2,Miércoles,False,Madrugada (00-06),[],,OTRA / NO ESPECIFICADA,ARMA_FUEGO
2026-05-21 09:55:00,10016229168,PJE PORTUGAL al 175,DROGAS ILÍCITAS,VENTA/ELABORACIÓN,"LLTE REFIERE DANIEL RENE ROGRIGUEZ GUERRERO Y CARLITOS MOLINA ,A MBOS DE 29 AÑOS  Y  HERMANOS Y VIVEN JUNTOS ENLA DIRECCION DADA__LOS HERMANOS VENDEN COCAINA Y MARIHUANAN, LA VENTA COMIENZA  A LAS  10 DE LA MAÑANA Y TERMINA  A LAS  10 HS  DE LA NOCHE __LOS NN TIENEN ARMAS BLANCA Y ARMA DE FUEGO __USAN MOTO 125 CC Y 90 CC SON ECONOPOWER MARCA MONDIAL . NO TIENE DATOS DE LA PATENTE",GENERAL PUEYRREDON,MAR DEL PLATA,-379522119985.0,-576054939992.0,VSup,0,-37.9522119985,-57.6054939992,2026,5,May,21,9,3,Jueves,False,Mañana (06-12),[],,GUERRERO,ARMA_FUEGO
2026-05-21 23:09:00,10016231377,LABARDEN al 4072,DISPAROS,PERSONAS,"__LLAMANTE MENCIONA QUE HAY UN MASCULINO QUE LE MOSTRO UN ARMA DE FUEGO AL LLAMANTE , INCUMPLE LA ORDEN DE RESTRICCION,Y A LA ESPOSA DEL LLAMANTE, LE EFECTUO UN DISPARO , ELLA ESTA INCONCIENTE, HAY UN MENOR DE 2 AÑOS, QUE NO ESTA HERIDO.- ",GENERAL PUEYRREDON,MAR DEL PLATA,-380248.0,-576337.0,NEGATIVO,30889 INFORMA DESPLAZA AL LUGAR NADIE ENTREVISTA. PANORAMA NORMAL ,-38.0248,-57.6337,2026,5,May,21,23,3,Jueves,False,Noche (18-24),[],,OTRA / NO ESPECIFICADA,ARMA_FUEGO
2026-05-22 19:58:00,10016234140,LAPRIDA al 1459,ROBO,FINCA,"101__FINCA DIORIO__INGRESO VERIFICADO__INGRESARON A ROBAR, LOS GOLPEARON Y HAY UN HERIDO DE ARMA DE FUEGO__SOLICITA AMBULANCIA. ",GENERAL PUEYRREDON,MAR DEL PLATA,-38024328613388.0,-57550923141038.0,Telefonía Fija/Móvil,0,-38.024328613388,-57.550923141038,2026,5,May,22,19,4,Viernes,False,Noche (18-24),[],,OTRA / NO ESPECIFICADA,ARMA_FUEGO
2026-05-23 05:05:00,10016235557,ALBERTI y Bolivia,VIOLENCIA,NO FAMILIAR,"LLAMANTE REFIERE QUE HAY 3 O 4 MASCULINOS CON ARMA DE FUEGO MOLESTANDO A LAS PERSONAS, NO HAY HERIDOS, NO SABE DESCRIPCION DE LOS MISMOS YA QUE NO LOS VE.- ",GENERAL PUEYRREDON,MAR DEL PLATA,-379761709985.0,-576130769992.0,NEGATIVO,"30506 RECORRIDA NORMAL, NEG LOS MASCULINOS, NEG ENTREVISTA",-37.9761709985,-57.6130769992,2026,5,May,23,5,5,Sábado,True,Madrugada (00-06),[],,OTRA / NO ESPECIFICADA,ARMA_FUEGO
2026-05-23 16:19:00,10016236824,AV JUAN B JUSTO y Juan N Fernandez,PEDIDO GENERICO DE AUXILIO,PGA,"INVERSA DEL HIGA A CARGO DE SGTO SOSA REFIERE QUE INGRESA UN MENOR DE 16 AÑOS CON UNA HERIDA DE ARMA DE FUEGO, REFIERE QUE EN LA RODILLA Y REFIERE QUE SE LLAMA  ALLAMANDA DYLAN, NO APORTA CIRSCUNTANCIAS Y QUE FUE ENE LA PLAZA DE BARRIO LA HERRADURA, EL MISMO LUCIDO Y CONCIENTE",GENERAL PUEYRREDON,MAR DEL PLATA,-379950759985.0,-576028369992.0,Analizado por ACC-MC,0,-37.9950759985,-57.6028369992,2026,5,May,23,16,5,Sábado,True,Tarde (12-18),[],,OTRA / NO ESPECIFICADA,ARMA_FUEGO
2026-05-23 18:40:00,10016237249,AV JUAN B JUSTO y Av Fermin Errea,PEDIDO GENERICO DE AUXILIO,PGA,"HT HIGA SGTO SOSAS CAROLINA INFROMA QUE ACABA DE IGRESAR MASCULINO MENOR AGUIRRE FACUNDO EZEQUIEL DE 17 AÑOS  CON HERIDA DE ARMA DE FUEGO EN EN OMOPLATO DE LADO DERECHO, ESTA  ACOMPAÑADO POR SU PROGENTIRO VIVIANA AGUIRRE.NO MENCUIONANA  EN QUE CIRCUNSTANCIAS SUCEDE EL HECHO ",GENERAL PUEYRREDON,MAR DEL PLATA,-379751159986.0,-576292159992.0,POSITIVO,"HT HIGA SGTO SOSAS CAROLINA INFROMA QUE ACABA DE IGRESAR MASCULINO MENOR AGUIRRE FACUNDO EZEQUIEL DE 17 AÑOS  CON HERIDA DE ARMA DE FUEGO EN EN OMOPLATO DE LADO DERECHO, ESTA  ACOMPAÑADO POR SU PROGENTIRO VIVIANA AGUIRRE.NO MENCUIONANA  EN QUE CIRCUNSTANCIAS SUCEDE EL HECHO ",-37.9751159986,-57.6292159992,2026,5,May,23,18,5,Sábado,True,Noche (18-24),[],,OTRA / NO ESPECIFICADA,ARMA_FUEGO
2026-05-23 19:24:00,10016237415,MONS DE ANDREA al 3742,ROBO,VÍA PÚBLICA,"LLAMANTE REFIERE QUE LE QUISIERON ROBAR A SU HIJO LA BICICLETA ERAN DOS CON ARMA DE FUEGO 38, VESTIDO DE NEGRO, SE FUERON HACIA COMUNIDAD DE FALDA, EN XR ROJO, NO HERIDO. REQUIERE MOVIL. REFIERE QUE CONFRONTO CON DELINCUENTES Y LES SACO UN GORRO QUE TENIA PUESTO.",GENERAL PUEYRREDON,MAR DEL PLATA,-380814.0,-575565.0,POSITIVO,"30175 ENTREVISTA CON EL SR VILLA EMANUEL UNA TENTATIVA, MASCULINO SE ENCUNETRA BIEN. INVITADO A RADICAR. REFIRE LO APORTADO EN CARTA",-38.0814,-57.5565,2026,5,May,23,19,5,Sábado,True,Noche (18-24),[],,OTRA / NO ESPECIFICADA,ARMA_FUEGO
2026-05-23 20:25:00,10016237613,ANTONIO GALIANA al 3060,CARTA ORIGINAL,SIN PRIORIDAD,"VENTA DE DROGA FAMILIA  YANERU- SIEMBRAN MARIHUANA EN EL PATIO Y LAS VENDE, SON  30 A 40 PLANTAS  , MIGUEL, REPARA CELULARES Y LOS VENDE , PERMUTA CELULARES ROBADON POR  MARIHUANA  Y LOS VENDE , ESTAN  12 AL 03 DE LA MADRUGADA  Y VENDE COCAINA EN EL BARRIO MALVINAS  ARGENTINAS    Y PAOLA GAINELLE TAMBIEN , TIENE MOTO 90 AZUL,  PERMUTA AUTOMOTORES Y CORTAN PARA VENTA DE CHATARRERIA, ROBAN  Y ASESINAN  PORQUE SON TRANZA , TIENE ARMA DE FUEGO 38 Y ARMA  BLANCA [Id.Remoto: 10016237613]",GENERAL PUEYRREDON,INDEFINIDA,,,Telefonía Fija/Móvil,0,,,2026,5,May,23,20,5,Sábado,True,Noche (18-24),[],,OTRA / NO ESPECIFICADA,ARMA_FUEGO
2026-05-23 20:38:00,10016237650,ANTONIO GALIANA al 3060,DROGAS ILÍCITAS,VENTA/ELABORACIÓN,"VENTA DE DROGA FAMILIA  YANERU- SIEMBRAN MARIHUANA EN EL PATIO Y LAS VENDE, SON  30 A 40 PLANTAS  , MIGUEL, REPARA CELULARES Y LOS VENDE , PERMUTA CELULARES ROBADON POR  MARIHUANA  Y LOS VENDE , ESTAN  12 AL 03 DE LA MADRUGADA  Y VENDE COCAINA EN EL BARRIO MALVINAS  ARGENTINAS    Y PAOLA GAINELLE TAMBIEN , TIENE MOTO 90 AZUL,  PERMUTA AUTOMOTORES Y CORTAN PARA VENTA DE CHATARRERIA, ROBAN  Y ASESINAN  PORQUE SON TRANZA , TIENE ARMA DE FUEGO 38 Y ARMA  BLANCA ",GENERAL PUEYRREDON,,,,V ACC-MC,0,,,2026,5,May,23,20,5,Sábado,True,Noche (18-24),[],,OTRA / NO ESPECIFICADA,ARMA_FUEGO
2026-05-23 21:21:00,10016237775,GAMAL NASSER al 2880,VIOLENCIA,POR RAZONES DE GENERO,LLAMANTE REFIERE QUE LA EXPEREJA DE SU HIJA CON ARMA DE FUEGO EN MOTO CG NEGRO CON PECHERA NEGRA Y VICERA VA Y VIENE ACELERANDO LA MOTO. ENTREVISTA CON PERSONAL POLICIAL.,GENERAL PUEYRREDON,MAR DEL PLATA,-37987562681334.0,-57596760794979.0,POSITIVO,31616 INF SRA JSUAREZ MILAGRO SU EX PAREJA PASA Y SACA FOTOS Y LA AMENAZA POR CEL INVITADO A RADICAR ,-37.987562681334,-57.596760794979,2026,5,May,23,21,5,Sábado,True,Noche (18-24),[],,OTRA / NO ESPECIFICADA,ARMA_FUEGO
2026-05-24 22:16:00,10016241157,MARTINIANO CHILABERT al 1700,DISPAROS,DISPAROS,LLAMANTE INFORMA QUE  PASARON TRES CHICOS CORRIENDO EFECTUANDO DETONACIONES DE ARMA DE FUEGO.  SE ESCUCHA COMO QUE HAY ALGUIEN HERIDO.  ,GENERAL PUEYRREDON,MAR DEL PLATA,-37971455311894.0,-57602217609604.0,NEGATIVO,"30884 AMPLIA RECORRIDA AL MOMENTO NORMAL, NEG ENTREVISTA",-37.971455311894,-57.602217609604,2026,5,May,24,22,6,Domingo,True,Noche (18-24),[],,OTRA / NO ESPECIFICADA,ARMA_FUEGO
2026-05-24 23:00:00,10016241266,LAS FRESIAS al 6135,DISPAROS,DISPAROS,LLAMANTE REFIERE QUE EN EL LUGAR SE ESCUCHO UNA DETONACION DE ARMA DE FUEGO,GENERAL PUEYRREDON,MAR DEL PLATA,-37934338290006.0,-57548617171661.0,NEGATIVO,"MOVIL INFORMA QUE EN LA AMPLIA RECORRIDA EL PANORAMA ES NORMAL, NADIE ENTREVISTA CON EL PERSONAL POLICIAL, MISMO SIGUE EN RECORRIDA.",-37.934338290006,-57.548617171661,2026,5,May,24,23,6,Domingo,True,Noche (18-24),[],,OTRA / NO ESPECIFICADA,ARMA_FUEGO
2026-05-25 14:30:00,10016242884,JOSE MARTI y 67,ROBO,FINCA,"REFIERE QUE HAY UN MASCULINO EN UNA MOTO COLOR BORDO, TIENE UN ARMA DE FUEGO __MOTO SIN PATENTE, NO TIENE CASCO__VISTE CAMPERA TIPO CHALECO AZUL Y EL BUZO ABAJO QUE SE LE VEN  LAS MANGAS Y CAPUCHA NEGRAS__DISCUTE CON OTRO MASCULINO__NO HAY HERIDOS ",GENERAL PUEYRREDON,,,,NEGATIVO,"30548 EN EL LUGAR, NORMAL AL MOMENTO__SE INTENTA SACAR LLAMANTE DESDE INT 54277 NO ATIENDE. MOVIL REALIZA RECORRIDA NORMAL.",,,2026,5,May,25,14,0,Lunes,False,Tarde (12-18),[],,OTRA / NO ESPECIFICADA,ARMA_FUEGO
2026-05-25 15:24:00,10016243008,HERNANDARIAS al 6634,DISPAROS,DISPAROS,LLAMANTE DICE QUE HAY UN MASCULINO EN UNA CAMIONETA EFECTUANDO DISPAROS DE ARMA DE FUEGO CONTRA SU CASA NO HAY HERIDOS ,GENERAL PUEYRREDON,MAR DEL PLATA,-38024199790856.0,-57579866823548.0,POSITIVO,"__34839 SR PALAVECINO, REFIERE SE HACE PRESENTE UNA CAMIONETA EN SU DOMICILIO, LO AMENZAN CN QUE DEJE LA CASA. PORQUE LO VAN A MATAR, ASI MISMO REFUERE QUE ESTE SUJETO LE EFECTUA DETONACION A LA PROPIEDAD. MISMO SE ENCUENTRA BIEN, A SIMPLE VISTA NEGATIVO DETONACION",-38.024199790856,-57.579866823548,2026,5,May,25,15,0,Lunes,False,Tarde (12-18),[],,OTRA / NO ESPECIFICADA,ARMA_FUEGO
2026-05-25 21:51:00,10016244164,AV ANTARTIDA ARGENTINA al 4567,VIOLENCIA,NO FAMILIAR,"LLAMANTE REFIERE QUE EN EL LUGAR SU CUÑADO ESTA EBRIO CON UN ARMA DE FUEGO, ESTA AGRESIVO CON SU VECIO Y UNA VECINA, EN EL HOGAR HAY NIÑOS",GENERAL PUEYRREDON,MAR DEL PLATA,-38052316827732.0,-57606016609143.0,NEGATIVO,"30175 ENTREVISTA CON LA SRA  ZANELLA DANIELA REFIRE POSEER PROBLEMAS CON SU CUÑADO, AL ARRIBO NEGATIVO HERIDOS, EL MASCULINO NO ESTABA EN EL LUGAR SE LE INDUCAN LOS PASOS A SEGUIR",-38.052316827732,-57.606016609143,2026,5,May,25,21,0,Lunes,False,Noche (18-24),[],,OTRA / NO ESPECIFICADA,ARMA_FUEGO
2026-05-26 20:07:00,10016246949,DR RAMON CARRILLO al 1780,ROBO,VÍA PÚBLICA,"__LLAMANTE MENCIONA QUE ROBARON EN LA VIA PUBLICA, UN MASCULINO LE ROBO A OTRO, EL AUTOR SE MOVILIZA EN UNA BICICLETA COLOR NEGRO DEPORTIVA, SE FUE POR RIVADAVIA HACIA AMAYA, NO APORTA COMO VISTE,  ESTA CON ARMA DE FUEGO.- LA VICTIMA TIENE UN CORTE EN LA CARA.- ",GENERAL PUEYRREDON,MAR DEL PLATA,-37959411032888.0,-57627799574253.0,JTv,0,-37.959411032888,-57.627799574253,2026,5,May,26,20,1,Martes,False,Noche (18-24),[],,OTRA / NO ESPECIFICADA,ARMA_FUEGO
2026-05-27 17:54:00,10016249683,MARIANO CASTEX al 1754,ROBO,VÍA PÚBLICA,REFIERE UN MASC 20/30 AÑOS CAMPERA NEGRA ARMADO CON ARMA DE FUEGO  DOS MASC EN UNA MOTO 110 BLANCA Y CELESTE  ATRAS DE APOYO __INTENTARON ROBAR UN AUTO Y AL LLTE  .- __NO HAY HERIDOS __FUGARON POR ARANA Y GOIRI EN DIRRECCION AL FONDO ,GENERAL PUEYRREDON,MAR DEL PLATA,-380283.0,-575891.0,NEGATIVO,"MOVIL 30174 INF AMPLIA RECORRIDA POR LA ZONA NORMAL,NEGATIVO ENTREVISTA __ ",-38.0283,-57.5891,2026,5,May,27,17,2,Miércoles,False,Tarde (12-18),[],,OTRA / NO ESPECIFICADA,ARMA_FUEGO
2026-05-27 21:58:00,10016250341,EDUARDO CARASA al 11907,INTEGRIDAD A LA VIDA,AMENAZA DE MUERTE,"__LLAMANTE MENCIONA QUE SU EX PAREJA QUE INCUMPLE LA ORDEN DE RESTRICCION, INGRESA POR LA PARTE TRASERA DE LA CASA, Y LA AMENAZA DE MUERTE Y ESTA CON ARMA DE FUEGO, HAY TRES MENORES CON ELLA, ELLOS ESTAN BIEN, NO HAY HERIDOS Y CONFIRMA QUE PUEDE ENTREVISTARSE CON EL PERSONAL POLICIAL.- INDICA QUE LA SITUACION ES CONTINUA, YA RADICO LA DENUNCIA DE ESTO EN LA CRIA 11, EL MASCULINO AMENAZA TAMBIEN A LA POLICIA Y LE ARROJA PIEDAS.-  EL AGRESOR ESTA SOBRE LA CALLE 238 Y SABINO ARA Y GOIRI, ESTA DENTRO DE UN TALLER, QUE ES UN AGUANTADERO.- ",GENERAL PUEYRREDON,MAR DEL PLATA,-37995759969949.0,-57633663469427.0,POSITIVO,"23211 ENTREVISTA CON LA SRA MEDINA MICAELA BELEN, DNI 40059037. AL ARRIBO DEL MOVIL EL MASCULINO NO ESTABA EN EL LUGAR. LA FEMENINA ESTA BIEN, NO REQUIERE ASISTENCIA . SE LE INDICAN LOS PASOS A SEGUIR . FEMENINA REVISTE RESTRICCION DE ACERCAMIENTO VIGENTE HASTA EL DIA 29/09/26 PARA CON EL MASCULINO  LEDESMA DANIEL ALEJANDRO",-37.995759969949,-57.633663469427,2026,5,May,27,21,2,Miércoles,False,Noche (18-24),[],,OTRA / NO ESPECIFICADA,ARMA_FUEGO
2026-05-27 22:48:00,10016250482,S/D,ROBO,VÍA PÚBLICA,"__LLAMANTE MENCIONA QUE INGRESARON 4 MASCULINOS A ROBAR A SU CASA , UNO DE ELLOS TENIA ARMA DE FUEGO, ESTAN GOLPEADOS ELLOS SON DOS UNA ES UNA FEMENINA DE 59 AÑOS Y UN MASCULINO DE 63 AÑOS, NO SOLICITAN ASISTENCIA MEDICA, LES ROBARON LA CAMIONETA UNA ISUZU DOBLE CABINA CAJA CORTA, COLOR ROJA DOMINIO WWP 655,  LE LLEVARON LOS CELULARES Y HERRAMIENTAS.- ",GENERAL PUEYRREDON,MAR DEL PLATA,-380801.0,-576355.0,POSITIVO,"30677 INFORMA QUE SOLICITA AMBULANCIA DE PAMI PARA ASISTIR A LA PAREJA. MASCULINO SR CASTRO MARCELO FERNANDO DNI 14992073, POSEE GOLPES EN EL ROSRTO Y LA CABEZA LO GOLPEAN CON UN REVILVER CALIBRE 22 Y A LA FEMENINA PESQUERA ARCE GLADYS DNI 18209713, LA GOLPEAN A LA ALTURA DEL ROSTRO. LE SUSTREEN ELEMENTOS VARIOS Y EL VEIHCULO. MISMO FUE HABIDO EN JURISDICCION DE CRIA 5TA",-38.0801,-57.6355,2026,5,May,27,22,2,Miércoles,False,Noche (18-24),[],,OTRA / NO ESPECIFICADA,ARMA_FUEGO
2026-05-28 00:30:00,10016250717,AGUSTIN VILERT y DIAG DEL SOLER,CARTA ORIGINAL,CON PRIORIDAD,"LLAMANTE INFORMA  ESTAN EFECTUANDO DETONACIONES DE ARMA DE FUEGO , ENTRE APROX 10  PERSONAS, SE DISPARAN ENTRE ELLOS,  UNA PERSONA ESTARIA TIRADA FRENTE A LA PLAZA, HERIDA, REFIERE QUE LOS DISPAROS DAN EN LAS PUERTAS DE LAS CASAS DE LOS VECINOS DE LA ZONA ____LLTE INFORMA QUE EN CALLE AGUSTIN VILERT 12086 VIVEN 3/4  PERSONAS, QUE LE DICEN LOS PORTEÑOS, QUE SE DEDICAN A DELINQUIR EN LA ZONA DEL CENTRO, REALIZAN ESTAN ACTIVIDA JUNTO A OTRAS PERSONAS QUE NO SABE COMO SE LLAMAN NI COMO LES DICEN, QUE ANDAN EN DOS PEUGEOT208 COLOR BLANCO  Y QUE VIVEN ENE L FONDO DEL BARRIO, ESTAN ARMADOS [Id.Remoto: 10016250717]",GENERAL PUEYRREDON,INDEFINIDA,,,Telefonía Fija/Móvil,0,,,2026,5,May,28,0,3,Jueves,False,Madrugada (00-06),[],,OTRA / NO ESPECIFICADA,ARMA_FUEGO
2026-05-28 00:57:00,10016250765,AGUSTIN VILERT y DIAG DEL SOLER,DISPAROS,PERSONAS,"LLAMANTE INFORMA  ESTAN EFECTUANDO DETONACIONES DE ARMA DE FUEGO , ENTRE APROX 10  PERSONAS, SE DISPARAN ENTRE ELLOS,  UNA PERSONA ESTARIA TIRADA FRENTE A LA PLAZA, HERIDA, REFIERE QUE LOS DISPAROS DAN EN LAS PUERTAS DE LAS CASAS DE LOS VECINOS DE LA ZONA ____",GENERAL PUEYRREDON,,,,V ACC-MC,0,,,2026,5,May,28,0,3,Jueves,False,Madrugada (00-06),[],,OTRA / NO ESPECIFICADA,ARMA_FUEGO
2026-05-28 02:33:00,10016250917,CALLE 433  BIS al 1050,DISPAROS,DISPAROS,"LLAMANTE INFORMA LE EFECTUAN UNA DETONACION DE ARMA DE FUEGO HACIA SU CASA, NO HAY HERIDOS, NO VIO NADA",GENERAL PUEYRREDON,,,,NEGATIVO,MOVIL NFORMA  AL ARRIBO Y EN AMPLIA RECORRIDA EN ZONA NEGATIVO. NADIE ENTREVISTA CON EL PERSONAL PANORAMA NORMAL,,,2026,5,May,28,2,3,Jueves,False,Madrugada (00-06),[],,OTRA / NO ESPECIFICADA,ARMA_FUEGO
2026-05-28 21:35:00,10016253330,TERMAS DE RIO HONDO y Falucho,PEDIDO GENERICO DE AUXILIO,PGA,"EXTERNO 12DA STTE MARTINEZ INFORMA ENTRE 19.30 Y 20.00 HS TRAS UNA GRESCA ENTRE SR VITI MENA MAXIMILIANO DAMIAN 34 AÑOS Y TRES MASCULINOS, A QUIENES CONOCE Y POSEE PROBLEMAS DE VIEJA DATA, UNO DE ELLOS, UNO DE ELLOS LE EFECTUA DOS DETONACIONES DE ARMA DE FUEGO EN  PIERNA IZQUIERDA. MISMO NO DA  AVISO AL 911 Y SE DIRIGE AL HIGA LUCIDO Y CONSCIENTE QUEDA EN OBSERVACION. UFI EN TURNO DRA SALAS DISPONE ABUSO DE ARMAS.",GENERAL PUEYRREDON,MAR DEL PLATA,-379796359985.0,-576018209992.0,POSITIVO,"EXTERNO 12DA STTE MARTINEZ INFORMA ENTRE 19.30 Y 20.00 HS TRAS UNA GRESCA ENTRE SR VITI MENA MAXIMILIANO DAMIAN 34 AÑOS Y TRES MASCULINOS, A QUIENES CONOCE Y POSEE PROBLEMAS DE VIEJA DATA, UNO DE ELLOS, UNO DE ELLOS LE EFECTUA DOS DETONACIONES DE ARMA DE FUEGO EN  PIERNA IZQUIERDA. MISMO NO DA  AVISO AL 911 Y SE DIRIGE AL HIGA LUCIDO Y CONSCIENTE QUEDA EN OBSERVACION. UFI EN TURNO DRA SALAS DISPONE ABUSO DE ARMAS.",-37.9796359985,-57.6018209992,2026,5,May,28,21,3,Jueves,False,Noche (18-24),[],,OTRA / NO ESPECIFICADA,ARMA_FUEGO
2026-05-28 23:56:00,10016253774,CASTELLI y Mexico,ROBO,VÍA PÚBLICA,"LLAMANTE REFIERE QUE VIO UNA MOTO 110CC , CON UNA SOLA PERSONA ARMADA, LE MOSTRO UN ARMA DE FUEGO A SU AMIGO QUE ESTABA EN OTRA MOTO__NO APORTA DESCRIPCIONES",GENERAL PUEYRREDON,MAR DEL PLATA,-379942629985.0,-575839499992.0,NEGATIVO,"34836 EN EL LUGAR NEG ENTREVISTA, SE CONSTATA LLAMANTE MISMO NO VA A ENTREVIKATAR REFIERE QUE PARA ESO ESTAN LAS CAMARAS DEL COM. ",-37.9942629985,-57.5839499992,2026,5,May,28,23,3,Jueves,False,Noche (18-24),[],,OTRA / NO ESPECIFICADA,ARMA_FUEGO
2026-05-29 09:58:00,10016254988,GENOVA al 1700,ROBO,FINCA,"EN PROCESO______LLAMANTE REFIERE QUE HAY UN HOMBRE QUE ESTA ADENTRO DE UNA CASA , ESTA PEGADA A UN TERRENO BALDIO, PARECE QUE TIENE UN ARMA DE FUEGO , VISTE CON CAMPERA BLANCA , ES UNA CASA DE FIN DE SEMANA .- ",GENERAL PUEYRREDON,,-38067043393016.0,-57549063306269.0,NEGATIVO,"30920 INFORMA NORMAL POR EL FRENTE LAS VIVIENDAS CON TEJAS, LLAMANTE NO CONTESTA SE INTENTO COMUNICACION POR INTERNO 54277",-38.067043393016,-57.549063306269,2026,5,May,29,9,4,Viernes,False,Mañana (06-12),[],,OTRA / NO ESPECIFICADA,ARMA_FUEGO
2026-05-29 16:19:00,10016255908,OLAVARRIA al 2524,VIOLENCIA,NO FAMILIAR,"LLAMANTE REFIERE QUE HAY DISTURBIOS EN UN LOCAL BARBERIA, NO SABE SI HAY PELEA, ESTABAN TIRANDO BOTELLAS, UNO TENIA UN ARMA, VESTIAN DE NEGRO, LA PERSONA QUE ESTA ARMADO VISTE DE BLANCO, TIENE UN ARMA DE FUEGO SUPONE PORQUE ERA ALGO NEGRO",GENERAL PUEYRREDON,MAR DEL PLATA,-38012170334484.0,-57540291121643.0,NEGATIVO,34834 SR TESONE DUEÑO DE LA BARBERIA IFNROMA TODO NORMAL NEGATIVO CONFRONTACION ,-38.012170334484,-57.540291121643,2026,5,May,29,16,4,Viernes,False,Tarde (12-18),[],,OTRA / NO ESPECIFICADA,ARMA_FUEGO
2026-05-29 17:16:00,10016256044,AV VERTIZ al 5465,VIOLENCIA,FAMILIAR,LLAMANTE  INFORMA QUE LE QUIEREN PEGAR  EL CUÑADO EL CUAL ES VIOLENTO. NO TIENE ARMA DE FUEGO PERO TIENE UN PALO. LLAMANTE NO ESTA HERIDO.-,GENERAL PUEYRREDON,MAR DEL PLATA,-38033889589486.0,-57572122530648.0,POSITIVO,30506 ENTREV EDUARDO FIAMO Y CRIASTIAN JAVIER IRAGAÑA NEG CONFRONTACION AL ARRIBO DEL PERSONAL POLICIAL SE LE INDICABN LOS PASOS A SEGUIR A AMBAS PARTES,-38.033889589486,-57.572122530648,2026,5,May,29,17,4,Viernes,False,Tarde (12-18),[],,OTRA / NO ESPECIFICADA,ARMA_FUEGO
2026-05-30 06:13:00,10016258336,AV COLON al 2749,PEDIDO GENERICO DE AUXILIO,PGA,LLAMANTE REFIERE QUE HAY UN PACIENTE QUE INGRESO A LA GUARDIA HERIDO DE ARMA DE FUEGO. NO SABE EN QUE PARTE DEL CUERPO. NO SABE EN QUE CIRCUNSTANCIAS. SOLICITA MOVIL.,GENERAL PUEYRREDON,MAR DEL PLATA,-38002733039223.0,-5755163059552.0,REDERIVADO,0,-38.002733039223,-57.55163059552,2026,5,May,30,6,5,Sábado,True,Mañana (06-12),[],,OTRA / NO ESPECIFICADA,ARMA_FUEGO
2026-05-30 16:35:00,10016259590,RAWSON y  ,SOSPECHOSOS,PERSONA EXTRAÑA,"LLAMANTE INFORMA QUE  HACE 10 MINUTOS HABIAN DOS TRAPITOS QUE ESTABAN CON UN ARMA DE FUEGO PASANDOLA ENTRE ELLOS Y LA GUARDARON DENTRO DE LA ROPA, ERA UN HOMBRE Y UNA MUJER ESTA ULTIMA LA GUARDO DENTRO DE LA CAMPERA VIOLETA. HOMBRE DE BUZO ROJO.  ESTABAN A PIE ",GENERAL PUEYRREDON,MAR DEL PLATA,-380049649984.0,-575583739992.0,NEGATIVO,MOVIL ENTREVISTA CON DOLRES ALEJANDRA ROMINA Y EL MASCULINO JUAN IDENTIFICADOS NORMAL,-38.0049649984,-57.5583739992,2026,5,May,30,16,5,Sábado,True,Tarde (12-18),[],,OTRA / NO ESPECIFICADA,ARMA_FUEGO
2026-05-30 20:50:00,10016260410,MARCELO T DE ALVEAR al 2546,ROBO,VÍA PÚBLICA,LLAMANTE INFORMA QUE HAY UN HOMBRE ARMADO QUE QUIERE MATAR A ALGUIEN.  SERIA UN ARMA DE FUEGO ES KEVING PELUFO ES LADRON   ,GENERAL PUEYRREDON,MAR DEL PLATA,-380493.0,-575752.0,NEGATIVO,INF QUE AL ARRIBO PANORAMA NORMAL - NADIE ENTREVISTA - ,-38.0493,-57.5752,2026,5,May,30,20,5,Sábado,True,Noche (18-24),[],,OTRA / NO ESPECIFICADA,ARMA_FUEGO
2026-05-30 20:56:00,10016260430,SICILIA al 4558,DISPAROS,DISPAROS,LLAMANTE INFORMA QUE HAY UN HOMBRE VESTIDO CON   CAMPERA BLANCA  EFECTUANDO DETONACIONES DE ARMA DE FUEGO EN EL PASILLO.   NO RESPONDE SI HAY O NO HERIDOS. LLAMANTE REFIERE SER ADULTA Y TENER  65 AÑOS  ,GENERAL PUEYRREDON,MAR DEL PLATA,-38048992031673.0,-5757468809438.0,NEGATIVO,INF QUE AL ARRIBO PANORAMA NORMAL - NADIE ENTREVISTA - ,-38.048992031673,-57.57468809438,2026,5,May,30,20,5,Sábado,True,Noche (18-24),[],,OTRA / NO ESPECIFICADA,ARMA_FUEGO
2026-05-30 23:07:00,10016260810,DR RAMON CARRILLO al 2525,DISPAROS,DISPAROS,"LLAMANTE REFIERE QUE ESTAN DISPARANDO CON UN ARMA DE FUEGO EN LA VIA PUBLICA, DESCONOCE A QUE LE DISPARAN. NO SABE SI HAY HERIDOS. HAY MUSICA ALTA EN EL LUGAR.",GENERAL PUEYRREDON,MAR DEL PLATA,-37965404618081.0,-57632680308808.0,NEGATIVO,"INF MOV 30151 REFIERE EN AMPLIA RECORRIDA NADIE ENTREVISTA CON EL MOVIL POLICIAL, REFIERE NEGATIVO DETONACIONES EN EL LUGAR, PANORAMA NORMAL",-37.965404618081,-57.632680308808,2026,5,May,30,23,5,Sábado,True,Noche (18-24),[],,OTRA / NO ESPECIFICADA,ARMA_FUEGO
2026-05-30 23:47:00,10016260936,11 DE SEPTIEMBRE al 8000,DISPAROS,DISPAROS,"LLAMANTE REFIERE QUE EN EL LUGAR ESTAN HACIENDO DETONACIONES DE ARMA DE FUEGO, HAY PELEA, DESCOOCE CUANTOS SON SI SE TIRAN ENTRE ELLOS  Y SI HAY HERIDOS",GENERAL PUEYRREDON,MAR DEL PLATA,-37968248440958.0,-575982502321.0,NEGATIVO,30916 SE ENTREVISTA A DOS MASCULINOS IDENTIFICADO SIN NOVEAD  ESTABAN ESPERANDO AL SR DOUDETE. REFIERE QEU PASARON DOS NN MIENTRAS ESTABAN COMIENDO  EFECTUARON DETINACIONES AL AIRE,-37.968248440958,-57.5982502321,2026,5,May,30,23,5,Sábado,True,Noche (18-24),[],,OTRA / NO ESPECIFICADA,ARMA_FUEGO
2026-05-31 17:27:00,10016263183,BELGRANO y Hipolito Yrigoyen,PEDIDO GENERICO DE AUXILIO,PGA,LLAMANTE REFIERE QUE  HAY DOS PERSONAS QUE VISTAN DE GORRA  Y ROPA CLARA QUE TIENEN UN ARMA DE FUEGO SON LOS QUE   EL MOVIL LO ESTAN BUSCANDO.  ,GENERAL PUEYRREDON,MAR DEL PLATA,-379995349984.0,-57551165254.0,NEGATIVO,30504 IDENTIFICADOS SIN  NOVEDAD,-37.9995349984,-57.551165254,2026,5,May,31,17,6,Domingo,True,Tarde (12-18),[],,OTRA / NO ESPECIFICADA,ARMA_FUEGO
2026-05-31 18:38:00,10016263416,CERRO LANIN y Isla Elefante,VIOLENCIA,NO FAMILIAR,"LLAMANTE REFIERE QUE EN EL LUGAR ESTNA CONFRONTANDO, ESCUCHO DOS DETONACIONES DE ARMA DE ARMA DE FUEGO__ESCUHCA CORRIDAS",GENERAL PUEYRREDON,MAR DEL PLATA,-378993029984.0,-575261429992.0,NEGATIVO,29019 ENTREVISTA ESCALAMUCHI JESICA  TIENE PROBLEMA DE DINERO POR MANTENCION CON LA ACTUAL PAREJA DE SU EX MARIDO INVITADA A RADICAR MISMA SE ENCUENTRA 5/5,-37.8993029984,-57.5261429992,2026,5,May,31,18,6,Domingo,True,Noche (18-24),[],,OTRA / NO ESPECIFICADA,ARMA_FUEGO
2026-05-31 21:07:00,10016263842,ESTEBAN GASCON al 8690,DISPAROS,PERSONAS,"LLAMANTE REFIERE QUE  EN EL LUGAR SE ESCUCHA DETONACIONES DE ARMA DE FUEGO, GRITAN DE MANERA OFENSIVA INSULTANTES Y CORREN, HOY YA ESTUVO LA POLICIA PERO SIGUEN",GENERAL PUEYRREDON,MAR DEL PLATA,-37974921183118.0,-57613359217385.0,NEGATIVO,"30885 ENTREVISTA CON LA SRTA LEDESMA YAMILA. REFIERE QUE LE HABIAN ROBADO LA MOTO AL HIJO, NO SE LOGRA CONSTATAR LA VERACIDAD DE LOS DICHOS, LA MISMA NO APORTA INFORMACION NI DATOS. NEGATIVO HERIDOS EN EL LUGAR , SE REALIZA RECORRIDA POR EL VEHICULO APORTADO, NEGATIVO EL MISMO EN LA ZONA, SE LE INDICAN LOS PASOS A SEGUIR",-37.974921183118,-57.613359217385,2026,5,May,31,21,6,Domingo,True,Noche (18-24),[],,OTRA / NO ESPECIFICADA,ARMA_FUEGO
2026-05-31 21:40:00,10016263929,CALLE 8 y 429,VIOLENCIA,NO FAMILIAR,"LLAMA POR QUE HAY UN AMSCULINO AMENZA EN UNA CASA, ESTA MUNIDO DE E ARMA DE FUEGO ",GENERAL PUEYRREDON,MAR DEL PLATA,-380991309985.0,-575756179992.0,NEGATIVO,MOVIL NFORMA  AL ARRIBO Y EN AMPLIA RECORRIDA EN ZONA NEGATIVO. NADIE ENTREVISTA CON EL PERSONAL PANORAMA NORMAL,-38.0991309985,-57.5756179992,2026,5,May,31,21,6,Domingo,True,Noche (18-24),[],,OTRA / NO ESPECIFICADA,ARMA_FUEGO
2026-06-01 12:30:00,10016265777,BOLIVAR al 5720,VIOLENCIA,NO FAMILIAR,LLAMANTE REFIERE QUE UNA FEMENINA QUE USURPA LA CASA DE SU VECINO ESTA ROMPIENDO LA PARED DEL VECINO. SE ESTAN PELEANDO. LA FEMENINA TIENE UN ARMA DE FUEGO,GENERAL PUEYRREDON,MAR DEL PLATA,-37986708587832.0,-57580909305871.0,POSITIVO,MOVIL 33643 EN EL LUGAR ENTREVISTA SR GANCEDO HUGO. CONFRONTACION POR LAS INSTACIONES ELECTRICA DEL DOMICILIO. AL ARRIBO DEL MOVIL NEGATIVO CONFRONTACION. VALIENTE PATRICIA. NEGATIVO ARMA DE FUEGO ,-37.986708587832,-57.580909305871,2026,6,June,1,12,0,Lunes,False,Tarde (12-18),[],,OTRA / NO ESPECIFICADA,ARMA_FUEGO
2026-06-01 19:17:00,10016266857,JUNCAL al 1482,CARTA ORIGINAL,CON PRIORIDAD,"YA HABIA LLAMADO. LLAMANTE REFIERE QUE VECINA AGRESIVA PSIQUIATRICA ARMADA ESTA MOLESTANDO A VECINA FEMENINA, NO SABE SI ESTA HERIDA. QUE TIENE DOS MENORES DE 6 Y 10 AÑOS. LA ATACANTE TIENE ARMA BLANCA.____REFIERE QUE FEMENINA DE NOMBRE NIKOL VENDE DROGA COCAINA, ES RUBIA ESTA EN ANTEULTIMO DEPARTAMENTE DEL PASILLO LOS VECINOS LE TIENEN  MIEDO. VENDE DROGA DE NOCHE. VIVE CON MENOR DE 10 AÑOS QUE VIVE EN RIESGO. ES MUJER PSIQUIATRICA SU MADRE TAMBIEN INTERNADA POR PROBLEMAS PSIQUIATRICOS. CON ARMA BLANCA Y ANDA CON  SUJETOS CON ARMA DE FUEGO. REFIERE QUE ESTA USURPANDO EL LUGAR DONDE VIVE. CASA ROTA FALTA REJA PUERTA CON CABLE. REFIERE QUE DESTRUYO EL DEPARTAMENTO.",GENERAL PUEYRREDON,MAR DEL PLATA,-379802883315.0,-575796472621.0,V ACC-MC,0,-37.9802883315,-57.5796472621,2026,6,June,1,19,0,Lunes,False,Noche (18-24),[],,OTRA / NO ESPECIFICADA,ARMA_FUEGO
2026-06-01 19:26:00,10016266888,JUNCAL al 1482,DROGAS ILÍCITAS,VENTA/ELABORACIÓN,"YA HABIA LLAMADO. LLAMANTE REFIERE QUE VECINA AGRESIVA PSIQUIATRICA ARMADA ESTA MOLESTANDO A VECINA FEMENINA, NO SABE SI ESTA HERIDA. QUE TIENE DOS MENORES DE 6 Y 10 AÑOS. LA ATACANTE TIENE ARMA BLANCA.____REFIERE QUE FEMENINA DE NOMBRE NIKOL VENDE DROGA COCAINA, ES RUBIA ESTA EN ANTEULTIMO DEPARTAMENTE DEL PASILLO LOS VECINOS LE TIENEN  MIEDO. VENDE DROGA DE NOCHE. VIVE CON MENOR DE 10 AÑOS QUE VIVE EN RIESGO. ES MUJER PSIQUIATRICA SU MADRE TAMBIEN INTERNADA POR PROBLEMAS PSIQUIATRICOS. CON ARMA BLANCA Y ANDA CON  SUJETOS CON ARMA DE FUEGO. REFIERE QUE ESTA USURPANDO EL LUGAR DONDE VIVE. CASA ROTA FALTA REJA PUERTA CON CABLE. REFIERE QUE DESTRUYO EL DEPARTAMENTO.",GENERAL PUEYRREDON,MAR DEL PLATA,-379802883315.0,-575796472621.0,V ACC-MC,0,-37.9802883315,-57.5796472621,2026,6,June,1,19,0,Lunes,False,Noche (18-24),[],,OTRA / NO ESPECIFICADA,ARMA_FUEGO
2026-06-01 19:48:00,10016266934,TEODORO BRONZINI y San Lorenzo,ROBO AUTOMOTOR,VEHÍCULOS,"LLAMANTE REFIERE QUE INTENTARON ROBAR UN AUTO EN LA VIA PUBLICA, ERAN 4 MASCULINOS. NO SABE SI ESTABAN ARMADOS. ALUDIAN A UN ARMA DE FUEGO. NO HAY HERIDOS. LOS SUJETOS SE LLEVARON LA LLAVE DEL AUTO, ESTAN MERODEANDO POR LA ZONA EN UNA MOTO ROJA. LA VICTIMA CONTINUA EN EL LUGAR. ",GENERAL PUEYRREDON,MAR DEL PLATA,-379951372303.0,-575888349992.0,POSITIVO,"INF CABO PRIMERO OBREGON REFIERE EN CALLE BRONZINI Y ROCA SE HACE PRESENTE EL SR ANGEL MOLINA EL CUAL REFIERE QUE DOS SUJETOS ARMADOS EN MOTO LE SUSTRAEN LA LLAVES DE SU RODADO EN LA INTERSECCION APORTADA, DE SU VEHICULO RENAULT KWID, NO SE APORTA DOMINIO DEL MISMO, DAMNIFICADO EN BUEN ESTADO, LOS NN SE RETIRAN DEL LUGAR",-37.9951372303,-57.5888349992,2026,6,June,1,19,0,Lunes,False,Noche (18-24),[],,OTRA / NO ESPECIFICADA,ARMA_FUEGO
2026-06-01 23:48:00,10016267470,AVELLANEDA y Av Champagnat,CARTA ORIGINAL,CON PRIORIDAD,"LLAMANTE REFIERE QUE HAY UNA FEMENINA  Y DOS MASCULINOS EN LA ENTRADA DE UNA CASA, CREE QUE ESTAN ESPERANDO PARA ROBAR.LOS PROPIETARIOS TEMEN INGRESAR A LAS VIVIENDAS. __APORTA QUE VISTEN  CAPUCHA, ROPA  NEGRA.__ADEMAS INFORMA QUE CREE ESTAN VENDIENDO DROGAS. COCAINA Y  MARIHUNA.  UNO DE LOS MASCULINOS PODRIA TENER UN ARMA DE FUEGO.  SIEMPRE ANDAN A PIE.  VENDEN TODA NOCHE, DESCONOCE DIAS DE LA SEMANA.  ESTAS PERSONAS ESTARIAN SIEMPRE EN EL LUGAR ",GENERAL PUEYRREDON,MAR DEL PLATA,-379923226349.0,-575921673829.0,V ACC-MC,0,-37.9923226349,-57.5921673829,2026,6,June,1,23,0,Lunes,False,Noche (18-24),[],,OTRA / NO ESPECIFICADA,ARMA_FUEGO
2026-06-01 23:53:00,10016267494,AV INDEPENDENCIA y 25 De Mayo,DISPAROS,DISPAROS," LLAMANTE INFORMA HAY UNA CONFRONTACION  ADENTRO DE UN CAJERO DEL BANCO, SON APROX 7 PERSONAS, __TAMBIEN REFIERE QUE HABRIA ESCUCHADO UNA DETONACION DE ARMA DE FUEGO, NO SABE SI HAY HERIDOS ",GENERAL PUEYRREDON,MAR DEL PLATA,-379955379048.0,-57552280447.0,POSITIVO,"INF MOV 34841 REFIERE IDENTIFICADOS LOS SUJETOS E INVITADOS A RETIRARSE, NEGATIVO ARMADOS O DETONACIONES EN EL LUGAR__",-37.9955379048,-57.552280447,2026,6,June,1,23,0,Lunes,False,Noche (18-24),[],,OTRA / NO ESPECIFICADA,ARMA_FUEGO
2026-06-02 00:08:00,10016267519,AVELLANEDA y Av Champagnat,DROGAS ILÍCITAS,VENTA/ELABORACIÓN,"LLAMANTE REFIERE QUE HAY UNA FEMENINA  Y DOS MASCULINOS EN LA ENTRADA DE UNA CASA, CREE QUE ESTAN ESPERANDO PARA ROBAR.LOS PROPIETARIOS TEMEN INGRESAR A LAS VIVIENDAS. __APORTA QUE VISTEN  CAPUCHA, ROPA  NEGRA.__ADEMAS INFORMA QUE CREE ESTAN VENDIENDO DROGAS. COCAINA Y  MARIHUNA.  UNO DE LOS MASCULINOS PODRIA TENER UN ARMA DE FUEGO.  SIEMPRE ANDAN A PIE.  VENDEN TODA NOCHE, DESCONOCE DIAS DE LA SEMANA.  ESTAS PERSONAS ESTARIAN SIEMPRE EN EL LUGAR ",GENERAL PUEYRREDON,MAR DEL PLATA,-379923226349.0,-575921673829.0,V ACC-MC,0,-37.9923226349,-57.5921673829,2026,6,June,2,0,1,Martes,False,Madrugada (00-06),[],,OTRA / NO ESPECIFICADA,ARMA_FUEGO
2026-06-02 01:33:00,10016267681,20 DE SEPTIEMBRE y Av Colon,DISPAROS,DISPAROS," LLAMANTE INFORMA  MUCHAS PERSONAS  EN LA PLAZA FRENTE A LA CLINICA, QUE ESTAN EFECTUANDO DETONACIONES DE ARMA DE FUEGO, NO SABE SI HAY HERIDOS Y REFIERE QUE MUCHAS PERSONAS QUIREN INGRESAR  ALA CLINICA, EL LLTE REFIERE ESTAR INTERNADO Y ESTA AL RESGUARDO EN TERAPIA",GENERAL PUEYRREDON,MAR DEL PLATA,-379983381616.0,-575603001515.0,NEGATIVO,"INF MOV 34843 REFIERE EN LA CLINICA SE ENTREVISTA CON EL PERSONAL DE SEGURIDAD EL SR DIAZ EL MISMO REFIOERE QUE PACIENTE INTERNADO LLAMA AL 911 CON FINES DE MOLESTAR, INDICADOS LOS PASOS A SEGUIR, NEGATIVO DETONACIONES O DISTURBIOS EN EL LUGAR",-37.9983381616,-57.5603001515,2026,6,June,2,1,1,Martes,False,Madrugada (00-06),[],,OTRA / NO ESPECIFICADA,ARMA_FUEGO
2026-06-02 20:51:00,10016270042,SANTIAGO DEL ESTERO al 2320,SOSPECHOSOS,PERSONA EXTRAÑA,"__LLAMANTE INFORMA QUE HAY DOS MASCULINOS QUE LE SOLICITARON EL WIFI Y ESTAN COMPRANDO UN ARMA DE FUEGO POR INTERNET, ESTAN CAPUCHAS Y ESCUCHO QUE DECIAN QUE LE IBAN ALCANZAR EL ARMA AL LUGAR.- ",GENERAL PUEYRREDON,MAR DEL PLATA,-380051.0,-575498.0,POSITIVO,SR AENALDO JUAN IGNASIO REFIERE QUE LOS NN SE FUERON DEL LUGAR  EN U AUTO PEUGEOT 208 AZUL HACIA LA COSTA  34834,-38.0051,-57.5498,2026,6,June,2,20,1,Martes,False,Noche (18-24),[],,OTRA / NO ESPECIFICADA,ARMA_FUEGO
2026-06-02 21:35:00,10016270160,RIVADAVIA al 2351,VIOLENCIA,NO FAMILIAR,REFIERE 7 MASC Y FEM GITANOS  DISCUTIENDO EN LA VIA PUBLIC  ESTAN CON UN AUTO BLANCO  __UNO ARMADO CON UN ARMA DE FUEGO .- NO HAY HERIDOS ,GENERAL PUEYRREDON,MAR DEL PLATA,-380012.0,-575449.0,NEGATIVO,34842 SR ESTEBAN NEGATIVO OCNLFICTO NO LE ARRANCABA EL AUTO ,-38.0012,-57.5449,2026,6,June,2,21,1,Martes,False,Noche (18-24),[],,OTRA / NO ESPECIFICADA,ARMA_FUEGO
2026-06-03 09:09:00,10016271254,RICARDO ROJAS al 1457,HALLAZGO,OBJETO DUDOSO / PELIGROSO,PERSONAL DE CRIA 7MA  SGTO MEDINA INFORMA QUE UNA FEM EN EL DOMICILIO EN CARAT ENCUENTRA UNA RIÑONERA CON UN ARMA DE FUEGO ,GENERAL PUEYRREDON,MAR DEL PLATA,-37956300162662.0,-57561677747452.0,POSITIVO,"ENTREVISTADA RODRIGUEZ MARIA ALEJANDRA , LA MISMA VE UNA RIÑONERA TIRADA LA LEVANTA Y VE QUE PESABA MUCHO AL VERIFICAR CONTENIA UN ARMA , MOVIL EN EL LUGAR INFORMA UN  AIRE COMPRIMIDO ",-37.956300162662,-57.561677747452,2026,6,June,3,9,2,Miércoles,False,Mañana (06-12),[],,OTRA / NO ESPECIFICADA,ARMA_FUEGO
2026-06-03 11:21:00,10016271520,CALLE 6 BIS al 664,VIOLENCIA,FAMILIAR,"LLAMANTE REFIERE QUE ESTA EN LO DE SU EX PAREJA Y NO LE QUEIRE ENTREGAR COSAS, LA MUJER ESTA CON UN ARMA DE FUEGO , HAY MENORES, NO HAY HERIDOS .-",GENERAL PUEYRREDON,MAR DEL PLATA,-381023.0,-575776.0,NEGATIVO,"MOVIL 29143 EN RECORRIDA POR EL LUGAR, NEGATIVO NUMERAL , SE ENTREVISTA CON VARIOS VECINOS LOS CUALES REF QUE ELLOS NO LLAMARON",-38.1023,-57.5776,2026,6,June,3,11,2,Miércoles,False,Mañana (06-12),[],,OTRA / NO ESPECIFICADA,ARMA_FUEGO
2026-06-03 18:43:00,10016272703,CALABRIA al 6508,ROBO AUTOMOTOR,MOTOS,"LLAMANTE REFIERE QUE LE ROBARON LA MOTO MONDIAL 110 GRIS SIN PATENTE POR QUE ES NUEVA  , ERAN 2 MASCULINOS UNO MANIFESTO TENER  UN ARMA DE FUEGO ESTABAN EN UNA MOTO 110, SE FUERON POR VILLAR PARA EL BARRIO LAS HERAS, LLAMANTE NO ESTA HERIDO   ",GENERAL PUEYRREDON,MAR DEL PLATA,-38036663687022.0,-57592751770371.0,POSITIVO,"ENTREVISTA BENADIS MAXIMILIANO  REFIERE QUE ENTRENDO A SU DOMICILIO DOS MASCULINOS EN OTRO MOTOVEHICULO AMBOS DE NEGRO Y ENCAPUCHADOS SUSTRAEN MOTOVEHICULO MONDIAL 110 CC COLOR GRIS PLATA AÑO 2026  SIN DOMINIO COLOCADO ,  DOMINIO SERIA A291ERJ TEL 2236115602 , NO REQUIERE AISTENCIA MEDICA INVITADO A RADICAR DENUNCIA ",-38.036663687022,-57.592751770371,2026,6,June,3,18,2,Miércoles,False,Noche (18-24),[],,MONDIAL,ARMA_FUEGO
2026-06-03 21:51:00,10016273278,AV MARIO BRAVO al 3712,ROBO,VÍA PÚBLICA,"LLAMANTE REFIERE QUE  2 AGRESORES MASCULINOS,(JOVENES)  LE PUSIERON UNA ARMA DE FUEGO A OTROS DOS TRANSEUNTES. ____NO SABE SI ESTAN HERIDOS. __EL PASABA EN AUTO Y VIO LA SECUENCIA__VESTIDOS DE OSCURO Y GORRA ",GENERAL PUEYRREDON,MAR DEL PLATA,-380592.0,-575731.0,NEGATIVO,INF QUE AL ARRIBO PANORAMA NORMAL - NADIE ENTREVISTA - ,-38.0592,-57.5731,2026,6,June,3,21,2,Miércoles,False,Noche (18-24),[],,OTRA / NO ESPECIFICADA,ARMA_FUEGO
2026-06-04 18:44:00,10016275740,LOS CEDROS y Los Platanos,VIOLENCIA,NO FAMILIAR,"LLAMANTE REFIERE QUE HAY UNA PELEA ENTRE AL MENOS 3 COMERCIANTES DE LA CUADRA ROMPIERON VIDRIOS HAY UN MASCULINO CON UN ARMA DE FUEGO VISTE NEGRO, NO HAY HERIDOS ",GENERAL PUEYRREDON,CAMET,-378712139985.0,-576086329992.0,POSITIVO,"MOVIL 34837 REFIERE UNA CONFRONTACION ENTRE VECINOS, LA SEÑORA ALTAMIRANDO OLGA SOLO MANIFIESTA UNA DISCUSION ENTRE VECINOS, UNO DE ELLOS CON UN GOLPE EN EL ROSTRO , NEGATIVO ASISTENCIA MEDICA, SE INVITA A RADICAR, NEGATIVO DETONACIONES",-37.8712139985,-57.6086329992,2026,6,June,4,18,3,Jueves,False,Noche (18-24),[],,OTRA / NO ESPECIFICADA,ARMA_FUEGO
2026-06-04 18:46:00,10016275751,LOS PLATANOS al 292,DISPAROS,PERSONAS,"LLAMANTE REFIERE QUE HAY UN ENFRENTAMIENTO ENTRE VECINOS, ESTAN ARMADOS CON ARMA DE FUEGO Y SE ESCUCHA DISPAROS. HAY HERIDOS QUE ESTAN EN UN COMERCIO Y EN VIA PUBLICA. NO SABE QUE SUCEDE. ",GENERAL PUEYRREDON,CAMET,-378712.0,-576076.0,V ACC-MC,0,-37.8712,-57.6076,2026,6,June,4,18,3,Jueves,False,Noche (18-24),[],,OTRA / NO ESPECIFICADA,ARMA_FUEGO
2026-06-04 18:58:00,10016275798,AV COLON y Rep Arabe Siria,PRIVACION ILEGITIMA DE LA LIBERTAD,VÍCTIMA LIBERADA,"LLAMANTE FEMENIA REFIERE QUE HAY UN JOVEN TENDIDO EN LA VIA PUBLICA CON UN GOLPE DE ARMA DE FUEGO EN LA ZONA DE LA CABEZA, INDICA QUE NO SABE QUE LE PASO, ESTA SANGRANDO, ESTARIA CONSCIENTE, A ESTA ALTURA INDICA QUE EL MASCULINO LESIONADO MANIFIESTA QUE FUE SECUESTRADO, PREGUNTADA INDICA QUE EL MASCULINO FUE A COMPRAR AHI Y MANIFESTO ESO.- [Id.Remoto: 10016275798]",GENERAL PUEYRREDON,MAR DEL PLATA,-379694119985.0,-576174279992.0,REDERIVADO,DDI MDP,-37.9694119985,-57.6174279992,2026,6,June,4,18,3,Jueves,False,Noche (18-24),[],,OTRA / NO ESPECIFICADA,ARMA_FUEGO
2026-06-04 21:19:00,10016276232,NECOCHEA y Juan F Czetz,DISPAROS,PERSONAS,"LLAMANTE REFEIRE VARIOS PELEANDOSE, ESCUCHO DETONACIONES DE ARMA DE FUEGO.  NO INDICA HERIDOS. ES DENTRO DE LA ZONA DEL COMPELJO PODRIA SER ENTRE PERSONAS LOS DISPAROS NO LO SABE FEHACIENTEMENTE.- ",GENERAL PUEYRREDON,MAR DEL PLATA,-379616979985.0,-575943699992.0,V ACC-MC,0,-37.9616979985,-57.5943699992,2026,6,June,4,21,3,Jueves,False,Noche (18-24),[],,OTRA / NO ESPECIFICADA,ARMA_FUEGO
2026-06-05 14:00:00,10016277888,AV JUAN B JUSTO y Av Hector Tarantino,ROBO AUTOMOTOR,VEHÍCULOS,"CARGA INVERSA  VOLKSWAGUEN AMAROK COLOR BLANCO  DOMINIO AG766KD, TITULAR JUARES DE JESUS TEL 2235463635  AÑO 2024, MODALIDAD ROBO ., DOS MASCULINOS CON ARMA DE FUEGO. ",GENERAL PUEYRREDON,MAR DEL PLATA,-379627859986.0,-576453739992.0,Telefonía Fija/Móvil,0,-37.9627859986,-57.6453739992,2026,6,June,5,14,4,Viernes,False,Tarde (12-18),['AG766KD'],AG766KD,OTRA / NO ESPECIFICADA,ARMA_FUEGO
2026-06-05 21:24:00,10016279141,EDUARDO CARASA y Av Jacinto Peralta Ramos,VIOLENCIA,NO FAMILIAR,LLAMANTE REFIERE QUE LLAMANTE REFIRE QUEONGRESO AL LOCAL EN MENCION UNMASCULINO AGRESIVO Y ESTA CON U ARMA DE FUEGO,GENERAL PUEYRREDON,MAR DEL PLATA,-380318869985.0,-575867859992.0,NEGATIVO,INF MOV QUE AL ARRIBO PANORAMA NORMAL -  ENTREVISTA DEL KIOSCO MORO LUIS UNA MASC REFIRIO TENER UN ARMA AL ARRIBO DEL MOVIL NEGATIVO EL MASC ,-38.0318869985,-57.5867859992,2026,6,June,5,21,4,Viernes,False,Noche (18-24),[],,OTRA / NO ESPECIFICADA,ARMA_FUEGO
2026-06-05 23:22:00,10016279499,GARCIA LORCA y Racedo,DISPAROS,DISPAROS,LLAMANTE REIFER QUE ESCUCHO TRES DETONACIONES DE ARMA DE FUEGO. NO ESCUCHO NADA MAS,GENERAL PUEYRREDON,MAR DEL PLATA,-380820749984.0,-575393999992.0,NEGATIVO,29143 INF EN EL LUGAR NADIE ENTREVISTA CON EL PERSONAL POLCIAL- A LA RECORRIDANEGATIVO DETONACIONES ,-38.0820749984,-57.5393999992,2026,6,June,5,23,4,Viernes,False,Noche (18-24),[],,OTRA / NO ESPECIFICADA,ARMA_FUEGO
2026-06-05 23:36:00,10016279535,AV COLON y Av Jara,SOSPECHOSOS,PERSONA EXTRAÑA,LLAMANTE REFIERE QUE HAY UN LIMPIAVIDRIOS   CON UN ARMA DE FUEGO EN LA CINTURA  EL MISMO VISTE CON  CAMPERA NEGRA GORRA Y SHORT BLANCO,GENERAL PUEYRREDON,MAR DEL PLATA,-379912442206.0,-575743281183.0,NEGATIVO,"MOVIL INFORMA QUE EN LA AMPLIA RECORRIDA EL PANORAMA ES NORMAL, NADIE ENTREVISTA CON EL PERSONAL POLICIAL, MISMO SIGUE EN RECORRIDA.",-37.9912442206,-57.5743281183,2026,6,June,5,23,4,Viernes,False,Noche (18-24),[],,OTRA / NO ESPECIFICADA,ARMA_FUEGO
2026-06-06 07:37:00,10016280713,AV FORTUNATO DE LA PLAZA y Gianelli,VIOLENCIA,NO FAMILIAR,"LLTE REF QUE CIRCULABA POR 39 Y GIANELLI Y SE PELEABAN UNAS PERSONAS, 5 APROX__UNO DE ELLOS CON ARMA DE FUEGO__NO VIÓ HERIDOS __",GENERAL PUEYRREDON,MAR DEL PLATA,-380433619985.0,-575734319992.0,NEGATIVO,INF MOV 30920 QUE AL ARRIBO PANORAMA NORMAL - NADIE ENTREVISTA -,-38.0433619985,-57.5734319992,2026,6,June,6,7,5,Sábado,True,Mañana (06-12),[],,OTRA / NO ESPECIFICADA,ARMA_FUEGO
2026-06-06 07:57:00,10016280748,AV EDISON al 3154,ROBO,VÍA PÚBLICA,"REFIERE UNA FEM EN UNA MOTO 110 BLANCA , Y UN MASC BARBA, GORRA,  CON UN BALDE Y SECADOR ,  SUELEN LIMPIAR VIDIROS POR LA ZONA, __ ARMADOS CON ARMA DE FUEGO LE ROBARON EL CELULAR .- __FUGAN POR EDISON EN DIRECCION A  AV FORTUNATO DE LA PLAZA .- __LLTE NO ESTA HERIDO ",GENERAL PUEYRREDON,MAR DEL PLATA,-380605.0,-575707.0,POSITIVO,"MOVIL 30920 ENTREVISTA CON ENZO CAVIERAS DE 19 AÑOS, REFIERE QUE HACE UNA HORA LO INTERCEPTAN DOS PERSONAS EN UNA MOTO 110 Y LOS MISMOS LE SUSTRAEN UN IPHONE 12, EL MISMO NO REQUIERE ASISTENCIA Y SE INVITA A RADICAR",-38.0605,-57.5707,2026,6,June,6,7,5,Sábado,True,Mañana (06-12),[],,OTRA / NO ESPECIFICADA,ARMA_FUEGO
2026-06-06 19:52:00,10016282296,FIGUEROA ALCORTA al 1663,ROBO,VÍA PÚBLICA,LLAMANTE REFIERE QUE CUANDO BAJABA DEL AUTO Y ENTRABA EN LA CASA UNA MOTO BLANCO NUEVA TORNADO CON DOS SUJETOS CON ARMA DE FUEGO LE QUISIERON ROBAR . NO HERIDOS. NO LOGRARON ROBARLE FUGARON POR ALCORTA HACIA FOURNIER,GENERAL PUEYRREDON,MAR DEL PLATA,-38052120552823.0,-57555921931215.0,NEGATIVO,"33855 ENTREVISTA CON SRA DICHINO LUCIAN, REFIRE LO APORTADO EN CARTA, DOS MASCULINOS ARMADOS EN UNA XR LE EXHIBEN NO LOGRANDO COMETER EL ILICITO, MISMA NO REVQUIERE ASISTENCIA, INDICADOS LOS PASOS A SEGUIR",-38.052120552823,-57.555921931215,2026,6,June,6,19,5,Sábado,True,Noche (18-24),[],,OTRA / NO ESPECIFICADA,ARMA_FUEGO
2026-06-06 21:45:00,10016282638,GARAY al 9384,VIOLENCIA,NO FAMILIAR,"LLAMANTE REFIERE QUE HUBO UNA PELEA ENTRE VECINOS ERAN DOS UNO QUEDO GOLPEADO, LASTIMADOS__ESTABAN CON ARMA DE FUEGO Y AMENAZAN CON IR A SU CASA A HACER DISTURBISO",GENERAL PUEYRREDON,MAR DEL PLATA,-37973795156986.0,-57622170514558.0,POSITIVO,30885 INF SE ENTREVISTA SR RETAMOSO ESTABA FUMANDO UN CIGARRILLA  CON UN AMIGO Y SE HACERCAN DOS NN CHAVEZ FRANCO Y CHAVEZ LAUTARO   LE PEGAN UN CULATAZO Y AL AMIGO LE CORTAN LA CARA.- NO REQUIERE AMBULANCIA INV RADICAR YA QUE SE PONE RESISTENTE CON PERSONAL POLICAL ,-37.973795156986,-57.622170514558,2026,6,June,6,21,5,Sábado,True,Noche (18-24),[],,OTRA / NO ESPECIFICADA,ARMA_FUEGO
2026-06-06 22:39:00,10016282798,SANTA CECILIA y Eduardo Carasa,DISPAROS,DISPAROS,LLAMANTE REFIERE QUE ESTA ESCUCHANDO DISPAROS DE ARMA DE FUEGO. ,GENERAL PUEYRREDON,,-380412909985.0,-575725899992.0,NEGATIVO,"30506 INFORMA AL ARRIBO DEL MOVIL NADIE ENTREVISTA NEGATIVO DETONACIONES, PANORAMA NORMAL EN VIA PUBLICA",-38.0412909985,-57.5725899992,2026,6,June,6,22,5,Sábado,True,Noche (18-24),[],,OTRA / NO ESPECIFICADA,ARMA_FUEGO
2026-06-07 08:38:00,10016284187,MANUEL SAVIO al 2873,DISPAROS,DISPAROS,"LLAMANTE COMUNICA QUE ESTAN CONFRONTANDO NO SABE CUANTAS PERSONAS, ESCUCHO UN DISPARO CREE DE ARMA DE FUEGO",GENERAL PUEYRREDON,MAR DEL PLATA,-38044513266314.0,-57587028562857.0,NEGATIVO,MOVIL 30504 EN EL LUGAR Y RECORRIDA NEGATIVO,-38.044513266314,-57.587028562857,2026,6,June,7,8,6,Domingo,True,Mañana (06-12),[],,OTRA / NO ESPECIFICADA,ARMA_FUEGO
2026-06-07 13:30:00,10016284701,MANUEL SAVIO al 2835,PRÓFUGO,EN VÍA PÚBLICA,"CCA REFIERE AFUERA DE SU CASA HAY UN SUJETO QUE TIENE PEDIDO DE CAPTURA LE DICEN COLUMBIO, VISTE ZAPATILLAS BLANCA Y CAMPERA NEGRA PANTALON NEGRO, DICEN COLUMBIO, APROX 36 AÑOS ES MOROCHO ESTA CON UN ARMA DE FUEGO EN LA CINTURA , A PIE ",GENERAL PUEYRREDON,MAR DEL PLATA,-38044251143865.0,-57586711766939.0,REDERIVADO,0,-38.044251143865,-57.586711766939,2026,6,June,7,13,6,Domingo,True,Tarde (12-18),[],,OTRA / NO ESPECIFICADA,ARMA_FUEGO
2026-06-07 15:21:00,10016284953,9 DE JULIO y Dr Ramon Carrillo,SOSPECHOSOS,PERSONA EXTRAÑA,LLAMANTE DICE QUE HAY UN GRUPON DE 7 MASCULINOS EN LA ESQUINA UNO DE ELLOS VISTE  CHALECO VERDE ESTA ARMADO CON ARMA DE FUEGO SOSPECHOSO,GENERAL PUEYRREDON,MAR DEL PLATA,-379562529986.0,-576252429992.0,POSITIVO,30914 30942 INFORMA IDENTIFICADS SIN NOVEDAD A LA RECORRIDA EN PREVENCION ,-37.9562529986,-57.6252429992,2026,6,June,7,15,6,Domingo,True,Tarde (12-18),[],,OTRA / NO ESPECIFICADA,ARMA_FUEGO
2026-06-07 21:12:00,10016285867,ALVAREZ CONDARCO y Antonio Martinez,CONTRAVENTORES,DESORDEN EN VÍA PÚBLICA,LLAMA POR QUE EN LA ESQUINA HAY SUJETOS A LOS GRITOS. CAUSAN  DESORDEN. MENCIONAN  TENER UN ARMA DE FUEGO. ESTAN EN LA VEREDA AFUERA DE UNA CASA. SON VARIOS.  ,GENERAL PUEYRREDON,,-379383089984.0,-575501409992.0,Telefonía Fija/Móvil,0,-37.9383089984,-57.5501409992,2026,6,June,7,21,6,Domingo,True,Noche (18-24),[],,OTRA / NO ESPECIFICADA,ARMA_FUEGO
2026-06-07 21:13:00,56048249,ALVAREZ CONDARCO y Antonio Martinez,SOSPECHOSOS,PERSONA EXTRAÑA,LLAMA POR QUE EN LA ESQUINA HAY SUJETOS A LOS GRITOS. CAUSAN  DESORDEN. MENCIONAN  TENER UN ARMA DE FUEGO. ESTAN EN LA VEREDA AFUERA DE UNA CASA. SON VARIOS. [Id.Remoto: 10016285867] [Id.Remoto: 2931347] [Id.Remoto: 4125927] [Id.Remoto: 2931350] [Id.Remoto: 56048249],GENERAL PUEYRREDON,MAR DEL PLATA,-379383089984.0,-575501409992.0,Telefonía Fija/Móvil,0,-37.9383089984,-57.5501409992,2026,6,June,7,21,6,Domingo,True,Noche (18-24),[],,OTRA / NO ESPECIFICADA,ARMA_FUEGO
2026-06-07 22:42:00,10016286065,OLAZAR y Av Bosque Grande,DISPAROS,DISPAROS,LLAMANTE REFIERE QUE EN EL LUGA RSE ESCUCHAN DETONACIONES DE ARMA DE FUEGO ,GENERAL PUEYRREDON,MAR DEL PLATA,-380100109985.0,-576087699992.0,NEGATIVO,INF MOV QUE AL ARRIBO PANORAMA NORMAL - NADIE ENTREVISTA -,-38.0100109985,-57.6087699992,2026,6,June,7,22,6,Domingo,True,Noche (18-24),[],,OTRA / NO ESPECIFICADA,ARMA_FUEGO
2026-06-08 13:11:00,10016287380,INT RUFINO INDA al 1886,DISPAROS,DISPAROS,LLAMANTE DICE QUE HAY PERSONAS EFECTUARON DISPAROS DE ARMA DE FUEGO CONTRA SU CASA NO HAY HERIDOS,GENERAL PUEYRREDON,MAR DEL PLATA,-38017534535673.0,-57605128413783.0,NEGATIVO,30514 NEGATIVO EN EL LUGAR NADIE ENTREVISTA,-38.017534535673,-57.605128413783,2026,6,June,8,13,0,Lunes,False,Tarde (12-18),[],,OTRA / NO ESPECIFICADA,ARMA_FUEGO
2026-06-09 08:51:00,10016289530,VUELTA DE OBLIGADO al 4739,ROBO AUTOMOTOR,MOTOS,"LLAMANTE REFIERE QUE LE ROBARON LA MOTO A UN HOMBRE , ERA UN AUTO CON DOS HOMBRES, ES UNA MOTO BENETTI 300 CC, VERDE , PATENTE NO LA SABE , ERA UN HOMBRE EN UNA UTO GRIS , SE FUERON HACIA CALLE TEJEDOR POR VUELTA DE OBLIGA , NO HAY HERIDOS, TIENE UN ARMA DE FUEGO EL LADRON.- [Id.Remoto: 10016289530]",GENERAL PUEYRREDON,MAR DEL PLATA,-379534266744.0,-575400434272.0,Telefonía Fija/Móvil,0,-37.9534266744,-57.5400434272,2026,6,June,9,8,1,Martes,False,Mañana (06-12),[],,OTRA / NO ESPECIFICADA,ARMA_FUEGO
2026-06-09 12:44:00,10016290040,ITALIA y Av Colon,ROBO,VÍA PÚBLICA,"__LLAMANTE REFIERE QUE LE ABRIERON EL AUTO ES UN 208 DE COLOR GRIS , PATENTE NO RECUERDA __ LE ROBAN EL BOLOS CON UN MALETIN  QUE LA RESTREA HASTA COLON Y CHAMPAGNAT,  UN ARMA DE FUEGO BERSA NRO 380 AUTOMATICA , __ LLAMANTE REFIERE QUE LLEVABA  SU ARMA  A LIMPIAR ,  CON 10 MUNICIIONES TIENE CLU .-__LLAMANTE R SE RETIRA A CRIA 4TA PARA RADICAR",GENERAL PUEYRREDON,MAR DEL PLATA,-379933027019.0,-575702858321.0,POSITIVO,POR FRECUENCIA 7 __OSA RUIZ ROCIO ROMANO TOMAS DNI 44.335.975- EXHIBE DOCUMENTACION DE CARNET LEGITIMO USUARIO DE PISTOLA BERSA 380 COMPAC __ NUMERACION 8154249 - CON DIEZ MUNICIONES Y UNA PC MC BOOK - ____RADICANDO EN COMISARIA 4TA ,-37.9933027019,-57.5702858321,2026,6,June,9,12,1,Martes,False,Tarde (12-18),[],,OTRA / NO ESPECIFICADA,ARMA_FUEGO
2026-06-09 20:21:00,10016291358,TALCAHUANO al 1046,ROBO AUTOMOTOR,MOTOS,"LLAMANTE REFIERE QUE LE ROBARON SU MOTO, 4 PERSONAS, TODOS DE NEGRO. INDICA QUE JUSTO LO VIO UN MOVIL, EL MISMO LOS SIGUIO POR TALCAHUANO PARA LA 39, NO SABE QUE SUCEDIO. NO ESTA HERIDO DE GRAVEDAD, TIENE UN GOLPE EN PIERNA Y MANO. UNO TENIA UN ARMA DE FUEGO Y LE APUNTO. ESTABAN EN DOS MOTOS NEGRAS 150/200CC__LA MOTO ROBADA ES UNA GD190R NEGRA DOMINIO *290* NO RECUERDA LETRAS.",GENERAL PUEYRREDON,MAR DEL PLATA,-38030118099185.0,-575745368656.0,POSITIVO,"POSITIO SUSTRACCION HONDA CB 190 COLOR NEGRO, DOMINIO A290YQA, MISMA TIENE CARGA SIV 373191",-38.030118099185,-57.5745368656,2026,6,June,9,20,1,Martes,False,Noche (18-24),[],,OTRA / NO ESPECIFICADA,ARMA_FUEGO
2026-06-09 23:08:00,10016291837,BERUTI y Leguizamon,SOSPECHOSOS,EN VEHÍCULO,"LLAMANTE REFIERE QUE HACE INSTANTES EN CALLE 212 Y BERUTI, 2 PERSONAS ARMADAS CON ARMA DE FUEGO EN UN XR BLANCO O NEGRO (NO ALCANZO A ADVERIT BIEN) LE QUISIERON ROBAR AL MOTO AL HERMANO. SE CAYERON LAS 2 MOTOS, LA VICTIMA SE LEVANTO RAPIDAMENTE Y SE RETIRO DEL LUGAR A SU VIVIENDA PERO ESTA HERIDO. LOS MASCULINOS SE FUERON PARA EL LADO DE LIBERTAD. NO APORTA MAS DATOS",GENERAL PUEYRREDON,MAR DEL PLATA,-379547839985.0,-576014059992.0,NEGATIVO,"MOVIL INFORMA QUE EN LA AMPLIA RECORRIDA EL PANORAMA ES NORMAL, NADIE ENTREVISTA CON EL PERSONAL POLICIAL, MISMO SIGUE EN RECORRIDA.",-37.9547839985,-57.6014059992,2026,6,June,9,23,1,Martes,False,Noche (18-24),[],,OTRA / NO ESPECIFICADA,ARMA_FUEGO
2026-06-09 23:10:00,10016291846,LUIS FEDERICO LELOIR y Calle 46,DISPAROS,PERSONAS,EL LLAMANTE REFIERE QUE  PASO UNA MOTO Y TIRO TIROS Y HAY UNA PERSONA HERIDA DE ARMA DE FUEGO. ,GENERAL PUEYRREDON,MAR DEL PLATA,-380887369985.0,-576100669992.0,V ACC-MC,0,-38.0887369985,-57.6100669992,2026,6,June,9,23,1,Martes,False,Noche (18-24),[],,OTRA / NO ESPECIFICADA,ARMA_FUEGO
2026-06-10 20:38:00,10016294635,AZOPARDO al 6139,VIOLENCIA,NO FAMILIAR,"__LLAMANTE MENCIONA QUE ENTRE VECINOS SE ROBARON UNA MOTO XR CC150 COLOR NEGRA DOMINIO NO APORTA, REFIERE QUE LA VICTIMA ESTA CON ELLA A RESGUARDO DADO QUE LOS AUTORES DEL ROBO ESTAN AFUERA DE LA CASA, PUEDE QUE ESTEN ARMADOS CON ARMA DE FUEGO  Y ADENTRO DEL INMUEBLE HAY MENORES.- ",GENERAL PUEYRREDON,MAR DEL PLATA,-38030245774253.0,-57578633006652.0,NEGATIVO,"30506 EN EL LUGRA. HAY MUCHA GENTE PERO NADIE QUIERE ENTREVISTAR, LAS PERSONAS SE TORNAN HOSTILES CON EL PERSONAL. MOVIL LIBERA DEL LUGAR PANORAMA NORMAL. LLAMANTE RECURRENTE",-38.030245774253,-57.578633006652,2026,6,June,10,20,2,Miércoles,False,Noche (18-24),[],,OTRA / NO ESPECIFICADA,ARMA_FUEGO
2026-06-11 00:20:00,10016295136,ALTE BROWN al 8540,ROBO AUTOMOTOR,VEHÍCULOS,"LLAMANTE INFORMA QUISIERON ROBARLE LA CAMIONETA A SU HERMANO ENTRANOD A LA CASA, SON APROX 4  PERSONAS, REFIRE QUE ESTAN EFECTUANDO DETONACIONES DE ARMA DE FUEGO, DE ESQIUNA A ESQUINA, NO SABE SI HAY HERIDOS REFIERE QUE SUELEN ANDAR EN UN FOR FIESTA +BLANCO",GENERAL PUEYRREDON,MAR DEL PLATA,-37974094180882.0,-57610555793355.0,POSITIVO,"34844 INF POSIITOV TENTATIVA DE ROBO, CUANDO ESTABA METIENDO  EL AUTO AL DLIO  4 NN ARMADO SE LE QUISIERON METER AL DLIO, SEDAN A LA FUGA DOS PARA EL ALDO DE COLON  Y LOS OTROS DOS PARA EL LADO DEL LAGO UNO PODRIA ESTAR HERIDO EN LA PIERNA, IND LOS PASOS A SEGUIR  SR ALBARENGUE",-37.974094180882,-57.610555793355,2026,6,June,11,0,3,Jueves,False,Madrugada (00-06),[],,OTRA / NO ESPECIFICADA,ARMA_FUEGO
2026-06-11 03:05:00,10016295361,BUENOS AIRES al 2326,DISPAROS,DISPAROS,"LLAMANTE INFORMA ESCUCHA A UN MASCULINO QUE GRITA *SOCORRO AYUDA* Y CREE QUE EFECTUARON UNA DETONACOIN DE ARMA DE FUEGO , NO VE NADA, NO SABE MAS DATOS",GENERAL PUEYRREDON,MAR DEL PLATA,-38007059821027.0,-5754601667003.0,POSITIVO,"ABREN UNA FORD RANGER DOMINIO PEL492 , ROMPEN VIDRIO DEL LA PUERTA TRASERA , ESTA CON EL LLAMANTE MAGIC RODRIGO A LA ESPERA DEL DUEÑO",-38.007059821027,-57.54601667003,2026,6,June,11,3,3,Jueves,False,Madrugada (00-06),[],,OTRA / NO ESPECIFICADA,ARMA_FUEGO
2026-06-11 07:37:00,10016295653,OLAVARRIA y Rawson,ROBO,COMERCIO,"LLAMANTE REFIERE ANOCHE ROBARON 3.30 AM EN UN KIOSCO Y AHORA EL DELINCUENTE REGRESO, QUISO APUÑALAR A LA EMPLEADA, ESTAARMADO CON UN  ARMA DE FUEGO Y UN ARMA BLANCA __ES UN HOMBRE MIDE 1.60 TIENE CONVERSE BLANCA, JOGGING, CAMPERA ROMPE VIENTO AZUL OSCURA O NEGRA CON RAYA BLANCA Y UNA RAYA ROJA, BUFANDA Y CAPUCHA, ESTA A PIE. SE FUE POR GUEMES HACIA GARAY - __NO HAY HERIDOS ",GENERAL PUEYRREDON,MAR DEL PLATA,-380135469984.0,-575413969992.0,NEGATIVO,"MOVIL ENTREVITSA CON LA EMPLEADA GARI IVANA, NO REQUIERE ASISTENICA. AL ARRIBO DEL MOVIL EL MASUCLINO NO ESTAB",-38.0135469984,-57.5413969992,2026,6,June,11,7,3,Jueves,False,Mañana (06-12),[],,OTRA / NO ESPECIFICADA,ARMA_FUEGO
2026-06-11 19:13:00,10016297240,AV JUAN B JUSTO y Av Champagnat,VIOLENCIA,NO FAMILIAR,"LLAMANTE REFIERE QUE HAY 6 SUJETOS EN MOTO PELEANDO, UNO PARECE TENER UN ARMA DE FUEGO. NO HAY HERIDOS.- ",GENERAL PUEYRREDON,MAR DEL PLATA,-37999242202.0,-575975753069.0,NEGATIVO,MOVIL 30350 EN EL LUGAR NEGATIVO. AL ARRIBO DEL MOVIL YA SE HABIAN RETIRADO. ,-37.999242202,-57.5975753069,2026,6,June,11,19,3,Jueves,False,Noche (18-24),[],,OTRA / NO ESPECIFICADA,ARMA_FUEGO
2026-06-11 19:15:00,10016297250,LIBRES DEL SUD al 1000,VIOLENCIA,NO FAMILIAR,"LLAMANTE REFIERE QUE HAY UNA PELEA DE VECINOS EN EL LUGAR. SON 2 MASCULINOS, UNO ES VECINO DE LA LLAMANTE. EL OTRO VISTE CAMPERA BLANCA Y MOCHILA. VA POR CONSTITUCION HACIA RUTA 2 A PIE. REFIERE QUE ESTA ARMADO, NO SABE SI ES CAÑO O ARMA DE FUEGO. ",GENERAL PUEYRREDON,MAR DEL PLATA,-37968613654184.0,-57547544185548.0,NEGATIVO,personal informa en recorrida por la zona panorama normal nadie entrevista movil recorre la zona ,-37.968613654184,-57.547544185548,2026,6,June,11,19,3,Jueves,False,Noche (18-24),[],,OTRA / NO ESPECIFICADA,ARMA_FUEGO
2026-06-11 20:16:00,10016297416,SAN MARTIN al 11883,VIOLENCIA,INFANTIL,"__LLAMANTE MENCIONA QUE HAY UN MASCULINO QUE AGREDIO A SUS DOS HIJOS, UNA ES MENOR DE EDAD, SALIO HACE POCO DE ESTAR PRIVADO DE SU LIBERTAD, ESTA CON ARMA DE FUEGO-",GENERAL PUEYRREDON,MAR DEL PLATA,-3795233668559.0,-5763918220954.0,POSITIVO,"INF MOV 30151 EN EL LUGAR SE ENTREVISTA CON LA SRA GUERRA CLAUDIA, LA MISMA REFIERE CONFLICTO DE MENORES, INDICADOS LOS PASOS A SEGUIR, SE PRESINDE DE ASISTE MEDICA",-37.95233668559,-57.63918220954,2026,6,June,11,20,3,Jueves,False,Noche (18-24),[],,OTRA / NO ESPECIFICADA,ARMA_FUEGO
2026-06-12 07:05:00,10016298485,DIP AMAYA al 244,CARTA ORIGINAL,CON PRIORIDAD,"REFIERE QUE HAY DOS MASCULINOS EN UN TORNADO NEGRO SIN PATENTE  SE VAN PARA 25 DE MAYO YENDO HACIA EL CENTRO, ESCUCHA MAS MOTOS, Y ESTAN CON UN ARMA DE FUEGO APUNTANDO HACIA DELANTE Y A LOS COSTADOS HACEN WILLIE, EN LA SEMANA VIO QUE ROBARON EN UN COMERCIO CERCA QUE SE LLAMA CARELLI, AYER LE ROBARON A UNA SEÑORA,ROBAN MOTOS NO SABE DONDE, NO SABE COMO SE LLAMAN, ESTAN VESTIDOS DE NEGRO, NO SABE LOS NOMBRES DE LOS MISMOS, SUELEN ROBAR EN CUALQUIER HORARIO, NO SABE DONDE VIVEN, SERIAN DE LA HERRADURA ",GENERAL PUEYRREDON,MAR DEL PLATA,-379474876749.0,-576167683408.0,NEGATIVO,"INF MOV 30151 REFIERE NEGATIVO LOS SUJETOS APORTADOS EN CARTA DE LLAMADO, NADIE ENTREVISTA CON EL MOVIL POLICIAL. PANORAMA NORMAL, NEGATIVO DISTURBIOS O CONFRONTACION EN EL LUGAR",-37.9474876749,-57.6167683408,2026,6,June,12,7,4,Viernes,False,Mañana (06-12),[],,OTRA / NO ESPECIFICADA,ARMA_FUEGO
2026-06-12 10:54:00,10016298869,GARAY y Portugal,DISPAROS,DISPAROS,"LLAMANTE REFIERE QUE PASO UN MASCULINO EN BICICLETA VISTE BUZO BLANCO, PANTALON NEGRO -  ANDA CON UN ARMA DE FUEGO, Y EFECTUO DETONACIONES  AL AIRE,  ,Y UNA DE ELLAS CAYO EN LA UPUERTA DE LA CASA DE LA MAMA DE LA LLAMANTE__NO HAY HERIDOS, PERO HABIA UN NENE JUGANDO FUERA  __ES CONOCIDO EN EL BARRIO SE LLAMA CHAVEZ FRANCO,NO VIO PARAA QUE LADO SE FUE",GENERAL PUEYRREDON,MAR DEL PLATA,-379737229985.0,-576223089992.0,NEGATIVO,MOVIL INFORMA EN RECORIDA NEGATIVO NN,-37.9737229985,-57.6223089992,2026,6,June,12,10,4,Viernes,False,Mañana (06-12),[],,OTRA / NO ESPECIFICADA,ARMA_FUEGO
2026-06-12 11:50:00,10016298994,REFORMA UNIVERSITARIA al 3600,VIOLENCIA,NO FAMILIAR,"LLTE REFIERE QUE UNOS VECINOS LE ESTAN APEDREANDO SU FINCA , UNO DE ELLOS LE MOSTRO UN ARMA DE FUEGO__ESTOS VECINOS TIENEN RESTRICCION , Y AYER LE HICIERON UN ALLANAMIENTO__NO HAY ERIDOS ",GENERAL PUEYRREDON,,,,POSITIVO,"MOVIL 30705 INF ENTREVISTA SR SUAREZ NOEMI REFIERE QUE TIENE PROBLEMAS DE VIEJA DATA CON CON VECINOS, AL ARRIBO NEGATIVO LA OTRA PARTE EN EL LUGAR, INDICA PASOS A SEGUIR ",,,2026,6,June,12,11,4,Viernes,False,Mañana (06-12),[],,OTRA / NO ESPECIFICADA,ARMA_FUEGO
2026-06-12 18:17:00,10016299994,SOLER al 6126,ROBO AUTOMOTOR,MOTOS,"LLAMANTE REFIERE QUE LE ROBARON CON UN ARMA DE FUEGO, NO ESTA HERIDO, SALIO CORRIENDO. ERAN 4 EN 2 MOTOS, ENCAPUCHADOS, NO RECUERDA DATOS DE ELLOS. SE FUERON POR SOLER PARA JACINTO PERALTA RAMOS. SE LLAVARON UNA HONDA WAVE ROJA 110CC  DOMINIO NO RECUERDA",GENERAL PUEYRREDON,MAR DEL PLATA,-38033054216393.0,-57581802439934.0,Telefonía Fija/Móvil,0,-38.033054216393,-57.581802439934,2026,6,June,12,18,4,Viernes,False,Noche (18-24),[],,HONDA,ARMA_FUEGO
2026-06-13 20:48:00,10016303279,AV ANTARTIDA ARGENTINA al 3915,ROBO AUTOMOTOR,MOTOS,"LLAMANTE DICE QUE  ROBARON LA MOTO BLANCA Y CELESTE ,MONDAY 101, PATENTE  A2932PO   GOLPEADO EN LA CABEZA  , 4 MASCULINO  EN DOS MOTOS ARMA DE FUEGO , SE FUERON POR ANTARTIDA  SUBIENDO __ESTA A TRES CUADRAS DE MARIO BRAVO [Id.Remoto: 10016303279]",GENERAL PUEYRREDON,MAR DEL PLATA,-380484.0,-576014.0,REDERIVADO,ANILLO DIGITAL- NO RESPONDE__CIUDAD- NO RESPONDE__PINAMAR - SRGT RODRIGUEZ__DOLORES - SRGT BARBIERE__CHASCOMUS - TTE RAIZ__VIAL LA COSTA- NO RESPONDE__VIAL VIVORATA- SRGT MAYA__VIAL VILLA GESEL- NO RESPONDE__VIAL CHAPADMALAL-NO RESPONDE__VIAL DOLORES- NO RESPODNE__VIAL CNEL VIDAL- NO RESPONDE,-38.0484,-57.6014,2026,6,June,13,20,5,Sábado,True,Noche (18-24),[],,OTRA / NO ESPECIFICADA,ARMA_FUEGO
2026-06-13 23:28:00,10016303653,MANUELA PEDRAZA y Catalina Daprotis,DISPAROS,DISPAROS,LLAMANTE DICE QUE HAY 7  PERSONAS CONFRONTANDO EN LA CALLE EFECTUANDO DISPAROS DE ARMA DE FUEGO DESCONOCE SI HAY HERIDOS ,GENERAL PUEYRREDON,MAR DEL PLATA,-379623159984.0,-575466569992.0,POSITIVO,"INF MOV 30918 EN EL LUGAR REFIERE PERSONAL DE PSA REALIZANDO ALLANAMIENTO, NO SE APORTA DATOS DE QUIEN ESTA A CARGO DEL MISMO",-37.9623159984,-57.5466569992,2026,6,June,13,23,5,Sábado,True,Noche (18-24),[],,OTRA / NO ESPECIFICADA,ARMA_FUEGO
2026-06-14 08:30:00,10016304658,RIVADAVIA al 5295,ROBO,VÍA PÚBLICA,"REFIERE QUE PASO UN PEUGEOT BLANCO 206 CON LLANTAS NEGRAS Y LES ROBARON LA MOTO A ELLA Y A SU PAPA, LES PEGARON__LLAMANTE TIENE UNA PATADA EN EL PECHO, A SU PAPA LE LASTIMARON LA PIERNA CON LA RUEDA DEL AUTO, LE PASARON POR LA PIERNA CON EL AUTO, Y LE PEGARON EN LA PERA , LE PARECE QUE CON UN ARMA__ERAN UNOS 4 O 5 MASCULINOS, ARMADOS CON ARMA DE FUEGO __DOBLARON EN CHILE Y NO SABE MAS.__LE ROBARON LA MOTO XR150 COLOR BLANCA CON LETRAS ROJAS, PATENTE A112CSK, CASCO Y PERTENENCIAS VARIAS",GENERAL PUEYRREDON,MAR DEL PLATA,-37986483797905.0,-57574745057836.0,Telefonía Fija/Móvil,0,-37.986483797905,-57.574745057836,2026,6,June,14,8,6,Domingo,True,Mañana (06-12),['A112CSK'],A112CSK,PEUGEOT,ARMA_FUEGO
2026-06-14 18:31:00,10016305833,BRASIL y Esteban Gascon,DISPAROS,DISPAROS,LLAMANTE REFIERE QUE VECINO CON ARMA DE FUEGO REALIZA DISPAROS REQUIERE MOVIL. ESTARIA DROGADO,GENERAL PUEYRREDON,,-379740919985.0,-576127849992.0,POSITIVO,30151 ENTREVISAT CON SRA ANGELINAINFROMA QUE YA SE HABRIAN RETIRADO SE TRATARIA DE SR MEDINA OMAR MOVIL LO IDNEITIFICA Y REQUISA EL MISMO NO TIENE ARMAS YT SE RETIRA DEL LUGAR ,-37.9740919985,-57.6127849992,2026,6,June,14,18,6,Domingo,True,Noche (18-24),[],,OTRA / NO ESPECIFICADA,ARMA_FUEGO
2026-06-15 21:32:00,10016309312,GERONIMO REJON y Rizzutto,DISPAROS,PERSONAS,"LLAMANTE REFIERE QUE DOS MASCULINOS ESTAN CONFRONTANDO CON DISPAROS DE ARMA DE FUEGO, SE PERSIGUEN UNO A OTRO, SON DE GRAN PORTE AMBOS",GENERAL PUEYRREDON,MAR DEL PLATA,-379568959985.0,-575862569992.0,JTv,0,-37.9568959985,-57.5862569992,2026,6,June,15,21,0,Lunes,False,Noche (18-24),[],,OTRA / NO ESPECIFICADA,ARMA_FUEGO
2026-06-16 00:57:00,10016309720,NESTOR ROMANO al 3371,DROGAS ILÍCITAS,VENTA/ELABORACIÓN,"SE INFORMA QUE EN UNA ALMACEN VENDEN ESTU´PEFACIENTE (COCAINA Y MARIHUANA), LE DICEN LA CHILENA, VENDE CON EL HIJO TIENE PELO NEGRO, ES ROBUSTO, CIRCULA EN UN XR 250 NEGRA Y BLANCA DESCONCOE DOMINIO. VENDE DESDE LA MAÑANA HASTA LA TARDE.SE DEJA CONSTANCIA QUE ESTAS PERSONAS ESTARIAN ARMADAS CON ARMA BLANCA  Y ARMA DE FUEGO.____GODOY CRUZ 5970 ENTRE MARTINEZ Y GHANDI MANO PAR, SE ENCONTRARIA OTRO SITIO DONDE COMERCIALIZAN ESTUPEFACIENTES(COCAINA). BOLSITAS 5 MIL PESOS EL VENDEDOR SE LLAMA ARIEL, HIJO DEL JAROBADO, CIRCULA EN UN PEUGEOT 206 GRIS Y EN UNA MOTO CROSS 250 BLANCA DE ASIENTO NEGRO, DOMINIO DESCONOCE. VENDEN EN HORARIO COMPRENDIDO DESDE LAS 12 DEL MEDIO DIA HASTA LAS 10 DE LAS NOCHE. MANIFIESTA QUE ESTAN ARMADOS CON UN REVOLVER______ANTONIO GALEANA 3070 ENTRE ZEBALLOS Y ANCHORENA, BARRIO ALTO CAMET. COMERCIALIZAN MARIHUANA Y COCAINA. LOS VENDEDORES SE LLAMAN: PAOLA YANELI Y MIGUEL YANELLI. VENDEN APARTIR DESDE LAS 9 DE LA MAÑANA HASTA LAS 3 DE LA MAÑANA. ESTAN ARMADOS CON ARMAS BLANCAS Y DE FUEGO.",GENERAL PUEYRREDON,MAR DEL PLATA,-37942903099056.0,-57544763396084.0,VSup,0,-37.942903099056,-57.544763396084,2026,6,June,16,0,1,Martes,False,Madrugada (00-06),[],,PEUGEOT,ARMA_FUEGO
2026-06-16 10:04:00,10016310404,VERGARA y Av De Los Trabajadores,PEDIDO GENERICO DE AUXILIO,PGA,"__CARGA INVERSA 33847__VERGARA Y DE LOS TRABAJADORES__TENTATIVA DE ROBO DE UNA MOTO __EFECTUARON UNA DETONACION __MASCULINO HERIDO DE ARMA DE FUEGO A LA__ALTURA CERVICAL . LUCIDO Y CONSCIENTE __ERAN 2 MOTOS, UNA XR BLANCA Y MOTOMEL 110. 2 NN EN CADA MOTO.",GENERAL PUEYRREDON,MAR DEL PLATA,-380582644638.0,-575450558906.0,Analizado por ACC-MC,0,-38.0582644638,-57.5450558906,2026,6,June,16,10,1,Martes,False,Mañana (06-12),[],,MOTOMEL,ARMA_FUEGO
2026-06-16 18:59:00,10016311771,BOUCHARD y Jose Marti,ROBO,VÍA PÚBLICA,"LLAMANTE REFIERE QUE LE ROBARON LA BICICLETA A UN MASCULINO, DOS INDIVIDUOS EN MOTO, ESTABAN CON UN ARMA DE FUEGO, NO NECESITA ASISTENCIA MEDICA. LA BICICLETA ES ROD. 29 GRIS CON CALCOMANIAS ROJAS Y NEGRAS. SE FUERON PARA EL LADO DE 39 Y JOSE MARTI -  ESTABAN EN UNA 110CC ROJA. UNO DE ELLOS ES FLACO ALTO CON UN CUELLO Y UNA GORRA. ",GENERAL PUEYRREDON,,-380398729984.0,-575675999992.0,NEGATIVO,"MOVIL 30174 INF AMPLIA RECORRIDA POR LA ZONA NORMAL, NEGATIVO ENTREVISTA",-38.0398729984,-57.5675999992,2026,6,June,16,18,1,Martes,False,Noche (18-24),[],,OTRA / NO ESPECIFICADA,ARMA_FUEGO
2026-06-16 22:15:00,10016312253,GARAY al 7044,VIOLENCIA,NO FAMILIAR,"__LLAMANTE MENCIONA QUE EL VECINO DE ATRAS LOS ESTA AMENAZANDO CON ARMA DE FUEGO Y UN MACHETE, LES ESTA GOLPENANDO LA VENTANA, INDICA QUE EN EL INTERIOR DEL INMUEBLE HAY TRES MENORES, ELLOS ESTAN BIEN NO HAY HERIDOS ",GENERAL PUEYRREDON,MAR DEL PLATA,-37985687201716.0,-57598689200615.0,NEGATIVO,25566 INF EN LUGAR ANDIE ENTREVISTA ,-37.985687201716,-57.598689200615,2026,6,June,16,22,1,Martes,False,Noche (18-24),[],,OTRA / NO ESPECIFICADA,ARMA_FUEGO
2026-06-16 23:40:00,10016312399,AV DR ALIO y Alvarado,ROBO AUTOMOTOR,VEHÍCULOS,"__LLAMANTE INFORMA QUE LE ROBARON SU VEHICULO FORD FIESTA COLOR GRIS PLATEADO DOMINIO TERMINA EN 054, LOS AUTORES SON 4 MASCULINOS CON ARMA DE FUEGO, ESTA HERIDO, SE FUERON POR CHILABERT EN DIRECCION HACIA BARRIO BELGRANO.- EL LLAMANTE ESTA ARRIBA DE UN COLECTIVO DE LINEA 531 INTERNO 32 .- INFORMA QUE EL MASCULINO VISTE PANTALON CAMUFLADO Y AGUARDA EL RECURSO EN EL LUGAR.- ",GENERAL PUEYRREDON,MAR DEL PLATA,-379854439985.0,-576035869992.0,REDERIVADO,"PINAMAR OSI ERRASQUIN, DOLORES PPAL GUEVARA, CHASCOMUS SUBCRIO GOROSITO, VIAL VIVORATA SUBCRIO MACHADO, VIAL CAMET SGTO VERA, VIAL CHAPADMALAL NO RESPONDE",-37.9854439985,-57.6035869992,2026,6,June,16,23,1,Martes,False,Noche (18-24),[],,FORD,ARMA_FUEGO
2026-06-16 23:59:00,10016312431,AV MARIO BRAVO al 9566,DISPAROS,PERSONAS,"__LLAMANTE INFORMA QUE HAY UN MASCULINO CON ARMA DE FUEGO, REFIERE QUE VIO EL RECURSO PASAR POR LA PUERTA DE LA CASA Y NO SE DETUVO, ESTAN EFECTUANDO DISPAROS HACIA SU CASA, LOS AUTORES  DE LOS DISPAROS SON TRES MASCULINOS, NO HAY HERIDOS.- ",GENERAL PUEYRREDON,MAR DEL PLATA,-38020419932218.0,-57624509050205.0,REDERIVADO,0,-38.020419932218,-57.624509050205,2026,6,June,16,23,1,Martes,False,Noche (18-24),[],,OTRA / NO ESPECIFICADA,ARMA_FUEGO
2026-06-17 18:02:00,10016314444,AV EDISON y Solis,VIOLENCIA,NO FAMILIAR,LLAMANTE REFIERE QUE HAY UN MASCULINO CORRIENDO A OTRO CON UN ARMA DE FUEGO,GENERAL PUEYRREDON,,-380401924306.0,-57546603704.0,POSITIVO,"28942 SR VALDEZ APARENTEMENTE UN VENDEDOR DE TURRONES INGRESA AL LUGAR MANIFESTANDO QUE OTRO MASC LO QUERIA MATAR, AL ARRIBO DEL MOVIL NEGATIVO EL MASC",-38.0401924306,-57.546603704,2026,6,June,17,18,2,Miércoles,False,Noche (18-24),[],,OTRA / NO ESPECIFICADA,ARMA_FUEGO
2026-06-17 18:33:00,10016314539,CALLE 2 BIS al 458,VIOLENCIA,NO FAMILIAR,"LLAMANTE REFIERE QUE HAY UN MASCULINO PELEANDO CON ORTRO CHICO, EL PRIMERO  SACO UN ARMA DE FUEGO ESTA MUY AGRESIVO   VISTE DE NEGRO CON ZAPATILLAS BLANCAS VA POR LA CALLE ASFALTADA  NO HAY HERIDOS ",GENERAL PUEYRREDON,MAR DEL PLATA,-38103037243681.0,-57573804064192.0,NEGATIVO,EN EL LUGAR NEGATIVO CONFRONTACION Y NEGATIVO MASCULINO  CON LAS CARACTERISTICAS APORTADAS ,-38.103037243681,-57.573804064192,2026,6,June,17,18,2,Miércoles,False,Noche (18-24),[],,OTRA / NO ESPECIFICADA,ARMA_FUEGO
2026-06-17 23:32:00,10016315245,AV CHAMPAGNAT y Av Juan B Justo,ROBO,COMERCIO,EN PROCESO__LLAMANTE REFIERE QUE  ESCUCHA QUE ESTA SONANDO LA ALARMA DE LA  MADERARA ARIEL ESCUCHA UN DISPARO Y VE   UNA PERSONA ARRIBA DEL TECHO  PARECIA TENER UN ARMA DE FUEGO ES UN MASCULINO GORDITO CON  REMERA GRIS PANTALON NEGRO  TES MOROCHO PELO NEGRO ,GENERAL PUEYRREDON,MAR DEL PLATA,-37999242202.0,-575975753069.0,POSITIVO,"INF MOV 34836 EN EL LUGAR SE HACE PRESENTE MOVIL 5 DE MONITOREO, PRESENTE PROPIETARIO DE LA MADERERA, EL CUAL NO APORTA DATOS FILIATORIOS, CONSULTADO EL PERSONAL EL MISMO NO APORTA ELEMENTOS SUSTRAIDOS",-37.999242202,-57.5975753069,2026,6,June,17,23,2,Miércoles,False,Noche (18-24),[],,OTRA / NO ESPECIFICADA,ARMA_FUEGO
2026-06-18 10:13:00,10016316052,AZOPARDO al 6326,PRÓFUGO,EN VÍA PÚBLICA,"LLAMANTE REFIERE QUE LO AMENAZARON DE MUERTE, REFIERE QUE ES UN HOMBRE QUE LO BUSCA LA POLICIA , ESTA CAMINANDO POR AZOPARDO HACIA CALLE MANZO , SE LLAMA TIAGO HENRY , LO BUSCA LA POLICIA POR QUE ROBA EN EL LUGAR , TIENE PEDIDO DE CAPTURA , VISTE DE NEGRO , ENCAPUCHADO , ES BAJO DE ESTATURA , TIENE UN ARMA DE FUEGO , NO HAY HERIDOS .- ",GENERAL PUEYRREDON,MAR DEL PLATA,-38029015558924.0,-57580237743578.0,REDERIVADO,0,-38.029015558924,-57.580237743578,2026,6,June,18,10,3,Jueves,False,Mañana (06-12),[],,OTRA / NO ESPECIFICADA,ARMA_FUEGO
2026-06-18 14:43:00,10016316619,BENITO LYNCH y Labarden,ROBO,VÍA PÚBLICA,"REFIERE  3 MASC ARMADOS CON ARMA DE FUEGO   EN UN AUTO PALIO GRIS CON PUERTA  ACOMPAÑANATE COLOR NEGRO PATENTE GOP457 __LE ROBARON A SU HIJO PERTENENCIAS EN LA UBICACION APORTADA __SU HIJO NO ESTA HERIDO ,  SE FUE A LA CASA DE  LA MADRE EN PUNTA  MOGOTES .-  LLTE SE ENCUENTRA TRABAJANDO __UN VECINO LE DIJO QUE  LOS MASC CONTINUAN EN LA  UBICACION APORTADA .- ",GENERAL PUEYRREDON,MAR DEL PLATA,-380181989985.0,-576257659992.0,NEGATIVO,"MOVIL 30584 INF AMPLIA RECORRIDA POR LA ZONA NORMAL, NEGATIVO VEHICULO, NEGATIVO ENTREVISTA ",-38.0181989985,-57.6257659992,2026,6,June,18,14,3,Jueves,False,Tarde (12-18),['GOP457'],GOP457,OTRA / NO ESPECIFICADA,ARMA_FUEGO
2026-06-18 15:12:00,10016316676,AV CHAMPAGNAT al 2124,ROBO,VÍA PÚBLICA,REFIERE  4 MASC VESTIMENTAS ROJA Y NERGA   EN DOS MOTOS TIPO CICLOMOTORES __LE PUNTARON CON UN ARMA DE FUEGO CHICA  Y LE ROBARON SU CARTERA __FUGAN POR VICTORIANO MONTES EN DIECCIO LURO __LLTE NO ESTA HERIDA ,GENERAL PUEYRREDON,MAR DEL PLATA,-37984451210063.0,-57585922711389.0,POSITIVO,GRACIELA POSE IDENTIFICA CPON MOVIL 30885 Y SE LA INVITA A RADICAR RATIFICA DICHOS ,-37.984451210063,-57.585922711389,2026,6,June,18,15,3,Jueves,False,Tarde (12-18),[],,OTRA / NO ESPECIFICADA,ARMA_FUEGO
2026-06-18 19:18:00,10016317243,ALVARADO al 5500,INTEGRIDAD A LA VIDA,AMENAZA DE MUERTE,"EL CUÑADO TIENE DENUNCIAS PENAL Y CIVIL POR LA SUCECION DE UNA CASA, ESTA AHORA AHI ARMADO CON ARMA DE FUEGO ,  NO LO VE COMO PARA DESCRIBIRLO, LO ESCUCHA QUE ESTA A LOS GRITOS , EL SE LLAMA  PABLO GRENI  ESTA A PI , LOS ESTA  AMENAZANDO DE MUERTE Y TEME QUE ENTRE A LA CASA Y ROMPA TODO PIDE UN MOVIL  ",GENERAL PUEYRREDON,MAR DEL PLATA,-37995075147298.0,-57584559377134.0,NEGATIVO,"AYUDANTE DE SEGUNDA CACERES  ENTREVISTA CON LIONELA HERRERA INFROMA QUE SE CRUZO CON SU EX CUÑADO Y TUVO UN ENTREDICHO  EN EL MERCADO DEL BARRIO Y AHORA LE PARECIO OIR SU  VOZ, AL ARRIBO DE PERSONAL EL MASCULINO YA NO ESTABA SE LE INDICA LOS PASOS A SEGUIR ",-37.995075147298,-57.584559377134,2026,6,June,18,19,3,Jueves,False,Noche (18-24),[],,OTRA / NO ESPECIFICADA,ARMA_FUEGO
2026-06-18 23:14:00,10016317761,AV CARLOS GARDEL al 1716,VIOLENCIA,NO FAMILIAR,"__LLAMANTE MENCIONA QUE HAY UNA FEMENINA QUE ESTA CON ARMA DE FUEGO ADENTRO DE LA CASA, NO HAY HERIDOS Y AGREGA QUE ERA LA EX DUEÑA DE LA CASA.- ",GENERAL PUEYRREDON,MAR DEL PLATA,-38002747869784.0,-57622219410651.0,NEGATIVO,"30350 INFORMA ENTREVISTA CON LA SRA MESETA , NEGATIOV FEMENINA ARMADA. AL ARRIBO DEL MOVIL LA MISMA SE ENCUENTRA EBRIA EN EL DLIO, Y EL MASCULINO NO SE ENCONTRABA EN EL LUGAR. PANORAMA NORMAL",-38.002747869784,-57.622219410651,2026,6,June,18,23,3,Jueves,False,Noche (18-24),[],,OTRA / NO ESPECIFICADA,ARMA_FUEGO
2026-06-19 18:42:00,10016319859,JUAN CALCHAQUI al 6296,ROBO AUTOMOTOR,MOTOS,"__LLAMANTE MENCIONA QUE LE ROBARON SU MOTO, FUE A MANO ARMADA, LOS AUTORES SON DOS MASCULINO, QUE VISTEN CAMERA NEGRA Y UNO DE ELLOS TENIA ARMA DE FUEGO, SE MOVILIZABAN EN UNA MOTO CC150 MARCA NO APORTA COLOR NEGRA, DOMINIO NO APORTA. LA MOTO ROBADA ES MARCA MOTOMEL S2 CC150 COLOR ROJA DOMINIO 478LPT, LOS AUTORES  DEL ROBO SE FUERON POR CABO CORRIENTES HACIA EL BARRIO LOMAS DEL GOLF.- ",GENERAL PUEYRREDON,MAR DEL PLATA,-3804799484821.0,-57603222549972.0,REDERIVADO,ANILLO DIGITAL-OSA ENRRIQUE__CIUDAD- NO RESPONDE__PINAMAR SGRT RODRIGUEZ__DOLORES - CAPITAN LEONELI__CHASCOMUS - SGRT EUROQUE__VIAL LA COSTA- NO RESPONDE__VIAL VIVORATA- SRGT RODRIGUEZ__VIAL VILLA GESEL- NO RESPONDE__VIAL CHAPADMALAL- SUBTTE FLORES __VIAL DOLORES- SRGT BARBIERI __VIAL CNEL VIDAL- OFL LUNA,-38.04799484821,-57.603222549972,2026,6,June,19,18,4,Viernes,False,Noche (18-24),['478LPT'],478LPT,MOTOMEL,ARMA_FUEGO
2026-06-19 19:27:00,10016320012,CORDOBA y Belgrano,SOSPECHOSOS,PERSONA EXTRAÑA,"REFIERE QUE RECIEN SALIERON DE LA SUCURSAL DE CARREFUR, Y HABIA DOS MASCULINOS EN LA FILA, CON ARMA DE FUEGO__AMBOS CON CAMPERA DE LA SELECCION DE ARGENTINA, UNO CON VICERA, Y OTRO PELO LARGO ",GENERAL PUEYRREDON,MAR DEL PLATA,-380002619984.0,-575475319992.0,NEGATIVO,personal informa se entrevista con el encargado del carrefour el cual informa que es negativo persona armadas en el lugar ,-38.0002619984,-57.5475319992,2026,6,June,19,19,4,Viernes,False,Noche (18-24),[],,OTRA / NO ESPECIFICADA,ARMA_FUEGO
2026-06-19 23:20:00,10016320561,LAUREANO BAUTISTA al 2812,DROGAS ILÍCITAS,VENTA/ELABORACIÓN,"LLAMANTE REFIERE QUE QUIERE DENUNCIAR  LUGARES DE VENTA DE DROGAS. __GUILLERMO CARMONA Y GUSTAVO CARMONO , SON HERMANOS, RUBIO ROBUSTOS, VENDEN COCAINA, DESDE LAS 17 HS HASTA LAS 22 HORAS. DE LUNES A SABADOS,  ESTAN ARMADOS CON ARMA DE FUEGO Y ARMA BLANCA, VIVEN EN LA DIRECCION INDICIADA, NO TIENEN VEHICULOS, ANDAN EN COLECTIVO Y BICICLETAS. ____EN LA DIRECCION DE MARTINEZ 2830 ENTRE VUELTA DE OEBLIGADO Y ARROYO LA TAPERA,  VIVE LA HERMANA PATRICIA CARMONA (PELO ROJO 1.77 DE ALTO , DE UNOS 50 AÑOS ) VENDE COCAINA Y MARIUHANA JUNTO CON LA MADRE  MARTA CARMONA, ESTA  ES BAJITA RUBIO DE PELO CORTO, DE 70 AÑOS . VENDEN  DE LAS 12 DEL MEDIO A LAS 22 HORAS TODOS SOBRE EL ARROYO LA TAPERA. ____ENLA DIRECCION DE COSTA AZUL 2811 ENTRE ARROYO LA TAPERA Y VUELTA DE OBLGADO, AHI VIVE PEDRO CARMONA, ES EL HIJO  DE MARTA TAMBEN VENDE DROGA, COCAINA, ANDA EN UN PEUGOET ROJO CON VIDRIOS POLARIZADOS. TODOS ARMADOS. ",GENERAL PUEYRREDON,MAR DEL PLATA,-37943795468209.0,-57555596437774.0,VSup,0,-37.943795468209,-57.555596437774,2026,6,June,19,23,4,Viernes,False,Noche (18-24),[],,OTRA / NO ESPECIFICADA,ARMA_FUEGO
2026-06-20 11:13:00,10016321747,QUINTANA y Don Bosco,ROBO,VÍA PÚBLICA,"REFIERE ESTA SIGUIENDO A  DOS MASC  20 AÑOS EN DOS  BICICLETAS, UNA ROJA Y UNA BLANCA,    ARMADOS CON ARMA DE FUEGO SE LES CAYO EL CARGADOR, LO LEVANTARON Y SE LO LLEVARON .-  INTENTARON ROBARLE A UNA PERSONA .-   CIRCULAN EN CONTRAMANO POR QUINTANA EN DIRECION A ITALIA ",GENERAL PUEYRREDON,MAR DEL PLATA,-380042069985.0,-575819149992.0,NEGATIVO,"MOVILES EN AMPLIA RECORRIDA NEGATIVO NN ,",-38.0042069985,-57.5819149992,2026,6,June,20,11,5,Sábado,True,Mañana (06-12),[],,OTRA / NO ESPECIFICADA,ARMA_FUEGO
2026-06-20 17:45:00,10016322881,25 DE MAYO al 5551,SOSPECHOSOS,PERSONA EXTRAÑA,LLTE INDICA QUE HAY UNA CHICA EN VIA PUBLICA ESTA ARMADA- SE LLAMA CAREN- CAMISETA D EMANGAS LARGAS GRIS Y CALZA BLANCA- ESTA CON ARMA DE FUEGO ,GENERAL PUEYRREDON,MAR DEL PLATA,-37982929134651.0,-57575415856476.0,NEGATIVO,"33807 EN EL LUGAR NO HAY NINGUNA FEMENINA DE SIMILARES CRACATERISTICAS, NADIE ENTREVISTA RECORRIDO NORMAL ",-37.982929134651,-57.575415856476,2026,6,June,20,17,5,Sábado,True,Tarde (12-18),[],,OTRA / NO ESPECIFICADA,ARMA_FUEGO
2026-06-20 21:55:00,10016323520,UNAMUNO al 350,DROGAS ILÍCITAS,VENTA/ELABORACIÓN,"LLTE MANIFIESTA QUE EN ESA CASA VENDEN MARIUANA Y COCACINA- VENDEN DE TARDE Y DE NOCHE - UNA PAREJA VENDE EN LA CASA -. HACE UN PAR DE AÑOS QUE VENDEN. EL OTRO LUGAR QUEDA EN STROBEL Y UNAMUNO- ES UNA CHATARRERIA, COMPRAN CARTOS, CHAPA-  QUE VENDEN BOLSITAS DE COCAINA A 5 MIL PESOS EL MEDIO GRAMO- LES VENDEN A LOS CARTONEROS- DESDE LAS 9 A 18 HS-. TODOS ARMADOS CON ARMA DE FUEGO Y BLANCAS-____",GENERAL PUEYRREDON,,,,VSup,0,,,2026,6,June,20,21,5,Sábado,True,Noche (18-24),[],,OTRA / NO ESPECIFICADA,ARMA_FUEGO
2026-06-21 23:16:00,10016326958,RIZZUTTO al 227,INFORMACION ,INFORMACION,"LLAMANTE REFIERE QUE UN MASCULINO QUE SE ESCONDE DENTRO DEL LUGAR HOY INTENTÓ MATAR A UN VECNO MASCULINO CON UN RASTRILLO - LO ATACÓ CASI PINCHANDO LA ARTERIA FEMORAL - TIENE UN ARMA DE FUEGO - HOY EFECTUÓ VARIOS DISPAROS  __SE LLAMA JUAN SOTELO - ES DE CONTEXTURA ROBUSTO - DE BAJA ESTATURA - CANOSO - DE TEZ TRIGUEÑA  __AHORA PEROMANECE ESCONDIDO EN SU CASA, LUGAR APORTADO",GENERAL PUEYRREDON,MAR DEL PLATA,-37957468643308.0,-57586729021758.0,REDERIVADO,0,-37.957468643308,-57.586729021758,2026,6,June,21,23,6,Domingo,True,Noche (18-24),[],,OTRA / NO ESPECIFICADA,ARMA_FUEGO
2026-06-22 15:19:00,10016328517,FRANCIA al 1750,DISPAROS,DISPAROS,LLAMANTE DICE QUE PERSONAS ASALTARON A FEMENINA EN LA CALLE ESCUCHO DISPAROS DE ARMA DE FUEGO DESCONOCE SI HAY HERIDOS ,GENERAL PUEYRREDON,MAR DEL PLATA,-37988172354794.0,-5757034165214.0,V ACC-MC,0,-37.988172354794,-57.57034165214,2026,6,June,22,15,0,Lunes,False,Tarde (12-18),[],,OTRA / NO ESPECIFICADA,ARMA_FUEGO
2026-06-23 19:32:00,10016331663,25 DE MAYO al 7584,VIOLENCIA,NO FAMILIAR,EL LLAMANTE REFIERE QUE ESTAN AMENAZANDO A SU FAMILIA. SON TRES MASCULINOS Y UNA FEMENINA. LA MUJER AMENAZA QUE TIENE UN ARMA DE FUEGO. NO HAY HERIDOS. ,GENERAL PUEYRREDON,MAR DEL PLATA,-37972325441011.0,-57595749660561.0,NEGATIVO,"MOVIL ENTREVISTA CON UN SUJETO MASCULINOS QUE SE NIEGA A DAR DATOS, REFIERE QUE CONFRONTO CON UNOS CONOCIDOS DEL BARRIO, NO HAY HERIDOS, PERSONAL LE INDICA LOS PASOS A SEGUIR",-37.972325441011,-57.595749660561,2026,6,June,23,19,1,Martes,False,Noche (18-24),[],,OTRA / NO ESPECIFICADA,ARMA_FUEGO
2026-06-26 09:00:00,10016338047,CAYETANO DAGLIO al 3423,SOSPECHOSOS,PERSONA EXTRAÑA,"REFIERE QUE SE CRUZO CON LA PERSONA QUE AYER LE PEGO AL MARIDO, VESTIA CAPUCHA BLANCA Y UNA MOCHILA, ARMADO NO SABE, LE PEGO AL MARIDO Y PERDIO LA VISTA, ESTA DESFIGURADO EL MASCULINO, HOSPITALIZADO, Y ESTE MASCULINO AHORA BARRIO CONDE VIVE LA LLATE QUIEN LE PEGO, ELLA LO CONFRONTOC, MEDIO QUE DISCUTIERON Y ELLA NO ESTA HERIDA .-  LE DIJIERON QUE TODO EL TIEMPO EL MASCULINO ESTA CON ARMA DE FUEGO . - ",GENERAL PUEYRREDON,MAR DEL PLATA,-379429.0,-575436.0,NEGATIVO,MOVIL 29019EN EL LUGAR Y AMPLIA RECORRIDA NEGATIVO ENTREVISTA,-37.9429,-57.5436,2026,6,June,26,9,4,Viernes,False,Mañana (06-12),[],,OTRA / NO ESPECIFICADA,ARMA_FUEGO
2026-06-27 10:21:00,10016341074,AV COLON y Termas De Rio Hondo,SOSPECHOSOS,PERSONA EXTRAÑA,"REFERE MASC CHALECO AZUL,  BUZO AMARILLO ,  CIRCULA  A PIE POR COLON EN DIRECCION A  184 SACO UN ARMA DE FUEGO , HIZO QUE DISPARABA Y LA  GUARDA.- LLTE NO ESCUCHO DETONACIONES  ",GENERAL PUEYRREDON,MAR DEL PLATA,-379779810143.0,-576004649776.0,NEGATIVO,PERSONAL INFORMA RECORRIDA POR LA ZONA NORMAL NEGATIVO MASCULINO CON DATOS APORTADOS ,-37.9779810143,-57.6004649776,2026,6,June,27,10,5,Sábado,True,Mañana (06-12),[],,OTRA / NO ESPECIFICADA,ARMA_FUEGO
2026-06-27 18:20:00,10016342192,AV LIBERTAD y Guillermo Bayley,VIOLENCIA,NO FAMILIAR,LLAMANTE REFIERE QUE LE PRESTÓ LA MOTO A DOS AMIGOS Y SE LA ROBARON - NO SABE SI TIENE ARMA DE FUEGO - __CREE PUEDE HABER ARMA BLANCA DENTRO DEL DOMICILIO - NO SE LA QUIEREN DEVOLVER - LE DICEN QUE LA VENDIERON - __LO LE DAN EL DINERO - LLAMANTE NO ES TITULAR PERO ES COMPRADOR RECIENTE - ES UNA ZANELLA ZB 2024 - COLOR GRIS CLARO - SIN ESPEJOS NI PECHERA - A METROS DE LA VIVIENDA__,GENERAL PUEYRREDON,MAR DEL PLATA,-379616889954.0,-576055717468.0,POSITIVO,PERSONAL INFORMA SE ENTREVISTA CON EL SR FIDELEU ARIEL RODRIGO REFIERE QUE HACE 3 DIAS LE PRESTO UNA MOTO A UN AMIGO Y SE LA VENDIO SE INDICA PASOS A SEGUIR ,-37.9616889954,-57.6055717468,2026,6,June,27,18,5,Sábado,True,Noche (18-24),[],,ZANELLA,ARMA_FUEGO
2026-06-27 19:49:00,10016342467,TRES DE FEBRERO y CATAMARCA,VIOLENCIA,NO FAMILIAR,LLAMANTE REFIERE QUE VISUALIZO CUANDO PASO POR EL LUGAR A UN MASCULINO QUE LE ESTABA APUNTANDO CON UN ARMA DE FUEGO  A UN  CUIDACOCHE QUE VESTIA DE  CHALECO REFLACTARIO . EL AGRESOR DE CAMPERA NO HAY HERIDOS ,GENERAL PUEYRREDON,,,,NEGATIVO,"26216 NEGATIVO TRAPITO, NEG ENTREVISTA",,,2026,6,June,27,19,5,Sábado,True,Noche (18-24),[],,OTRA / NO ESPECIFICADA,ARMA_FUEGO
2026-06-27 21:43:00,10016342802,ALVARADO y La Pampa,DISPAROS,DISPAROS,"LLAMANTE REFIERE QUE VAN TRES MASCULINOS CON ROPA DEPORTIVA, EFECTUAN DISPAROS DE ARMA DE FUEGO AL AIRE",GENERAL PUEYRREDON,MAR DEL PLATA,-380006869985.0,-575734629992.0,NEGATIVO,"INF MOV 30174 REFIERE NEGATIVO LOS SUJETOS APORTADOS EN CARTA DE LLAMADO, NADIE ENTREVISTA CON EL MOVIL POLICIAL. PANORAMA NORMAL, NEGATIVO DISTURBIOS O CONFRONTACION EN EL LUGAR",-38.0006869985,-57.5734629992,2026,6,June,27,21,5,Sábado,True,Noche (18-24),[],,OTRA / NO ESPECIFICADA,ARMA_FUEGO
2026-06-28 14:43:00,10016345275,CALABRIA y Udine,DISPAROS,DISPAROS,LLAMANTE DICE QUE HAY UN MASCULINO EN UNA MOTO GLH COLOR ROJO VISTE CAMPERA NEGRA ESTA CIRCULANDO POR LA CUADRA EFECTUANDO DISPAROS DE ARMA DE FUEGO,GENERAL PUEYRREDON,MAR DEL PLATA,-380301030918.0,-576014415732.0,NEGATIVO,"MOVIL 30174 INF AMPLIA RECORRIDA POR LA ZONA NORMAL, NEGATIVO ENTREVISTA ",-38.0301030918,-57.6014415732,2026,6,June,28,14,6,Domingo,True,Tarde (12-18),[],,OTRA / NO ESPECIFICADA,ARMA_FUEGO
2026-06-28 14:48:00,10016345291,SAN LORENZO al 7025,VIOLENCIA,FAMILIAR,REFIERE QUE SU HERMANO Y PADRASTRO ESTAN PELEANDO__SU HERMANO TIENE UN CUCHILLO Y SU PADRASTRO UN ARMA DE FUEGO __NO HAY HERIDOS ,GENERAL PUEYRREDON,MAR DEL PLATA,-37988937303849.0,-57601041372618.0,NEGATIVO,25566 SE MAEIO VERGARA NEGATIVO NN NI PELEA__,-37.988937303849,-57.601041372618,2026,6,June,28,14,6,Domingo,True,Tarde (12-18),[],,OTRA / NO ESPECIFICADA,ARMA_FUEGO
2026-06-28 15:54:00,10016345467,ISLA DE LOS ESTADOS y Cerro Nevado,VIOLENCIA,NO FAMILIAR,"LLAMANTE REFIERE QUE HAY PROBLEMAS CON LOS VECINOS, ESTA ROMPIENDO LA CASA, SON 3 UNO ARMADO CON ARMA DE FUEGO. LLAMANTE ESTA HERIDO",GENERAL PUEYRREDON,MAR DEL PLATA,-378973309984.0,-575387409992.0,POSITIVO,21658 ENTREVISTA SR IGANCIO ROMERO SE LE INDICAN LOS LOS PASOS  A SEGUIR NEGATIVO DETONACIONES ,-37.8973309984,-57.5387409992,2026,6,June,28,15,6,Domingo,True,Tarde (12-18),[],,OTRA / NO ESPECIFICADA,ARMA_FUEGO
2026-06-28 16:23:00,10016345543,25 DE MAYO al 5551,PEDIDO GENERICO DE AUXILIO,PGA,"LLAMANTE REFIERE QUE EN EL LUGAR UNA FEMENINA LLAMADA KAREN TIENE UN ARMA DE FUEGO 9MM__ESTA EN EL BALCON DE LA CASA, EXHIBIENDO UN ARMA DE FUEGO, VISTE BUZO TIPO POLERA ROSA, Y CALZA GRIS",GENERAL PUEYRREDON,MAR DEL PLATA,-37982929134651.0,-57575415856476.0,NEGATIVO,MOVIL INFORMA NEGATIVO FEMENINA ARMADA NADIE ENTREVISTA,-37.982929134651,-57.575415856476,2026,6,June,28,16,6,Domingo,True,Tarde (12-18),[],,OTRA / NO ESPECIFICADA,ARMA_FUEGO
2026-06-28 18:17:00,10016345933,CERRITO al 3400,MAL FUNCIONAMIENTO,POLICÍA DE LA PROVINCIA,"REFIERE QUE MASCULINO TUVO UN PROBLEMA, EN CALLE CERRITO SE CRUZAN PERROS Y PISA A UNO, SE LE JUNTARON TREINTE PERSONAS CON PALOS A QUERER LINCHARLE EL AUTO. HABIA EN FRENTE UNA PATRULLA CON UNA MUJER DUERMIENDO ACOSTADA QUE NO INTERVINO CUANDO LO ESTABAN ATACANDO ESTAS PERSONAS, LUEGO REFIERE QUE ESTA SOLICITO UN MOVIL POR QUE ERA MUCHA GENTE. SE SUBEN DOS PERSONAS UNO CON ARMA DE FUEGO Y EL OTRO CON EL PERRO FALLECIDO EN EL AUTO PARA QUE VAYA A LA VETERINARIA. REFIERE QUE LLAMO NUEVAMENTE DE JUAN B JUSTO Y CERRITO Y NO LO PUDIERON ASISTIR POR QUE LE OFRECIAN UN LINK Y EL NO PODIA HABLAR POR QUE ESTABA CON LAS PERSONAS EN EL AUTO CON EL ARMA DE FUEGO EN LA PANZA. AHORA EL PERSONAL POLICIAL CREE QUE ESTA EN UN GOL PARADO AL LADO DEL MOVIL. REFIERE QUE PARA SALIR DE ESTA SITUACION LE DIO SU TELEFONO A ESTA GENTE Y AHORA LE PIDE DINERO POR QUE LE MATO AL PERRO. LLAMANTE AHORA SE ENCUENTRA A DOCIENTOS METROS DEL LUGAR. REFIERE QUE UNO LE DICE A PERSONAL POLICIAL QUE ES TRANSA Y VENDE EN EL LUGAR EN ESTA SITUACION.",GENERAL PUEYRREDON,MAR DEL PLATA,-380547241361.0,-575839222965.0,V ACC-MC,0,-38.0547241361,-57.5839222965,2026,6,June,28,18,6,Domingo,True,Noche (18-24),[],,OTRA / NO ESPECIFICADA,ARMA_FUEGO
2026-06-28 18:54:00,10016346049,CERRITO al 3400,DROGAS ILÍCITAS,VENTA/ELABORACIÓN,"REFIERE QUE TUVO UN PROBLEMA, EN CALLE CERRITO SE CRUZAN PERROS Y PISA A UNO, SE LE JUNTARON TREINTE PERSONAS CON PALOS A QUERER LINCHARLE EL AUTO. HABIA EN FRENTE UNA PATRULLA CON UNA MUJER DUERMIENDO ACOSTADA QUE NO INTERVINO CUANDO LO ESTABAN ATACANDO ESTAS PERSONAS, LUEGO REFIERE QUE ESTA SOLICITO UN MOVIL POR QUE ERA MUCHA GENTE. SE SUBEN DOS PERSONAS UNO CON ARMA DE FUEGO Y EL OTRO CON EL PERRO FALLECIDO EN EL AUTO PARA QUE VAYA A LA VETERINARIA. REFIERE QUE LLAMO NUEVAMENTE DE JUAN B JUSTO Y CERRITO Y NO LO PUDIERON ASISTIR POR QUE LE OFRECIAN UN LINK Y EL NO PODIA HABLAR POR QUE ESTABA CON LAS PERSONAS EN EL AUTO CON EL ARMA DE FUEGO EN LA PANZA. AHORA EL PERSONAL POLICIAL CREE QUE ESTA EN UN GOL PARADO AL LADO DEL MOVIL. REFIERE QUE PARA SALIR DE ESTA SITUACION LE DIO SU TELEFONO A ESTA GENTE Y AHORA LE PIDE DINERO POR QUE LE MATO AL PERRO. LLAMANTE AHORA SE ENCUENTRA A DOCIENTOS METROS DEL LUGAR. REFIERE QUE UNO LE DICE A PERSONAL POLICIAL QUE ES TRANSA Y VENDE EN EL LUGAR EN ESTA SITUACION.",GENERAL PUEYRREDON,MAR DEL PLATA,-380547241361.0,-575839222965.0,V ACC-MC,0,-38.0547241361,-57.5839222965,2026,6,June,28,18,6,Domingo,True,Noche (18-24),[],,OTRA / NO ESPECIFICADA,ARMA_FUEGO
2026-06-29 00:18:00,10016346754,PIEDRABUENA y El Chaja,DISPAROS,DISPAROS,"__LLAMANTE REFIERE QUE SE ESCUCHA VARIAS  DETONACIONES DE ARMA DE FUEGO, NO VE NADA, SOLO ESCUCHA.- ",GENERAL PUEYRREDON,MAR DEL PLATA,-380704359984.0,-575665759992.0,NEGATIVO,"29143 INFORMA AL ARRIBO DEL MOVIL NEGATIVO DETONACIONES, SE ESCUCHAN LOS RUIDOS DE LA CARAVANA DE MOTOVEHICULOS QUE PASAN POR AV MARIO BRAVO",-38.0704359984,-57.5665759992,2026,6,June,29,0,0,Lunes,False,Madrugada (00-06),[],,OTRA / NO ESPECIFICADA,ARMA_FUEGO
2026-06-29 05:58:00,10016347124,AUGUSTO TAPIA y Los Granados,CARTA ORIGINAL,SIN PRIORIDAD,"LLAMANTE REFIERE QUE  VENDEN DROGA EN LA CASA APORTADA, COMERCIALIZAN  COCAINA Y MARIHUANA, DE LUNES A VIERNES LAS 24 HORAS, TIENEN ARMAS DE FUGO 32 Y 22 Y ARMA BLANCA, VENDEN TAMBIEN FUERA DE LA CASA CUANDO SE JUNTAN A BEBER ALCOHOL  Y  SALEN A ROBAR EN LAS MOTOS. TAMBIEN HAY UNA FEMENINA, NO SABE NOMBRE NI APODOS DE NINGUNO DE ELLOS. .-____LLAMANTE REFIERE QUE VENDEN DROGA EN CALLE COSTA ATLANTICA Y TAPIA, MANO PAR, EN UNA CASA DE MADERA QUE TIENE UN GARAGE DE MADERA CON LIBUSTRIN ALTO QUE RODEA LA CASA, VENDEN CUANDO INGRESAN A LOS LIBUSTRINES, SON  BOLSITAS DE COCAINA, SON DOS MASCULINOS DE TEZ NEGRA Y ALTOS, NO SABE NOMBRE O APODO, TIENE UN AUTO ESTACIONADO, TIENEN ARMA BLANCA Y ARMA DE FUEGO. VENDEN DESDE LAS 6 DE LA TARDE A LAS 12 DE LA NOCHE DE LUNES A SABADOS.____LLAMANTE REFIERE QUE VENDEN DROGA SOBRE CALLE PAREDES ENTRE LOS NARANJOS Y LOS MANZANOS, ES UN MASCULNO LLAMADO GUILLERMO CARMONA QUE ANDA EN BICICLETA VIEJA, VENDE COCAINA DESDE LAS 5 DE LA TARDE A 12 DE LA NOCHE O HACE DELIVERY EN EL 541 POR SCAGLIA HACIA EL CENTRO EN UNA RIÑONERA POR LA PEATONAL SAN  MARTIN Y LURO Y CORDOBA, TIENE ARMA DE FUEGO Y ESCOPETA .- ______ [Id.Remoto: 10016347124]",GENERAL PUEYRREDON,MAR DEL PLATA,-379231469984.0,-575418369992.0,REDERIVADO,DDI MAR DEL  PLATA ,-37.9231469984,-57.5418369992,2026,6,June,29,5,0,Lunes,False,Madrugada (00-06),[],,OTRA / NO ESPECIFICADA,ARMA_FUEGO
2026-06-29 06:16:00,10016347139,AUGUSTO TAPIA y Los Granados,DROGAS ILÍCITAS,VENTA/ELABORACIÓN,"LLAMANTE REFIERE QUE  VENDEN DROGA EN LA CASA APORTADA, COMERCIALIZAN  COCAINA Y MARIHUANA, DE LUNES A VIERNES LAS 24 HORAS, TIENEN ARMAS DE FUGO 32 Y 22 Y ARMA BLANCA, VENDEN TAMBIEN FUERA DE LA CASA CUANDO SE JUNTAN A BEBER ALCOHOL  Y  SALEN A ROBAR EN LAS MOTOS. TAMBIEN HAY UNA FEMENINA, NO SABE NOMBRE NI APODOS DE NINGUNO DE ELLOS. .-____LLAMANTE REFIERE QUE VENDEN DROGA EN CALLE COSTA ATLANTICA Y TAPIA, MANO PAR, EN UNA CASA DE MADERA QUE TIENE UN GARAGE DE MADERA CON LIBUSTRIN ALTO QUE RODEA LA CASA, VENDEN CUANDO INGRESAN A LOS LIBUSTRINES, SON  BOLSITAS DE COCAINA, SON DOS MASCULINOS DE TEZ NEGRA Y ALTOS, NO SABE NOMBRE O APODO, TIENE UN AUTO ESTACIONADO, TIENEN ARMA BLANCA Y ARMA DE FUEGO. VENDEN DESDE LAS 6 DE LA TARDE A LAS 12 DE LA NOCHE DE LUNES A SABADOS.____LLAMANTE REFIERE QUE VENDEN DROGA SOBRE CALLE PAREDES ENTRE LOS NARANJOS Y LOS MANZANOS, ES UN MASCULNO LLAMADO GUILLERMO CARMONA QUE ANDA EN BICICLETA VIEJA, VENDE COCAINA DESDE LAS 5 DE LA TARDE A 12 DE LA NOCHE O HACE DELIVERY EN EL 541 POR SCAGLIA HACIA EL CENTRO EN UNA RIÑONERA POR LA PEATONAL SAN  MARTIN Y LURO Y CORDOBA, TIENE ARMA DE FUEGO Y ESCOPETA .- ______",GENERAL PUEYRREDON,MAR DEL PLATA,-379231469984.0,-575418369992.0,V ACC-MC,0,-37.9231469984,-57.5418369992,2026,6,June,29,6,0,Lunes,False,Mañana (06-12),[],,OTRA / NO ESPECIFICADA,ARMA_FUEGO
2026-06-29 19:51:00,10016348865,LUZURIAGA y Juan Angel Peña,VIOLENCIA,NO FAMILIAR,__LLAMANTE REFIERE QUE UN PERRO MORDIO A UN MASCULINO EN MOTO. EL DUEÑO DEL PERRO SALIO A LA CALLE CON UN ARMA DE FUEGO ESTA VESTIDO CON  SWEATER ROJO Y PANTALON NEGRO. EL MASCULINO DE LA MOTO ESTA HERIDO EN EL PIE,GENERAL PUEYRREDON,MAR DEL PLATA,-379548229985.0,-575859709992.0,NEGATIVO,"MOVIL INFORMA QUE EN LA AMPLIA RECORRIDA EL PANORAMA ES NORMAL, NADIE ENTREVISTA CON EL PERSONAL POLICIAL, MISMO SIGUE EN RECORRIDA.",-37.9548229985,-57.5859709992,2026,6,June,29,19,0,Lunes,False,Noche (18-24),[],,OTRA / NO ESPECIFICADA,ARMA_FUEGO
2026-06-29 22:22:00,10016349224,TALCAHUANO y Av Vertiz,PEDIDO GENERICO DE AUXILIO,PGA,"SUBCRIO RUIZ DIAZ DE CRIA 3RA INFORMA QUE EN EL LUGAR TIENE 2 MASCULINOS REDUCIDOS, EL SECUESTRO DE UN ARMA DE FUEGO Y UN MOTOVEHICULO",GENERAL PUEYRREDON,MAR DEL PLATA,-380311589985.0,-575757829992.0,POSITIVO,CARATULA PARA NIETO PORTACION DE ARMA DE FUEGO DE USO CIVIL DRA BAQUEIRO FORO DE RESPONSABILIDAD JUVENIL Y PARA CAMINO ENCUBRIMIENTO FLAGRANCIA DR DE LA CANAL ,-38.0311589985,-57.5757829992,2026,6,June,29,22,0,Lunes,False,Noche (18-24),[],,OTRA / NO ESPECIFICADA,ARMA_FUEGO
2026-06-30 13:07:00,10016350481,DIAGONAL GENOVA al 9738,DISPAROS,DISPAROS,LTE REFIERE QUE HAY UNA FEMENINA EN VIA PUBLICA CON UN ARMA DE FUEGO EFECTUANDO DISPAROS AL AIRE__VISTE ´PANTALON NEGRO Y CAMPERA ACELESTE __NO SABE SI HAY HERIDOS ,GENERAL PUEYRREDON,MAR DEL PLATA,-380169.0,-576229.0,NEGATIVO,"MOVIL 30584 INF ENTREVISTA SRA SARATEGUI MARIA ESTER MANIFIESTA QUE NO ESCUCHO NI VIO NADA, AMPLIA RECORRIDA POR LA ZONA NEGATIVO FEMENINA CON DESCRIPCIONES APORTADAS",-38.0169,-57.6229,2026,6,June,30,13,1,Martes,False,Tarde (12-18),[],,OTRA / NO ESPECIFICADA,ARMA_FUEGO
2026-06-30 17:39:00,10016351135,AV MARIO BRAVO y Posadas,PEDIDO GENERICO DE AUXILIO,PGA,"CARGA INVERSA PPAL MAMANI  DE FBA REFIERE BAJA A CRIA 5TA DE MARIO BRAVO ESQUINA POSADAS, UN MASCULINO POR   ROBO AGRAVADO POR  USO DE ARMA DE FUEGO EN GRADO DE TTVA - ",GENERAL PUEYRREDON,MAR DEL PLATA,-380599009985.0,-575721349992.0,JTv,0,-38.0599009985,-57.5721349992,2026,6,June,30,17,1,Martes,False,Tarde (12-18),[],,OTRA / NO ESPECIFICADA,ARMA_FUEGO
2026-07-01 11:50:00,10016353009,GENOVA al 1500,ROBO AUTOMOTOR,MOTOS,"LLAMANTE REFIERE QUE ROBARON LA MOT CUANDO LLEGABA . LE ROBAN UNA XR 150 NEGRA CON ROJO, ERAN 4 DELINCUENTES EN DOS MOTOS ESTAN CON CAMPERAS NEGRA Y ENCAPUCHADOS,  BAJA UNO DE ELLOS CON ARMA DE FUEGO , LE PEGARON EN LA CABEZA PERO TENIA CASCO NO ESTA HERIDO __SE FUERON POR BULNES PARA EL LADO DE LA COSTA - __",GENERAL PUEYRREDON,,-380623829984.0,-575552129992.0,POSITIVO,MOVIL 33847 EN EL LUGAR ENTREVISTA CON UNA VECINA QUE VE LA SIT DEL 2DO PISO. SRA GUEVARA ANA MARIA 4 NN EN DOS MOTOS ARMADOS. LE ROBAN A UN ALBAÑIL QUE ESTABA TRABAJANDO EN EL LUGAR UN MOTOVEH  HONDA ROJA Y NEGRA NO APORTA DOMINIO. ,-38.0623829984,-57.5552129992,2026,7,July,1,11,2,Miércoles,False,Mañana (06-12),[],,OTRA / NO ESPECIFICADA,ARMA_FUEGO
2026-07-02 09:41:00,10016355565,AV COLON y Santa Fe,ROBO,COMERCIO,"EN PROCESO____LLTE REFIERE QUE 5 - 6 NN  ARMADOS CON CUCHILLOS Y ARMA DE FUEGO, ESTAN ROBANDO EN LA CARNICERIA__INDICA QUE HAY DOS EMPLEADOS HERIDOS Y AUN CONTINUAN EN EL LUGAR",GENERAL PUEYRREDON,MAR DEL PLATA,-380044659984.0,-575481549992.0,V ACC-MC,0,-38.0044659984,-57.5481549992,2026,7,July,2,9,3,Jueves,False,Mañana (06-12),[],,OTRA / NO ESPECIFICADA,ARMA_FUEGO
2026-07-02 21:07:00,10016357094,BENITO LYNCH y GARCIA LORCA,MAL FUNCIONAMIENTO,POLICÍA DE LA PROVINCIA,"LLAMANTE REFIERE QUE DOS MASCULINOS FAMILIARES SE ESTAN PELEANDO, UNO TIENE UN ARMA DE FUEGO. INDICA QUE EL MOVIL LLEGO, PRESENCIO LA PELEA Y SE RETIRO. LA PELEA CONTINUA",GENERAL PUEYRREDON,,,,V ACC-MC,0,,,2026,7,July,2,21,3,Jueves,False,Noche (18-24),[],,OTRA / NO ESPECIFICADA,ARMA_FUEGO
2026-07-02 21:12:00,10016357106,BENITO LYNCH y GARCIA LORCA,VIOLENCIA,FAMILIAR,"LLAMANTE REFIERE QUE DOS MASCULINOS FAMILIARES SE ESTAN PELEANDO, UNO TIENE UN ARMA DE FUEGO.LA PELEA CONTINUA",GENERAL PUEYRREDON,,,,NEGATIVO,"MOVIL 30584 INFORMA AL ARRIBO DEL MOVIL  POLICIAL LAS PERSONAS DEL LUGRA SE ENCUNTRAN RETISCENTES PARA CON ELLOS, NO QUIEREN APORTAR DATOS. INFORMAN QUE LOS MASCULINOS YA SE HABIAN RETIRADO DEL LUGAR. EVENTO RELACIONADO CON SUCESO ID 16357054",,,2026,7,July,2,21,3,Jueves,False,Noche (18-24),[],,OTRA / NO ESPECIFICADA,ARMA_FUEGO
2026-07-02 23:33:00,10016357378,FALUCHO y Trinidad Y Tobago,ROBO AUTOMOTOR,VEHÍCULOS,"LLAMANTE REFIERE QUE LE ROBARON EL AUTO A UNA SRA, NO SABE SI LA HIRIERON. LUEGO LE PASA EL TELEFONO A LA VICTIMA Y REFIERE QUE ESTABA HACIENDO UBER, UN MASCULINO SE SUBIO, LE APUNTO CON UN ARMA DE FUEGO, LUEGO APARECIERON 4 MAS  EN MOTOS. HABRIAN ROBADO UN FIAT FASTBACK  BLANCO IGUALEMNTE REFIERE LA LLAMANTE QUE ELLA TIENE LAS LLAVES",GENERAL PUEYRREDON,,-379674409986.0,-576259339992.0,V ACC-MC,0,-37.9674409986,-57.6259339992,2026,7,July,2,23,3,Jueves,False,Noche (18-24),[],,FIAT,ARMA_FUEGO
2026-07-03 15:03:00,10016358794,WILLIAMS MORRIS y Luis Agote,ROBO,VÍA PÚBLICA,"LLAMANTE REFIERE QUE LES ESTAN ROBANDO, RECIEN LE ROBAORN LA MOTO HACE 15 MINUTOS, LOS CRUZARON Y ESTABAN ROBANDOA OTRAS PERSONAS. LOS SIGUIERONY LOS VIEORN SALIR D EUNA CASA, LOS ESTAN SIGUIENDO A LA CASA QUE ESTA EN  WILLIAMS MORRIS Y FLEMING. LA MOTO QUE ROBARON ES UNA HONDA WAVE NEGRA. ESTAN ARMADOS CON ARMA DE FUEGO",GENERAL PUEYRREDON,,-380468999985.0,-575826069992.0,NEGATIVO,PERSONAL INFORMA EN EL LUGAR SE ENTREVISTA CON LA SRA QUEPELE MABEL LA CUAL INFORMA QUE VISUALIZA A DOS MASCULINOS QUE LE HABRIAN SUSTARIDO LA MOTO A SU HIJO AL ARRIBO DEL MOVIL NORMAL PERSONAL CONTINUA EN RECORRIDA PREVENTIVA ,-38.0468999985,-57.5826069992,2026,7,July,3,15,4,Viernes,False,Tarde (12-18),[],,HONDA,ARMA_FUEGO
2026-07-03 16:00:00,10016358963,AV JUAN B JUSTO y Mexico,VIOLENCIA,NO FAMILIAR,__LLAMANTE REFIERE QUE SE ESTABAN PELEANDO TRES TRAPITOS CON UN CHICO Y UNO DE LOS TRAPITOS SACO UN ARMA DE FUEGO. NO HAY HERIDOS AL MOMENTO. ,GENERAL PUEYRREDON,MAR DEL PLATA,-380032739801.0,-575919976563.0,NEGATIVO,PERSONAL INFORMA RECORRIDA POR LA ZONA NEGATIVO CONFRONTACION DE TRAPITOS ,-38.0032739801,-57.5919976563,2026,7,July,3,16,4,Viernes,False,Tarde (12-18),[],,OTRA / NO ESPECIFICADA,ARMA_FUEGO
2026-07-04 04:04:00,10016360830,AV CONSTITUCION y RUTA 2 (P),PEDIDO GENERICO DE AUXILIO,PGA,"INF MOV 576 REFIERE AL INTENTAR IDENTIFICAR A TRES SUJETOS, UNO DE ELLOS ARROJA UN ARMA DE FUEGO, POSIBLEMENTE UN ARMA CALIBRE. 38 LARGO",GENERAL PUEYRREDON,MAR DEL PLATA,-379512069985.0,-575813309992.0,POSITIVO,"GALLARO DARIO NBICOLAS DNI 50280853 16 AÑOS, CRISTALDO NAZARENO 17 AÑOS DNI 51147868 Y ALBORNOZ TIAGO ISAIAS 16 AÑOS DNI 50280818. COMUNICACION CON UFI MENORES DR SOTO DISPONE NOT ART 60 A GALLARDO DARIO NICOLAS TENENCIA ILEGAL DE ARMA DE GUERRA, ASIMISMO SEAN CONDUCIDOS A CRIA 6TA PARA QUE SEAN ENTREGADOS A UN TUTOR LOS MENORES ALBORNOZ Y CRISTALDO",-37.9512069985,-57.5813309992,2026,7,July,4,4,5,Sábado,True,Madrugada (00-06),[],,OTRA / NO ESPECIFICADA,ARMA_FUEGO
2026-07-04 09:01:00,10016361197,BOUCHARD y Pje Evita,VIOLENCIA,NO FAMILIAR,LLAMANTE DICE QUE HAY 3 PERSONAS CONFROTNANDO ARMADOS CON ARMA DE FUEGO ,GENERAL PUEYRREDON,MAR DEL PLATA,-380207547583.0,-575930180828.0,NEGATIVO,"30174 Y 29019 EN EL LUGAR, NEGATIVO CONFRONTACION, NEGATIVO DETONACIONES. SE SACA LLAMANTE DESDE INT 54277 REFIERE LAS PERSONAS AL VISUALIZAR LA PRESENCIA POLICIAL YA SE RETIRARON, VESTIAN TODOS DE NEGRO, UNO DE ELLOS TENIA UNA CAMPERA AZUL Y AMARILLA. MOVILES INFORMAN PANORAMA NORMAL.",-38.0207547583,-57.5930180828,2026,7,July,4,9,5,Sábado,True,Mañana (06-12),[],,OTRA / NO ESPECIFICADA,ARMA_FUEGO
2026-07-04 09:55:00,10016361263,INT JOSE CAMUSSO al 1868,DISPAROS,DISPAROS,LLAMANTE DICE QUE ESCUCHA PERSONAS CONFRONTANDO EN EL LUGAR EFECTUANDO DISPAROS DE ARMA DE FUEGO ,GENERAL PUEYRREDON,MAR DEL PLATA,-38022541288266.0,-57598837468301.0,NEGATIVO,"30174 SOLAMENTE EL APELLIDO DE UNAS DE LAS PARTES FLIA BENITEZ TENIAN CONFLICTO CON OTRA FAMILIA POR EL ROBO DE UNA MOTO, NEGATIVO DETONACIONES EN EL LUGAR. SE INDICAN LOS PASOS A SEGUIR",-38.022541288266,-57.598837468301,2026,7,July,4,9,5,Sábado,True,Mañana (06-12),[],,OTRA / NO ESPECIFICADA,ARMA_FUEGO
2026-07-04 11:37:00,10016361463,EDUARDO CARASA al 5915,ROBO AUTOMOTOR,VEHÍCULOS,LLAMANTE DICE QUE PERSONAS EN MOTO ARMADOS CON ARMA DE FUEGO ASALTARON A SU VECINO EOL CUAL ESTA LASTIMADO LE ROBARON LA CAMIONETA TOYOTA HILUX BLANCA AH378MK SE FUERON POR CARASA HACIA PERALTA RAMOS ,GENERAL PUEYRREDON,MAR DEL PLATA,-38035785741501.0,-57581620698984.0,POSITIVO,"29019 ENTREVISTA EN CARASA 5915 CN SR HERRERA CARLOS DANIEL, LE SUSTRAEN DE CALIFICADO, CAMIONETA TOYOTA HILUX BLANCA DOMINIO AH378MK, 2 NN ARMADOS,EN MOTO NEGRA TIPO 150,  LE PROPINAN 2 GOLPES EN LA CABEZA DEL LADO IZQUIERDO CN EL ARMA, NO REQUIERE ASISTENCIA MEDICA, REFIERE QUE VA A DIRIGIR POR SUS MEDIAS. APORTA TEL 1165129094, ASI MISMO REFIERE QUE EL RODADO POSEE RASTREADOR, MISMO FIGURABA EN JOSE MARTI Y W MORRIS. MOVILES DE 5TA DESPLAZAN AL LUGAR, DAN CN LA CAMIONETA. LA CUAL FUE DESCARTADA POR LOS SUJETOS. SE DEJA CONSTANCIA QUE NO SE LLEGA A SOLICITAR CARGA SIV, DEBIDO A QUE FUE HABIDA A LOS POCOS MINUTOS Y EL MOVIL NO HABIA LLEGADO A APORTAR DATOS COMPLETOS DE LA VICTIMA.",-38.035785741501,-57.581620698984,2026,7,July,4,11,5,Sábado,True,Mañana (06-12),['AH378MK'],AH378MK,TOYOTA,ARMA_FUEGO
2026-07-04 13:58:00,10016361793,PIGUE y Alberti,SOSPECHOSOS,PERSONA EXTRAÑA,"LLAMANTE REFIERE QUE HAY UN MASCULINO DE GORRA, CON UN ARMA DE FUEGO EN LA MANO. NO APORTA DESCRIPCION",GENERAL PUEYRREDON,MAR DEL PLATA,-379766859985.0,-576120719992.0,NEGATIVO,34842 EN EL LUGAR RECORRIDA NORMAL NADIE ENTREVISTA ,-37.9766859985,-57.6120719992,2026,7,July,4,13,5,Sábado,True,Tarde (12-18),[],,OTRA / NO ESPECIFICADA,ARMA_FUEGO
2026-07-05 04:53:00,10016363686,MEDRANO y Ciudad De Oneglia,VIOLENCIA,NO FAMILIAR,"LLTE REF QUE SU VECINA LA GOLPEÓ Y LE REVOLEÓ CONTRA EL SUELO __LE GOLPEÓ LA CABEZA, __LA AGRESORA TIENE ARMA DE FUEGO __LALLTE TIENE EL LABIO HINCHADO ",GENERAL PUEYRREDON,MAR DEL PLATA,-380829019984.0,-575532429992.0,Telefonía Fija/Móvil,0,-38.0829019984,-57.5532429992,2026,7,July,5,4,6,Domingo,True,Madrugada (00-06),[],,OTRA / NO ESPECIFICADA,ARMA_FUEGO
2026-07-05 14:05:00,10016364520,PORTUGAL y Moreno,DISPAROS,PERSONAS,LLAMANTE DICE QUE HAY VARIOS MASCULINOS CONFRONTANDO EN LA CALLE EFECTUANDO DISPAROS DE ARMA DE FUEGO OBSERVA QUE HAY DOS PERSONAS TIRADAS EN EL SUELO HERIDOS,GENERAL PUEYRREDON,MAR DEL PLATA,-379672589985.0,-576170839992.0,JTv,0,-37.9672589985,-57.6170839992,2026,7,July,5,14,6,Domingo,True,Tarde (12-18),[],,OTRA / NO ESPECIFICADA,ARMA_FUEGO
2026-07-05 16:29:00,10016364832,ANTONIO GALEANA al 3060,DROGAS ILÍCITAS,VENTA/ELABORACIÓN,"____LLAMANTE REFIERE QUE EN EL LUGAR VENDEN DROGAS,  VENDE EN CALLE  ANTONIO GALEANA 3060, ENTRE ZEBALLOS Y ANCHORENA, DE LAS 6 DE LA TARDE A LAS 7 DE LA MAÑANA VENDE COCAINA, ANTES MARIHUANA, TOMA TELEFONO ROBADOS POR DROGA, LOS REPARA Y VENDE__EN EL LUGAR ENDE MIGUEL GIANELLI, Y OFELIA LEON ALVARE, VENDEN MARIHUANA Y COCAINA, SIEMBRAN COCAINA, __TIENEN ARMA DE FUEGO Y MACHETES. HACEN DELIVERY EN UNA MOTO CELSTE CILINDRADA 90CC____TAMBIEN HAY VENTA DE DROGAS EN EL BARRIO 2 DE ABRIL SOBRE LA RUTA DOS EN LA ENTRADA PRINCIPAL DOS CUADRAS HACIA EL MAR, ES UNA CASA CON LIBUSTRIN, EN EL LUGAR VENDDE CARLOS MOLINA Y CARLOS ABEL MAUDRIG, __VENDEN COCAINA Y MARIHAUNA, SIEMBRAN MARIHUANA__SUELEN ESTAR ARMADOS, TIENEN ARMAS CON SILENCIADORES, SABEN ARTES MARCIALES__VENDEN A PARTIR DE LAS 17 HS HASTA LAS 23HS, DE LUNES A SABADOS____LA COCAINA LA PROVEEN DEL BARRIO MARLVINAS ARGENTINA, SANTA CRUZ 7800 ENTRE CORONEL SUAREZ Y CALAZA__EN EL LUGAR ESTA LUNA COPELLO, RAMON  COPELLO, CALABAZA COPELLO Y EL PIPA, QUE DISTRIBUYEN EN VARIOS BARRIOS",GENERAL PUEYRREDON,MAR DEL PLATA,-37945242554767.0,-57548800137603.0,VSup,0,-37.945242554767,-57.548800137603,2026,7,July,5,16,6,Domingo,True,Tarde (12-18),[],,OTRA / NO ESPECIFICADA,ARMA_FUEGO
2026-07-06 22:09:00,10016368285,LORENZO PARODI al 6195,VIOLENCIA,FAMILIAR,LLAMANTE REFIERE QUE HAY UN JOVEN ALTERADO QUE LOS AMENAZA CON UN CUCHILLO - ES HIJO DE LA LLAMANTE - ESTÁ DROGADO - TIENE 24 AÑOS - NO HAY HERIDOS AL MOMENTO - NO TIENE ARMA DE FUEGO ,GENERAL PUEYRREDON,MAR DEL PLATA,-37923440458284.0,-57535186455037.0,POSITIVO,30918 INF SRA BEATRIZ SALAZAR DNI 26.269.110 NO NECESITA ASISTENCIA MEDICA EL HIJO SALAZAR ALEJANDRO INVITADO A RETIRASE ,-37.923440458284,-57.535186455037,2026,7,July,6,22,0,Lunes,False,Noche (18-24),[],,OTRA / NO ESPECIFICADA,ARMA_FUEGO
2026-07-07 04:12:00,10016368752,JUAN F CZETZ y French,DROGAS ILÍCITAS,VENTA/ELABORACIÓN,"LLAMANTE REFIERE QUE VENDEN COCAINA, TODOS LOS DIAS , DESDE LAS DOCE DEL MEDIO DIA HASTA LAS CINCO DE LA TARDE, NO SE MANEJAN EN VEHICULO, LA QIUE VENDE ES UNA MUJER QUE SE LLAMA CARLOTA, CON LA CARA  APLASTADA. TIENE ARMA DE FUEGO",GENERAL PUEYRREDON,MAR DEL PLATA,-379604059985.0,-575946949992.0,VSup,0,-37.9604059985,-57.5946949992,2026,7,July,7,4,1,Martes,False,Madrugada (00-06),[],,OTRA / NO ESPECIFICADA,ARMA_FUEGO
2026-07-08 15:01:00,10016373380,TOMAS FALKNER al 7721,DROGAS ILÍCITAS,VENTA/ELABORACIÓN,"CCA QUE VENDEN DROGA, FLORES DE MARIHUANA, QUE LA PIDEN INTERCAMBIAR POR PASTILLAS DE CLONAZEPAM, ESTE SUJETO ESTA CON UN  BUZO NEGRO CON OTRO MASC DE PELO RUBIO CON OJOS CELESTES EN UNA MOTO ROJA, ECONO POWER ROJA, CILINDRADA 90. A UNO LE DICEN *EL PELADO*, *EL RUBIO* QUE TIENE OJOS CELESTES EN MOTO ANTES DESCRIPTA. HACEM DELIVERY DE MARIHUANA Y COCAINA. ESTAN ARMADOS  CON ARMA BLANCA Y ARMA DE FUEGO, O AIRE COMPRIMIDO. LA VENTA ES LAS 24 HORAS.  A OTRO SE LO CONOCE COMO  *EL NEGRO*, LE DICEN * CHAVEZ* , LA MADRE SE LLAMA LAURA CHAVEZ Y COMERCIALIZA COCAINA. A OTRA PERSONA LE DICEN *EL PITI*. ELLOS ANDAN ROBANDO POR EL BARRIO AEROPARQUE, FUERON AGARRADOS POR POLICIAS Y TIENE CAUSAS.-",GENERAL PUEYRREDON,MAR DEL PLATA,-379588708817.0,-575867505435.0,REDERIVADO,0,-37.9588708817,-57.5867505435,2026,7,July,8,15,2,Miércoles,False,Tarde (12-18),[],,OTRA / NO ESPECIFICADA,ARMA_FUEGO
2026-07-08 15:24:00,10016373434,TOMAS FALKNER al 7721,DROGAS ILÍCITAS,VENTA/ELABORACIÓN,"CCA QUE VENDEN DROGA, FLORES DE MARIHUANA, QUE LA PIDEN INTERCAMBIAR POR PASTILLAS DE CLONAZEPAM, ESTE SUJETO ESTA CON UN  BUZO NEGRO CON OTRO MASC DE PELO RUBIO CON OJOS CELESTES EN UNA MOTO ROJA, ECONO POWER ROJA, CILINDRADA 90. A UNO LE DICEN *EL PELADO*, *EL RUBIO* QUE TIENE OJOS CELESTES EN MOTO ANTES DESCRIPTA. HACEM DELIVERY DE MARIHUANA Y COCAINA. ESTAN ARMADOS  CON ARMA BLANCA Y ARMA DE FUEGO, O AIRE COMPRIMIDO. LA VENTA ES LAS 24 HORAS.  A OTRO SE LO CONOCE COMO  *EL NEGRO*, LE DICEN * CHAVEZ* , LA MADRE SE LLAMA LAURA CHAVEZ Y COMERCIALIZA COCAINA. A OTRA PERSONA LE DICEN *EL PITI*. ELLOS ANDAN ROBANDO POR EL BARRIO AEROPARQUE, FUERON AGARRADOS POR POLICIAS Y TIENE CAUSAS.-",GENERAL PUEYRREDON,MAR DEL PLATA,-379588708817.0,-575867505435.0,V ACC-MC,0,-37.9588708817,-57.5867505435,2026,7,July,8,15,2,Miércoles,False,Tarde (12-18),[],,OTRA / NO ESPECIFICADA,ARMA_FUEGO
2026-07-08 20:24:00,10016374215,AV VERTIZ y Av Jacinto Peralta Ramos,ROBO AUTOMOTOR,MOTOS,"SGTO OVEJERO DE CRIA 3ERA INFORMA SUSTRACCION DE ROBO CALIFICADO MOTOVEHICULO GILERA JAEL 150 CC, COLOR NEGRA CON GRIS Y ROJO, DOMINIO A291EBP, AÑO DE FAB 2026. PROPIETARIO CONTI NICOLAS OSVALDO, DNI 34417152, DLIO BOUCHARD 3715, CEL 2235833727. REFIRE QUE EN AV. VERTIZ Y FLORENCIO SANCHEZ LE SUSTREN DE ROBO CALIFICADO 6 MASCULINOS MEORES A PIE, EXHIBEN ARMA DE FUEGO ",GENERAL PUEYRREDON,MAR DEL PLATA,-380278729985.0,-575801059992.0,Telefonía Fija/Móvil,0,-38.0278729985,-57.5801059992,2026,7,July,8,20,2,Miércoles,False,Noche (18-24),['A291EBP'],A291EBP,GILERA,ARMA_FUEGO
2026-07-08 20:25:00,10016374219,PEREZ BULNES al 2836,ROBO AUTOMOTOR,VEHÍCULOS,REFIERE DOS MASC TODOS CUBIERTOS   EN UN MOTO  125 OSCURA __ARMADOS CON ARMA DE FUEGO LE ROBAN SU  CAMIONETA ECOSPORT GRIS PATENTE  LJV792__FUGAN POR CALLE  WILLIAMS MORRIS EN DIRECCION A EDISON __LLTE NO ESTA HERIDO .- CCA LLEGA UN MOVIL  ,GENERAL PUEYRREDON,MAR DEL PLATA,-380707.0,-575517.0,Telefonía Fija/Móvil,0,-38.0707,-57.5517,2026,7,July,8,20,2,Miércoles,False,Noche (18-24),['LJV792'],LJV792,OTRA / NO ESPECIFICADA,ARMA_FUEGO
2026-07-08 20:42:00,10016374269,ECHEVERRIA al 223,ROBO AUTOMOTOR,MOTOS,REFIERE DOS MASC EN UNA MOTO CARACTERISTICCAS IGNOR  ARMADOS CON ARMA DE FUEGO INTENTARON ROBARLE LA MOTO GILERA  A UN MASC.-  __EL MASC SE SUBIO A LA VEREDA DEL COMERCIO LOS  MASC FUGAN POR ECHEVERRIA EN DIRECCION A VERTIZ .- NO HAY HERIDOS ,GENERAL PUEYRREDON,MAR DEL PLATA,-38027759167253.0,-57563512382785.0,NEGATIVO,"33855 ENTREVISTA CON EL SR HUZAY GUIDO EMPLEADO DEL RESTAURAT, REFIRE LO APORTADO EN CARTA FUE UNA TENTATIVA. NEGATIVO HERIDOS, PANORAMA NORMAL ",-38.027759167253,-57.563512382785,2026,7,July,8,20,2,Miércoles,False,Noche (18-24),[],,GILERA,ARMA_FUEGO
2026-07-08 20:45:00,10016374279,MANUEL SAVIO y Hernandarias,ROBO AUTOMOTOR,MOTOS,"LLAMANTE REFIERE QUE LE ROBARON SU MOTO, NO ESTA HERIDO, DOS EN UNA MOTO, LE MOSTRARON UN ARMA DE FUEGO.__HONDA WAVE BLANCA 110CC DOMINIO A117FCM__ESTABAN DE NEGRO, EN UNA TORNADO O SIMILAR BLANCA, CREE QUE 150CC __SALIERON POR HERNANDARIAS, PARA DEL RIEGO Y LUEGO PARA VERTIZ. ",GENERAL PUEYRREDON,,-380313449985.0,-575705119992.0,REDERIVADO,"PINAMAR SGTO MANSILLA, DOLORES PPAL GUEVARA, CHASCOMUS SUBCRIO GOROSITO, VIAL VIVORATA SUBCRIO MACHADO, VIAL CAMET SGTO VERA, VIAL CHAPADMALAL NO RESPONDE",-38.0313449985,-57.5705119992,2026,7,July,8,20,2,Miércoles,False,Noche (18-24),['A117FCM'],A117FCM,OTRA / NO ESPECIFICADA,ARMA_FUEGO
2026-07-08 20:54:00,10016374302,MORENO y Leguizamon,VIOLENCIA,NO FAMILIAR,"LLAMANTE REFIERE QUE VIO A 3 MASCULINOS PELEANDO, UNO ESTA CON UN ARMA DE FUEGO NO VIO SI HAY HERIDOS.- ",GENERAL PUEYRREDON,MAR DEL PLATA,-379692829985.0,-576131089992.0,NEGATIVO,30151 INF A LA RECORRIDA PANORAMA NORMAL NADIE ENTREVISTA,-37.9692829985,-57.6131089992,2026,7,July,8,20,2,Miércoles,False,Noche (18-24),[],,OTRA / NO ESPECIFICADA,ARMA_FUEGO
2026-07-09 11:47:00,10016375923,1 DE MAYO y Bolivar,SOSPECHOSOS,PERSONA EXTRAÑA,"LLAMANTE REFIERE QUE HAY DOS PERSONAS CON UN ARMA DE FUEGO LLEVANDO UNA MOTO TORNADO ROJA *DE TIRO* VAN PARA EL LAD DE LA ESTACION , POR 1 DE MAYO Y COLON - ",GENERAL PUEYRREDON,MAR DEL PLATA,-379890449985.0,-575740719992.0,NEGATIVO,"33643 INFORMA UQE AL ARRIBAR AL LUGAR ENTREVISTA CON UN VECINO, LE REFIERE QUE SE VAN POR JARA PARA EL LADO DE JUAN B JUSTO. SE RECORRE LA ZONA SIN DAR CON LOS NN Y EL MOTOVEHICULO",-37.9890449985,-57.5740719992,2026,7,July,9,11,3,Jueves,False,Mañana (06-12),[],,OTRA / NO ESPECIFICADA,ARMA_FUEGO
2026-07-09 13:28:00,10016376171,ANTONIO MARTINEZ y Alvarez Condarco,VIOLENCIA,NO FAMILIAR,"__LLAMANTE REFIERE QUE  UN MASCULINO  QUER VOSTE CON CJHALECO ROJO CAMPERA NEGRA Y BICERA , LO INTENTA AGREDIR , QUIERE  ROMPER SU AUTO , ESTA ARMADO CON ARMA DE FUEGO ",GENERAL PUEYRREDON,MAR DEL PLATA,-379383089984.0,-575501409992.0,POSITIVO,"30918 SR FERNANDES REFIERE UN  MASCULINO CON ESAS DESCRIPCIONES CIRCULA EN VEHICULO BORA AZUL APARENTEMENTE ARMADO  , A LA BUSQUEDA",-37.9383089984,-57.5501409992,2026,7,July,9,13,3,Jueves,False,Tarde (12-18),[],,OTRA / NO ESPECIFICADA,ARMA_FUEGO
2026-07-09 16:12:00,10016376547,BENITO LYNCH y GARCIA  LORCA ,VIOLENCIA,NO FAMILIAR,"__LLAMANTE REFIERE QUE  UN MASCULINO ESTA CON UN ARMA DE FUEGO AMENAZA A LOS VECINOS __VISTE CAMPERA NEGRA Y PANTALON NEGRO ESTA SOLO , TIENE  BARBA ",GENERAL PUEYRREDON,MAR DEL PLATA,-380176009986.0,-576265759992.0,NEGATIVO,"EN EL LUGAR NEGATIVO MASCULINO CON LAS CARACTERISTICAS APORTADAS, NADIE ENTREVISTA ",-38.0176009986,-57.6265759992,2026,7,July,9,16,3,Jueves,False,Tarde (12-18),[],,OTRA / NO ESPECIFICADA,ARMA_FUEGO
2026-07-10 09:32:00,10016378556,CATALUÑA al 7521,DROGAS ILÍCITAS,VENTA/ELABORACIÓN,"LLAMANTE REFIERE QUE QUIERE DENUNCIAR DOS POINT DE VENTA DE DROGA, EN IMA CASA  CON PAREDON ALTO -__LA PERSONA QUE VENDE SE LLAMA ATILIO, ES GORDO DE PELO LARGO, VENDE COCAINA, A PARTIR DE LAS 5 DE LA TARDE A LAS 11 DE LA NOCHE, DE LUNES A SABADO, TIENE ARMA DE FUEGO Y ARMA BLANCA, O TIENE JERINGAS CON VENENO PARA APUÑALAR A LA GENTE QUE LO DENUNCIA, YA LO HA HECHO  -__Y  OTRO LUGAR DONDE VENDEN DROGA EN EL BARRIO AEROPARQUE ES EN  PELAYO 1161 ENTRE ARAGON Y CATALUÑA , EN UN CHALET DE DOS PISOS CON REJA VERDE- AHI VENDE UN TAL ANDRES CALEGAYO Y NICOLAS CALEGAYO, SON HERMANOS ENTRE ELLOS, VENDEN COCAINA Y MARIHUANA QUE SIEMBRAN EN EL PATIO, DE LA CASA SOBRE PELAYO . VENDEN TODO EL DIA Y TODA LA NOCHE O EN LOS EVENTOS DE LOS BOLICHES DE LA PLAYA VENDEN EXTASIS, ESTAN ARMADOS CON ARMAS DE FUEGO . - ",GENERAL PUEYRREDON,MAR DEL PLATA,-37951781044404.0,-57578405666983.0,VSup,0,-37.951781044404,-57.578405666983,2026,7,July,10,9,4,Viernes,False,Mañana (06-12),[],,OTRA / NO ESPECIFICADA,ARMA_FUEGO
2026-07-10 23:17:00,10016380384,ALFONSINA STORNI y  ,VIOLENCIA,NO FAMILIAR,LLAMANTE INFORMA QUE  HAY UNA PERSONA EN MOTO CON UN ARMA DE FUEGO BAJO UN PINO MUJER Y HOMBRE. NO HERIDOS.  ,GENERAL PUEYRREDON,MAR DEL PLATA,-379523019984.0,-575598239992.0,NEGATIVO,MOVIL RO INFORMA AL ARRIBO Y EN AMPLIA RECORRIDA EN ZONA NEGATIVO NADIE ENTREVISTA CON EL PERSONAL PANORAMA NORMAL  ,-37.9523019984,-57.5598239992,2026,7,July,10,23,4,Viernes,False,Noche (18-24),[],,OTRA / NO ESPECIFICADA,ARMA_FUEGO
2026-07-11 19:23:00,10016382470,STROBEL y Nta Sra Del Pilar,DISPAROS,PERSONAS,"LLAMANTE REFIERE QUE LE EFECTUARON DISPARO DE ARMA DE FUEGO EN LA RODILLA AL VECINO, DECONOCE CIRCUNSTANCIAS",GENERAL PUEYRREDON,MAR DEL PLATA,-379541489985.0,-575938769992.0,V ACC-MC,0,-37.9541489985,-57.5938769992,2026,7,July,11,19,5,Sábado,True,Noche (18-24),[],,OTRA / NO ESPECIFICADA,ARMA_FUEGO
2026-07-12 14:19:00,10016385400,AZOPARDO al 5272,DISPAROS,PERSONAS, ESTAN DISPARANDO AL AIRE__NO SE  SABE CANTIDAD__HABRIA UN HERIDO DE ARMA DE FUEGO ,GENERAL PUEYRREDON,MAR DEL PLATA,-3803662339441.0,-57570224304525.0,VSup,0,-38.03662339441,-57.570224304525,2026,7,July,12,14,6,Domingo,True,Tarde (12-18),[],,OTRA / NO ESPECIFICADA,ARMA_FUEGO
2026-07-12 14:25:00,10016385406,AZOPARDO al 5200,DISPAROS,PERSONAS, ESTAN DISPARANDO AL AIRE__NO SE  SABE CANTIDAD__HABRIA UN HERIDO DE ARMA DE FUEGO ,GENERAL PUEYRREDON,MAR DEL PLATA,-380366233944.0,-575702243045.0,V ACC-MC,0,-38.0366233944,-57.5702243045,2026,7,July,12,14,6,Domingo,True,Tarde (12-18),[],,OTRA / NO ESPECIFICADA,ARMA_FUEGO
2026-07-12 19:18:00,10016386096,ALBERTI al 7805,PRÓFUGO,EN VÍA PÚBLICA,"LLAMANTE REFIERE QUE SU HIJO TIENE RESTRICCION, ESTA ARMADO, ESTUVO MOLESTANDO EN EL DOMICIIO__AHORA ESTA TIRANDO PIEDRAS EN EL TECHO, ESTA EN VIA PUBLICA, HA CONFRONTADO CON ARMA DE FUEGO CON ANTERIORIDAD CON LA POLICIA__TIENE PEDIDO DE CAPTURA POR QUE NO SE PRESENTO A FIRMAR, SE LLAMA NICOLAS VILLALBA SALGUERO ",GENERAL PUEYRREDON,MAR DEL PLATA,-3798020453304.0,-57605127832594.0,REDERIVADO,0,-37.98020453304,-57.605127832594,2026,7,July,12,19,6,Domingo,True,Noche (18-24),[],,OTRA / NO ESPECIFICADA,ARMA_FUEGO
2026-07-13 18:58:00,10016388639,PEDRO GOYENA al 11600,SOSPECHOSOS,PERSONA EXTRAÑA,LLTE INIDCA QUE HAY DOS MASCULINOS MANIPULANDO UN ARMA DE FUEGO- EN LA ESQUINA ,GENERAL PUEYRREDON,,,,NEGATIVO,30151 INFORMA EN EL LUGAR NADIE ENTREVISTA INT 64279 NO RESPONDEN ,,,2026,7,July,13,18,0,Lunes,False,Noche (18-24),[],,OTRA / NO ESPECIFICADA,ARMA_FUEGO
2026-07-13 23:48:00,10016389288,BENITO LYNCH y Valentini,DISPAROS,DISPAROS,LLAMANTE REFIERE QUE ANDAN A LAS CORRIDAS Y SE ESCUCHAN DETONACIONES DE ARMA DE FUEGO,GENERAL PUEYRREDON,MAR DEL PLATA,-380434749985.0,-575922849992.0,NEGATIVO,"PERSONAL DE PREFECUTURA INFORMA QUE AL ARRIBO EL PANORAMA ES NORMAL, NADIE ENTREVISTA",-38.0434749985,-57.5922849992,2026,7,July,13,23,0,Lunes,False,Noche (18-24),[],,OTRA / NO ESPECIFICADA,ARMA_FUEGO
2026-07-14 12:05:00,10016390251,SABINO ARANA Y GOIRI al 3361,HALLAZGO,OBJETO DUDOSO / PELIGROSO,"LLAMANTE REFIERE QUE ENTRO UN ARMA DE FUEGO EN UNA VEREDA, EN LA PUERTA DE UNA CASA. NO LLEGO A VER A NADIE CERCA. NO LO TOCO.",GENERAL PUEYRREDON,MAR DEL PLATA,-38051989860638.0,-57558414315628.0,POSITIVO,"28942  ENTREVISTA CN CASAL LUCIA MICAELA__IBA CAMINANDO , OBSERVA  EN LA VEREDA ARMA DE FUEGO__REVOLVER CALIBRE 32 LARGO__UNA MUNIION INTACTA SIN PERCUTAR EN EL ALVEOLO. __NEGATIVO NUMERACION. BAJAN CN EL HALLAZGO DEL ARMA A CRIA 3RA.",-38.051989860638,-57.558414315628,2026,7,July,14,12,1,Martes,False,Tarde (12-18),[],,OTRA / NO ESPECIFICADA,ARMA_FUEGO
2026-07-14 15:08:00,10016390611,AV FRAY LUIS BELTRAN y Los Naranjos,SOSPECHOSOS,PERSONA EXTRAÑA,"__LLAMANTE REFIERE QUE  MASCULINO DE CAMPERA NEGRA Y MITAD GRIS VA CON UN ARMA DE FUEGO , INTENROBARLE A UN CHICO EN LOS TALAS BELTRAN ",GENERAL PUEYRREDON,MAR DEL PLATA,-379345419984.0,-575527909992.0,NEGATIVO,MOVIL INFORMA EN RECORRIDA NEGATIVO NN,-37.9345419984,-57.5527909992,2026,7,July,14,15,1,Martes,False,Tarde (12-18),[],,OTRA / NO ESPECIFICADA,ARMA_FUEGO
2026-07-15 01:20:00,10016391979,TANDIL al 273,DROGAS ILÍCITAS,VENTA/ELABORACIÓN,"LLAMANTE REFIERE QUE VENDEN CLORIDRATO DE COCAINA, QUE ACEPTAN TARJETA DE CREDITO Y TARGETAS DE TELEFONO, NO SABE COMO SE LLAMA EL QUE VENDE, REFIERE QUE SON 5 PERSONAS, VENDEN DE LAS 22 HASTA LAS 05 DE LA MAÑANA, ESTAN ARMADOS Y HAY SEGURIDAD EN LA VEREDA QUE ESTAN CON ARMAS BLANCAS Y DE FUEGO, TIENEN MOTOS______REFIERE QUE EN CALAZA AL 90 ENTRE RIO NEGRO Y SANTA CRUZ, BARRIO MALVINAS ARGENTINAS, VENDEN BOLSITAS DE COCAINA, DESDE LAS 10:30 HASYA LAS 15 HS, SE LLAMA RAMON COPELO EL QUE VENDE, TIENE ARMA DE FUEGO Y ARMAS BLANCAS, NO TIENE VEHICULO______TAMBIEN REFIERE QUE EN FARNER 7721 ENTRE ASTURIAS Y BESUTO, SE LLAMA LAURA CHAVEZ Y SUS HIJOS, QUE CADA 7 MESES PLANTA PLANTAS DE MARIHUANA PARA VENDER, TAMBIENH VENDE COCAINA,QUE LAS VENDE EN LA VEREDA CON SUS 7 HIJOS, TIENE ARMAS BLANCAS Y DE FUEGO,____REFIERE QUE EN CORONEL SUAREZ 373 ENTRE BRANDSEN Y FRENCH, ES UNA FEM Y SU HIJO, NO SABE COMO SE LLAMAN, VENDEN COCAINA POR UNA VENTANA DE MADERA, ESTAN ARMADOS CON ARMAS BLANCAS Y DE FUEGO, LAS ARMAS BLANCAS LAS GUARDAN EN LA PARADA DEL MICRO DE LA ESQUINA, VENDE LOS FINES DE SEMANA, DESDE LAS 10 DE LA NOCHE HASTA LAS 5 DE LA MAÑANA______REFIERE QUE EN REJON 7842 ENTRE RISUTO Y LUZURIAGA, SE LLAMA SUSANA, VENDE COCAINA, DESDE LAS 10 DE LA MAÑANA HASTA LAS 12 DE LA NOCHE BARRIO MALVINAS ARGENTINAS, TIENE ARMA DE FUEGO Y ARMAS BLANCAS, TIENE CABALLOS Y MOTOS, TIENE SEGURIDAD EN LA VEREDA________",GENERAL PUEYRREDON,MAR DEL PLATA,-37958389939578.0,-57595914420644.0,VSup,0,-37.958389939578,-57.595914420644,2026,7,July,15,1,2,Miércoles,False,Madrugada (00-06),[],,OTRA / NO ESPECIFICADA,ARMA_FUEGO
2026-07-15 19:07:00,10016394021,ALFONSINA STORNI y Rizzutto,SOSPECHOSOS,EN VEHÍCULO,"LLAMANTE REFIERE QUE UN MASCULINO EN UNA AMAROK AZUL OSCURA  DE NOMBRE  FRANCIS VILCHES CON OTRA PERSONA  ESTA GRITANDO SACA EL ARMA DE FUEGO  POR LA VENTANA , AGREDIO A UN VECINO , NO HAY HERIDOS ESTA DANDO VUELTAS POR EL LA ZONA DE LA PLAZA ",GENERAL PUEYRREDON,MAR DEL PLATA,-379446429985.0,-575749249992.0,NEGATIVO,"INF MOV 30118 REFIERE NEGATIVO LOS SUJETOS APORTADOS EN CARTA DE LLAMADO, NADIE ENTREVISTA CON EL MOVIL POLICIAL. PANORAMA NORMAL, NEGATIVO DISTURBIOS O CONFRONTACION EN EL LUGAR",-37.9446429985,-57.5749249992,2026,7,July,15,19,2,Miércoles,False,Noche (18-24),[],,OTRA / NO ESPECIFICADA,ARMA_FUEGO
2026-07-15 22:11:00,10016395180,RIVADAVIA y Grecia,ROBO AUTOMOTOR,MOTOS,"INF MOV 30492 REFIERE SE ENTREVISTA CON DENUNCIANTE REFIERE QUE LE SUSTRAEN SU RODADO,A L MOEMNTO PERSONAL ENTREVISTANDO, APORTA QUE AL MENOS UNO DE ELLOS ARMADO CON ARMA DE FUEGO",GENERAL PUEYRREDON,MAR DEL PLATA,-379763609985.0,-575947279992.0,Telefonía Fija/Móvil,0,-37.9763609985,-57.5947279992,2026,7,July,15,22,2,Miércoles,False,Noche (18-24),[],,OTRA / NO ESPECIFICADA,ARMA_FUEGO
2026-07-16 18:38:00,10016398747,HIPOLITO YRIGOYEN y Av Pedro Luro,SOSPECHOSOS,PERSONA EXTRAÑA,"LLAMANTE CUENTA QUE HAY UNA PERSONAS CON UN ARMA , VISTE GORRA BLANCA Y  MOCHILA VERDE, TIENE  UN ARMA DE FUEGO , SE VA CAMINANDO POR LA PLAZA  SENTIDO A LA CATEDRAL. __VA CON OTRO MASCULINO  MAS, NO ALCANZA A VER COMO VISTE.  ",GENERAL PUEYRREDON,MAR DEL PLATA,-37997943403.0,-575498971265.0,NEGATIVO,"HT Y RONDINE EN EL LUGAR INDENTIFICAN 2 NN, NEGATIVO IMPEDIMENTO NI ARMAS DE FUEGO",-37.997943403,-57.5498971265,2026,7,July,16,18,3,Jueves,False,Noche (18-24),[],,OTRA / NO ESPECIFICADA,ARMA_FUEGO
2026-07-16 20:21:00,10016399051,PUAN al 1727,ROBO,VÍA PÚBLICA,"LLAMANTE REFIERE QUE ESTABAN EN LA LAGUNA DE MOGOTE Y LES QUISIERON ROBAR DOS SUJETOS EN MOTO CON UN ARMA DE FUEGO, ERAN 7 U 8 SUJETOS, CUANDO CORRIERON SE LE CAYO EL CELULAR, NO ESTAN HERIDOS. SE FUERON PARA EL LADO DE LA CLINICA AL LADO DE LA LAGUNA. ERAN TODAS MOTOS 150 Y 110. ERAN 3 MOTOS.- ",GENERAL PUEYRREDON,MAR DEL PLATA,-38065491009545.0,-57547682552426.0,NEGATIVO,33847 REALIZA AMPLIA RECORRIDA. NEGATIVO SOSPECHOSOS. NADIE ENTREVISTA ,-38.065491009545,-57.547682552426,2026,7,July,16,20,3,Jueves,False,Noche (18-24),[],,OTRA / NO ESPECIFICADA,ARMA_FUEGO
2026-07-17 00:06:00,10016399643,CALAZA BIS al 3056,PEDIDO GENERICO DE AUXILIO,PGA,CARGA INVERSA INF SUBBTE JUAREZ QUE EL MARIDO ESTA AGRESIVO Y DISPATRO UNA ARMA DE FUEGO ,GENERAL PUEYRREDON,MAR DEL PLATA,-37983077029594.0,-57609516326656.0,JTv,0,-37.983077029594,-57.609516326656,2026,7,July,17,0,4,Viernes,False,Madrugada (00-06),[],,OTRA / NO ESPECIFICADA,ARMA_FUEGO
2026-07-18 11:32:00,10016403966,PIGUE y French,SOSPECHOSOS,PERSONA EXTRAÑA,"REFIERE QUE HAY UN MASCULINO HACE COMO 2 HORAS DANDO VUELTAS__VISTE CAMPERA AZUL, MOCHILA NEGRA Y UNA GORRA CON PASAMONTAÑAS, APENAS SE LE VEN LOS OJOS __LE PARECIO VER UN ARMA DE FUEGO, UN REVOLVER EN LA CINTURA __LO VIO IR PARA EL LADO DE 204, QUE AHORA ESTA EN LA ESQUINA EN N KIOSKITO",GENERAL PUEYRREDON,MAR DEL PLATA,-379581019985.0,-575970479992.0,POSITIVO,30506 BAJAN MASCULINO CONTRAVENTOR SR  ESPINDOLA DIEGO LUCIANO 23 AÑOS - COMUNICACION CON UFI  FLAGRANCIA DRA CARO DISPONE ART 42 YA QUE EN SUS PRENDAS TENIA ARMA DE UTILERIA ,-37.9581019985,-57.5970479992,2026,7,July,18,11,5,Sábado,True,Mañana (06-12),[],,OTRA / NO ESPECIFICADA,ARMA_FUEGO
2026-07-18 18:20:00,10016404983,PAULA ALBARRACIN y Rodriguez Peña,DISPAROS,DISPAROS,LLAMANTE REFIERE QUE HAY DOS MASCULINOS EN UNA MOTO COLOR BLANCA QUE ESTAN EFECTUANDO DISPAROS DE ARMA DE FUEGO AL AIRE . UNO VISTE UNA  CAMPERA NEGRA Y EL ACOMPAÑANTE UNA CAMPERA DE COLOR ROJO. LA MOTO ES TIPO SCOTTER. LLAMANTE NO TIENE TELEFONO PARA  APORTAR.,GENERAL PUEYRREDON,MAR DEL PLATA,-379888653921.0,-576034172769.0,NEGATIVO,33229 INFORMA NEGATIVO A LA RECORRIDA,-37.9888653921,-57.6034172769,2026,7,July,18,18,5,Sábado,True,Noche (18-24),[],,OTRA / NO ESPECIFICADA,ARMA_FUEGO
2026-07-18 22:03:00,10016405537,AV VERTIZ al 12043,VIOLENCIA,NO FAMILIAR,"LLAMANTE REFIERE QUE HAY UNA DISCUCION ENTRE VARIAS PERSONAS __AMPLIA QUE HAY UNA PERSONA ARMADA, ARMA DE FUEGO__AMPLIA QUE HAY UNA PERSONA HERIDA  ",GENERAL PUEYRREDON,MAR DEL PLATA,-37990309301585.0,-57629764264888.0,Telefonía Fija/Móvil,0,-37.990309301585,-57.629764264888,2026,7,July,18,22,5,Sábado,True,Noche (18-24),[],,OTRA / NO ESPECIFICADA,ARMA_FUEGO
2026-07-18 23:29:00,10016405758,BERMEJO al 2300,ROBO,FINCA,EN PROCESO __LLAMANTE REFIERE QUE HAY GENTE EN LOS TECHOS Y SE ESCUCHAN DISPAROS DE ARMA DE FUEGO. NO APORTA MAS DATOS. ,GENERAL PUEYRREDON,MAR DEL PLATA,-38055876386467.0,-57562101683874.0,V ACC-MC,0,-38.055876386467,-57.562101683874,2026,7,July,18,23,5,Sábado,True,Noche (18-24),[],,OTRA / NO ESPECIFICADA,ARMA_FUEGO
2026-07-19 19:08:00,10016408091,PAULA ALBARRACIN al 3339,DISPAROS,PERSONAS,"LLAMANTE REFIERE QUE EN EL LUGAR ESTAN CONFRONTANDO MAS DE 20 PERSONAS ARMADAS, ESTAN EFECTUANDO DISPAROS DE ARMA DE FUEGO, TAMBIEN HAY VARIOS CON MOTOS, L MOMENTO DESCONOCE SI HAY HERIDOS",GENERAL PUEYRREDON,MAR DEL PLATA,-379891685332.0,-57603668432175.0,V ACC-MC,0,-37.9891685332,-57.603668432175,2026,7,July,19,19,6,Domingo,True,Noche (18-24),[],,OTRA / NO ESPECIFICADA,ARMA_FUEGO
2026-07-19 19:19:00,10016408153,GERONIMO COSTA al 2920,DISPAROS,PERSONAS,LLAMANTE REFIERE QUE LE EFECTUARON UN DISPARO DE ARMA DE FUEGO EN EL BRAZO EN LA VIA PÚBLICA. AHORA ESTÁ EN LA CASA. NO SE COMPRENDE CON CLARIDAD LO QUE EXPRESA. ,GENERAL PUEYRREDON,MAR DEL PLATA,-37980223831367.0,-57612116413156.0,POSITIVO,2DO JEFE YA TIENE CONOCIMIENTO Y LE RECEPCIONARON DECLARACION__INFORMA QUE NO INSTO LA ACCION PENAL __INFORMA PPAL DISIPIO LEANDRO ,-37.980223831367,-57.612116413156,2026,7,July,19,19,6,Domingo,True,Noche (18-24),[],,OTRA / NO ESPECIFICADA,ARMA_FUEGO
2026-07-19 21:07:00,10016408764,HARAS FIRMAMENTO y 7,DISPAROS,PERSONAS,"LLAMANTE REFIERE QUE ESTAN CONFRONTANDO CON ARMA DE FUEGO, SON DOS BANDAS DE 5 PERSONAS CADA UNA__SE EFECTUANN DISPAROS DE ARMA DE FUEGO ENTRE SI, DESCONOCE I HAY HERIDOS",GENERAL PUEYRREDON,MAR DEL PLATA,-379612399986.0,-576531139992.0,V ACC-MC,0,-37.9612399986,-57.6531139992,2026,7,July,19,21,6,Domingo,True,Noche (18-24),[],,OTRA / NO ESPECIFICADA,ARMA_FUEGO
2026-07-19 21:35:00,10016408899,TRIPULANTES DEL FOURNIER y  GUERRICO ,DISPAROS,DISPAROS,"REFIERE QUE ESCUCHA DETONACIONES DE ARMA DE FUEGO  , NO LLEGA A VER NADA ",GENERAL PUEYRREDON,,-380187939985.0,-575989699992.0,NEGATIVO,"MOVIL INFORMA QUE EN LA AMPLIA RECORRIDA EL PANORAMA ES NORMAL, NADIE ENTREVISTA CON EL PERSONAL POLICIAL, MISMO SIGUE EN RECORRIDA.",-38.0187939985,-57.5989699992,2026,7,July,19,21,6,Domingo,True,Noche (18-24),[],,OTRA / NO ESPECIFICADA,ARMA_FUEGO
2026-07-19 23:38:00,10016409356,FRENCH al 3843,DISPAROS,DISPAROS,"LLAMANTE REFIERE QUE PASARON UNAS MOTOS SE ESCUHO GRITOS Y DISPAROS DE ARMA DE FUEGO, NO SABE SI LE ROBARON A ALGUEN ",GENERAL PUEYRREDON,MAR DEL PLATA,-37981774408984.0,-57550331060045.0,NEGATIVO,"26216 ENTREVISTADO EFECTIVO VILLORDO, QUIEN TIENE CONSIGNA EN LA CUADRA, REFIERE QUE A UN MASCULINO RETIRADO DE LA FEDERAL LE QUISIERON ROBAR, NEG DAMNIFICADO, NEG DETONACIONES",-37.981774408984,-57.550331060045,2026,7,July,19,23,6,Domingo,True,Noche (18-24),[],,OTRA / NO ESPECIFICADA,ARMA_FUEGO
2026-07-20 11:53:00,10016410767,CALABRIA y Roque Saenz Peña,VIOLENCIA,NO FAMILIAR,LLAMANTE REFIERE QUE HAY 2 NN PELEANDOSE. UNO TIENE UN ARMA DE FUEGO. EL OTRO TIENE UN MACHETE Y UNA CUCHILLA,GENERAL PUEYRREDON,MAR DEL PLATA,-380433179985.0,-575839279992.0,POSITIVO,"30548 ENTREVISTA CN__RIQUELME MILAGROS, REFIERE QUE UN VECINO LE ARROJA PIEDRAS AL DOMICIOLIO. NEGATIVO ARMA DE FUEGO, MASCULINO VISTE DE CAMPERA ROJA.  TIENEN PROBLEMAS DE VIEJA DATA. FEMENINA NO REQUIERE ASISTENCIA MEDICA. NEGATIVO LESIONES",-38.0433179985,-57.5839279992,2026,7,July,20,11,0,Lunes,False,Mañana (06-12),[],,OTRA / NO ESPECIFICADA,ARMA_FUEGO
2026-07-20 13:51:00,10016411025,AZOPARDO y Valentini,ROBO,VÍA PÚBLICA,"LLAMANTE DICE QUE HAY VARIOS MASCULINOS UNO DE ELLOS UN MASCULINO VISTE CAPUCHA NEGRA Y PANALON AZUL ESTA ARMADO CON ARMA DE FUEGO ESTAN PARADOS FRENTE ADOS AUTOS UNO COLOR  NEGRO EL OTRO GRIS , INFORMA QUE ESTAN ASALTANO A LOS TRANSEUNTES ",GENERAL PUEYRREDON,,-380305229985.0,-575783339992.0,NEGATIVO,MOVIL 30915 REFIERE QUE AMPLIA RECORRIDA NEGATIVO,-38.0305229985,-57.5783339992,2026,7,July,20,13,0,Lunes,False,Tarde (12-18),[],,OTRA / NO ESPECIFICADA,ARMA_FUEGO
2026-07-20 20:44:00,10016412081,GIACOBINI y Av Fortunato De La Plaza,PEDIDO GENERICO DE AUXILIO,PGA,LLTE INDICA QUE HAY UN MACSULINO EN MEDIO DE LA PLAZA EXHIBIENDO UN ARMA DE FUEGO- GRITA- CREE QUE NO ESTA EN SUS CABALES- ,GENERAL PUEYRREDON,MAR DEL PLATA,-380610325981.0,-575500274858.0,NEGATIVO,"33847 INFORMA QUE REALIZA AMPLIA RECORRIDA. NEGATIVO SOSPECHOSOS, NEGATIVO MASCULINO GRITANDO. NADIE ENTREVISTA",-38.0610325981,-57.5500274858,2026,7,July,20,20,0,Lunes,False,Noche (18-24),[],,OTRA / NO ESPECIFICADA,ARMA_FUEGO
2026-07-21 09:54:00,10016413113,GUILLERMO MAGRASSI al 4571,VIOLENCIA,POR RAZONES DE GENERO,"REFIERE QUE EL PADRE DE SUS HIJOS, ESTA SACANDO EL CERCO DE LA CASA DE LA LLAMANTE Y ESTA INGRESANDO A LA CASA.  APARENTEMENTE ARMADO CON ARMA DE FUEGO.NO HAY HERIDOS. TIENE RESTRICCION.-",GENERAL PUEYRREDON,MAR DEL PLATA,-38097546061796.0,-57556161191839.0,POSITIVO,"MOVIL 30175 EN EL LUGAR SEÑOR TABORDO SEBASTIAN , Y SU EX PAREJA, GIMENEZ LORENA SOLEDAD TEL: 2236567637 REF CONFLICTO TODO JUDICIALIZADO. ",-38.097546061796,-57.556161191839,2026,7,July,21,9,1,Martes,False,Mañana (06-12),[],,OTRA / NO ESPECIFICADA,ARMA_FUEGO
2026-07-21 14:29:00,10016413668,REP ARABE SIRIA y Castelli,INTEGRIDAD A LA VIDA,AMENAZA DE MUERTE,"CCA QUE SU AMIGA LE AVISA QUE EN SU BARRIO  CIRCULA UNA MOTO NEGRA 2 MASC ARMADOS , AMENAZAN A SU AMIGA EN SU CASA, NO APORTA MAS DESCRIPCION , NO LOS CONOCE. AL PASAR POR LA CASA LE EXIHIBIERON EL ARMA DE FUEGO. LE DICEN QUE LE VA  VALIAR LA VIVIENDA , __LE VA A DECIR QUE SE ENTREVISTE CON EL MOVIL",GENERAL PUEYRREDON,MAR DEL PLATA,-379750069985.0,-576219769992.0,NEGATIVO,"MOVIL INFORMA A LA RECORRIDA NEGATIVO MOTO NEGRA EN LA VIA PUBLICA, NORMAL AL MOEMNTO",-37.9750069985,-57.6219769992,2026,7,July,21,14,1,Martes,False,Tarde (12-18),[],,OTRA / NO ESPECIFICADA,ARMA_FUEGO
2026-07-21 17:31:00,10016414070,GUILLERMO MAGRASSI al 4571,INTEGRIDAD A LA VIDA,AMENAZA DE MUERTE,"LA MADRE SALIO A HACER UNA DENUNCIA , ELLA TIENE 14 AÑOS ESTA CON EL PADRASTRO Y EL PADRE DE ELLA  VIVE AL LADO  Y TIENE UN ARMA DE FUEGO, EL SALIO A BUSCAR PELEA  Y  LOS AMENAZA A SU MAMA Y SU NUEVA PAREJA DE MUERTE __SU MAMA  ES PERSONAL POLICIAL  DE LA BONOERENSE Y  SE LLAMA LORENA GIMENEZ , ELLA AHORA NO ESTA EN EL LUGAR PERO ESTE MASCULINO AMENAZA CON HACERLE FALSAS DENUNCIAS TAMBIEN__ AHORA EN SU CASA ESTA LA LLAMANTE QUE ES MENOR Y SU PADRASTRO NADA MAS Y ESTE MASCULINO VIVE ALDO Y TEME QUE SALGA CON EL ARMA  A CONFRONTARLOS  ",GENERAL PUEYRREDON,MAR DEL PLATA,-38097546061796.0,-57556161191839.0,POSITIVO,"MOVIL 30678 ENTREVISTA POR UN LADO TABORDA SEBASTIAN EXONERADO DE LA FUERZA MUY MALEDUCADO CON EL PERSONAL, POR OTRO LADO GIMENEZ LORENA, LA PROBLEMATICA ESTA JUDICIALIZADO JUZ CIVIL Y COMERCIAL POR EL LOTE. NEGATIVO VIOLENCIA , SOLO DISCUCION VERBAL. NEGATIVO ARMA DE FUEGO, HAY UNA RESTRICCION VIGENTE , SE LO NOTIFICA EN EL LUGAR AL MASCULINO YA QUE ES DEL DIA DE LA FECHA , LA FEM INVITADA A RADICAR LA MENOR TAMBIEN 5/5. PERSONAL 5/5.   ",-38.097546061796,-57.556161191839,2026,7,July,21,17,1,Martes,False,Tarde (12-18),[],,OTRA / NO ESPECIFICADA,ARMA_FUEGO
2026-07-21 22:06:00,10016414697,CNEL SUAREZ y Belgrano,PEDIDO GENERICO DE AUXILIO,PGA,"LLAMANTE REFIERE QUE ES EFECTIVO PORLICIAL. QUE HAY UN MASCULINO QUE ESTA ARMADO CON ARMA DE FUEGO, ESTA PELEANDO CON OTROS SUJETOS. NO HAY HERIDOS. EL SUJETO VISTE GORRA BLANCA, BUZO BLANCO Y PANTALON NEGRO .-",GENERAL PUEYRREDON,MAR DEL PLATA,-379745369985.0,-576005269992.0,POSITIVO,"INF MOV 30532 REFIERE IDENTIFICADOS LOS SUJETOS EN VIA PUBLICA E INVITADOS A RETIRARSE, NEGATIVO ARMADOS, PERSONAL EN BUEN ESTADO, NEGATIVO APREHENDIDOS",-37.9745369985,-57.6005269992,2026,7,July,21,22,1,Martes,False,Noche (18-24),[],,OTRA / NO ESPECIFICADA,ARMA_FUEGO
2026-07-22 17:27:00,10016416639,CALABRIA BIS al 7421,SOSPECHOSOS,PERSONA EXTRAÑA,"HAY  AL MENOS  DE 10 MASCULINOS JOVENES 1 CON ARMA DE FUEGO ESE ES DE TES BLANCA , ES LO UNICO QUE LE DIJERON, NO PUEDE DESCRIBIRLOS ",GENERAL PUEYRREDON,MAR DEL PLATA,-380309.0,-576012.0,NEGATIVO,MOVIL 30174 REFIERE QUE AMPLIA RECORRIDA NEGATIVO MASCULINO,-38.0309,-57.6012,2026,7,July,22,17,2,Miércoles,False,Tarde (12-18),[],,OTRA / NO ESPECIFICADA,ARMA_FUEGO
2026-07-22 20:45:00,10016417131,GABOTO al 4700,ROBO,VÍA PÚBLICA,"LLAMANTE REFIERE QUE LE ROBARON DOS SUJETOS EN MOTO, UNO CON ARMA DE FUEGO, NO HAY HERIDOS. LE ROBARON EL CELULAR. SE FUERON POR GABOTO PARA EL LADO DE INDEPENDENCIA. NO VIO NADA. PARECIA UNA MOTO 110.-",GENERAL PUEYRREDON,MAR DEL PLATA,-38032387401738.0,-57556937294742.0,NEGATIVO,33807 REALIZA AMPLIA RECORRIDA. NEGATIVO SOSPECHOSOS. NADIE ENTREVISTA __,-38.032387401738,-57.556937294742,2026,7,July,22,20,2,Miércoles,False,Noche (18-24),[],,OTRA / NO ESPECIFICADA,ARMA_FUEGO
2026-07-23 02:54:00,10016417857,OTRO,VIOLENCIA,POR RAZONES DE GENERO,LLAMANTE REFIERE QUE UN AMIGO ESTA VIOLENTO Y NO LE QUIERE DEVOLVER SUS COSAS__NO ESTA HERIDA__ESTA ARMADO CON UN ARMA DE FUEGO__SE LE ENVIA SMS PARA LOCALIZACION Y CORTA LA LLAMDA [Id.Remoto: 10016417857],GENERAL PUEYRREDON,INDEFINIDA,,,Telefonía Fija/Móvil,0,,,2026,7,July,23,2,3,Jueves,False,Madrugada (00-06),[],,OTRA / NO ESPECIFICADA,ARMA_FUEGO
2026-07-23 23:17:00,10016420206,RAWSON al 10790,VIOLENCIA,NO FAMILIAR,HAY UNA VECINA EN UN LOTE  ELLA VIVE EN LA PARTE DELANTERA DEL MISMO Y COMPARTE CON OTRA FAMILIA QUE  LOS MOLESTA CON LA MIUSICA COTINUEAMETE __ ES UNA PERSONA QUE ESTA ARMADA AGRESIVA __ HACE UN RATO ESTABA A LOS TIRO __LOS MOVILES PASAN DE LARGO POR QUE CUANDO LA DENUNCIAN Y VE QUE EL MOVIL SE ACERCA APAGA TODO Y CIANDO EL MOVIL SE RETIRA COMIENZA CON LA MUSICA FUERTE Y A LAS DETONACIONES DE ARMA DE FUEGO __,GENERAL PUEYRREDON,MAR DEL PLATA,-379658312805.0,-576356732676.0,NEGATIVO,"INF MOV 30151 REFIERE NEGATIVO LOS SUJETOS APORTADOS EN CARTA DE LLAMADO, NADIE ENTREVISTA CON EL MOVIL POLICIAL. PANORAMA NORMAL, NEGATIVO DISTURBIOS O CONFRONTACION EN EL LUGAR",-37.9658312805,-57.6356732676,2026,7,July,23,23,3,Jueves,False,Noche (18-24),[],,OTRA / NO ESPECIFICADA,ARMA_FUEGO
2026-07-24 03:47:00,10016420794,SICILIA al 4546,DISPAROS,DISPAROS,"LLAMANTE REFIERE QUE UN MASCULINO EN UNA MOTO ROJA, ESTA EFECTUANDO DISPAROS CON UN  ARMA DE FUEGO HAY UNA  MUJER ATRAS SE LLAMA  BELEN SOSA, DISPARAN  PARA LAS CASAS, NO HAY HERIDOS ",GENERAL PUEYRREDON,MAR DEL PLATA,-38049070521469.0,-57574583033156.0,NEGATIVO,INF MOV QUE AL ARRIBO PANORAMA NORMAL - NADIE ENTREVISTA - ,-38.049070521469,-57.574583033156,2026,7,July,24,3,4,Viernes,False,Madrugada (00-06),[],,OTRA / NO ESPECIFICADA,ARMA_FUEGO
2026-07-24 09:02:00,10016421146,BORDABEHERE al 2432,HALLAZGO,OBJETO DUDOSO / PELIGROSO,REFIERE QUE ENCONTRO UN ARMA DE FUEGO EN LA CASA LINDERA A LO DE SU MADRE. NO SABE A QUIEN PERTENECE.-,GENERAL PUEYRREDON,MAR DEL PLATA,-37985635634208.0,-5759101652463.0,POSITIVO,"MOVIL 30884 INF ENTREVISTA SRA GOMEZ NATALI A, POSITIVO ARMA DE FUEGO EN EL LUGAR, REVOLVER 32 LARGO MARCA ITALO SIN NUMERACION, SE REALIA EL SECUESTRO DE LA MISMA ANTE TESTIGO HABIL Y SE TRASLADA A DEPENDENCIA ",-37.985635634208,-57.59101652463,2026,7,July,24,9,4,Viernes,False,Mañana (06-12),[],,OTRA / NO ESPECIFICADA,ARMA_FUEGO
2026-07-24 23:37:00,10016423264,VULCAN al 3240,VIOLENCIA,POR RAZONES DE GENERO,"LLAMANTE REFIERE QUE SU PAREJA ESTA AGRESIVO, ESTA CON UN ARMA DE FUEGO, NO ESTA HERIDA. HAY DOS MENORES EN LA CASA.- ",GENERAL PUEYRREDON,MAR DEL PLATA,-37945007674634.0,-5754494346105.0,NEGATIVO,27752 INF ENTREVISTADA COLE EVANGELINA NEGATIVO ELLA NO LLAMO ,-37.945007674634,-57.54494346105,2026,7,July,24,23,4,Viernes,False,Noche (18-24),[],,OTRA / NO ESPECIFICADA,ARMA_FUEGO
2026-07-25 18:10:00,10016425837,PRIMERA JUNTA y Martiniano Chilabert,ROBO AUTOMOTOR,VEHÍCULOS,"CONDUCTOR DE APLÑICACION LLAMA POR QUE 3 MASCULINOS LE ACABAN DE ROBAR EL AUTO, SE TRATA DE UN GOL TREND COLOR NEGRO, DOMINIO KTU 416. FUGAN POR PEÑA.  MUNIDOS DE ARMA DE FUEGO. SE TRATARIA DE  MENORES DE EDAD  CON GORRAS. ESPERARECURSO. NO ESTA HERIDO__ [Id.Remoto: 10016425837]",GENERAL PUEYRREDON,MAR DEL PLATA,-379857939985.0,-576138669992.0,0,0,-37.9857939985,-57.6138669992,2026,7,July,25,18,5,Sábado,True,Noche (18-24),[],,OTRA / NO ESPECIFICADA,ARMA_FUEGO
2026-07-25 18:44:00,10016425924,STROBEL y Dante Alighieri,ROBO,VÍA PÚBLICA,DOS ENCAPUCHADOS EN MOTO MERODEAN TRATARON DE ABORDAR A UNAFEMENINA.  FUGAN E INGRESAN AL SECTOR DE  LAS TORRES.  MUNIDOS DE ARMA DE FUEGO. MERODEAN CON LAS LUCES APAGADAS. ESCUCHA AHORA HACEN EXPLOSIONES CON EL ESCAPE.   ,GENERAL PUEYRREDON,,-379496129985.0,-576027999992.0,NEGATIVO,PERSONAL INFORMA RECORRIDA POR LA ZONA PANORAMA NORMAL NADIE ENTREVISTA MOVIL CONTINUA EN RECORRIDA PREVENTIVA DE SURGIR ALGUNA NOVEDAD AMPLIARA ,-37.9496129985,-57.6027999992,2026,7,July,25,18,5,Sábado,True,Noche (18-24),[],,OTRA / NO ESPECIFICADA,ARMA_FUEGO
2026-07-25 20:39:00,10016426230,DR GUILLERMO BOSCH MAYOL  CABO CORRIENTES al 1378,VIOLENCIA,NO FAMILIAR,"LLAMANTE REFIERE QUE LLEGO A SU CASA PORQUE SU HERMANO LE DIO AVISO QUE CUATRO MASCULINOS INGRESARON A ROBAR A LA VIVIENDA. SU HERMANO ESTABA EN EL INTERIOR. SE LLEVARON VARIAS PERTENENCIAS. ENTRE ELLAS UN TELEFONO CELULAR I PHONE POR EL CUAL LLAMANTE ESTA CERCA DE LA UBICACION DE DONDE ESTARIA EL CELULAR. ADEMÁS, INFORMA QUE SE LLEVARON TELEVISORES Y UN ARMA DE FUEGO CALIBRE 9 MM QUE ES DE PERTENECIA DE LA FAMILIA. LA CASA ESTA UBICADA EN LA CALLE  443 ENTRE 16 Y  18  A MITAD DE CUADRA. ",GENERAL PUEYRREDON,MAR DEL PLATA,-380933.0,-575912.0,POSITIVO,"MVIL ENTREVISTA CON EL SR MARTI, REFIERE QUE 3 SUJETOS INGRESAN A SU DOMICILIO Y SUSTRAEN PERTENENCIAS, NO HAY HERIDOS, ENTRE LAS PERTENENCIAS SE LLEVAN UN ARMA DE FUEGO MARCA TAURUS CON NUMERO DE SERIE TMC20962, LA CUAL ES DE PORTACION CIVIL.",-38.0933,-57.5912,2026,7,July,25,20,5,Sábado,True,Noche (18-24),[],,OTRA / NO ESPECIFICADA,ARMA_FUEGO
2026-07-25 20:43:00,10016426241,.,VIOLENCIA,NO FAMILIAR,LLAMANTE REFIERE QUE EL ENCARGADO DE UN BAR LO AMENAZA CON UN ARMA DE FUEGO __NO APORTA HERIDOS __DESCONOCE MAS DATOS ,GENERAL PUEYRREDON,,,,Telefonía Fija/Móvil,0,,,2026,7,July,25,20,5,Sábado,True,Noche (18-24),[],,OTRA / NO ESPECIFICADA,ARMA_FUEGO
2026-07-26 09:05:00,10016428074,PAULA ALBARRACIN y Quintana,DISPAROS,PERSONAS,"LLAMANTE COMUNICA QUE ESCUCHA DISPAROS DE ARMA DE FUEGO, __REFEIRE QUE SE ESTAN ENFRENTANDO ENTRE VARIAS PERSONAS, ESCUCHA GRITOS Y GOLPES DE MUJERES Y HOMBRES",GENERAL PUEYRREDON,,-379919869985.0,-576059899992.0,V ACC-MC,0,-37.9919869985,-57.6059899992,2026,7,July,26,9,6,Domingo,True,Mañana (06-12),[],,OTRA / NO ESPECIFICADA,ARMA_FUEGO
2026-07-27 02:18:00,10016430452,LAS DALIAS y Anchorena,INTEGRIDAD A LA VIDA,AMENAZA DE MUERTE,LLAMANTE REFIERE QUE HAY UN MASCULINO QUE LO QUIERE MATAR. ES UN VECINO. TIENE UIN ARMA DE FUEGO. NO HAY HERIDOS. ,GENERAL PUEYRREDON,MAR DEL PLATA,-379372109984.0,-575605969992.0,NEGATIVO,27752 INF NEGATIVO LO APORTADO NADIE ENTREVISTA NORMAL EN VIA PUBLICA SIRENA BALIZA TIEMPO PRUDENCIAL EN EL LUGAR ,-37.9372109984,-57.5605969992,2026,7,July,27,2,0,Lunes,False,Madrugada (00-06),[],,OTRA / NO ESPECIFICADA,ARMA_FUEGO
2026-07-27 16:34:00,10016431823,FELIPE DE ARANA al 5428,VIOLENCIA,FAMILIAR,"LLAMANTE REFIERE QUE EN EL LUGAR HAY GENTE CONFRONTANDO, TIENEN ARMAS DE FUEGO , CUCHILLO __SON ALREDEDOR DE 20 PERSONAS, HAY UN HERIDO DE ARMA DE FUEGO__NO APORTA MAS DATOS",GENERAL PUEYRREDON,MAR DEL PLATA,-3794420456431.0,-57544661800216.0,V ACC-MC,0,-37.94420456431,-57.544661800216,2026,7,July,27,16,0,Lunes,False,Tarde (12-18),[],,OTRA / NO ESPECIFICADA,ARMA_FUEGO
2026-07-27 18:35:00,10016432120,FRANCISCO BELTRAMI y Sabino Arana Y Goiri,ROBO,VÍA PÚBLICA,EN PROCESO ____LLAMANTE REFIERE QUE SE DETUVIERON DOS MASCULINOS EN UN 150 CC CON UN ARMA DE FUEGO IBAN A ROBAR __DESCONOCE MAS DATOS ,GENERAL PUEYRREDON,MAR DEL PLATA,-380543269984.0,-575553059992.0,NEGATIVO,"EN EL LUGAR NEGATIVO MOTOVEHICULO, NADIE ENTREVISTA , MOVIL CONTINUA RECORRIDA ",-38.0543269984,-57.5553059992,2026,7,July,27,18,0,Lunes,False,Noche (18-24),[],,OTRA / NO ESPECIFICADA,ARMA_FUEGO
2026-07-27 20:35:00,10016432445,AV VERTIZ y Rep De Cuba,DISPAROS,DISPAROS,"LLAMANTE REFIERE QUE EN EL LUGAR ESTA UN MASCULINO ROMPIENDO UNA HELADERA, EL LLAMNTE LE DIJO QUE NO HAGA ESO Y EFECTUO DISPARO DE ARMA DE FUEGO, LLAMANTE NO ESTA HERIDO, EL MASCULINO VISTE DE NEGRO",GENERAL PUEYRREDON,MAR DEL PLATA,-380193249985.0,-575914209992.0,NEGATIVO,INF MOV QUE AL ARRIBO PANORAMA NORMAL - NADIE ENTREVISTA - ,-38.0193249985,-57.5914209992,2026,7,July,27,20,0,Lunes,False,Noche (18-24),[],,OTRA / NO ESPECIFICADA,ARMA_FUEGO
2026-07-28 04:13:00,10016433239,AV COLON y Arenales,SOSPECHOSOS,PERSONA EXTRAÑA,"LLAMANTE REFIERE QUE VIO UN HOMBRE ARMADO, CON ARMA DE FUEGO. ESTABA EN ACTITUD SOSPECHOSA, CON CONNJUNTO DE DEPORTIVO AZUL CON RAYAS BLANCAS A LOS COSTADAS, ESTA DENTRO DE LA PLAZA COLON",GENERAL PUEYRREDON,MAR DEL PLATA,-380070049984.0,-575431739992.0,NEGATIVO,34834 33926 RECORRIDA NEG EL MASCULINO,-38.0070049984,-57.5431739992,2026,7,July,28,4,1,Martes,False,Madrugada (00-06),[],,OTRA / NO ESPECIFICADA,ARMA_FUEGO
2026-07-28 10:11:00,10016433576,CALLE 4 y Calle 5,INTEGRIDAD A LA VIDA,AMENAZA DE MUERTE,LLAMANTE REFIERE QUE  EL HERMANO DE UNA VECINA LOS AMENAZO DE MUERTE  Y LE DIJO QUE LES IVA A EFECTUAR DISPAROS CON ARMA DE FUEGO ,GENERAL PUEYRREDON,CHAPADMALAL,-382275499987.0,-577343299993.0,POSITIVO,"30438 ENTREVISTA CN CANTINO JOANA , SE LE INDICAN PASOS A SEGUIR.",-38.2275499987,-57.7343299993,2026,7,July,28,10,1,Martes,False,Mañana (06-12),[],,OTRA / NO ESPECIFICADA,ARMA_FUEGO
2026-07-28 17:02:00,10016434563,FRANCIA al 3244,ROBO,VÍA PÚBLICA,"LO QUISERON ROBAR ERA 2 PERSONAS UNA DE ELLAS  PARECIA UNA FEMENINA Y UN MASCULINO, AMBOS  CON ARMA DE FUEGO CON LA CARA TAPADA POR UN CASCO NEGRO Y ROPA NEGRA AMBOS,  ESTABAN EN  1 MOTO XR 150 CC NEGRA Y ELLOS SE FUERON CON LA MOTO EN CONTRAMANO POR DON BOSCO Y TOMARON  PEÑA  O ROCA NO ESTA SEGURO CUAL CALLE ERA , SE IBAN POR ESA CALLE EN CONTRAMANO HACIA  LA COSTA ",GENERAL PUEYRREDON,MAR DEL PLATA,-380001.0,-57.58,NEGATIVO,MOVIL INFORMA EN EL NUMERLA NADIE ENTREVISTA,-38.0001,,2026,7,July,28,17,1,Martes,False,Tarde (12-18),[],,OTRA / NO ESPECIFICADA,ARMA_FUEGO
2026-07-29 15:53:00,10016437049,EDUARDO CARASA al 1700,ROBO,VÍA PÚBLICA,"__LLAMANTE REFIERE QUE QUISIERON ROBARLE SU BICICLETA , LE APUNTARON EL ARMA DE FUEGO .   __ VESTIA TODO DE NEGRO ENCAPUCHADO , DE 1.70 RAPADO , ESTABA ARMADO CON ARMA DE FUEGO  EN LA CINTURA __ INTENTO ROBARLE EL BICICLO EN CARAZA AL 1700 Y SABE QUE EL MASCULINO VIVE EN CARAZA AL 6000 CASA DE ESQUINA , COMO LO CONBOCIO NO LE ROBO VA ARMADO ",GENERAL PUEYRREDON,,,,NEGATIVO,"NUMERAL INEXISTENTE , EN RECORRIDA NADIE ENTREVISTA ",,,2026,7,July,29,15,2,Miércoles,False,Tarde (12-18),[],,OTRA / NO ESPECIFICADA,ARMA_FUEGO
2026-07-30 03:31:00,10016438562,AV VERTIZ al 12128,VIOLENCIA,NO FAMILIAR,"LLAMANTE REFIERE QUE YA LLAMO ANTES, Y NO FUE NINGUN MOVIL, PORQUE UN HOMBRE LO ESTA AMENAZANDO CON DISPARARLE A LA CASA, ERA UN HOMBRE EN MOTO, NO SABE PATENTE , ES UNA YAMAHA AZUL 250 CC , CREE QUE ESTABA ARMADO, CON ARMA DE FUEGO",GENERAL PUEYRREDON,MAR DEL PLATA,-379896.0,-576307.0,NEGATIVO,"MOVIL INFORMA QUE EN LA AMPLIA RECORRIDA EL PANORAMA ES NORMAL, NADIE ENTREVISTA CON EL PERSONAL POLICIAL, MISMO SIGUE EN RECORRIDA.",-37.9896,-57.6307,2026,7,July,30,3,3,Jueves,False,Madrugada (00-06),[],,YAMAHA,ARMA_FUEGO
2026-07-31 16:26:00,10016442683,SAN JUAN al 2789,ROBO AUTOMOTOR,MOTOS,REFIERE  DOS MASC  20/25 AÑOS EN UNA MOTO HOMDA TIPO  TORNADO EN DURO __ARMADOS CON ARMA DE FUEGO LE ROBARON SU MOTO XR 150 ROJO CON NEGRO  PATENTE A268CVB __FUGAN POR SAN JUAN EN DIRECCION A LA COLON __NO HAY HERIDOS [Id.Remoto: 10016442683],GENERAL PUEYRREDON,MAR DEL PLATA,-38000045379263.0,-57570146899259.0,Telefonía Fija/Móvil,0,-38.000045379263,-57.570146899259,2026,7,July,31,16,4,Viernes,False,Tarde (12-18),['A268CVB'],A268CVB,OTRA / NO ESPECIFICADA,ARMA_FUEGO
2026-08-01 02:50:00,10016444383,AV FORTUNATO DE LA PLAZA y Cnel Vidal,DISPAROS,DISPAROS,"LLAMANTE REFIERE QUE SE COMUNICA POR SEGUNDA VEZ, INGRESARON DENTRO DE LA CANCHA A CONFRONTAR, SON VARIOS PERO NO RESPONDE CUANTOS, HAY MASCULINOS Y FEMENINAS, SE ESCUCHARON DETONACIONES DE ARMA DE FUEGO, NO SABE SI HAY HERIDOS.-",GENERAL PUEYRREDON,MAR DEL PLATA,-380279409985.0,-575938759992.0,NEGATIVO,"MOVIL INFORMA QUE EN LA AMPLIA RECORRIDA EL PANORAMA ES NORMAL, NADIE ENTREVISTA CON EL PERSONAL POLICIAL, MISMO SIGUE EN RECORRIDA.__ ",-38.0279409985,-57.5938759992,2026,8,August,1,2,5,Sábado,True,Madrugada (00-06),[],,OTRA / NO ESPECIFICADA,ARMA_FUEGO
2026-08-01 12:47:00,10016445403,AV JACINTO PERALTA RAMOS y Av Vertiz,ROBO,VÍA PÚBLICA,"REFIERE QUE HAY UN CHICO ESCONDIDO QUE CORRE LAS BICICLETAS, CON UN ARMA DE FUEGO, COMO PARA ROBARLES__ESTA TAPADO ENCAPUCHADO, GORRA, ROPA DE GIMNASIA TIPO DE ALVARADO ",GENERAL PUEYRREDON,MAR DEL PLATA,-380271399985.0,-575810879992.0,NEGATIVO,MOVIL 30532 INF AMPLIA RECORRIDA POR LA ZONA NEGATIVO MASCULINO CON DESCRIPCIONES APORTDAS ,-38.0271399985,-57.5810879992,2026,8,August,1,12,5,Sábado,True,Tarde (12-18),[],,OTRA / NO ESPECIFICADA,ARMA_FUEGO
2026-08-01 13:35:00,10016445492,CALLE 40 al 2015,DISPAROS,PERSONAS,"LLAMANTE COMUNICA QUE HUBO UNA DISCUCION FAMILIAR,, EL CUÑADO LE PRODIJJO DISPAROS DE ARMA DE FUEGO NO HAY HERIDOS, SE FUE EL CUÑADO",GENERAL PUEYRREDON,MAR DEL PLATA,-38092817186616.0,-57607568748833.0,JTv,0,-38.092817186616,-57.607568748833,2026,8,August,1,13,5,Sábado,True,Tarde (12-18),[],,OTRA / NO ESPECIFICADA,ARMA_FUEGO
2026-08-01 13:48:00,10016445525,AV LIBERTAD al 7769,DISPAROS,PERSONAS,REFIERE 3 MASC INGRESARON  A ROBAR AL COMERCIO __IGNORA EN QUE DIRECCION FUGAN  __MASC 60 AÑOS HERIDO DE ARMA DE FUEGO __,GENERAL PUEYRREDON,,-379672519985.0,-575946169992.0,JTv,0,-37.9672519985,-57.5946169992,2026,8,August,1,13,5,Sábado,True,Tarde (12-18),[],,OTRA / NO ESPECIFICADA,ARMA_FUEGO
2026-08-01 20:05:00,10016446596,MOISES LEBENSOHN al 4367,ROBO AUTOMOTOR,MOTOS,"LLAMANTE DCE QUE DOS MASCULINOS EN MOTO GRANDE ESTAN ARMADOS CON ARMA DE FUEGO ASALTARON A SU HERMANO EN LA PUERTA DE LA CASA LE SUSTRAJEERON MOTO MONDIAL COLOR NEGRO, NO HAY HERIDOS  ",GENERAL PUEYRREDON,MAR DEL PLATA,-38047526169221.0,-57569770965396.0,Telefonía Fija/Móvil,0,-38.047526169221,-57.569770965396,2026,8,August,1,20,5,Sábado,True,Noche (18-24),[],,MONDIAL,ARMA_FUEGO
2026-08-01 22:09:00,10016446971,SICILIA al 8737,VIOLENCIA,FAMILIAR,"LLAMANTE REFIERE QUE LA MADRE DE SU HIJA LE CLAVÓ UN CUCHILLO ENLA PERA Y LE LASTIMÓ EL LABIO - YA TIENE LA DENUNCIA __PERO REGRESA AL LUGAR, TIENE RESTRICCIÓN DE ACERCARMIETO - NO LE VIO ARMA DE FUEGO - LLAMANTE NECESITA AMBULANCIA ",GENERAL PUEYRREDON,MAR DEL PLATA,-38021106088211.0,-57611637291205.0,POSITIVO,0,-38.021106088211,-57.611637291205,2026,8,August,1,22,5,Sábado,True,Noche (18-24),[],,OTRA / NO ESPECIFICADA,ARMA_FUEGO
2026-08-02 01:35:00,10016447633,AV COLON y 20 De Septiembre,VIOLENCIA,INFANTIL,"REFIERE QUE INGRESO UN HERIDO DE BALA.  ES UN MENOR DE 8 AÑOS QUE LLEGA ACOMPAÑADO DE LA FAMILIA. OCURRIO UN DISPARO, NO ES UN IMPACTO DIRECTO, SINO EN UNA PARED Y SE DESPRENDE UN TROZO DE PARED Y ESO LASTIMA AL MENOR EN LA OREJA. NO HAY ORIFICIO DE ENTRADA NI SALIDA DE BALA. SE TRATO DE UN ADULTO, FAMILIAR DEL MENOR QUE ESTABA MANIPULANDO UN ARMA DE FUEGO SE PRODUJO EL DISPARO. EL MENOR ESTA FUERA DE PELIGRO. ",GENERAL PUEYRREDON,MAR DEL PLATA,-379983381616.0,-575603001515.0,JTv,0,-37.9983381616,-57.5603001515,2026,8,August,2,1,6,Domingo,True,Madrugada (00-06),[],,OTRA / NO ESPECIFICADA,ARMA_FUEGO
2026-08-02 05:11:00,10016448289,AV JUAN B JUSTO al 6923,VIOLENCIA,NO FAMILIAR,LLTE REF QUE HAY UNA PELEA GRANDE EN LA CUADRA__UNO ESTÁ CON ARMA DE FUEGO APARENTEMENTE.-,GENERAL PUEYRREDON,MAR DEL PLATA,-37994293355084.0,-5760385719065.0,NEGATIVO,30350 INF NEGATIVO LO APORTADO NADIE ENTREVISTA NORMAL EN VIA PUBLICA AMPLIA RECORRIDA,-37.994293355084,-57.60385719065,2026,8,August,2,5,6,Domingo,True,Madrugada (00-06),[],,OTRA / NO ESPECIFICADA,ARMA_FUEGO
2026-08-02 09:38:00,10016448777,AV PEDRO LURO y Dr Ramon Carrillo,DISPAROS,PERSONAS,"REFIERE  OBSERVA 3 MOTOS 150   ESCUCHO DISPAROS, HAY UN MASC  25/30 AÑOS CAMPERON TURQUESA LARGO ADIDAS  HERIDO DE ARMA DE FUEGO .-  __SE ESTAN YENDO LAS 3 MOTOS POR CIUDAD DE ROSARIO EN DIRECCION A COLON .-  EN LA MOTO DEL HERIDO  VAN  DOS PERSONAS ",GENERAL PUEYRREDON,,-379579240913.0,-576266082591.0,JTv,0,-37.9579240913,-57.6266082591,2026,8,August,2,9,6,Domingo,True,Mañana (06-12),[],,OTRA / NO ESPECIFICADA,ARMA_FUEGO
2026-08-02 13:22:00,10016449202,FEDERICO RAUCH al 1005,DISPAROS,DISPAROS,"REFIERE QUE HAY UNA PERSONA QUE PRODUCE  DISPAROS  DE ARMA DE FUEGO HACIA EL AIRE, ",GENERAL PUEYRREDON,MAR DEL PLATA,-37966255922875.0,-57596620974791.0,NEGATIVO,"EN RECORIDA NEG DISPAROS , NADIE ENTREVISTA , EN LA ZONA NORMAL",-37.966255922875,-57.596620974791,2026,8,August,2,13,6,Domingo,True,Tarde (12-18),[],,OTRA / NO ESPECIFICADA,ARMA_FUEGO
2026-08-02 13:54:00,10016449278,FEDERICO RAUCH al 1005,DISPAROS,DISPAROS,REFIERE  QUE HAY UNA PERSONA QUE REALIZA DISPAROS DE ARMA DE FUEGO HACIA EL AIRE. __,GENERAL PUEYRREDON,MAR DEL PLATA,-37966255922875.0,-57596620974791.0,NEGATIVO,PERSONAL INFORMA SE ENTREVISTA CON EL SR DIEGO ARMANDO DIAZ MASCULINO 40 AÑOS AL ARRIBO DEL MOVIL NORMAL EL MASCULINO ESTA TIRANDO PIROTRECNIA,-37.966255922875,-57.596620974791,2026,8,August,2,13,6,Domingo,True,Tarde (12-18),[],,OTRA / NO ESPECIFICADA,ARMA_FUEGO
2026-08-02 16:42:00,10016449688,REP ARABE SIRIA al 2773,INTEGRIDAD A LA VIDA,AMENAZA DE MUERTE,LLAMANTE REFIERE QUE TIENE UN PROBLEMA CON SU VECINO EL MISMO ESTA  AMENAZANDOLA CON ARMA DE FUEGO EN SU COMERCIO.  ,GENERAL PUEYRREDON,MAR DEL PLATA,-37974013499796.0,-576211669997.0,POSITIVO,"30174 ENTREVISTA CON LA SRA CARRIÑO VERONICA DE 38 AÑOS, PELEA DE VIEJA DATA CON SU VECINO DE ENFRENTE, SR CHAVEZ FRANCO SE DIRIJIA A RADICAR. ",-37.974013499796,-57.6211669997,2026,8,August,2,16,6,Domingo,True,Tarde (12-18),[],,OTRA / NO ESPECIFICADA,ARMA_FUEGO
2026-08-02 21:48:00,10016450416,RICARDO PALMA al 2583,DROGAS ILÍCITAS,VENTA/ELABORACIÓN,"LLAMANTE REFIERE QUE EN EL LUGAR EL SR CHRISTITAN COCO FLACHE VENDE DROGAS, VENDE MARIHUANA, COCAINA, EXTASIS__TIENE ARMA DE FUEGO Y ARMA BLANCA, ANDA EN UNA BICICLETA GRIS O BLANCA, HACE DELIVERY, VENDE TODOS LOS DIAS 24 HS____EN FALKNER 7742, VENDE EL SR WALTER OCHOA, TIENE ARMA DE FUEGO Y ARMA BLANCA, VENDE COCAINA MARIHUANA Y EXTASIS, VENDE  DE LUNES A VIERNES LAS 24HS, TIENE UN FORD FIESTA ROJO CON EL QUE HACE DELIVERY____LA COCAINA LA PROVEEN DE SANTA CRUZ Y 190, VENDEN EN VIA PUBLICA, VENDE COPELLO",GENERAL PUEYRREDON,MAR DEL PLATA,-37949910410907.0,-57549523443967.0,VSup,0,-37.949910410907,-57.549523443967,2026,8,August,2,21,6,Domingo,True,Noche (18-24),[],,FORD,ARMA_FUEGO
2026-08-03 10:30:00,10016451750,PEDRO VALDEZ al 268,ROBO,COMERCIO,LLAMANTE REFIERE QUE CUATRO O CINCO DELINCUENTES LE ROBARON EN SU NEGOCIO EN UN AUTO FIAT BLANCO PATENTE AG009LQ. SALIERON PARA MAR DEL PLATA. ESTABAN CON ARMA DE FUEGO. LE ROBARON SU CELULAR QUE TIENE GPS.,GENERAL PUEYRREDON,SIERRA DE LOS PADRES,-379289.0,-576827.0,POSITIVO,MOVIL 30889 INF ENTREVISTA SR DIMATEO  REFIERE QUE CUATRO DELINCUENTES LE ROBARON EN SU NEGOCIO EN UN AUTO FIAT BLANCO PATENTE AG009LQ. SALIERON PARA MAR DEL PLATA. ESTABAN CON ARMA DE FUEGO. LE ROBARON SU CELULAR QUE TIENE GPS.,-37.9289,-57.6827,2026,8,August,3,10,0,Lunes,False,Mañana (06-12),['AG009LQ'],AG009LQ,FIAT,ARMA_FUEGO
2026-08-03 12:54:00,10016452084,GUTEMBERG al 6598,DISPAROS,DISPAROS,"REFIERE QUE A LA VECINA LE ESTA PEGANDO EL MARIDO, QUE ESCUCHA LOS GRITOS __NO SABE SI ESTA HERIDA __ESTA ARMADO, TIENE UNA ARMA DE FUEGO, QUE HACE UN RATO EFECTUO UN DISPARO  ",GENERAL PUEYRREDON,MAR DEL PLATA,-38036718314345.0,-57594397298565.0,NEGATIVO,"MOVIL 30174 INF ENTREVISTA SR PONCE Y SR RAMIREZ NEGATIVO DETONACIONES EN ELLUGAR, MANIFIESTAN CONFLICTO DE VIEJA DATA CON UN VECINO, AL ARRIBO NEGATIVO VIOLENCIA EN EL LUGAR LAS PERONS EN BUEN ESTADO DE SALUD SIN LESIONES VISIBLES",-38.036718314345,-57.594397298565,2026,8,August,3,12,0,Lunes,False,Tarde (12-18),[],,OTRA / NO ESPECIFICADA,ARMA_FUEGO
2026-08-03 22:32:00,57032556,EDUARDO CARASA al 8986,VIOLENCIA,POR RAZONES DE GENERO,"OPERADORA DEL 144 REFIERE QUE VALENTINA VILLALBA  TELEFONO 2236206244, ESTABA EN CASA DEL NOVIO Y SE COMUNICO POR WHATSAPP  DICIENDO *ME QUIRE MATAR* TIENE  ARMA DE FUEGO Y NO LA DEJA SALIR, NO HAY HERIDOS, NO HAY MENORES. __OPERADORA REFIERE QUE CON ANTERIORIDA LA ATENDIO EL OPERADOR 3874, QUIERE SABER SI LA VICTIMA RECIBIO LA AYUDA YA QUE PERDIO EL CONTACTO POR WHATSAPP __ [Id.Remoto: 57032556]",GENERAL PUEYRREDON,MAR DEL PLATA,-3801507414483.0,-57608488305531.0,Analizado por ACC-MC,0,-38.01507414483,-57.608488305531,2026,8,August,3,22,0,Lunes,False,Noche (18-24),[],,OTRA / NO ESPECIFICADA,ARMA_FUEGO
2026-08-05 14:39:00,10016458009,AV POLONIA al 1774,VIOLENCIA,NO FAMILIAR,"LLAMANTE COMUNICA QUE LE VENDIERON UN TERRENO Y AHORA LA ESTAN SACANDO, LE PEGARON ,  ESTAN CON CUCHILLOS Y ARMA DE FUEGO, LLAMANTE SOLA CON UNA MENOR, NO NECESITA AMBULANCIA ",GENERAL PUEYRREDON,MAR DEL PLATA,-380191759985.0,-576018789992.0,POSITIVO,0,-38.0191759985,-57.6018789992,2026,8,August,5,14,2,Miércoles,False,Tarde (12-18),[],,OTRA / NO ESPECIFICADA,ARMA_FUEGO
2026-08-05 20:45:00,10016459070,ALBERTI al 7805,VIOLENCIA,FAMILIAR,CONFLICTO CON LOS HIJOS  SE PELEARON EL AMS GRANDE CON EL MAS  CHICO__EL HIJO MAYOR TIENE PEDIDO DE DETENCION ESTA ARMADO CON ARMA DE FUEGO  CALIBRE 40  ESTA AGRESIVO __EL PERSONAL PUEDE INGRESAR DIRECTAMENTE ELPORTON ESTA ABIERTO MENCIONA ,GENERAL PUEYRREDON,MAR DEL PLATA,-37980204533.0,-576051278326.0,NEGATIVO,0,-37.980204533,-57.6051278326,2026,8,August,5,20,2,Miércoles,False,Noche (18-24),[],,OTRA / NO ESPECIFICADA,ARMA_FUEGO
2026-08-05 22:47:00,10016459416,JUANA MANSO al 3061,DISPAROS,DISPAROS,"LLAMANTE REFIERE QUE HAY 2 MASCULINOS ENCPAUCHADOS DE NEGRO ARMADOS CON ARMA DE FUEGO, ESTAN CORRIENDO POR LA CALLE Y EFECTUARON AL MENOS 4 DETONACIONES. SALIERON PARA MARIO BRAVO Y REGRESARON POR JUAN A MANSO HACIA LORCA. VAN Y REGRESAN POR EL LUGAR. NO SABE SI HAY HERIDOS. ESTAN CORRIENDO A UN MASCULINO. ",GENERAL PUEYRREDON,MAR DEL PLATA,-380412.0,-575946.0,NEGATIVO,"DIRIGIO MOVIL 30584  REALIZA AMPLIA RECORRIDA POR LA ZONA NEGATIVO SOSPECHOSOS EN EL LUGAR NADIE ENTREVISTA, NEGATIOV DETONACIONES",-38.0412,-57.5946,2026,8,August,5,22,2,Miércoles,False,Noche (18-24),[],,OTRA / NO ESPECIFICADA,ARMA_FUEGO
