{
  "type": "FeatureCollection",
  "features": [
    {
      "type": "Feature",
      "properties": {
        "name": "íCíoímíiísíaíríííaí í1í1í",
        "code": "CRIA_íCíoímíiísíaíríííaí í1í1í",
        "color": "#6366f1",
        "gid": "8122"
      },
      "geometry": {
        "type": "MultiPolygon",
        "coordinates": [
          [
            [
              [
                -57.61635836810893,
                -38.00943039905976
              ],
              [
                -57.61718509157632,
                -38.00949921550898
              ],
              [
                -57.618528076632195,
                -38.00969276728214
              ],
              [
                -57.62007941692768,
                -38.00986530488582
              ],
              [
                -57.621298311672106,
                -38.01001340894299
              ],
              [
                -57.62319597661455,
                -38.0102292067476
              ],
              [
                -57.62436575524795,
                -38.01037070806335
              ],
              [
                -57.626473953262746,
                -38.01057517271577
              ],
              [
                -57.62922847457795,
                -38.01094985694368
              ],
              [
                -57.63106022794805,
                -38.01497885408041
              ],
              [
                -57.63727474731996,
                -38.014062795033766
              ],
              [
                -57.637685306342014,
                -38.01188163430481
              ],
              [
                -57.63578715206443,
                -38.011634548040625
              ],
              [
                -57.63624334991237,
                -38.00922057668372
              ],
              [
                -57.63742854656955,
                -38.00216224767544
              ],
              [
                -57.64002806960045,
                -38.00023665325088
              ],
              [
                -57.64535318431267,
                -37.99631888019694
              ],
              [
                -57.639825159725135,
                -37.9910974238193
              ],
              [
                -57.67031397654442,
                -37.96817155451943
              ],
              [
                -57.67319432837682,
                -37.97056057340582
              ],
              [
                -57.68721322456203,
                -37.959324773273245
              ],
              [
                -57.68566838283705,
                -37.9581060758368
              ],
              [
                -57.70011399225585,
                -37.94740159017295
              ],
              [
                -57.683666468379236,
                -37.933668825532266
              ],
              [
                -57.66209556981357,
                -37.950146780592036
              ],
              [
                -57.654505176879326,
                -37.95544402873782
              ],
              [
                -57.64507783540121,
                -37.96279794820777
              ],
              [
                -57.64082380204037,
                -37.966300231152466
              ],
              [
                -57.621659999991515,
                -37.98087499973558
              ],
              [
                -57.6147266880304,
                -37.98610011148267
              ],
              [
                -57.60814262675023,
                -37.9910967928535
              ],
              [
                -57.60719037266881,
                -37.99176365199233
              ],
              [
                -57.6063240897002,
                -37.99241914490839
              ],
              [
                -57.60547136788816,
                -37.99306435888887
              ],
              [
                -57.60452826517118,
                -37.993797982889895
              ],
              [
                -57.60364437469056,
                -37.994459164468466
              ],
              [
                -57.60279197988285,
                -37.995106479845774
              ],
              [
                -57.601932830668595,
                -37.99575430307954
              ],
              [
                -57.601106489890256,
                -37.996383700502896
              ],
              [
                -57.6002278583571,
                -37.99703684669711
              ],
              [
                -57.599361111207045,
                -37.99769007588413
              ],
              [
                -57.59849947609065,
                -37.998344408551155
              ],
              [
                -57.598132896573134,
                -37.998601447661706
              ],
              [
                -57.597962203550246,
                -37.998868580828535
              ],
              [
                -57.59789469588185,
                -37.99913130625869
              ],
              [
                -57.59792662561747,
                -37.99928989637315
              ],
              [
                -57.59798112506899,
                -37.99943239766593
              ],
              [
                -57.5981024895341,
                -37.999571466919996
              ],
              [
                -57.59812099999093,
                -38.0000179997353
              ],
              [
                -57.59853050699874,
                -38.00038547229077
              ],
              [
                -57.59885627514678,
                -38.00075144796292
              ],
              [
                -57.59958411532942,
                -38.00150251448956
              ],
              [
                -57.60045930350325,
                -38.0021473530263
              ],
              [
                -57.60143006523258,
                -38.00271059607747
              ],
              [
                -57.602412711897145,
                -38.00325969274919
              ],
              [
                -57.60341286093781,
                -38.00380463488205
              ],
              [
                -57.60440285542114,
                -38.0043493216249
              ],
              [
                -57.6054041065812,
                -38.00488929901577
              ],
              [
                -57.606416594792115,
                -38.00543072877829
              ],
              [
                -57.607412642493316,
                -38.00596700143991
              ],
              [
                -57.60842077523273,
                -38.00650119361277
              ],
              [
                -57.609417685014805,
                -38.007033698480996
              ],
              [
                -57.61136709785131,
                -38.00808938935359
              ],
              [
                -57.61246132365326,
                -38.00863490718994
              ],
              [
                -57.61328806317135,
                -38.00891287553256
              ],
              [
                -57.61393102128527,
                -38.009081210802876
              ],
              [
                -57.61495192021699,
                -38.00925062593883
              ],
              [
                -57.61635836810893,
                -38.00943039905976
              ]
            ]
          ]
        ]
      }
    },
    {
      "type": "Feature",
      "properties": {
        "name": "íCíoímíiísíaíríííaí í1í3í",
        "code": "CRIA_íCíoímíiísíaíríííaí í1í3í",
        "color": "#6366f1",
        "gid": "8109"
      },
      "geometry": {
        "type": "MultiPolygon",
        "coordinates": [
          [
            [
              [
                -57.60208504965467,
                -38.12636000185055
              ],
              [
                -57.60747093753782,
                -38.13103558220598
              ],
              [
                -57.61164402860333,
                -38.14284518209875
              ],
              [
                -57.617139868473444,
                -38.15022161243486
              ],
              [
                -57.64257710504512,
                -38.173779260067384
              ],
              [
                -57.657959667448935,
                -38.18369409712861
              ],
              [
                -57.65940868946316,
                -38.1853726138849
              ],
              [
                -57.66135863873757,
                -38.18839082112828
              ],
              [
                -57.66251977658132,
                -38.189550897165134
              ],
              [
                -57.6679449968074,
                -38.19335560610488
              ],
              [
                -57.67279899944377,
                -38.195102570593235
              ],
              [
                -57.6747212020072,
                -38.197581526500606
              ],
              [
                -57.6802738450585,
                -38.2017112744171
              ],
              [
                -57.68327346598106,
                -38.20275207292453
              ],
              [
                -57.6893168291837,
                -38.202834383961985
              ],
              [
                -57.70220629950723,
                -38.20936786454667
              ],
              [
                -57.70469484647035,
                -38.214642980056134
              ],
              [
                -57.70784329892389,
                -38.21721699360415
              ],
              [
                -57.717055988604656,
                -38.22146172819052
              ],
              [
                -57.71962305399423,
                -38.222265135858095
              ],
              [
                -57.725949938468304,
                -38.22353572361434
              ],
              [
                -57.73011245679791,
                -38.22817356133838
              ],
              [
                -57.73375859262373,
                -38.22941417517227
              ],
              [
                -57.73745092962494,
                -38.23037899543372
              ],
              [
                -57.741641214085156,
                -38.23074970948207
              ],
              [
                -57.743265706477914,
                -38.230733525577214
              ],
              [
                -57.74491804927677,
                -38.23046481906883
              ],
              [
                -57.75913265102331,
                -38.235161019575315
              ],
              [
                -57.761362243630224,
                -38.23627045586761
              ],
              [
                -57.763371006275456,
                -38.23757221965583
              ],
              [
                -57.76556786801379,
                -38.23879696225679
              ],
              [
                -57.770108636913136,
                -38.2402746767732
              ],
              [
                -57.77226925622731,
                -38.240756197007656
              ],
              [
                -57.77429277416119,
                -38.240910290204205
              ],
              [
                -57.77572458558689,
                -38.24119242653038
              ],
              [
                -57.77720064649919,
                -38.241835057058935
              ],
              [
                -57.777442261165604,
                -38.24141190311017
              ],
              [
                -57.77781949795251,
                -38.24030231632239
              ],
              [
                -57.77758695413352,
                -38.23970330214888
              ],
              [
                -57.77747312556357,
                -38.23914262635844
              ],
              [
                -57.77769035808306,
                -38.23876853836696
              ],
              [
                -57.77808771709474,
                -38.23829436683245
              ],
              [
                -57.77864952192757,
                -38.238039569610464
              ],
              [
                -57.778822307742935,
                -38.23780873457928
              ],
              [
                -57.77885173189676,
                -38.23759763135827
              ],
              [
                -57.778929564572486,
                -38.237482047324775
              ],
              [
                -57.77927367803615,
                -38.23725003784263
              ],
              [
                -57.779461192769084,
                -38.23709605141256
              ],
              [
                -57.77970436625398,
                -38.23698818343587
              ],
              [
                -57.779769801970154,
                -38.23690388402817
              ],
              [
                -57.77980380650713,
                -38.23672889932731
              ],
              [
                -57.779810168912036,
                -38.23634170230587
              ],
              [
                -57.77974384648045,
                -38.23608820488253
              ],
              [
                -57.7798221443215,
                -38.23577446516641
              ],
              [
                -57.77980254708397,
                -38.23567049864099
              ],
              [
                -57.779810498541764,
                -38.23559859346954
              ],
              [
                -57.77988220029521,
                -38.2354964007951
              ],
              [
                -57.78006844631037,
                -38.23538292220112
              ],
              [
                -57.78010146708916,
                -38.235239444354136
              ],
              [
                -57.78005418064251,
                -38.23510791756876
              ],
              [
                -57.779955960011485,
                -38.234961890038456
              ],
              [
                -57.779964238628054,
                -38.23469633083031
              ],
              [
                -57.7800939825098,
                -38.23456373951073
              ],
              [
                -57.780085516719424,
                -38.23446899672087
              ],
              [
                -57.780041972512876,
                -38.23440059484053
              ],
              [
                -57.77996769963608,
                -38.234219002710425
              ],
              [
                -57.78000670666499,
                -38.23406663370177
              ],
              [
                -57.78013906875506,
                -38.23403317523682
              ],
              [
                -57.7802707292693,
                -38.23402222164369
              ],
              [
                -57.780342569025926,
                -38.23391552758946
              ],
              [
                -57.78041525026207,
                -38.23378182744864
              ],
              [
                -57.78045720194354,
                -38.233534937118485
              ],
              [
                -57.78044457277566,
                -38.23339057243073
              ],
              [
                -57.78053881485643,
                -38.23329782455947
              ],
              [
                -57.78119388071013,
                -38.232298317610166
              ],
              [
                -57.78271017835698,
                -38.230673768105405
              ],
              [
                -57.783029871687624,
                -38.22920724963249
              ],
              [
                -57.78263495077436,
                -38.227771903035745
              ],
              [
                -57.78309843639582,
                -38.225353381313035
              ],
              [
                -57.78301021976433,
                -38.22121723743937
              ],
              [
                -57.783447992382484,
                -38.21760472085048
              ],
              [
                -57.783120140181765,
                -38.21566625562145
              ],
              [
                -57.78251344511,
                -38.21388451392707
              ],
              [
                -57.78293469544064,
                -38.210618463241666
              ],
              [
                -57.7828534832439,
                -38.20900904990407
              ],
              [
                -57.78237715635721,
                -38.20744151164536
              ],
              [
                -57.782347497140606,
                -38.20619339764441
              ],
              [
                -57.78268535378145,
                -38.2056458524822
              ],
              [
                -57.78318275290147,
                -38.20484496483242
              ],
              [
                -57.784251140754044,
                -38.20425767567865
              ],
              [
                -57.78451289999998,
                -38.203857599994
              ],
              [
                -57.78500221935626,
                -38.203638048485296
              ],
              [
                -57.78539796166042,
                -38.20341097254768
              ],
              [
                -57.7858118221658,
                -38.20288725414518
              ],
              [
                -57.78683763951601,
                -38.202145059814036
              ],
              [
                -57.7878363916783,
                -38.20145809277906
              ],
              [
                -57.786580754656285,
                -38.20024764022675
              ],
              [
                -57.77853062550256,
                -38.18476461232685
              ],
              [
                -57.77202875848031,
                -38.17271047080071
              ],
              [
                -57.75294312457948,
                -38.15873030612338
              ],
              [
                -57.752719672723266,
                -38.15851626427634
              ],
              [
                -57.75227305437791,
                -38.15841448098185
              ],
              [
                -57.74466338236178,
                -38.13400193271019
              ],
              [
                -57.743430801014625,
                -38.13187282955442
              ],
              [
                -57.741421880493846,
                -38.12881570331536
              ],
              [
                -57.73679143521482,
                -38.12194795234025
              ],
              [
                -57.728081483352156,
                -38.11566918966258
              ],
              [
                -57.72015339219405,
                -38.109916680650876
              ],
              [
                -57.702210407990925,
                -38.09702091836686
              ],
              [
                -57.70153385037037,
                -38.09670033089145
              ],
              [
                -57.647074402146224,
                -38.08643074721648
              ],
              [
                -57.62358265890729,
                -38.0669497234039
              ],
              [
                -57.61984026112656,
                -38.063879156256405
              ],
              [
                -57.60401018617131,
                -38.07580808752417
              ],
              [
                -57.60354491592905,
                -38.07609127187183
              ],
              [
                -57.59245564390389,
                -38.08444048476386
              ],
              [
                -57.59142989517982,
                -38.085216923404545
              ],
              [
                -57.59120268537125,
                -38.085433260680254
              ],
              [
                -57.5900486394127,
                -38.08633555560294
              ],
              [
                -57.58889686131627,
                -38.087201899264414
              ],
              [
                -57.58771109111325,
                -38.08809377801771
              ],
              [
                -57.58650944572616,
                -38.088997563088355
              ],
              [
                -57.58521777495822,
                -38.0899690198933
              ],
              [
                -57.58391860969846,
                -38.09094607310031
              ],
              [
                -57.581169147009156,
                -38.09299525576554
              ],
              [
                -57.57506506097597,
                -38.097549119528175
              ],
              [
                -57.57435345747378,
                -38.09808042155587
              ],
              [
                -57.57425604548344,
                -38.0981065462956
              ],
              [
                -57.57382673886966,
                -38.09765625783547
              ],
              [
                -57.573041820714145,
                -38.09702713897728
              ],
              [
                -57.57296689392804,
                -38.097000667832155
              ],
              [
                -57.57288536416976,
                -38.09697186382352
              ],
              [
                -57.57242603439838,
                -38.09659403292789
              ],
              [
                -57.571673924925385,
                -38.095975358249206
              ],
              [
                -57.57139226887407,
                -38.09574366777652
              ],
              [
                -57.570385981161095,
                -38.094915877730124
              ],
              [
                -57.570069285864435,
                -38.0946511879742
              ],
              [
                -57.569049168122554,
                -38.09379856868556
              ],
              [
                -57.569704947384935,
                -38.09330313095267
              ],
              [
                -57.568739899152675,
                -38.09249633976832
              ],
              [
                -57.56791406495259,
                -38.091805911557536
              ],
              [
                -57.567123822590474,
                -38.091145221207626
              ],
              [
                -57.56776648058906,
                -38.09066718644732
              ],
              [
                -57.56728033627046,
                -38.090258968175014
              ],
              [
                -57.566265723987804,
                -38.090429174262724
              ],
              [
                -57.56565722868188,
                -38.089922042514
              ],
              [
                -57.56517029431173,
                -38.08951621486117
              ],
              [
                -57.56480069948162,
                -38.08920817773292
              ],
              [
                -57.56385247520601,
                -38.088419055808494
              ],
              [
                -57.56323250191763,
                -38.087903411360315
              ],
              [
                -57.56386134589281,
                -38.087427568262
              ],
              [
                -57.562982223411055,
                -38.086713811306154
              ],
              [
                -57.56244403330075,
                -38.08670069439631
              ],
              [
                -57.56194305733141,
                -38.086688482260485
              ],
              [
                -57.56174953718519,
                -38.08670587606171
              ],
              [
                -57.55949271868978,
                -38.08479837969469
              ],
              [
                -57.558102802210755,
                -38.08583809900648
              ],
              [
                -57.55740257866213,
                -38.08636268282979
              ],
              [
                -57.55670036629769,
                -38.086894414162344
              ],
              [
                -57.55601858486836,
                -38.08742208028657
              ],
              [
                -57.5553161334606,
                -38.08794772759269
              ],
              [
                -57.55462220384148,
                -38.088466986520494
              ],
              [
                -57.55391513657005,
                -38.0889960644463
              ],
              [
                -57.553027648984646,
                -38.08966012888104
              ],
              [
                -57.55211974948157,
                -38.09033944725025
              ],
              [
                -57.55141485464334,
                -38.09087119237164
              ],
              [
                -57.55070459021325,
                -38.091403811079786
              ],
              [
                -57.54999714697701,
                -38.091931634379364
              ],
              [
                -57.54929099006156,
                -38.092460029757824
              ],
              [
                -57.548547298540285,
                -38.09297110783591
              ],
              [
                -57.548047448029735,
                -38.09342378219206
              ],
              [
                -57.55015006473617,
                -38.09469804424867
              ],
              [
                -57.55180459833783,
                -38.095651101433276
              ],
              [
                -57.55284081140267,
                -38.09628463489494
              ],
              [
                -57.55459694277787,
                -38.09733234323828
              ],
              [
                -57.55789755111803,
                -38.09927495257433
              ],
              [
                -57.56002476721628,
                -38.10052998594285
              ],
              [
                -57.56119254443827,
                -38.10124375436326
              ],
              [
                -57.5623353225816,
                -38.10190392597516
              ],
              [
                -57.562905159108475,
                -38.10221763441924
              ],
              [
                -57.56428128068937,
                -38.10290757135677
              ],
              [
                -57.565200722052396,
                -38.10327596720663
              ],
              [
                -57.56695477962953,
                -38.10392522279839
              ],
              [
                -57.56862578701939,
                -38.10455044065985
              ],
              [
                -57.56984933036583,
                -38.10506057577931
              ],
              [
                -57.570620137032385,
                -38.10540360659086
              ],
              [
                -57.57133185065233,
                -38.10575236386906
              ],
              [
                -57.5732937835285,
                -38.106792450387
              ],
              [
                -57.57432295704273,
                -38.10734931218682
              ],
              [
                -57.575780269430055,
                -38.108146962810466
              ],
              [
                -57.57684826071716,
                -38.10870911084266
              ],
              [
                -57.577851648432805,
                -38.10920411702776
              ],
              [
                -57.578995227552745,
                -38.10968507897122
              ],
              [
                -57.580157178025914,
                -38.1100975138463
              ],
              [
                -57.581337968020975,
                -38.11045551505155
              ],
              [
                -57.582944861552576,
                -38.11095621650653
              ],
              [
                -57.58356779615744,
                -38.11117423092995
              ],
              [
                -57.58405100517833,
                -38.111372930723476
              ],
              [
                -57.58458901172809,
                -38.1116121426048
              ],
              [
                -57.58520958531046,
                -38.1119279150625
              ],
              [
                -57.585703483527084,
                -38.11218699774494
              ],
              [
                -57.586397709483975,
                -38.11262652316239
              ],
              [
                -57.58770379795475,
                -38.11357859537421
              ],
              [
                -57.58855707251054,
                -38.114216255847225
              ],
              [
                -57.589839427282435,
                -38.115135260946
              ],
              [
                -57.59059085579959,
                -38.115705486172516
              ],
              [
                -57.59115646488569,
                -38.116128190408915
              ],
              [
                -57.59136544695713,
                -38.116284369909074
              ],
              [
                -57.59240082295733,
                -38.11705045659123
              ],
              [
                -57.59311843547134,
                -38.11766858988542
              ],
              [
                -57.593680079250454,
                -38.118161495979145
              ],
              [
                -57.59454672767153,
                -38.11898896885146
              ],
              [
                -57.59497650470203,
                -38.11939597362447
              ],
              [
                -57.59552040654075,
                -38.11995349891131
              ],
              [
                -57.5960124903815,
                -38.12042461162374
              ],
              [
                -57.596572720588526,
                -38.1209829673458
              ],
              [
                -57.59684615686071,
                -38.121226254438724
              ],
              [
                -57.59783727505227,
                -38.12219134796012
              ],
              [
                -57.59838825112766,
                -38.12271431996135
              ],
              [
                -57.598846977384106,
                -38.123128005331814
              ],
              [
                -57.5992985622191,
                -38.12356153212366
              ],
              [
                -57.600019535908395,
                -38.124261608655324
              ],
              [
                -57.600275407335445,
                -38.12449648404594
              ],
              [
                -57.600849960185826,
                -38.12512655935989
              ],
              [
                -57.601156186158825,
                -38.12545553195739
              ],
              [
                -57.60140553891535,
                -38.12569325719222
              ],
              [
                -57.60208504965467,
                -38.12636000185055
              ]
            ]
          ]
        ]
      }
    },
    {
      "type": "Feature",
      "properties": {
        "name": "íCíoímíiísíaíríííaí í1í4í",
        "code": "CRIA_íCíoímíiísíaíríííaí í1í4í",
        "color": "#6366f1",
        "gid": "8110"
      },
      "geometry": {
        "type": "MultiPolygon",
        "coordinates": [
          [
            [
              [
                -57.68037078414558,
                -37.88519465238756
              ],
              [
                -57.675912943586496,
                -37.88842341068913
              ],
              [
                -57.67339366478521,
                -37.886707417429164
              ],
              [
                -57.65422414985509,
                -37.90057816794705
              ],
              [
                -57.67869655839653,
                -37.92117619641749
              ],
              [
                -57.673530229816855,
                -37.92510753410148
              ],
              [
                -57.67822904129493,
                -37.92921731174664
              ],
              [
                -57.68424158675983,
                -37.92791946071894
              ],
              [
                -57.69149104737954,
                -37.92664526405299
              ],
              [
                -57.69313389198343,
                -37.926598029873254
              ],
              [
                -57.70229171326058,
                -37.92790125069414
              ],
              [
                -57.70913136851954,
                -37.92887317626996
              ],
              [
                -57.71548465642406,
                -37.93047353558059
              ],
              [
                -57.72061858908426,
                -37.933898584771946
              ],
              [
                -57.725034836003054,
                -37.931652516244874
              ],
              [
                -57.72992592445709,
                -37.93020440276005
              ],
              [
                -57.73262422241287,
                -37.929308173778594
              ],
              [
                -57.734644907264595,
                -37.92897707720179
              ],
              [
                -57.73597325993646,
                -37.927908686245054
              ],
              [
                -57.73690504032234,
                -37.92912401930555
              ],
              [
                -57.73848973880593,
                -37.929923493175814
              ],
              [
                -57.740472582479526,
                -37.9304995151124
              ],
              [
                -57.742578901634175,
                -37.93110598358334
              ],
              [
                -57.742263569002795,
                -37.93386302509296
              ],
              [
                -57.742745515827295,
                -37.9361661102791
              ],
              [
                -57.743337591572306,
                -37.938150557472625
              ],
              [
                -57.74542843092863,
                -37.93958677805639
              ],
              [
                -57.74679540045761,
                -37.94154906253564
              ],
              [
                -57.74829926820242,
                -37.942548809302714
              ],
              [
                -57.748326078311976,
                -37.943931468454366
              ],
              [
                -57.74924502985356,
                -37.94511057736097
              ],
              [
                -57.74992036420783,
                -37.9457119968124
              ],
              [
                -57.75117251273872,
                -37.9512137672553
              ],
              [
                -57.75110759083394,
                -37.95597228634545
              ],
              [
                -57.751703749292936,
                -37.95884129459255
              ],
              [
                -57.752810199593384,
                -37.9616922452496
              ],
              [
                -57.751366877752815,
                -37.96262400200946
              ],
              [
                -57.75387145203528,
                -37.96585523454039
              ],
              [
                -57.75697371182582,
                -37.967823228282406
              ],
              [
                -57.76175785714192,
                -37.97059840327111
              ],
              [
                -57.761983048658884,
                -37.970724965089296
              ],
              [
                -57.76615930363592,
                -37.973373316766505
              ],
              [
                -57.769382544892416,
                -37.97452337095019
              ],
              [
                -57.77046531967376,
                -37.97488693845356
              ],
              [
                -57.77361682035845,
                -37.97630945079128
              ],
              [
                -57.77575558935046,
                -37.97738554105533
              ],
              [
                -57.777491341302664,
                -37.9782437036097
              ],
              [
                -57.779343551548,
                -37.979173024017456
              ],
              [
                -57.780800994089795,
                -37.979902209718404
              ],
              [
                -57.782722983690114,
                -37.98087963130954
              ],
              [
                -57.78399151695873,
                -37.98157528897884
              ],
              [
                -57.7864914294612,
                -37.982016528669206
              ],
              [
                -57.78862612947185,
                -37.98240510081259
              ],
              [
                -57.79051773903734,
                -37.982646971495974
              ],
              [
                -57.79103952546961,
                -37.98288743657233
              ],
              [
                -57.79164392752591,
                -37.983181443167034
              ],
              [
                -57.792198529814605,
                -37.98345701206702
              ],
              [
                -57.793022013677046,
                -37.9839165729775
              ],
              [
                -57.79328354871687,
                -37.98412020991454
              ],
              [
                -57.79423418571061,
                -37.984932825346604
              ],
              [
                -57.794992953052265,
                -37.985597552053775
              ],
              [
                -57.79556132671183,
                -37.986095470756446
              ],
              [
                -57.79604642642479,
                -37.98653914360171
              ],
              [
                -57.79720822097282,
                -37.98769829168549
              ],
              [
                -57.798232501355706,
                -37.98888359666255
              ],
              [
                -57.79958320813976,
                -37.99044669534337
              ],
              [
                -57.80108101813652,
                -37.99218997835147
              ],
              [
                -57.80167612593039,
                -37.99286064171401
              ],
              [
                -57.802163513736446,
                -37.993424827976405
              ],
              [
                -57.802318613156245,
                -37.99357805394297
              ],
              [
                -57.8024889610337,
                -37.99372250974447
              ],
              [
                -57.80266133131345,
                -37.993851348720824
              ],
              [
                -57.802979965587475,
                -37.99403195314276
              ],
              [
                -57.804162157697654,
                -37.994639013593805
              ],
              [
                -57.8050118645016,
                -37.995084008931336
              ],
              [
                -57.807193479358496,
                -37.996225742886004
              ],
              [
                -57.80952164988734,
                -37.99744536111333
              ],
              [
                -57.81037686270879,
                -37.997928029130875
              ],
              [
                -57.81074886283063,
                -37.99816553390222
              ],
              [
                -57.81193633196841,
                -37.99963521126746
              ],
              [
                -57.812760899504696,
                -38.000708902378946
              ],
              [
                -57.81337872361517,
                -38.00151264752197
              ],
              [
                -57.813966239734285,
                -38.00228483135713
              ],
              [
                -57.81431629433934,
                -38.00267709651404
              ],
              [
                -57.81513155977512,
                -38.003319476974085
              ],
              [
                -57.815760494514365,
                -38.003796438097964
              ],
              [
                -57.816901741526465,
                -38.004652919796534
              ],
              [
                -57.81862956325732,
                -38.00591927271152
              ],
              [
                -57.81954411238638,
                -38.00659139632738
              ],
              [
                -57.82109428510816,
                -38.00776006147034
              ],
              [
                -57.82151478596047,
                -38.00818098019373
              ],
              [
                -57.82277704781944,
                -38.00950176489671
              ],
              [
                -57.82355005635598,
                -38.010302329734756
              ],
              [
                -57.824472993568406,
                -38.011241485833786
              ],
              [
                -57.825390376588736,
                -38.01220015417203
              ],
              [
                -57.82615321694419,
                -38.013024779384864
              ],
              [
                -57.826392892375665,
                -38.01325359689127
              ],
              [
                -57.8268002276928,
                -38.013569928595636
              ],
              [
                -57.82829454626421,
                -38.01451220326314
              ],
              [
                -57.83039322662045,
                -38.01584026043531
              ],
              [
                -57.83265580181835,
                -38.01723651552354
              ],
              [
                -57.83355688731309,
                -38.01779044299022
              ],
              [
                -57.83528944282341,
                -38.01888321272932
              ],
              [
                -57.835887780723326,
                -38.01931277350878
              ],
              [
                -57.83633237563468,
                -38.01969411158723
              ],
              [
                -57.83714264864105,
                -38.02074972474537
              ],
              [
                -57.83779100177676,
                -38.021536514463385
              ],
              [
                -57.83860254345616,
                -38.022560094805165
              ],
              [
                -57.83946506854963,
                -38.02381569630868
              ],
              [
                -57.83992488227655,
                -38.02458545642382
              ],
              [
                -57.84257190589289,
                -38.028523500778746
              ],
              [
                -57.8475337537339,
                -38.03585482027478
              ],
              [
                -57.85276908843064,
                -38.031906924573086
              ],
              [
                -57.869513950883125,
                -38.045550449195375
              ],
              [
                -57.88170741196724,
                -38.05545260661297
              ],
              [
                -57.892194902555644,
                -38.04749099291022
              ],
              [
                -57.89367813690723,
                -38.04635770069668
              ],
              [
                -57.89510293555452,
                -38.04525662151356
              ],
              [
                -57.89559080183056,
                -38.044883910507735
              ],
              [
                -57.89571246056436,
                -38.04479107767956
              ],
              [
                -57.89580713174184,
                -38.04471883770068
              ],
              [
                -57.89625491720656,
                -38.04437714658267
              ],
              [
                -57.90264552936936,
                -38.039511240766565
              ],
              [
                -57.904255252511355,
                -38.03828010673022
              ],
              [
                -57.908376051025606,
                -38.03513190325164
              ],
              [
                -57.92289952745905,
                -38.02405627444569
              ],
              [
                -57.9322603993592,
                -38.01691052983239
              ],
              [
                -57.94283869999771,
                -38.00914819973534
              ],
              [
                -57.95896890347855,
                -38.02258076592567
              ],
              [
                -57.96740879705958,
                -38.01626731236219
              ],
              [
                -57.967737345648246,
                -38.01606144834516
              ],
              [
                -57.97894003988187,
                -38.00760057338783
              ],
              [
                -57.988276258101564,
                -38.00057013190142
              ],
              [
                -57.991185781736995,
                -37.99836011254883
              ],
              [
                -57.9934412204739,
                -37.99666213884066
              ],
              [
                -57.995664991823816,
                -37.99504490817419
              ],
              [
                -57.99616173553658,
                -37.994873715748504
              ],
              [
                -57.99648591091724,
                -37.99457452610553
              ],
              [
                -58.00194565925994,
                -37.9903603231281
              ],
              [
                -58.01015112247269,
                -37.984059572593516
              ],
              [
                -58.02167308625872,
                -37.97523821780514
              ],
              [
                -58.02386922975629,
                -37.97358987855075
              ],
              [
                -58.02511517824795,
                -37.97297760709655
              ],
              [
                -58.02580883668308,
                -37.972172122023494
              ],
              [
                -58.04723646885816,
                -37.95570190333603
              ],
              [
                -58.028927678075455,
                -37.94017707975503
              ],
              [
                -58.0128233067287,
                -37.92700627417571
              ],
              [
                -58.005008483315294,
                -37.92059480435072
              ],
              [
                -58.00307623366192,
                -37.91894692174776
              ],
              [
                -58.00181637966356,
                -37.9181619051465
              ],
              [
                -57.993880217839376,
                -37.91206012430928
              ],
              [
                -57.992640175906644,
                -37.91093883970552
              ],
              [
                -57.98641231840741,
                -37.905848379851285
              ],
              [
                -57.983212205813295,
                -37.903103918136395
              ],
              [
                -57.982555802327255,
                -37.90216759798182
              ],
              [
                -57.98203251812492,
                -37.901656971613185
              ],
              [
                -57.98017621273882,
                -37.9001567577695
              ],
              [
                -57.97641043433793,
                -37.89702060706099
              ],
              [
                -57.97253300224706,
                -37.893952952418786
              ],
              [
                -57.94627784379263,
                -37.87239121276396
              ],
              [
                -57.943975709172186,
                -37.87049920394526
              ],
              [
                -57.94161712609584,
                -37.86856065889539
              ],
              [
                -57.94136075906385,
                -37.86848383821671
              ],
              [
                -57.940819046205704,
                -37.86820290478765
              ],
              [
                -57.940182068214725,
                -37.86777209339022
              ],
              [
                -57.93618055164173,
                -37.86452897700318
              ],
              [
                -57.87926540138531,
                -37.81772839150031
              ],
              [
                -57.86187334866415,
                -37.803414453812955
              ],
              [
                -57.85854297237224,
                -37.8006725968927
              ],
              [
                -57.8483252873077,
                -37.79224821790806
              ],
              [
                -57.837917707978406,
                -37.78346054242913
              ],
              [
                -57.83317828846022,
                -37.78054949901404
              ],
              [
                -57.82872991395888,
                -37.775941557059326
              ],
              [
                -57.807311999995456,
                -37.75809399973879
              ],
              [
                -57.74908573847292,
                -37.79861421347962
              ],
              [
                -57.69376996698295,
                -37.83957513757973
              ],
              [
                -57.69739937035686,
                -37.84247897990871
              ],
              [
                -57.67530842242971,
                -37.858500629302334
              ],
              [
                -57.69613530007589,
                -37.87605096050549
              ],
              [
                -57.682331034018354,
                -37.88647829107282
              ],
              [
                -57.68037078414558,
                -37.88519465238756
              ]
            ]
          ]
        ]
      }
    },
    {
      "type": "Feature",
      "properties": {
        "name": "íCíoímíiísíaíríííaí í5í",
        "code": "CRIA_íCíoímíiísíaíríííaí í5í",
        "color": "#6366f1",
        "gid": "8111"
      },
      "geometry": {
        "type": "MultiPolygon",
        "coordinates": [
          [
            [
              [
                -57.54616124129227,
                -38.063889979946275
              ],
              [
                -57.54622399465228,
                -38.064028398724616
              ],
              [
                -57.54643920931316,
                -38.06464825832474
              ],
              [
                -57.54666995945487,
                -38.06506395985997
              ],
              [
                -57.54676116550216,
                -38.06557740064107
              ],
              [
                -57.54681068286251,
                -38.06628569449618
              ],
              [
                -57.54686291901282,
                -38.06717817020938
              ],
              [
                -57.54691792618454,
                -38.068351813273196
              ],
              [
                -57.54692783131257,
                -38.06893542652334
              ],
              [
                -57.54695281473014,
                -38.06981229996522
              ],
              [
                -57.54700099564121,
                -38.071033782456354
              ],
              [
                -57.54698118453514,
                -38.071333692756596
              ],
              [
                -57.54693813627027,
                -38.07198536662081
              ],
              [
                -57.54675202534316,
                -38.072755132820966
              ],
              [
                -57.54653502082885,
                -38.0733073268318
              ],
              [
                -57.54627728975686,
                -38.07381028153595
              ],
              [
                -57.546083824946805,
                -38.074111573846
              ],
              [
                -57.54571154082187,
                -38.074641781149985
              ],
              [
                -57.545124241167024,
                -38.07523179239722
              ],
              [
                -57.54457491484541,
                -38.075692119853954
              ],
              [
                -57.54389912522217,
                -38.07625840987629
              ],
              [
                -57.543424951121146,
                -38.07677283886261
              ],
              [
                -57.54330039186739,
                -38.076965080509304
              ],
              [
                -57.54292761720018,
                -38.077584936902575
              ],
              [
                -57.54253613580103,
                -38.07813365071635
              ],
              [
                -57.54183782672563,
                -38.07863300763634
              ],
              [
                -57.54101683040561,
                -38.07918355882799
              ],
              [
                -57.540363798723185,
                -38.07983277009104
              ],
              [
                -57.54014355809376,
                -38.079859524216516
              ],
              [
                -57.539986974949564,
                -38.0799683197187
              ],
              [
                -57.53964128546877,
                -38.08024482717955
              ],
              [
                -57.539282097430245,
                -38.08060840676593
              ],
              [
                -57.539033009504095,
                -38.08086616164109
              ],
              [
                -57.53895571543153,
                -38.081161212099694
              ],
              [
                -57.53872004046436,
                -38.081377736484
              ],
              [
                -57.5385340747313,
                -38.08163982815443
              ],
              [
                -57.5384521851938,
                -38.08196381983199
              ],
              [
                -57.53845188665243,
                -38.08205932800583
              ],
              [
                -57.53845152707176,
                -38.08217436042532
              ],
              [
                -57.5385066463492,
                -38.08244284244638
              ],
              [
                -57.53949758994613,
                -38.083653095848945
              ],
              [
                -57.53972180160291,
                -38.083813563457056
              ],
              [
                -57.54040459167331,
                -38.084329094790384
              ],
              [
                -57.54108739132889,
                -38.08484462203918
              ],
              [
                -57.54175061388143,
                -38.085431274397976
              ],
              [
                -57.54198636850237,
                -38.08576571324715
              ],
              [
                -57.54252347601131,
                -38.08682712685041
              ],
              [
                -57.54291088106426,
                -38.08759710737911
              ],
              [
                -57.543233719687855,
                -38.08803174231187
              ],
              [
                -57.54361225513616,
                -38.08840086957396
              ],
              [
                -57.54422339562626,
                -38.08891497186304
              ],
              [
                -57.5447205478137,
                -38.08935501040858
              ],
              [
                -57.54506334397068,
                -38.08966041439148
              ],
              [
                -57.545245571528966,
                -38.0899790685122
              ],
              [
                -57.54597139878041,
                -38.091597983713314
              ],
              [
                -57.546510434445636,
                -38.09225453334952
              ],
              [
                -57.546803037737945,
                -38.092503338824415
              ],
              [
                -57.54736309095165,
                -38.092979554875285
              ],
              [
                -57.548047448029735,
                -38.09342378219206
              ],
              [
                -57.54854729854026,
                -38.09297110783588
              ],
              [
                -57.548627853868524,
                -38.0929157493661
              ],
              [
                -57.54929099006149,
                -38.092460029757824
              ],
              [
                -57.54999714697701,
                -38.09193163437935
              ],
              [
                -57.55070459021325,
                -38.091403811079786
              ],
              [
                -57.551414854643376,
                -38.09087119237164
              ],
              [
                -57.55211974948157,
                -38.09033944725025
              ],
              [
                -57.553027648984646,
                -38.08966012888104
              ],
              [
                -57.55391513657005,
                -38.088996064446285
              ],
              [
                -57.55462220384148,
                -38.088466986520494
              ],
              [
                -57.5553161334606,
                -38.08794772759267
              ],
              [
                -57.55601858486836,
                -38.08742208028657
              ],
              [
                -57.55670036629769,
                -38.086894414162366
              ],
              [
                -57.55740257866213,
                -38.08636268282979
              ],
              [
                -57.558102802210755,
                -38.08583809900648
              ],
              [
                -57.55949271868978,
                -38.08479837969469
              ],
              [
                -57.56077588176604,
                -38.08588294514141
              ],
              [
                -57.56174953718519,
                -38.08670587606171
              ],
              [
                -57.56194305733141,
                -38.086688482260485
              ],
              [
                -57.562982223411055,
                -38.086713811306154
              ],
              [
                -57.56386134589281,
                -38.087427568262
              ],
              [
                -57.56323250191763,
                -38.087903411360315
              ],
              [
                -57.56508228087757,
                -38.089442860796844
              ],
              [
                -57.566265723987804,
                -38.090429174262724
              ],
              [
                -57.56728033627046,
                -38.090258968175014
              ],
              [
                -57.56776648058906,
                -38.09066718644732
              ],
              [
                -57.567123822590474,
                -38.091145221207626
              ],
              [
                -57.56883355703003,
                -38.09257463990478
              ],
              [
                -57.569704947384935,
                -38.09330313095267
              ],
              [
                -57.569049168122554,
                -38.09379856868557
              ],
              [
                -57.570385981161095,
                -38.094915877730124
              ],
              [
                -57.57115469884878,
                -38.095548240878905
              ],
              [
                -57.572082289131195,
                -38.09631127474952
              ],
              [
                -57.572885364169736,
                -38.09697186382352
              ],
              [
                -57.572966893928026,
                -38.09700066783214
              ],
              [
                -57.57382673886966,
                -38.09765625783547
              ],
              [
                -57.57425604548344,
                -38.098106546295575
              ],
              [
                -57.57435345747376,
                -38.09808042155587
              ],
              [
                -57.576916561218034,
                -38.096166683096925
              ],
              [
                -57.58273096986945,
                -38.09183124720607
              ],
              [
                -57.58650944572613,
                -38.08899756308837
              ],
              [
                -57.58920860781978,
                -38.08696741322556
              ],
              [
                -57.5900486394127,
                -38.08633555560294
              ],
              [
                -57.59120268537125,
                -38.085433260680254
              ],
              [
                -57.59142989517982,
                -38.085216923404545
              ],
              [
                -57.59245564390389,
                -38.08444048476386
              ],
              [
                -57.5936815187442,
                -38.08351763092405
              ],
              [
                -57.595065455905726,
                -38.082475743135895
              ],
              [
                -57.59635176005783,
                -38.081506752965055
              ],
              [
                -57.59680708566286,
                -38.08116450882528
              ],
              [
                -57.5976849130186,
                -38.080503378241474
              ],
              [
                -57.59896609888403,
                -38.07953891559313
              ],
              [
                -57.60025404836311,
                -38.07856912925705
              ],
              [
                -57.60078786344078,
                -38.07816717588512
              ],
              [
                -57.601548034371596,
                -38.07759476837686
              ],
              [
                -57.601995324997,
                -38.07725794629663
              ],
              [
                -57.60283999401204,
                -38.07662187392754
              ],
              [
                -57.60339803515623,
                -38.07620164704921
              ],
              [
                -57.60354491592905,
                -38.07609127187183
              ],
              [
                -57.60401018617131,
                -38.07580808752417
              ],
              [
                -57.60465676039722,
                -38.07532055341545
              ],
              [
                -57.60542249250108,
                -38.07474315771894
              ],
              [
                -57.605970343549544,
                -38.074331981926775
              ],
              [
                -57.60674981081023,
                -38.073746960123934
              ],
              [
                -57.60784251817423,
                -38.07292681484717
              ],
              [
                -57.608240450197925,
                -38.07262813465528
              ],
              [
                -57.608410133229825,
                -38.072500772620714
              ],
              [
                -57.60845769778937,
                -38.07244503990988
              ],
              [
                -57.608505262277006,
                -38.07238930717994
              ],
              [
                -57.61191242051323,
                -38.069832096002514
              ],
              [
                -57.6144918737828,
                -38.06789537836072
              ],
              [
                -57.61627429885548,
                -38.06655721282405
              ],
              [
                -57.61704499197669,
                -38.0659785872782
              ],
              [
                -57.61984026112656,
                -38.063879156256405
              ],
              [
                -57.623540921978346,
                -38.066956938783825
              ],
              [
                -57.63226661249252,
                -38.060354774315435
              ],
              [
                -57.637133691652686,
                -38.05667134865412
              ],
              [
                -57.6415079499221,
                -38.053360389387244
              ],
              [
                -57.64309480374553,
                -38.05215911900994
              ],
              [
                -57.64188977989858,
                -38.05176386984252
              ],
              [
                -57.64078224106375,
                -38.05140058140835
              ],
              [
                -57.638221457522576,
                -38.050516584531735
              ],
              [
                -57.63433474305409,
                -38.04917472023561
              ],
              [
                -57.63363661407679,
                -38.048933676935604
              ],
              [
                -57.628653263353904,
                -38.04689131849056
              ],
              [
                -57.625532260372005,
                -38.04554458263931
              ],
              [
                -57.624332821811,
                -38.04479886545011
              ],
              [
                -57.617459189331164,
                -38.04044671199618
              ],
              [
                -57.61563753755795,
                -38.03930533877102
              ],
              [
                -57.61426102782588,
                -38.038442830883824
              ],
              [
                -57.61210983199151,
                -38.037094838564315
              ],
              [
                -57.609980259462105,
                -38.035756662731934
              ],
              [
                -57.60704387398535,
                -38.03391136336909
              ],
              [
                -57.606842558469864,
                -38.03370056228006
              ],
              [
                -57.604735105434536,
                -38.035301844973894
              ],
              [
                -57.602869933631574,
                -38.03671894524201
              ],
              [
                -57.59932790735011,
                -38.03940340717859
              ],
              [
                -57.597510042740176,
                -38.04078102502252
              ],
              [
                -57.59670512907369,
                -38.040149353651664
              ],
              [
                -57.59588528754689,
                -38.03946579625354
              ],
              [
                -57.5950795371368,
                -38.038784765069074
              ],
              [
                -57.59427695717888,
                -38.03809841001819
              ],
              [
                -57.59346093878294,
                -38.03742142356628
              ],
              [
                -57.592649416768076,
                -38.036748149222795
              ],
              [
                -57.592637758285825,
                -38.03666184023038
              ],
              [
                -57.59218674934182,
                -38.03628025757342
              ],
              [
                -57.59175470211757,
                -38.03590463202274
              ],
              [
                -57.59154183225963,
                -38.03570889645216
              ],
              [
                -57.591385848004705,
                -38.03560381868981
              ],
              [
                -57.591011253465815,
                -38.03538900166619
              ],
              [
                -57.59019259891586,
                -38.034709754549695
              ],
              [
                -57.58937809329112,
                -38.03403393152741
              ],
              [
                -57.58856028171059,
                -38.033355347059455
              ],
              [
                -57.5876842027325,
                -38.032628394405606
              ],
              [
                -57.586694983052084,
                -38.0333739929056
              ],
              [
                -57.58579731126691,
                -38.03405056933787
              ],
              [
                -57.58495006348181,
                -38.03468912347445
              ],
              [
                -57.584091558454794,
                -38.03533614448293
              ],
              [
                -57.583230040529266,
                -38.035985418492984
              ],
              [
                -57.58237366201262,
                -38.03663080166862
              ],
              [
                -57.58152038258319,
                -38.037273831888236
              ],
              [
                -57.58065939441373,
                -38.03792265377452
              ],
              [
                -57.57979935561812,
                -38.03857074255401
              ],
              [
                -57.578944884410696,
                -38.0392146183371
              ],
              [
                -57.57808778576089,
                -38.039860456473605
              ],
              [
                -57.57711467614112,
                -38.04059368954007
              ],
              [
                -57.57601977720063,
                -38.04141866318593
              ],
              [
                -57.57514256737496,
                -38.04207959392434
              ],
              [
                -57.574284476723484,
                -38.04272610160178
              ],
              [
                -57.57343334904745,
                -38.043367345818666
              ],
              [
                -57.572578019820284,
                -38.04401173807453
              ],
              [
                -57.57172239483549,
                -38.04465633566541
              ],
              [
                -57.57086256624275,
                -38.04529925065544
              ],
              [
                -57.569999148215686,
                -38.04594483195391
              ],
              [
                -57.569142189079244,
                -38.046585566473695
              ],
              [
                -57.568281312213266,
                -38.04722921272389
              ],
              [
                -57.56741254528897,
                -38.04787874030893
              ],
              [
                -57.566555726103765,
                -38.04851931776088
              ],
              [
                -57.565701949166886,
                -38.04915760348419
              ],
              [
                -57.564845127857886,
                -38.04979814785127
              ],
              [
                -57.563978302282884,
                -38.05044615355709
              ],
              [
                -57.563111253887186,
                -38.05109430805359
              ],
              [
                -57.562262641435105,
                -38.05172866369985
              ],
              [
                -57.56132439660877,
                -38.05243000160067
              ],
              [
                -57.56041328021218,
                -38.05311997669258
              ],
              [
                -57.55955262333618,
                -38.05377172118844
              ],
              [
                -57.55869043958508,
                -38.05442460406583
              ],
              [
                -57.55784277383034,
                -38.055066475855256
              ],
              [
                -57.55697751970128,
                -38.05572164813578
              ],
              [
                -57.55610836575151,
                -38.05637975523819
              ],
              [
                -57.55527887307501,
                -38.057007814620164
              ],
              [
                -57.55440814767275,
                -38.057667076002794
              ],
              [
                -57.55355575374937,
                -38.05831244021708
              ],
              [
                -57.55271593564871,
                -38.05894826593649
              ],
              [
                -57.551838228092585,
                -38.05961275960686
              ],
              [
                -57.54999257588027,
                -38.06101000308079
              ],
              [
                -57.549135738708316,
                -38.06165864031583
              ],
              [
                -57.548303602040455,
                -38.0622885620354
              ],
              [
                -57.5474255049913,
                -38.06295325738606
              ],
              [
                -57.546737936103824,
                -38.063473715204665
              ],
              [
                -57.54637762294,
                -38.06373379414429
              ],
              [
                -57.54616124129227,
                -38.063889979946275
              ]
            ]
          ]
        ]
      }
    },
    {
      "type": "Feature",
      "properties": {
        "name": "íCíoímíiísíaíríííaí í1í6í",
        "code": "CRIA_íCíoímíiísíaíríííaí í1í6í",
        "color": "#6366f1",
        "gid": "8112"
      },
      "geometry": {
        "type": "MultiPolygon",
        "coordinates": [
          [
            [
              [
                -57.5876842027325,
                -38.032628394405606
              ],
              [
                -57.58856028171062,
                -38.033355347059455
              ],
              [
                -57.58937809329113,
                -38.03403393152741
              ],
              [
                -57.59019259891589,
                -38.034709754549695
              ],
              [
                -57.59101125346583,
                -38.0353890016662
              ],
              [
                -57.591385848004705,
                -38.03560381868981
              ],
              [
                -57.59154183225963,
                -38.035708896452185
              ],
              [
                -57.59175470211753,
                -38.035904632022756
              ],
              [
                -57.592186749341835,
                -38.03628025757342
              ],
              [
                -57.592637758285825,
                -38.03666184023038
              ],
              [
                -57.592649416768076,
                -38.03674814922282
              ],
              [
                -57.59346093878295,
                -38.03742142356625
              ],
              [
                -57.59427695717888,
                -38.03809841001819
              ],
              [
                -57.5950795371368,
                -38.03878476506909
              ],
              [
                -57.595885287546906,
                -38.03946579625354
              ],
              [
                -57.59670512907373,
                -38.04014935365167
              ],
              [
                -57.59751004274018,
                -38.04078102502252
              ],
              [
                -57.59932790735013,
                -38.03940340717861
              ],
              [
                -57.602869933631574,
                -38.036718945242
              ],
              [
                -57.60473510543455,
                -38.03530184497391
              ],
              [
                -57.606842558469864,
                -38.033700562280075
              ],
              [
                -57.61052464595328,
                -38.03090276650919
              ],
              [
                -57.61146705567017,
                -38.0301866489919
              ],
              [
                -57.612467214430325,
                -38.02942662490989
              ],
              [
                -57.61340511480718,
                -38.02871388848134
              ],
              [
                -57.61434076273647,
                -38.02801246793193
              ],
              [
                -57.61507408777106,
                -38.02746270633437
              ],
              [
                -57.61614064575524,
                -38.02666310197367
              ],
              [
                -57.61635159463391,
                -38.02650494939427
              ],
              [
                -57.61782308404531,
                -38.02540171509446
              ],
              [
                -57.61868552082089,
                -38.024755087978775
              ],
              [
                -57.61954047854858,
                -38.02411405099968
              ],
              [
                -57.620395773762276,
                -38.02347274363216
              ],
              [
                -57.621274295585565,
                -38.0228140027001
              ],
              [
                -57.62212224146817,
                -38.02217817112814
              ],
              [
                -57.62298598611393,
                -38.0215304753336
              ],
              [
                -57.62379676423653,
                -38.020922481421344
              ],
              [
                -57.62391558684548,
                -38.02087855729628
              ],
              [
                -57.62403920308192,
                -38.020844628583944
              ],
              [
                -57.624842496865234,
                -38.020233195358415
              ],
              [
                -57.62571527777673,
                -38.01956885378884
              ],
              [
                -57.62661051384219,
                -38.01888740071783
              ],
              [
                -57.62738999656571,
                -38.018294043229595
              ],
              [
                -57.628172914149644,
                -38.01769832547129
              ],
              [
                -57.62632951053406,
                -38.016173377720186
              ],
              [
                -57.62749803931809,
                -38.01570577761347
              ],
              [
                -57.63106022794805,
                -38.01497885408041
              ],
              [
                -57.62922847457795,
                -38.01094985694368
              ],
              [
                -57.62648556302975,
                -38.010609917538524
              ],
              [
                -57.62436575524795,
                -38.01037070806335
              ],
              [
                -57.62319597661455,
                -38.0102292067476
              ],
              [
                -57.621298311672106,
                -38.01001340894299
              ],
              [
                -57.62007941692768,
                -38.00986530488582
              ],
              [
                -57.61719715477013,
                -38.00952111744135
              ],
              [
                -57.61635836810893,
                -38.00943039905976
              ],
              [
                -57.61607201750761,
                -38.00939942759697
              ],
              [
                -57.61543504235983,
                -38.00931480868101
              ],
              [
                -57.61492598128075,
                -38.0092463215682
              ],
              [
                -57.61462483171493,
                -38.00919634761897
              ],
              [
                -57.614450270455855,
                -38.00916737985225
              ],
              [
                -57.61393102128527,
                -38.009081210802876
              ],
              [
                -57.613520804094584,
                -38.0089738107944
              ],
              [
                -57.61328806317135,
                -38.00891287553256
              ],
              [
                -57.61287104129596,
                -38.008772664413954
              ],
              [
                -57.61246132365326,
                -38.00863490718994
              ],
              [
                -57.6122459226991,
                -38.00852752212442
              ],
              [
                -57.611840679547036,
                -38.008325492060095
              ],
              [
                -57.61136709785131,
                -38.00808938935359
              ],
              [
                -57.609417685014805,
                -38.007033698480996
              ],
              [
                -57.60842077523273,
                -38.00650119361277
              ],
              [
                -57.607412642493316,
                -38.00596700143991
              ],
              [
                -57.606416594792115,
                -38.00543072877829
              ],
              [
                -57.6054041065812,
                -38.00488929901577
              ],
              [
                -57.60440285542114,
                -38.0043493216249
              ],
              [
                -57.60341286093781,
                -38.00380463488205
              ],
              [
                -57.602412711897145,
                -38.00325969274919
              ],
              [
                -57.60143006523258,
                -38.00271059607747
              ],
              [
                -57.600459303503236,
                -38.0021473530263
              ],
              [
                -57.59958411532942,
                -38.00150251448956
              ],
              [
                -57.59885627514678,
                -38.00075144796292
              ],
              [
                -57.59853050699874,
                -38.00038547229077
              ],
              [
                -57.59812099999093,
                -38.0000179997353
              ],
              [
                -57.5979016205021,
                -37.999850509041806
              ],
              [
                -57.59775323525194,
                -37.99990893802953
              ],
              [
                -57.59761353648078,
                -37.99991445395606
              ],
              [
                -57.597345741635905,
                -37.999858139796174
              ],
              [
                -57.59710520698038,
                -37.9997076434784
              ],
              [
                -57.59705046381251,
                -37.99966160404139
              ],
              [
                -57.59697477608547,
                -37.99959794993107
              ],
              [
                -57.596904025975284,
                -37.99947481546541
              ],
              [
                -57.596896923475256,
                -37.99936197591571
              ],
              [
                -57.59634526463515,
                -37.999976799250994
              ],
              [
                -57.59584684493145,
                -38.000357029450534
              ],
              [
                -57.59498656853462,
                -38.00100395462767
              ],
              [
                -57.59411250052519,
                -38.001649911620945
              ],
              [
                -57.593148623015665,
                -38.00238990315804
              ],
              [
                -57.5923903298996,
                -38.0029599720771
              ],
              [
                -57.59195847168866,
                -38.00328659651275
              ],
              [
                -57.590625924912906,
                -38.00428412065866
              ],
              [
                -57.589844761496046,
                -38.00487914292133
              ],
              [
                -57.588872786404664,
                -38.00560732805361
              ],
              [
                -57.58709236191727,
                -38.00695385688708
              ],
              [
                -57.58599720326194,
                -38.0077866826073
              ],
              [
                -57.58511817696947,
                -38.00846009322656
              ],
              [
                -57.58426999590577,
                -38.00909344061892
              ],
              [
                -57.58327431743578,
                -38.00985124373891
              ],
              [
                -57.58240843555243,
                -38.01049917615725
              ],
              [
                -57.58154935588198,
                -38.01115259280482
              ],
              [
                -57.58069806913976,
                -38.01179345332261
              ],
              [
                -57.579944549668305,
                -38.01235823671953
              ],
              [
                -57.578277596683314,
                -38.01363669692253
              ],
              [
                -57.5773987242038,
                -38.01428677165734
              ],
              [
                -57.57666757813213,
                -38.0148467678678
              ],
              [
                -57.57612298674312,
                -38.01525494723251
              ],
              [
                -57.57565310755002,
                -38.01562400512814
              ],
              [
                -57.574767767219484,
                -38.016287356638784
              ],
              [
                -57.57389714246749,
                -38.01694283316755
              ],
              [
                -57.57215385052146,
                -38.018270450118465
              ],
              [
                -57.57124671136129,
                -38.01895763489397
              ],
              [
                -57.57134392302957,
                -38.0191013241257
              ],
              [
                -57.572078585967006,
                -38.01968446139978
              ],
              [
                -57.57289328471824,
                -38.02035948280185
              ],
              [
                -57.57371759267122,
                -38.0210424473845
              ],
              [
                -57.57453829400237,
                -38.02172240522749
              ],
              [
                -57.575358417914664,
                -38.022401866192396
              ],
              [
                -57.57617171618184,
                -38.02307565396256
              ],
              [
                -57.57698907601245,
                -38.023752788283744
              ],
              [
                -57.57780100990866,
                -38.02442540937076
              ],
              [
                -57.5786239099451,
                -38.02510709653558
              ],
              [
                -57.57944802254347,
                -38.02578976954111
              ],
              [
                -57.58025730053682,
                -38.02646013579968
              ],
              [
                -57.581059327493165,
                -38.02712447790654
              ],
              [
                -57.58189370673731,
                -38.02782302612459
              ],
              [
                -57.582710226112916,
                -38.0285006883076
              ],
              [
                -57.583531922682475,
                -38.02918262871431
              ],
              [
                -57.58434373577185,
                -38.0298563483858
              ],
              [
                -57.58516420847663,
                -38.0305372361871
              ],
              [
                -57.58597870201224,
                -38.031213143701976
              ],
              [
                -57.58679961297913,
                -38.03189435823556
              ],
              [
                -57.58738163097889,
                -38.03237732147486
              ],
              [
                -57.5876842027325,
                -38.032628394405606
              ]
            ]
          ]
        ]
      }
    },
    {
      "type": "Feature",
      "properties": {
        "name": "íCíoímíiísíaíríííaí í3í",
        "code": "CRIA_íCíoímíiísíaíríííaí í3í",
        "color": "#6366f1",
        "gid": "8113"
      },
      "geometry": {
        "type": "MultiPolygon",
        "coordinates": [
          [
            [
              [
                -57.542268004154934,
                -38.04073740488936
              ],
              [
                -57.54240617627715,
                -38.04087602538839
              ],
              [
                -57.54317297792032,
                -38.042154591462484
              ],
              [
                -57.54359455290359,
                -38.04301953862271
              ],
              [
                -57.54377594728364,
                -38.044104526116335
              ],
              [
                -57.543826251476254,
                -38.04501985394789
              ],
              [
                -57.54391834483181,
                -38.045400326630585
              ],
              [
                -57.54399588958903,
                -38.04555535649014
              ],
              [
                -57.54403475537954,
                -38.04571449619161
              ],
              [
                -57.54408198530994,
                -38.045816658484355
              ],
              [
                -57.54456061843886,
                -38.0480703167719
              ],
              [
                -57.544925970942906,
                -38.049781195389826
              ],
              [
                -57.54519392310345,
                -38.051084844213946
              ],
              [
                -57.54533252297759,
                -38.05186651523467
              ],
              [
                -57.545595971685266,
                -38.05224891374382
              ],
              [
                -57.54628492660108,
                -38.053147312569145
              ],
              [
                -57.54679598797563,
                -38.053818219246075
              ],
              [
                -57.546976637164576,
                -38.054074023779066
              ],
              [
                -57.54713668735755,
                -38.05442672652268
              ],
              [
                -57.54720239598263,
                -38.0548501324195
              ],
              [
                -57.5471465297107,
                -38.05524706666736
              ],
              [
                -57.54705275132876,
                -38.055465441047204
              ],
              [
                -57.54681933706131,
                -38.05594878475706
              ],
              [
                -57.54629096015,
                -38.05680292594459
              ],
              [
                -57.5458020217071,
                -38.057410480168535
              ],
              [
                -57.54487592741164,
                -38.05840585469717
              ],
              [
                -57.54447253931959,
                -38.05885441626667
              ],
              [
                -57.54432188605537,
                -38.0591491595939
              ],
              [
                -57.54426831101587,
                -38.05966160512317
              ],
              [
                -57.544603105160284,
                -38.0604600274823
              ],
              [
                -57.54515622827672,
                -38.06170011199022
              ],
              [
                -57.545847358756454,
                -38.06319762205767
              ],
              [
                -57.546161241292275,
                -38.06388997994629
              ],
              [
                -57.546377622940014,
                -38.06373379414429
              ],
              [
                -57.54673793610384,
                -38.06347371520467
              ],
              [
                -57.54742550499129,
                -38.062953257386084
              ],
              [
                -57.54830360204047,
                -38.062288562035405
              ],
              [
                -57.54913573870832,
                -38.06165864031583
              ],
              [
                -57.54999257588027,
                -38.061010003080746
              ],
              [
                -57.551838228092585,
                -38.05961275960688
              ],
              [
                -57.55271593564873,
                -38.058948265936486
              ],
              [
                -57.55355575374938,
                -38.05831244021711
              ],
              [
                -57.55440814767274,
                -38.05766707600281
              ],
              [
                -57.55527887307502,
                -38.05700781462016
              ],
              [
                -57.55610836575151,
                -38.0563797552382
              ],
              [
                -57.556977519701285,
                -38.05572164813581
              ],
              [
                -57.55784277383032,
                -38.05506647585526
              ],
              [
                -57.55869043958509,
                -38.05442460406582
              ],
              [
                -57.55955262333618,
                -38.05377172118845
              ],
              [
                -57.56041328021221,
                -38.0531199766926
              ],
              [
                -57.56132439660877,
                -38.05243000160067
              ],
              [
                -57.562262641435105,
                -38.051728663699855
              ],
              [
                -57.563111253887186,
                -38.05109430805359
              ],
              [
                -57.563978302282884,
                -38.05044615355709
              ],
              [
                -57.564845127857886,
                -38.04979814785127
              ],
              [
                -57.565701949166886,
                -38.04915760348421
              ],
              [
                -57.56655572610377,
                -38.04851931776088
              ],
              [
                -57.56741254528897,
                -38.04787874030894
              ],
              [
                -57.568281312213266,
                -38.04722921272389
              ],
              [
                -57.569142189079244,
                -38.046585566473695
              ],
              [
                -57.56999914821569,
                -38.04594483195391
              ],
              [
                -57.570862566242766,
                -38.04529925065544
              ],
              [
                -57.571722394835504,
                -38.04465633566541
              ],
              [
                -57.5725780198203,
                -38.044011738074545
              ],
              [
                -57.57343334904745,
                -38.043367345818666
              ],
              [
                -57.57428447672349,
                -38.04272610160178
              ],
              [
                -57.57514256737496,
                -38.042079593924356
              ],
              [
                -57.576019777200635,
                -38.04141866318593
              ],
              [
                -57.57711467614112,
                -38.04059368954007
              ],
              [
                -57.57808778576089,
                -38.03986045647361
              ],
              [
                -57.578944884410696,
                -38.03921461833708
              ],
              [
                -57.579799355618135,
                -38.03857074255403
              ],
              [
                -57.58065939441374,
                -38.03792265377453
              ],
              [
                -57.58152038258319,
                -38.03727383188825
              ],
              [
                -57.58237366201262,
                -38.03663080166862
              ],
              [
                -57.583230040529266,
                -38.035985418492984
              ],
              [
                -57.584091558454816,
                -38.03533614448291
              ],
              [
                -57.58495006348181,
                -38.03468912347445
              ],
              [
                -57.58579731126691,
                -38.03405056933786
              ],
              [
                -57.586694983052084,
                -38.03337399290561
              ],
              [
                -57.5876842027325,
                -38.032628394405606
              ],
              [
                -57.58738163097889,
                -38.03237732147486
              ],
              [
                -57.58679961297913,
                -38.03189435823556
              ],
              [
                -57.58597870201224,
                -38.031213143701976
              ],
              [
                -57.58516420847663,
                -38.0305372361871
              ],
              [
                -57.58434373577185,
                -38.0298563483858
              ],
              [
                -57.583531922682475,
                -38.02918262871431
              ],
              [
                -57.582710226112916,
                -38.0285006883076
              ],
              [
                -57.58189370673731,
                -38.02782302612459
              ],
              [
                -57.581059327493165,
                -38.02712447790654
              ],
              [
                -57.58025730053682,
                -38.02646013579968
              ],
              [
                -57.57944802254347,
                -38.02578976954111
              ],
              [
                -57.5786239099451,
                -38.02510709653558
              ],
              [
                -57.57780100990866,
                -38.02442540937076
              ],
              [
                -57.57698907601245,
                -38.023752788283744
              ],
              [
                -57.57617171618184,
                -38.02307565396256
              ],
              [
                -57.575358417914664,
                -38.022401866192396
              ],
              [
                -57.57453829400237,
                -38.02172240522749
              ],
              [
                -57.57371759267122,
                -38.0210424473845
              ],
              [
                -57.57289328471824,
                -38.02035948280185
              ],
              [
                -57.572078585967006,
                -38.01968446139978
              ],
              [
                -57.57134392302957,
                -38.0191013241257
              ],
              [
                -57.57124671136129,
                -38.01895763489397
              ],
              [
                -57.5710080596999,
                -38.01899352238088
              ],
              [
                -57.57020574787108,
                -38.01960279733101
              ],
              [
                -57.56933119218215,
                -38.02029233083102
              ],
              [
                -57.568447239725415,
                -38.020918788067604
              ],
              [
                -57.56757141748922,
                -38.021583660235144
              ],
              [
                -57.56670765175335,
                -38.02223395042303
              ],
              [
                -57.56582961024198,
                -38.02290661676691
              ],
              [
                -57.56497256344301,
                -38.02355330226675
              ],
              [
                -57.5640958262251,
                -38.0242149894666
              ],
              [
                -57.56323145594027,
                -38.02486727384829
              ],
              [
                -57.56282144426081,
                -38.02519389796979
              ],
              [
                -57.562450955306915,
                -38.02548903358864
              ],
              [
                -57.56242000333302,
                -38.02551369010969
              ],
              [
                -57.562387471482936,
                -38.0255396051417
              ],
              [
                -57.56147167265869,
                -38.026217265813116
              ],
              [
                -57.56109227645016,
                -38.026507582227076
              ],
              [
                -57.560601226955214,
                -38.026883331061164
              ],
              [
                -57.55962430776233,
                -38.02762987699271
              ],
              [
                -57.5587599998172,
                -38.02828232000379
              ],
              [
                -57.557900796540565,
                -38.02892950591036
              ],
              [
                -57.557037878920994,
                -38.0295812585625
              ],
              [
                -57.55617116822685,
                -38.03023327483183
              ],
              [
                -57.55530985952744,
                -38.03088748472885
              ],
              [
                -57.554434932473235,
                -38.03153873080811
              ],
              [
                -57.5535705198758,
                -38.032191222877984
              ],
              [
                -57.55271002931434,
                -38.03283582275044
              ],
              [
                -57.55184436481038,
                -38.03349040446568
              ],
              [
                -57.550992827030754,
                -38.03413880256217
              ],
              [
                -57.55009849409,
                -38.034777971650314
              ],
              [
                -57.54924179682087,
                -38.035449708057
              ],
              [
                -57.5483709801732,
                -38.03611853105097
              ],
              [
                -57.54752104950049,
                -38.036761031374255
              ],
              [
                -57.54662556236806,
                -38.03741336398619
              ],
              [
                -57.545749814310945,
                -38.03806512724933
              ],
              [
                -57.54486003954211,
                -38.038735975850024
              ],
              [
                -57.54389734028963,
                -38.03946565379955
              ],
              [
                -57.54304648767327,
                -38.04011053900802
              ],
              [
                -57.542514131700486,
                -38.04051401778095
              ],
              [
                -57.542409363789346,
                -38.04059342176543
              ],
              [
                -57.54231981405567,
                -38.04070562795555
              ],
              [
                -57.54227020041217,
                -38.040737412505905
              ],
              [
                -57.542268004154934,
                -38.04073740488936
              ]
            ]
          ]
        ]
      }
    },
    {
      "type": "Feature",
      "properties": {
        "name": "íCíoímíiísíaíríííaí í6í",
        "code": "CRIA_íCíoímíiísíaíríííaí í6í",
        "color": "#6366f1",
        "gid": "8114"
      },
      "geometry": {
        "type": "MultiPolygon",
        "coordinates": [
          [
            [
              [
                -57.57825526910349,
                -37.90628146922002
              ],
              [
                -57.57863643521767,
                -37.906668489169824
              ],
              [
                -57.57884073189946,
                -37.9068759211189
              ],
              [
                -57.57963602792666,
                -37.90768340738998
              ],
              [
                -57.580811260521976,
                -37.908876611176126
              ],
              [
                -57.58194153464718,
                -37.910024120963534
              ],
              [
                -57.583106112910556,
                -37.911206408725995
              ],
              [
                -57.584254747163776,
                -37.91237246103734
              ],
              [
                -57.585287910898884,
                -37.91342125026286
              ],
              [
                -57.58651335735902,
                -37.91466517925817
              ],
              [
                -57.5878256770977,
                -37.91599723038564
              ],
              [
                -57.58917537025735,
                -37.917367150629275
              ],
              [
                -57.58976028901083,
                -37.91796081436752
              ],
              [
                -57.59091838981916,
                -37.919136192462176
              ],
              [
                -57.5912047680774,
                -37.91943010634612
              ],
              [
                -57.590947578417314,
                -37.92022368933339
              ],
              [
                -57.58909391517916,
                -37.92602741378055
              ],
              [
                -57.587358129174845,
                -37.931379530013295
              ],
              [
                -57.58685905901412,
                -37.933017997990724
              ],
              [
                -57.58647529418494,
                -37.93362335562718
              ],
              [
                -57.586322200419474,
                -37.933946396675836
              ],
              [
                -57.58628916190307,
                -37.93430270491783
              ],
              [
                -57.58626127117345,
                -37.934840693949184
              ],
              [
                -57.58621563626569,
                -37.93504260481418
              ],
              [
                -57.585547541974385,
                -37.93713480984749
              ],
              [
                -57.58460954441343,
                -37.94009397148559
              ],
              [
                -57.58406996172031,
                -37.941750569945924
              ],
              [
                -57.58384361381998,
                -37.94250159193074
              ],
              [
                -57.58366261838176,
                -37.94310511294647
              ],
              [
                -57.58344719173663,
                -37.943791594557766
              ],
              [
                -57.58330624190108,
                -37.944318764926216
              ],
              [
                -57.58292335092944,
                -37.94563062414379
              ],
              [
                -57.58277543638611,
                -37.94613318128364
              ],
              [
                -57.58258238324545,
                -37.9468500982099
              ],
              [
                -57.582427373676715,
                -37.94746806769958
              ],
              [
                -57.58240100443363,
                -37.947573865270144
              ],
              [
                -57.58236903095904,
                -37.94768733520957
              ],
              [
                -57.58223832323995,
                -37.9481511972154
              ],
              [
                -57.58184207179569,
                -37.949621828458454
              ],
              [
                -57.58158157201801,
                -37.9504226914504
              ],
              [
                -57.5813447587129,
                -37.95124295107135
              ],
              [
                -57.58128482421747,
                -37.951344410504504
              ],
              [
                -57.581276523345366,
                -37.95136873086674
              ],
              [
                -57.581254667978456,
                -37.95143276386419
              ],
              [
                -57.58121541106185,
                -37.951673007257064
              ],
              [
                -57.58119253084119,
                -37.95181302814456
              ],
              [
                -57.581237133531694,
                -37.952053320116725
              ],
              [
                -57.58131153985259,
                -37.95233181108486
              ],
              [
                -57.58089495420435,
                -37.95387654971813
              ],
              [
                -57.58056424735359,
                -37.95510278945574
              ],
              [
                -57.58049310460285,
                -37.95534844133137
              ],
              [
                -57.58035006089194,
                -37.95582155539966
              ],
              [
                -57.580160421744516,
                -37.956036687159504
              ],
              [
                -57.58009909139595,
                -37.95608942468935
              ],
              [
                -57.57984984506644,
                -37.956397244401174
              ],
              [
                -57.579815118076645,
                -37.956495046771224
              ],
              [
                -57.57982805551881,
                -37.95663467537749
              ],
              [
                -57.579833438110725,
                -37.956777871140396
              ],
              [
                -57.57990899388654,
                -37.956990852734364
              ],
              [
                -57.579919499394926,
                -37.957090406574224
              ],
              [
                -57.579918512861795,
                -37.95730063807993
              ],
              [
                -57.57990311685567,
                -37.95743924796643
              ],
              [
                -57.57974079922696,
                -37.95797454443813
              ],
              [
                -57.57967797814218,
                -37.95820088145294
              ],
              [
                -57.579490124633345,
                -37.95887768626302
              ],
              [
                -57.579388924970736,
                -37.959242285906384
              ],
              [
                -57.57904701725766,
                -37.96047407766359
              ],
              [
                -57.57867878975577,
                -37.96180064549043
              ],
              [
                -57.57831503559613,
                -37.963112436866986
              ],
              [
                -57.57798195788866,
                -37.96438669072677
              ],
              [
                -57.57778243333141,
                -37.965129809978315
              ],
              [
                -57.577636763203955,
                -37.965672340359085
              ],
              [
                -57.57747345847553,
                -37.96627970671228
              ],
              [
                -57.57738018192206,
                -37.96660584441582
              ],
              [
                -57.57713131430283,
                -37.967505965545854
              ],
              [
                -57.5769489066071,
                -37.96819081920043
              ],
              [
                -57.576896277046956,
                -37.96833766338182
              ],
              [
                -57.576806383918026,
                -37.96867939471352
              ],
              [
                -57.57656938975905,
                -37.969580317617485
              ],
              [
                -57.576523843955606,
                -37.96973869151509
              ],
              [
                -57.576459974267166,
                -37.96996078074483
              ],
              [
                -57.576346543532594,
                -37.970355201112724
              ],
              [
                -57.57633317094414,
                -37.9704016998467
              ],
              [
                -57.57630411176801,
                -37.97054948869996
              ],
              [
                -57.57628464593615,
                -37.97064848743909
              ],
              [
                -57.57626455071147,
                -37.97075068680135
              ],
              [
                -57.576258517415006,
                -37.970788278023285
              ],
              [
                -57.57624865052024,
                -37.970867152045024
              ],
              [
                -57.57623912676638,
                -37.971022444871124
              ],
              [
                -57.57622248584877,
                -37.97139014875311
              ],
              [
                -57.576214552523325,
                -37.97158780554146
              ],
              [
                -57.57624922780983,
                -37.971984835013934
              ],
              [
                -57.57632231450473,
                -37.972281861011176
              ],
              [
                -57.57641781279497,
                -37.97250205815514
              ],
              [
                -57.57664454679216,
                -37.972927232463206
              ],
              [
                -57.5772138198808,
                -37.97373880766432
              ],
              [
                -57.577811795811066,
                -37.974472742603176
              ],
              [
                -57.57813963473687,
                -37.974875113497156
              ],
              [
                -57.578244161205866,
                -37.97504262475273
              ],
              [
                -57.57832188580707,
                -37.97516222451343
              ],
              [
                -57.578782979103735,
                -37.975646916276375
              ],
              [
                -57.57892889896064,
                -37.97585432808582
              ],
              [
                -57.57910001739075,
                -37.97606966171955
              ],
              [
                -57.57923574115089,
                -37.97624045403711
              ],
              [
                -57.5798623570234,
                -37.97702896347177
              ],
              [
                -57.580558106601075,
                -37.97789057458605
              ],
              [
                -57.58113914953208,
                -37.978610115869
              ],
              [
                -57.58134514528206,
                -37.97886505250902
              ],
              [
                -57.58198156463297,
                -37.979666769880744
              ],
              [
                -57.58204115226207,
                -37.97986796012513
              ],
              [
                -57.58239586573958,
                -37.98030423839885
              ],
              [
                -57.58342998287181,
                -37.979768377437324
              ],
              [
                -57.58441540236376,
                -37.97925961260937
              ],
              [
                -57.58541877268504,
                -37.9787642521292
              ],
              [
                -57.58642769602045,
                -37.978264407901385
              ],
              [
                -57.58741140135433,
                -37.97775475410037
              ],
              [
                -57.588430384312346,
                -37.97725302344712
              ],
              [
                -57.58941469127187,
                -37.976745034786695
              ],
              [
                -57.59041392954894,
                -37.976235964413924
              ],
              [
                -57.59139900609265,
                -37.97572559253025
              ],
              [
                -57.59239040500977,
                -37.97522081170359
              ],
              [
                -57.59339251581398,
                -37.97471766189036
              ],
              [
                -57.59446297684974,
                -37.974171243366136
              ],
              [
                -57.59554891475184,
                -37.97363170762204
              ],
              [
                -57.5965479316477,
                -37.97313005543277
              ],
              [
                -57.597537997532285,
                -37.972604826898305
              ],
              [
                -57.59853379069165,
                -37.972108775879335
              ],
              [
                -57.59954044390235,
                -37.971610544927856
              ],
              [
                -57.60053602277213,
                -37.97110668470438
              ],
              [
                -57.601527242515054,
                -37.97059716376619
              ],
              [
                -57.602518189896735,
                -37.97010158799365
              ],
              [
                -57.60352341156036,
                -37.96959734755862
              ],
              [
                -57.60451941039169,
                -37.96909511394713
              ],
              [
                -57.605508458906094,
                -37.96858871909291
              ],
              [
                -57.6064512579485,
                -37.96811496589296
              ],
              [
                -57.607515063486,
                -37.96758775045517
              ],
              [
                -57.60850413336143,
                -37.9670812987416
              ],
              [
                -57.60949848854924,
                -37.966576020564986
              ],
              [
                -57.610495339551605,
                -37.96607028048998
              ],
              [
                -57.611489377709255,
                -37.96556553184325
              ],
              [
                -57.61248560797281,
                -37.965055523103494
              ],
              [
                -57.61349949449799,
                -37.96454039030905
              ],
              [
                -57.61447233778116,
                -37.96404500891949
              ],
              [
                -57.61502467274273,
                -37.963764667366384
              ],
              [
                -57.6152423562469,
                -37.96365417921972
              ],
              [
                -57.61547063980298,
                -37.96353831006844
              ],
              [
                -57.615787381743566,
                -37.96338512749727
              ],
              [
                -57.616271094412404,
                -37.96315119168795
              ],
              [
                -57.61648099970407,
                -37.96304967501785
              ],
              [
                -57.61689284440263,
                -37.96284306255718
              ],
              [
                -57.617287110570494,
                -37.962645266322504
              ],
              [
                -57.61747414692318,
                -37.962551432699854
              ],
              [
                -57.61854598336283,
                -37.96198878338504
              ],
              [
                -57.61962128430283,
                -37.9614472002161
              ],
              [
                -57.62061551180858,
                -37.96093812244558
              ],
              [
                -57.62161772637072,
                -37.96044070905695
              ],
              [
                -57.62261201008686,
                -37.95993034279864
              ],
              [
                -57.62360655624768,
                -37.95942776350503
              ],
              [
                -57.624609276395475,
                -37.958922638471115
              ],
              [
                -57.62559274499119,
                -37.958414126680076
              ],
              [
                -57.62659214423523,
                -37.957910441187025
              ],
              [
                -57.627559999641804,
                -37.95742137866258
              ],
              [
                -57.62857156671847,
                -37.956905892001515
              ],
              [
                -57.628646054292204,
                -37.956849953348296
              ],
              [
                -57.62905426932697,
                -37.95663595168095
              ],
              [
                -57.62910216050797,
                -37.95660763580859
              ],
              [
                -57.629083999991686,
                -37.95657499973592
              ],
              [
                -57.63538246782785,
                -37.95316831415871
              ],
              [
                -57.638407608872576,
                -37.95139220345132
              ],
              [
                -57.64485590475944,
                -37.946931614591655
              ],
              [
                -57.651603735544214,
                -37.941768482340095
              ],
              [
                -57.65196628677844,
                -37.9415525649811
              ],
              [
                -57.65562529581075,
                -37.93906349554518
              ],
              [
                -57.660534755521745,
                -37.93747385556764
              ],
              [
                -57.670464329903645,
                -37.93414766189093
              ],
              [
                -57.677400079615616,
                -37.929476585712884
              ],
              [
                -57.67831402826213,
                -37.92919896918917
              ],
              [
                -57.673530229816855,
                -37.92510753410148
              ],
              [
                -57.67869655839653,
                -37.92117619641749
              ],
              [
                -57.65422414985509,
                -37.90057816794705
              ],
              [
                -57.67339366478521,
                -37.886707417429164
              ],
              [
                -57.675912943586496,
                -37.88842341068913
              ],
              [
                -57.68037078414558,
                -37.88519465238756
              ],
              [
                -57.682331034018354,
                -37.88647829107282
              ],
              [
                -57.69613530007589,
                -37.87605096050549
              ],
              [
                -57.67530842242971,
                -37.858500629302334
              ],
              [
                -57.69739937035686,
                -37.84247897990871
              ],
              [
                -57.69376996698295,
                -37.83957513757973
              ],
              [
                -57.74908573847292,
                -37.79861421347962
              ],
              [
                -57.807311999995456,
                -37.75809399973879
              ],
              [
                -57.735830691943356,
                -37.69955446328901
              ],
              [
                -57.67326435678954,
                -37.744998271231125
              ],
              [
                -57.673312690911146,
                -37.74523488909936
              ],
              [
                -57.673262423860294,
                -37.74547708184331
              ],
              [
                -57.673648823159,
                -37.74644150815203
              ],
              [
                -57.67370120719618,
                -37.746783017401654
              ],
              [
                -57.67366635746188,
                -37.747282983100504
              ],
              [
                -57.67330956473544,
                -37.747624579199496
              ],
              [
                -57.67307626642028,
                -37.747959319069544
              ],
              [
                -57.673288086541184,
                -37.748119597776245
              ],
              [
                -57.674315730462816,
                -37.74833637088723
              ],
              [
                -57.67549455973702,
                -37.748932403445934
              ],
              [
                -57.6761507344192,
                -37.74912324230603
              ],
              [
                -57.677415939174864,
                -37.7486002164891
              ],
              [
                -57.67768759717989,
                -37.74911754703363
              ],
              [
                -57.67777394723222,
                -37.749487473801615
              ],
              [
                -57.67854258304704,
                -37.75014400376245
              ],
              [
                -57.67885288191826,
                -37.75056958085456
              ],
              [
                -57.67961777910552,
                -37.7510268980123
              ],
              [
                -57.68073228508028,
                -37.75101591015342
              ],
              [
                -57.68157687593141,
                -37.75205207099763
              ],
              [
                -57.682412324409015,
                -37.75225919943233
              ],
              [
                -57.682835082238356,
                -37.752563029030085
              ],
              [
                -57.68341504709612,
                -37.75241761124894
              ],
              [
                -57.684300069392116,
                -37.752692782589996
              ],
              [
                -57.685309440468124,
                -37.752630681316354
              ],
              [
                -57.68604613872553,
                -37.75291661981482
              ],
              [
                -57.686479668972574,
                -37.75320038682444
              ],
              [
                -57.687155494163335,
                -37.75334500421569
              ],
              [
                -57.68875056790187,
                -37.75398322357143
              ],
              [
                -57.689682247023825,
                -37.753428672801945
              ],
              [
                -57.690720751326765,
                -37.753332094370116
              ],
              [
                -57.69165197308615,
                -37.7536538033334
              ],
              [
                -57.69358815650858,
                -37.75350788569563
              ],
              [
                -57.69477502434469,
                -37.75477826034234
              ],
              [
                -57.69595448907731,
                -37.75458811337971
              ],
              [
                -57.69698620078167,
                -37.75415179885094
              ],
              [
                -57.698118764960725,
                -37.75421375442324
              ],
              [
                -57.62083132550356,
                -37.81297800754614
              ],
              [
                -57.59831969985155,
                -37.83013524883265
              ],
              [
                -57.57000435633428,
                -37.851559749623796
              ],
              [
                -57.54206546400811,
                -37.872690475403346
              ],
              [
                -57.55797136627807,
                -37.8858610346779
              ],
              [
                -57.56182302594502,
                -37.88300401175635
              ],
              [
                -57.58242991059841,
                -37.9000432280498
              ],
              [
                -57.579980958489585,
                -37.90372322739279
              ],
              [
                -57.579850818941225,
                -37.903916159454646
              ],
              [
                -57.57935032497907,
                -37.90465813117224
              ],
              [
                -57.578430475013,
                -37.90602174447663
              ],
              [
                -57.57825526910349,
                -37.90628146922002
              ]
            ]
          ]
        ]
      }
    },
    {
      "type": "Feature",
      "properties": {
        "name": "íCíoímíiísíaíríííaí í9í",
        "code": "CRIA_íCíoímíiísíaíríííaí í9í",
        "color": "#6366f1",
        "gid": "8115"
      },
      "geometry": {
        "type": "MultiPolygon",
        "coordinates": [
          [
            [
              [
                -57.53177843890137,
                -38.01272579565152
              ],
              [
                -57.531829258254035,
                -38.01287150596944
              ],
              [
                -57.53195554842068,
                -38.01315806443292
              ],
              [
                -57.532022833080816,
                -38.013437513865036
              ],
              [
                -57.532034159394705,
                -38.01366753868959
              ],
              [
                -57.53205216255537,
                -38.01396916076579
              ],
              [
                -57.53207972693735,
                -38.014310802192746
              ],
              [
                -57.5316807535189,
                -38.0150517447176
              ],
              [
                -57.531459353712755,
                -38.0154789413547
              ],
              [
                -57.531100082028054,
                -38.0159480795089
              ],
              [
                -57.53082152820545,
                -38.0161363077396
              ],
              [
                -57.53051187612761,
                -38.016298239136816
              ],
              [
                -57.53034286922053,
                -38.01643147748615
              ],
              [
                -57.53002448907369,
                -38.016642430046225
              ],
              [
                -57.52988174330158,
                -38.01669462816347
              ],
              [
                -57.529835771629976,
                -38.01671143865927
              ],
              [
                -57.52956818043309,
                -38.01674905965601
              ],
              [
                -57.52914034013507,
                -38.01678757808748
              ],
              [
                -57.52883428245934,
                -38.01679885442602
              ],
              [
                -57.52857423407009,
                -38.01680843497525
              ],
              [
                -57.527191415329014,
                -38.01689033363019
              ],
              [
                -57.525932274901415,
                -38.016965362885884
              ],
              [
                -57.52548420892603,
                -38.01700114679528
              ],
              [
                -57.52524543318219,
                -38.01710559720096
              ],
              [
                -57.52507154228649,
                -38.0172478324307
              ],
              [
                -57.5249759320224,
                -38.017445784277214
              ],
              [
                -57.52497918800185,
                -38.01760720842644
              ],
              [
                -57.5250181595041,
                -38.01776015148953
              ],
              [
                -57.52507499759026,
                -38.01804351798843
              ],
              [
                -57.52511795174262,
                -38.01815139658051
              ],
              [
                -57.52513974507099,
                -38.01826957593734
              ],
              [
                -57.525189708438816,
                -38.01838720718773
              ],
              [
                -57.525261962021226,
                -38.018808511724515
              ],
              [
                -57.52532204358797,
                -38.01907122527841
              ],
              [
                -57.52541240162094,
                -38.01938605125973
              ],
              [
                -57.5254327571234,
                -38.01945374030099
              ],
              [
                -57.52550264251395,
                -38.019624279079196
              ],
              [
                -57.525601245218596,
                -38.019796820192
              ],
              [
                -57.525731731609326,
                -38.01993538520757
              ],
              [
                -57.52585636116696,
                -38.02001144626901
              ],
              [
                -57.52607010925126,
                -38.02007890380596
              ],
              [
                -57.52622148682355,
                -38.020100087737454
              ],
              [
                -57.52673890949511,
                -38.02017023233982
              ],
              [
                -57.52743733286439,
                -38.020241532196735
              ],
              [
                -57.52758761576121,
                -38.0203001498116
              ],
              [
                -57.52770592615645,
                -38.02044189879368
              ],
              [
                -57.527733948316694,
                -38.020540607999735
              ],
              [
                -57.52778337465021,
                -38.02153455983553
              ],
              [
                -57.52780421895324,
                -38.02190423799969
              ],
              [
                -57.52780880328151,
                -38.02205689218677
              ],
              [
                -57.527798907824184,
                -38.02226407336894
              ],
              [
                -57.527771456966995,
                -38.022642783528774
              ],
              [
                -57.52775048906274,
                -38.022844144530325
              ],
              [
                -57.5278543033648,
                -38.023623428734794
              ],
              [
                -57.52795322155458,
                -38.02385743161683
              ],
              [
                -57.5280629582441,
                -38.02401020550765
              ],
              [
                -57.52816507912341,
                -38.024105809714975
              ],
              [
                -57.52965714378307,
                -38.024962606954425
              ],
              [
                -57.529838402306346,
                -38.025196766521915
              ],
              [
                -57.530658386397,
                -38.02569034686955
              ],
              [
                -57.53079613381744,
                -38.025757308685364
              ],
              [
                -57.53170825808342,
                -38.026200703773334
              ],
              [
                -57.532000426516944,
                -38.02659313507849
              ],
              [
                -57.532429758651205,
                -38.02719006079604
              ],
              [
                -57.532839557562816,
                -38.02783399028695
              ],
              [
                -57.533026516897735,
                -38.02845018861147
              ],
              [
                -57.53316468758776,
                -38.02872738839973
              ],
              [
                -57.533354706245284,
                -38.029123155602804
              ],
              [
                -57.53357217447501,
                -38.02959304354922
              ],
              [
                -57.53359706456135,
                -38.02995999863995
              ],
              [
                -57.533522339613256,
                -38.03060589047847
              ],
              [
                -57.533452358760776,
                -38.03083781780796
              ],
              [
                -57.53361455295228,
                -38.03125363748356
              ],
              [
                -57.53375457578484,
                -38.03149192503205
              ],
              [
                -57.533942371438506,
                -38.031787455949875
              ],
              [
                -57.53419972498012,
                -38.03211812601025
              ],
              [
                -57.53450422956676,
                -38.03239027802693
              ],
              [
                -57.53466863598459,
                -38.032514302167804
              ],
              [
                -57.535053610188335,
                -38.03279271243357
              ],
              [
                -57.535315852993804,
                -38.03296992485749
              ],
              [
                -57.53583329714915,
                -38.03326510085696
              ],
              [
                -57.536076628829875,
                -38.03342052144499
              ],
              [
                -57.536630195408414,
                -38.033981194193125
              ],
              [
                -57.53710837221422,
                -38.03443186307213
              ],
              [
                -57.53757732283207,
                -38.034936086595536
              ],
              [
                -57.538106905605304,
                -38.03556951646358
              ],
              [
                -57.53864359601156,
                -38.036265443530446
              ],
              [
                -57.53961114627171,
                -38.03754976927832
              ],
              [
                -57.540988009717225,
                -38.039419920976854
              ],
              [
                -57.541491872063425,
                -38.03995085416576
              ],
              [
                -57.54213380792601,
                -38.04060277254861
              ],
              [
                -57.542268004154934,
                -38.04073740488936
              ],
              [
                -57.54227020041213,
                -38.040737412505905
              ],
              [
                -57.54231981405567,
                -38.04070562795555
              ],
              [
                -57.542409363789346,
                -38.04059342176543
              ],
              [
                -57.542514131700486,
                -38.04051401778095
              ],
              [
                -57.54304648767327,
                -38.040110539008005
              ],
              [
                -57.54389734028963,
                -38.03946565379955
              ],
              [
                -57.54486003954211,
                -38.03873597585001
              ],
              [
                -57.545749814310945,
                -38.03806512724933
              ],
              [
                -57.54662556236806,
                -38.03741336398619
              ],
              [
                -57.54752104950049,
                -38.036761031374255
              ],
              [
                -57.5483709801732,
                -38.03611853105097
              ],
              [
                -57.54924179682087,
                -38.035449708057
              ],
              [
                -57.55009849409,
                -38.034777971650314
              ],
              [
                -57.550992827030754,
                -38.03413880256217
              ],
              [
                -57.55184436481038,
                -38.03349040446568
              ],
              [
                -57.55271002931433,
                -38.032835822750435
              ],
              [
                -57.5535705198758,
                -38.032191222877984
              ],
              [
                -57.554434932473235,
                -38.03153873080811
              ],
              [
                -57.55530985952744,
                -38.03088748472885
              ],
              [
                -57.55617116822685,
                -38.03023327483183
              ],
              [
                -57.557037878920994,
                -38.0295812585625
              ],
              [
                -57.5570458112011,
                -38.029428346009205
              ],
              [
                -57.556912829577385,
                -38.02927035636546
              ],
              [
                -57.55626357569245,
                -38.0284779217591
              ],
              [
                -57.55563156480112,
                -38.02768278843371
              ],
              [
                -57.55499723030668,
                -38.026900946889576
              ],
              [
                -57.5543676411642,
                -38.02610504445297
              ],
              [
                -57.55374418737619,
                -38.02532422105466
              ],
              [
                -57.55303820348091,
                -38.02446239430056
              ],
              [
                -57.552349127794834,
                -38.02360737104959
              ],
              [
                -57.55170451363386,
                -38.02281473165583
              ],
              [
                -57.551069587477464,
                -38.02202778240629
              ],
              [
                -57.5504245815155,
                -38.02123161175056
              ],
              [
                -57.54978386308639,
                -38.02045135098367
              ],
              [
                -57.54914388365449,
                -38.01965261935363
              ],
              [
                -57.548503956003586,
                -38.01886883352291
              ],
              [
                -57.54786564978241,
                -38.018079890291204
              ],
              [
                -57.54722436742574,
                -38.01728495375489
              ],
              [
                -57.54658660519313,
                -38.01649239366277
              ],
              [
                -57.545950542167404,
                -38.015704963931725
              ],
              [
                -57.54531100287846,
                -38.01491284548989
              ],
              [
                -57.54467125737065,
                -38.01412921747085
              ],
              [
                -57.544033885579296,
                -38.013336184608185
              ],
              [
                -57.543394194923586,
                -38.01254370152312
              ],
              [
                -57.54275720635563,
                -38.01175250721281
              ],
              [
                -57.54212254217234,
                -38.01095696701727
              ],
              [
                -57.54148139040656,
                -38.01016741776196
              ],
              [
                -57.540836364440594,
                -38.00937390005891
              ],
              [
                -57.54015443072363,
                -38.00852076837637
              ],
              [
                -57.53914324966689,
                -38.00903068165143
              ],
              [
                -57.538165404749975,
                -38.009536250500624
              ],
              [
                -57.537159471487485,
                -38.01003559367805
              ],
              [
                -57.53614216660825,
                -38.0105470389185
              ],
              [
                -57.535149154981966,
                -38.01105266043292
              ],
              [
                -57.53413437783858,
                -38.01156410688346
              ],
              [
                -57.53314249881627,
                -38.012077972787964
              ],
              [
                -57.532318115910776,
                -38.01248849121885
              ],
              [
                -57.53177843890137,
                -38.01272579565152
              ]
            ]
          ]
        ]
      }
    },
    {
      "type": "Feature",
      "properties": {
        "name": "íCíoímíiísíaíríííaí í1í",
        "code": "CRIA_íCíoímíiísíaíríííaí í1í",
        "color": "#6366f1",
        "gid": "8116"
      },
      "geometry": {
        "type": "MultiPolygon",
        "coordinates": [
          [
            [
              [
                -57.542385630272896,
                -37.97095049288261
              ],
              [
                -57.542356134025084,
                -37.97100554038228
              ],
              [
                -57.5423141825957,
                -37.971251584388014
              ],
              [
                -57.542364954129795,
                -37.97180012138818
              ],
              [
                -57.54246367838871,
                -37.97259861145227
              ],
              [
                -57.54257874750592,
                -37.97363300528221
              ],
              [
                -57.54269157380849,
                -37.97447517119218
              ],
              [
                -57.5428523351274,
                -37.97549036691586
              ],
              [
                -57.54302393838726,
                -37.976259192022816
              ],
              [
                -57.543213116318306,
                -37.977106736757115
              ],
              [
                -57.54342298623164,
                -37.97804663073433
              ],
              [
                -57.54357801183324,
                -37.97882860485017
              ],
              [
                -57.5437012075947,
                -37.979452627905516
              ],
              [
                -57.54380351735669,
                -37.98032059499652
              ],
              [
                -57.54385716718454,
                -37.980889200059316
              ],
              [
                -57.54391461641342,
                -37.981481191861896
              ],
              [
                -57.54397910353842,
                -37.981983638949224
              ],
              [
                -57.54408319037196,
                -37.982601749322946
              ],
              [
                -57.544226138860715,
                -37.9836160642242
              ],
              [
                -57.54428844412294,
                -37.98403484797474
              ],
              [
                -57.54455987907733,
                -37.9860652327878
              ],
              [
                -57.544671899841134,
                -37.98669502631922
              ],
              [
                -57.54479958707882,
                -37.98724076409524
              ],
              [
                -57.544929450690155,
                -37.98770693803981
              ],
              [
                -57.54497293763649,
                -37.98779826609655
              ],
              [
                -57.54498661456263,
                -37.987885760094024
              ],
              [
                -57.54505799615959,
                -37.98843467864727
              ],
              [
                -57.54513277710627,
                -37.989096654247554
              ],
              [
                -57.54518031041948,
                -37.98952970055873
              ],
              [
                -57.54521197902723,
                -37.98992489187978
              ],
              [
                -57.545220704174746,
                -37.991040948167345
              ],
              [
                -57.54522374710296,
                -37.99193729173053
              ],
              [
                -57.544980253353884,
                -37.99219686633503
              ],
              [
                -57.54491327284463,
                -37.99251512995084
              ],
              [
                -57.54486371438055,
                -37.99299587280993
              ],
              [
                -57.544775708348034,
                -37.993567832223334
              ],
              [
                -57.54434933789312,
                -37.99407268177964
              ],
              [
                -57.54390505925388,
                -37.994612025794076
              ],
              [
                -57.54372532171563,
                -37.99474971295155
              ],
              [
                -57.54348974212367,
                -37.99481005689921
              ],
              [
                -57.5432403441859,
                -37.9948650378329
              ],
              [
                -57.54304472230101,
                -37.99489494547185
              ],
              [
                -57.5429427377258,
                -37.994944516429854
              ],
              [
                -57.54277360921153,
                -37.99506736295113
              ],
              [
                -57.54248709287513,
                -37.995318533174924
              ],
              [
                -57.54215838209387,
                -37.99565058838282
              ],
              [
                -57.542008081169584,
                -37.99581696082205
              ],
              [
                -57.54190668524277,
                -37.99599868916548
              ],
              [
                -57.54170873013621,
                -37.99622381654954
              ],
              [
                -57.54153302880953,
                -37.99639416968456
              ],
              [
                -57.5413400311636,
                -37.99658129142553
              ],
              [
                -57.54128540335534,
                -37.99666176132859
              ],
              [
                -57.54110508338024,
                -37.99692738151946
              ],
              [
                -57.54095257330378,
                -37.997110757190185
              ],
              [
                -57.540841346668756,
                -37.99727520720873
              ],
              [
                -57.54083188637593,
                -37.99741506977746
              ],
              [
                -57.54088801642648,
                -37.99763289431308
              ],
              [
                -57.541005964066876,
                -37.997863147477986
              ],
              [
                -57.54119957953853,
                -37.99813077163702
              ],
              [
                -57.541410970534024,
                -37.998549825530944
              ],
              [
                -57.5415384142648,
                -37.99880423942517
              ],
              [
                -57.54156892231821,
                -37.998963382989864
              ],
              [
                -57.54151835581082,
                -37.999278930552165
              ],
              [
                -57.541363985907964,
                -38.00011795661198
              ],
              [
                -57.541236999989415,
                -38.00079599973522
              ],
              [
                -57.541399323958714,
                -38.00214395419485
              ],
              [
                -57.54115099998943,
                -38.002587999735205
              ],
              [
                -57.5411996764282,
                -38.003143252970034
              ],
              [
                -57.54123699998943,
                -38.0035689997352
              ],
              [
                -57.541030100586894,
                -38.00453116985743
              ],
              [
                -57.54086789790959,
                -38.00528546094811
              ],
              [
                -57.5408079999894,
                -38.005563999735166
              ],
              [
                -57.540468821675226,
                -38.005856034014016
              ],
              [
                -57.53943399998936,
                -38.00674699973515
              ],
              [
                -57.53873110174158,
                -38.0071656714219
              ],
              [
                -57.537758542833664,
                -38.00774494757965
              ],
              [
                -57.53731553247161,
                -38.00798472990073
              ],
              [
                -57.537184191802176,
                -38.00790392724835
              ],
              [
                -57.53677538920568,
                -38.008025326107656
              ],
              [
                -57.536451726359886,
                -38.008146997467755
              ],
              [
                -57.53626694789032,
                -38.008138251576675
              ],
              [
                -57.53576599135819,
                -38.008211688085055
              ],
              [
                -57.53522942543332,
                -38.008154851153016
              ],
              [
                -57.53415227782176,
                -38.0081520545623
              ],
              [
                -57.53381167785184,
                -38.00816888325394
              ],
              [
                -57.533496186385676,
                -38.008176424209466
              ],
              [
                -57.53327014962371,
                -38.00827216673781
              ],
              [
                -57.53300911543429,
                -38.00847817540279
              ],
              [
                -57.53292054297188,
                -38.008692362438836
              ],
              [
                -57.53285908288294,
                -38.00889420363344
              ],
              [
                -57.53271748321113,
                -38.009162917348355
              ],
              [
                -57.532553367703876,
                -38.009492772165125
              ],
              [
                -57.53235869364379,
                -38.009866634036754
              ],
              [
                -57.53220004552526,
                -38.01022847779392
              ],
              [
                -57.531991710726714,
                -38.010683490846226
              ],
              [
                -57.53187355613532,
                -38.0109658973297
              ],
              [
                -57.531821990578244,
                -38.011127663533884
              ],
              [
                -57.53177820090092,
                -38.011461463377344
              ],
              [
                -57.53175749529825,
                -38.01181413267182
              ],
              [
                -57.53174225641272,
                -38.01204301619932
              ],
              [
                -57.53169917669341,
                -38.01233532505917
              ],
              [
                -57.53170786942296,
                -38.01252345643884
              ],
              [
                -57.53177843890137,
                -38.01272579565152
              ],
              [
                -57.532318115910776,
                -38.01248849121885
              ],
              [
                -57.53314249881627,
                -38.012077972787964
              ],
              [
                -57.53413437783858,
                -38.01156410688346
              ],
              [
                -57.535149154981966,
                -38.01105266043292
              ],
              [
                -57.53614216660825,
                -38.0105470389185
              ],
              [
                -57.537159471487485,
                -38.01003559367805
              ],
              [
                -57.538165404749975,
                -38.009536250500624
              ],
              [
                -57.53914324966689,
                -38.00903068165143
              ],
              [
                -57.540154430723625,
                -38.00852076837637
              ],
              [
                -57.54114857102263,
                -38.0080147457737
              ],
              [
                -57.54215332668467,
                -38.00751148864786
              ],
              [
                -57.54313107512523,
                -38.0070019077477
              ],
              [
                -57.54415720915401,
                -38.006507531114806
              ],
              [
                -57.54514170524406,
                -38.00600759486288
              ],
              [
                -57.54614795801803,
                -38.00549465429871
              ],
              [
                -57.54713851653235,
                -38.00498704032092
              ],
              [
                -57.5481353232693,
                -38.004481205871436
              ],
              [
                -57.549133254862404,
                -38.003976156623615
              ],
              [
                -57.55013668022636,
                -38.00346992385221
              ],
              [
                -57.551129185107094,
                -38.00296162061238
              ],
              [
                -57.552133876565584,
                -38.00246041278395
              ],
              [
                -57.55313323436391,
                -38.00196508602383
              ],
              [
                -57.55412637537467,
                -38.001444336384274
              ],
              [
                -57.55513223888363,
                -38.00094908906156
              ],
              [
                -57.556200913642904,
                -38.00040349601142
              ],
              [
                -57.55728722362561,
                -37.99985723202263
              ],
              [
                -57.558289303767445,
                -37.99935726126004
              ],
              [
                -57.55928975361254,
                -37.99884363421008
              ],
              [
                -57.560286297298234,
                -37.99833664946748
              ],
              [
                -57.561290010121915,
                -37.99783649757116
              ],
              [
                -57.56227722348876,
                -37.99733362565386
              ],
              [
                -57.563279655036354,
                -37.99682392676228
              ],
              [
                -57.56429862668731,
                -37.9963261757395
              ],
              [
                -57.56529033176715,
                -37.99581498052519
              ],
              [
                -57.566284336928916,
                -37.99531301854266
              ],
              [
                -57.56559275418071,
                -37.99444920725551
              ],
              [
                -57.56495057667982,
                -37.99366280630869
              ],
              [
                -57.56489581976713,
                -37.99360196922816
              ],
              [
                -57.56476736527837,
                -37.99343794344539
              ],
              [
                -57.56457948820414,
                -37.99319803840993
              ],
              [
                -57.56431992421573,
                -37.99286659156331
              ],
              [
                -57.564295057580956,
                -37.992836236972835
              ],
              [
                -57.56423409154424,
                -37.99276181587899
              ],
              [
                -57.5641847387437,
                -37.992701570905666
              ],
              [
                -57.56415941264425,
                -37.99267065528632
              ],
              [
                -57.56413028477577,
                -37.99263509880254
              ],
              [
                -57.564102192638316,
                -37.99260080660086
              ],
              [
                -57.56406161060052,
                -37.99255126785434
              ],
              [
                -57.564023596770845,
                -37.992504864064834
              ],
              [
                -57.56397403141455,
                -37.99244435913047
              ],
              [
                -57.56368603201193,
                -37.99209279303076
              ],
              [
                -57.56304281878482,
                -37.99129685667354
              ],
              [
                -57.562351862020755,
                -37.990442464701474
              ],
              [
                -57.56166091093966,
                -37.98958398031829
              ],
              [
                -57.56151930462677,
                -37.98940806860989
              ],
              [
                -57.561172788843564,
                -37.98897760216113
              ],
              [
                -57.56101943459771,
                -37.988787092788584
              ],
              [
                -57.56096161699561,
                -37.98871635701019
              ],
              [
                -57.560799130529674,
                -37.98851756537268
              ],
              [
                -57.56068624453646,
                -37.98837945595367
              ],
              [
                -57.56057994266975,
                -37.9882494012754
              ],
              [
                -57.560376986302224,
                -37.98800109346712
              ],
              [
                -57.560068966527055,
                -37.98762228927759
              ],
              [
                -57.559739160591455,
                -37.987216687325606
              ],
              [
                -57.55921434898014,
                -37.98657196138924
              ],
              [
                -57.559095116785315,
                -37.98642548396699
              ],
              [
                -57.558696047503766,
                -37.98592730626552
              ],
              [
                -57.558406855384305,
                -37.98556628871448
              ],
              [
                -57.55804276426784,
                -37.985120201792995
              ],
              [
                -57.557713166432244,
                -37.98471637083234
              ],
              [
                -57.557400351620544,
                -37.9843292685253
              ],
              [
                -57.557076073624415,
                -37.98392797575024
              ],
              [
                -57.556716828431135,
                -37.98347571806286
              ],
              [
                -57.55644489921514,
                -37.98313337914017
              ],
              [
                -57.55606724835883,
                -37.98267221069032
              ],
              [
                -57.55580268247285,
                -37.982349131961705
              ],
              [
                -57.55542708598284,
                -37.9818841273815
              ],
              [
                -57.55516114886685,
                -37.98155488168443
              ],
              [
                -57.55452157329243,
                -37.9807564839433
              ],
              [
                -57.553884881224974,
                -37.97997775395825
              ],
              [
                -57.553524407544074,
                -37.97952688984082
              ],
              [
                -57.5532480125752,
                -37.979181183227524
              ],
              [
                -57.55293930279715,
                -37.978799386368685
              ],
              [
                -57.55260857562601,
                -37.978390354386164
              ],
              [
                -57.55227730795895,
                -37.97797537514509
              ],
              [
                -57.55197420404317,
                -37.97759567191108
              ],
              [
                -57.551631081953026,
                -37.97717683384573
              ],
              [
                -57.55133437265967,
                -37.976814645893946
              ],
              [
                -57.5506895227335,
                -37.97602613953093
              ],
              [
                -57.550055148771165,
                -37.97523785620105
              ],
              [
                -57.54941299083522,
                -37.974439950732574
              ],
              [
                -57.54877326127383,
                -37.9736442957508
              ],
              [
                -57.548133659948896,
                -37.97285436006657
              ],
              [
                -57.54749485632654,
                -37.972067514083896
              ],
              [
                -57.546851492779226,
                -37.97127658421063
              ],
              [
                -57.54622194619955,
                -37.970474008924036
              ],
              [
                -57.545552332292075,
                -37.969660630235595
              ],
              [
                -57.54455433289424,
                -37.97016546465379
              ],
              [
                -57.54366821504071,
                -37.97061369134875
              ],
              [
                -57.543554608865456,
                -37.970671156079405
              ],
              [
                -57.543455237325404,
                -37.970721420445166
              ],
              [
                -57.543186909176846,
                -37.97087648115532
              ],
              [
                -57.542986597204596,
                -37.97091899809724
              ],
              [
                -57.542825399141186,
                -37.970897986258294
              ],
              [
                -57.542385630272896,
                -37.97095049288261
              ]
            ]
          ]
        ]
      }
    },
    {
      "type": "Feature",
      "properties": {
        "name": "íCíoímíiísíaíríííaí í2í",
        "code": "CRIA_íCíoímíiísíaíríííaí í2í",
        "color": "#6366f1",
        "gid": "8117"
      },
      "geometry": {
        "type": "MultiPolygon",
        "coordinates": [
          [
            [
              [
                -57.579944549668305,
                -38.01235823671953
              ],
              [
                -57.57991085723553,
                -38.01216976396724
              ],
              [
                -57.57899750589091,
                -38.01103125954566
              ],
              [
                -57.57836217610542,
                -38.01026150686729
              ],
              [
                -57.5778198595129,
                -38.009583001965545
              ],
              [
                -57.57719706466583,
                -38.00881843537885
              ],
              [
                -57.5765650535957,
                -38.008026782097296
              ],
              [
                -57.57592820399729,
                -38.007236875307306
              ],
              [
                -57.57529908426527,
                -38.006457030010495
              ],
              [
                -57.57464157527728,
                -38.00563923572199
              ],
              [
                -57.574373465014624,
                -38.005308247408905
              ],
              [
                -57.574257142110056,
                -38.005164643017295
              ],
              [
                -57.57412535673199,
                -38.00500194891283
              ],
              [
                -57.574004032346,
                -38.00485887372872
              ],
              [
                -57.57378787462826,
                -38.00459012953213
              ],
              [
                -57.5734604777719,
                -38.00418656818732
              ],
              [
                -57.57336424932862,
                -38.004067952506276
              ],
              [
                -57.57313227959087,
                -38.003780483329834
              ],
              [
                -57.572726888720766,
                -38.003278095236666
              ],
              [
                -57.5723801272737,
                -38.002849637299754
              ],
              [
                -57.57208800584486,
                -38.00248868798183
              ],
              [
                -57.57173285029642,
                -38.00204848414218
              ],
              [
                -57.571452725215714,
                -38.00170127382569
              ],
              [
                -57.571079787824104,
                -38.00124309497624
              ],
              [
                -57.57080998265687,
                -38.000911616901526
              ],
              [
                -57.570448948852345,
                -38.00046305897066
              ],
              [
                -57.57017271963364,
                -38.00011986020667
              ],
              [
                -57.56981700319224,
                -37.99967980467077
              ],
              [
                -57.56953745280115,
                -37.999333969585926
              ],
              [
                -57.56918691764911,
                -37.998894543130874
              ],
              [
                -57.56890158655876,
                -37.998536851180944
              ],
              [
                -57.568604753163115,
                -37.99817645544131
              ],
              [
                -57.568252516959305,
                -37.9977487878616
              ],
              [
                -57.56790792468315,
                -37.99731518035576
              ],
              [
                -57.56761975445367,
                -37.99695256532867
              ],
              [
                -57.56723376549456,
                -37.99648101399934
              ],
              [
                -57.566976990048516,
                -37.99616731509645
              ],
              [
                -57.566605957468575,
                -37.99570969806474
              ],
              [
                -57.566284336928916,
                -37.99531301854266
              ],
              [
                -57.56529033176715,
                -37.99581498052519
              ],
              [
                -57.56429862668731,
                -37.9963261757395
              ],
              [
                -57.563279655036354,
                -37.99682392676228
              ],
              [
                -57.56227722348876,
                -37.99733362565386
              ],
              [
                -57.561290010121915,
                -37.99783649757116
              ],
              [
                -57.560286297298234,
                -37.99833664946748
              ],
              [
                -57.55928975361254,
                -37.99884363421008
              ],
              [
                -57.558289303767445,
                -37.99935726126004
              ],
              [
                -57.55728722362561,
                -37.99985723202263
              ],
              [
                -57.556200913642904,
                -38.00040349601142
              ],
              [
                -57.55513223888363,
                -38.00094908906156
              ],
              [
                -57.55412637537467,
                -38.001444336384246
              ],
              [
                -57.55313323436391,
                -38.00196508602383
              ],
              [
                -57.552133876565584,
                -38.00246041278395
              ],
              [
                -57.551129185107094,
                -38.00296162061238
              ],
              [
                -57.55013668022636,
                -38.00346992385221
              ],
              [
                -57.549133254862404,
                -38.003976156623615
              ],
              [
                -57.548135323269285,
                -38.004481205871436
              ],
              [
                -57.54713851653235,
                -38.00498704032092
              ],
              [
                -57.54614795801803,
                -38.00549465429871
              ],
              [
                -57.54514170524406,
                -38.00600759486288
              ],
              [
                -57.54415720915401,
                -38.00650753111479
              ],
              [
                -57.54313107512523,
                -38.0070019077477
              ],
              [
                -57.54215332668467,
                -38.00751148864786
              ],
              [
                -57.54114857102263,
                -38.0080147457737
              ],
              [
                -57.540154430723625,
                -38.00852076837637
              ],
              [
                -57.540836364440594,
                -38.0093739000589
              ],
              [
                -57.54148139040656,
                -38.01016741776196
              ],
              [
                -57.54212254217234,
                -38.01095696701727
              ],
              [
                -57.54275720635563,
                -38.01175250721281
              ],
              [
                -57.543394194923586,
                -38.01254370152312
              ],
              [
                -57.544033885579296,
                -38.013336184608185
              ],
              [
                -57.54467125737065,
                -38.01412921747085
              ],
              [
                -57.54531100287846,
                -38.01491284548989
              ],
              [
                -57.545950542167404,
                -38.015704963931725
              ],
              [
                -57.54658660519313,
                -38.016492393662766
              ],
              [
                -57.54722436742574,
                -38.01728495375489
              ],
              [
                -57.5478656497824,
                -38.018079890291204
              ],
              [
                -57.548503956003586,
                -38.01886883352291
              ],
              [
                -57.54914388365449,
                -38.01965261935363
              ],
              [
                -57.549783863086375,
                -38.02045135098367
              ],
              [
                -57.5504245815155,
                -38.02123161175056
              ],
              [
                -57.551069587477464,
                -38.02202778240629
              ],
              [
                -57.55170451363386,
                -38.02281473165583
              ],
              [
                -57.552349127794834,
                -38.02360737104959
              ],
              [
                -57.55303820348091,
                -38.02446239430056
              ],
              [
                -57.55374418737619,
                -38.02532422105466
              ],
              [
                -57.5543676411642,
                -38.02610504445297
              ],
              [
                -57.55499723030668,
                -38.026900946889576
              ],
              [
                -57.55563156480112,
                -38.02768278843371
              ],
              [
                -57.55626357569245,
                -38.0284779217591
              ],
              [
                -57.556912829577385,
                -38.02927035636546
              ],
              [
                -57.5570458112011,
                -38.029428346009205
              ],
              [
                -57.557037878920994,
                -38.0295812585625
              ],
              [
                -57.557900796540565,
                -38.02892950591036
              ],
              [
                -57.5587599998172,
                -38.02828232000379
              ],
              [
                -57.55962430776233,
                -38.02762987699271
              ],
              [
                -57.560601226955214,
                -38.026883331061164
              ],
              [
                -57.56109227645016,
                -38.026507582227076
              ],
              [
                -57.56147167265869,
                -38.026217265813116
              ],
              [
                -57.562387471482936,
                -38.0255396051417
              ],
              [
                -57.56242000333302,
                -38.02551369010969
              ],
              [
                -57.562450955306915,
                -38.02548903358864
              ],
              [
                -57.56282144426081,
                -38.02519389796979
              ],
              [
                -57.56323145594027,
                -38.02486727384829
              ],
              [
                -57.5640958262251,
                -38.0242149894666
              ],
              [
                -57.56497256344301,
                -38.02355330226671
              ],
              [
                -57.56582961024198,
                -38.02290661676691
              ],
              [
                -57.56670765175335,
                -38.02223395042303
              ],
              [
                -57.56757141748922,
                -38.021583660235144
              ],
              [
                -57.568447239725415,
                -38.020918788067604
              ],
              [
                -57.56933119218215,
                -38.02029233083102
              ],
              [
                -57.57020574787108,
                -38.01960279733101
              ],
              [
                -57.5710080596999,
                -38.01899352238088
              ],
              [
                -57.57124671136129,
                -38.01895763489397
              ],
              [
                -57.57215385052146,
                -38.018270450118465
              ],
              [
                -57.57389714246749,
                -38.01694283316755
              ],
              [
                -57.574767767219484,
                -38.016287356638784
              ],
              [
                -57.57565310755002,
                -38.01562400512814
              ],
              [
                -57.57612298674312,
                -38.01525494723251
              ],
              [
                -57.57666757813213,
                -38.0148467678678
              ],
              [
                -57.5773987242038,
                -38.01428677165734
              ],
              [
                -57.578277596683314,
                -38.01363669692253
              ],
              [
                -57.579944549668305,
                -38.01235823671953
              ]
            ]
          ]
        ]
      }
    },
    {
      "type": "Feature",
      "properties": {
        "name": "íCíoímíiísíaíríííaí í4í",
        "code": "CRIA_íCíoímíiísíaíríííaí í4í",
        "color": "#6366f1",
        "gid": "8118"
      },
      "geometry": {
        "type": "MultiPolygon",
        "coordinates": [
          [
            [
              [
                -57.55197420404314,
                -37.97759567191108
              ],
              [
                -57.55227730795895,
                -37.97797537514509
              ],
              [
                -57.55260857562601,
                -37.978390354386164
              ],
              [
                -57.55293930279715,
                -37.978799386368685
              ],
              [
                -57.5532480125752,
                -37.979181183227524
              ],
              [
                -57.553524407544074,
                -37.97952688984082
              ],
              [
                -57.553884881224974,
                -37.97997775395825
              ],
              [
                -57.55452157329243,
                -37.9807564839433
              ],
              [
                -57.55516114886685,
                -37.98155488168443
              ],
              [
                -57.55542708598284,
                -37.9818841273815
              ],
              [
                -57.55580268247285,
                -37.982349131961705
              ],
              [
                -57.55606724835883,
                -37.98267221069032
              ],
              [
                -57.55644489921514,
                -37.98313337914017
              ],
              [
                -57.556716828431135,
                -37.98347571806286
              ],
              [
                -57.557076073624415,
                -37.98392797575024
              ],
              [
                -57.557400351620544,
                -37.9843292685253
              ],
              [
                -57.557713166432244,
                -37.98471637083234
              ],
              [
                -57.55804276426784,
                -37.985120201792995
              ],
              [
                -57.558406855384305,
                -37.98556628871448
              ],
              [
                -57.558696047503766,
                -37.98592730626552
              ],
              [
                -57.559095116785315,
                -37.98642548396699
              ],
              [
                -57.55921434898014,
                -37.98657196138924
              ],
              [
                -57.559739160591455,
                -37.987216687325606
              ],
              [
                -57.560068966527055,
                -37.98762228927759
              ],
              [
                -57.56037698630221,
                -37.9880010934671
              ],
              [
                -57.56057994266975,
                -37.9882494012754
              ],
              [
                -57.56068624453646,
                -37.98837945595367
              ],
              [
                -57.560799130529674,
                -37.98851756537268
              ],
              [
                -57.56096161699561,
                -37.98871635701019
              ],
              [
                -57.56101943459771,
                -37.988787092788584
              ],
              [
                -57.561172788843564,
                -37.98897760216113
              ],
              [
                -57.56151930462677,
                -37.98940806860989
              ],
              [
                -57.56166091093966,
                -37.98958398031829
              ],
              [
                -57.562351862020755,
                -37.990442464701474
              ],
              [
                -57.56304281878482,
                -37.99129685667354
              ],
              [
                -57.56368603201193,
                -37.99209279303076
              ],
              [
                -57.56397403141455,
                -37.99244435913047
              ],
              [
                -57.564023596770845,
                -37.992504864064834
              ],
              [
                -57.56406161060052,
                -37.99255126785434
              ],
              [
                -57.564102192638316,
                -37.99260080660086
              ],
              [
                -57.56413028477577,
                -37.99263509880254
              ],
              [
                -57.56415941264425,
                -37.99267065528632
              ],
              [
                -57.5641847387437,
                -37.992701570905666
              ],
              [
                -57.56423409154424,
                -37.99276181587899
              ],
              [
                -57.564295057580956,
                -37.992836236972835
              ],
              [
                -57.56431992421573,
                -37.99286659156331
              ],
              [
                -57.56457948820414,
                -37.993198038409915
              ],
              [
                -57.56476736527837,
                -37.99343794344539
              ],
              [
                -57.56489581976713,
                -37.99360196922816
              ],
              [
                -57.56495057667982,
                -37.99366280630869
              ],
              [
                -57.56559275418071,
                -37.99444920725551
              ],
              [
                -57.566284336928916,
                -37.99531301854266
              ],
              [
                -57.56660595746856,
                -37.995709698064736
              ],
              [
                -57.566976990048516,
                -37.99616731509645
              ],
              [
                -57.56723376549456,
                -37.99648101399934
              ],
              [
                -57.56761975445367,
                -37.99695256532867
              ],
              [
                -57.56790792468315,
                -37.99731518035576
              ],
              [
                -57.568252516959305,
                -37.9977487878616
              ],
              [
                -57.568604753163115,
                -37.99817645544131
              ],
              [
                -57.56890158655876,
                -37.998536851180944
              ],
              [
                -57.56918691764911,
                -37.998894543130874
              ],
              [
                -57.56953745280115,
                -37.999333969585926
              ],
              [
                -57.56981700319224,
                -37.99967980467077
              ],
              [
                -57.57017271963364,
                -38.00011986020667
              ],
              [
                -57.570448948852345,
                -38.00046305897066
              ],
              [
                -57.57080998265687,
                -38.000911616901526
              ],
              [
                -57.571079787824104,
                -38.00124309497624
              ],
              [
                -57.571452725215714,
                -38.00170127382569
              ],
              [
                -57.57173285029642,
                -38.00204848414216
              ],
              [
                -57.57208800584486,
                -38.00248868798183
              ],
              [
                -57.5723801272737,
                -38.002849637299754
              ],
              [
                -57.572726888720766,
                -38.003278095236666
              ],
              [
                -57.57313227959087,
                -38.003780483329834
              ],
              [
                -57.57336424932862,
                -38.004067952506276
              ],
              [
                -57.5734604777719,
                -38.00418656818732
              ],
              [
                -57.57378787462826,
                -38.00459012953213
              ],
              [
                -57.574004032346,
                -38.00485887372872
              ],
              [
                -57.57412535673199,
                -38.00500194891283
              ],
              [
                -57.574257142110056,
                -38.005164643017295
              ],
              [
                -57.574373465014624,
                -38.005308247408905
              ],
              [
                -57.57464157527728,
                -38.00563923572199
              ],
              [
                -57.57529908426527,
                -38.00645703001046
              ],
              [
                -57.57592820399729,
                -38.007236875307306
              ],
              [
                -57.5765650535957,
                -38.008026782097296
              ],
              [
                -57.57719706466583,
                -38.00881843537885
              ],
              [
                -57.5778198595129,
                -38.009583001965545
              ],
              [
                -57.57836217610542,
                -38.01026150686729
              ],
              [
                -57.57899750589091,
                -38.01103125954566
              ],
              [
                -57.57991085723553,
                -38.01216976396724
              ],
              [
                -57.579944549668305,
                -38.01235823671953
              ],
              [
                -57.58069806913976,
                -38.01179345332261
              ],
              [
                -57.58154935588198,
                -38.01115259280482
              ],
              [
                -57.58240843555243,
                -38.01049917615725
              ],
              [
                -57.58327431743578,
                -38.00985124373891
              ],
              [
                -57.58426999590577,
                -38.00909344061892
              ],
              [
                -57.58511817696947,
                -38.00846009322656
              ],
              [
                -57.58599720326194,
                -38.0077866826073
              ],
              [
                -57.58709236191727,
                -38.00695385688708
              ],
              [
                -57.588872786404664,
                -38.00560732805361
              ],
              [
                -57.589844761496046,
                -38.00487914292133
              ],
              [
                -57.590625924912906,
                -38.00428412065866
              ],
              [
                -57.59195847168866,
                -38.00328659651275
              ],
              [
                -57.5923903298996,
                -38.0029599720771
              ],
              [
                -57.593148623015665,
                -38.00238990315804
              ],
              [
                -57.59411250052519,
                -38.001649911620945
              ],
              [
                -57.59498656853462,
                -38.00100395462767
              ],
              [
                -57.59584684493145,
                -38.000357029450534
              ],
              [
                -57.59634526463515,
                -37.999976799250994
              ],
              [
                -57.596896923475256,
                -37.99936197591571
              ],
              [
                -57.59694480691805,
                -37.99887720477384
              ],
              [
                -57.59695945429153,
                -37.99872891338369
              ],
              [
                -57.59691710436231,
                -37.998533910380196
              ],
              [
                -57.596767199319885,
                -37.998361681087076
              ],
              [
                -57.59647087450552,
                -37.99794687242162
              ],
              [
                -57.595829958320984,
                -37.99713323256746
              ],
              [
                -57.59519997498221,
                -37.996344231244635
              ],
              [
                -57.59456391422705,
                -37.99555391043645
              ],
              [
                -57.59391987681265,
                -37.9947659715391
              ],
              [
                -57.593293809705365,
                -37.99396837846858
              ],
              [
                -57.59266605470558,
                -37.99318286520324
              ],
              [
                -57.59202323749763,
                -37.99240423088854
              ],
              [
                -57.591954283775614,
                -37.99232346573078
              ],
              [
                -57.59158146494789,
                -37.99196514693434
              ],
              [
                -57.5912864560892,
                -37.99172007006659
              ],
              [
                -57.59119170806916,
                -37.99157443683687
              ],
              [
                -57.591078621123636,
                -37.99133559234308
              ],
              [
                -57.590849381006954,
                -37.99075529282945
              ],
              [
                -57.590760510279665,
                -37.99062352506949
              ],
              [
                -57.59024154126863,
                -37.98997476657075
              ],
              [
                -57.58965067550864,
                -37.98923611360916
              ],
              [
                -57.58896905032326,
                -37.98838397815732
              ],
              [
                -57.58833857983945,
                -37.98759563113847
              ],
              [
                -57.58705222417702,
                -37.986003382776794
              ],
              [
                -57.58665014656743,
                -37.98568348636664
              ],
              [
                -57.58585171553258,
                -37.98469331539957
              ],
              [
                -57.585643863391255,
                -37.98426117595101
              ],
              [
                -57.58504453127203,
                -37.98349754384912
              ],
              [
                -57.58439257286948,
                -37.9827032604472
              ],
              [
                -57.583966835762446,
                -37.98216698464906
              ],
              [
                -57.5837643780247,
                -37.98191195746894
              ],
              [
                -57.583477043004436,
                -37.98154533292781
              ],
              [
                -57.583292924842766,
                -37.98129684158185
              ],
              [
                -57.582971114634645,
                -37.98091963465996
              ],
              [
                -57.5827822864962,
                -37.98077950803891
              ],
              [
                -57.58204115226207,
                -37.97986796012514
              ],
              [
                -57.58198156463297,
                -37.97966676988076
              ],
              [
                -57.58134514528206,
                -37.97886505250902
              ],
              [
                -57.58113914953208,
                -37.978610115869
              ],
              [
                -57.580558106601075,
                -37.97789057458605
              ],
              [
                -57.579862357023416,
                -37.97702896347177
              ],
              [
                -57.57923574115089,
                -37.97624045403711
              ],
              [
                -57.57910001739075,
                -37.97606966171955
              ],
              [
                -57.57892889896064,
                -37.97585432808582
              ],
              [
                -57.578782979103735,
                -37.975646916276375
              ],
              [
                -57.57832188580707,
                -37.97516222451343
              ],
              [
                -57.578244161205866,
                -37.97504262475273
              ],
              [
                -57.57813963473687,
                -37.974875113497156
              ],
              [
                -57.577811795811066,
                -37.97447274260319
              ],
              [
                -57.5772138198808,
                -37.97373880766432
              ],
              [
                -57.57664454679216,
                -37.972927232463206
              ],
              [
                -57.57641781279497,
                -37.97250205815514
              ],
              [
                -57.57632231450473,
                -37.972281861011176
              ],
              [
                -57.57624922780983,
                -37.971984835013934
              ],
              [
                -57.576214552523325,
                -37.97158780554147
              ],
              [
                -57.57622248584877,
                -37.97139014875311
              ],
              [
                -57.57623912676638,
                -37.971022444871124
              ],
              [
                -57.57624865052024,
                -37.970867152045024
              ],
              [
                -57.576258517415006,
                -37.970788278023285
              ],
              [
                -57.57626455071147,
                -37.97075068680135
              ],
              [
                -57.57628464593615,
                -37.97064848743909
              ],
              [
                -57.57630411176801,
                -37.97054948869996
              ],
              [
                -57.57633317094414,
                -37.97040169984675
              ],
              [
                -57.576346543532594,
                -37.970355201112724
              ],
              [
                -57.576459974267166,
                -37.96996078074483
              ],
              [
                -57.576523843955606,
                -37.9697386915151
              ],
              [
                -57.57656938975905,
                -37.969580317617485
              ],
              [
                -57.576806383918026,
                -37.96867939471352
              ],
              [
                -57.576896277046956,
                -37.96833766338182
              ],
              [
                -57.5769489066071,
                -37.96819081920043
              ],
              [
                -57.57713131430283,
                -37.967505965545854
              ],
              [
                -57.57738018192206,
                -37.96660584441582
              ],
              [
                -57.57747345847553,
                -37.96627970671228
              ],
              [
                -57.577636763203955,
                -37.965672340359085
              ],
              [
                -57.57778243333141,
                -37.965129809978315
              ],
              [
                -57.57798195788866,
                -37.96438669072677
              ],
              [
                -57.57778574388048,
                -37.96454980517592
              ],
              [
                -57.57704499572214,
                -37.964925498080085
              ],
              [
                -57.576038489458796,
                -37.965428993882114
              ],
              [
                -57.575045770826044,
                -37.965929879510135
              ],
              [
                -57.574049327715585,
                -37.96643188464544
              ],
              [
                -57.573053604463276,
                -37.96693821061064
              ],
              [
                -57.57205597461601,
                -37.96744105837983
              ],
              [
                -57.57106255460493,
                -37.96793983377213
              ],
              [
                -57.570073975234436,
                -37.96845246589989
              ],
              [
                -57.569081394716186,
                -37.968959158419246
              ],
              [
                -57.56806871133472,
                -37.96945945386951
              ],
              [
                -57.56707653605727,
                -37.9699646191775
              ],
              [
                -57.566076420171235,
                -37.970467997412605
              ],
              [
                -57.5650920249684,
                -37.97097335419615
              ],
              [
                -57.56409430303008,
                -37.97148312797352
              ],
              [
                -57.563089362533816,
                -37.971981755162275
              ],
              [
                -57.56209636627573,
                -37.9724817319448
              ],
              [
                -57.56110224451826,
                -37.97298527846816
              ],
              [
                -57.56012906779907,
                -37.97348641749405
              ],
              [
                -57.55993308346296,
                -37.97357847863996
              ],
              [
                -57.55894908724851,
                -37.97407719071572
              ],
              [
                -57.55795566191157,
                -37.974583960214225
              ],
              [
                -57.556956068929715,
                -37.97508478261122
              ],
              [
                -57.55595973349978,
                -37.975585703830205
              ],
              [
                -57.55495934850213,
                -37.976093620303374
              ],
              [
                -57.55396801162085,
                -37.976599195343596
              ],
              [
                -57.552962750257926,
                -37.9771017988814
              ],
              [
                -57.552520081155436,
                -37.977322956170134
              ],
              [
                -57.55197420404314,
                -37.97759567191108
              ]
            ]
          ]
        ]
      }
    },
    {
      "type": "Feature",
      "properties": {
        "name": "íCíoímíiísíaíríííaí í1í2í",
        "code": "CRIA_íCíoímíiísíaíríííaí í1í2í",
        "color": "#6366f1",
        "gid": "8119"
      },
      "geometry": {
        "type": "MultiPolygon",
        "coordinates": [
          [
            [
              [
                -57.64082380204037,
                -37.966300231152466
              ],
              [
                -57.64507783540121,
                -37.96279794820777
              ],
              [
                -57.654505176879326,
                -37.95544402873782
              ],
              [
                -57.66209556981357,
                -37.950146780592036
              ],
              [
                -57.66687392680105,
                -37.946546094213936
              ],
              [
                -57.66932399501384,
                -37.94464865292218
              ],
              [
                -57.683666468379236,
                -37.933668825532266
              ],
              [
                -57.67831402826213,
                -37.92919896918917
              ],
              [
                -57.677400079615616,
                -37.929476585712884
              ],
              [
                -57.670464329903645,
                -37.93414766189093
              ],
              [
                -57.660534755521745,
                -37.93747385556764
              ],
              [
                -57.65562529581075,
                -37.93906349554518
              ],
              [
                -57.65196628677844,
                -37.9415525649811
              ],
              [
                -57.651603735544214,
                -37.941768482340095
              ],
              [
                -57.64485590475944,
                -37.946931614591655
              ],
              [
                -57.64026617151958,
                -37.95010664277871
              ],
              [
                -57.638407608872576,
                -37.95139220345132
              ],
              [
                -57.63538246782785,
                -37.95316831415871
              ],
              [
                -57.629083999991686,
                -37.95657499973592
              ],
              [
                -57.62910216050797,
                -37.95660763580859
              ],
              [
                -57.62905426932697,
                -37.95663595168095
              ],
              [
                -57.628646054292204,
                -37.956849953348296
              ],
              [
                -57.62857156671847,
                -37.956905892001515
              ],
              [
                -57.627559999641804,
                -37.95742137866258
              ],
              [
                -57.62659214423523,
                -37.957910441187025
              ],
              [
                -57.62559274499119,
                -37.958414126680076
              ],
              [
                -57.624609276395475,
                -37.958922638471115
              ],
              [
                -57.62360655624768,
                -37.95942776350503
              ],
              [
                -57.62261201008686,
                -37.95993034279864
              ],
              [
                -57.62161772637072,
                -37.96044070905695
              ],
              [
                -57.62061551180858,
                -37.96093812244558
              ],
              [
                -57.61962128430283,
                -37.9614472002161
              ],
              [
                -57.61854598336283,
                -37.96198878338504
              ],
              [
                -57.61747414692318,
                -37.962551432699854
              ],
              [
                -57.617287110570494,
                -37.962645266322504
              ],
              [
                -57.61689284440263,
                -37.96284306255718
              ],
              [
                -57.61648099970407,
                -37.96304967501785
              ],
              [
                -57.616271094412404,
                -37.96315119168795
              ],
              [
                -57.615787381743566,
                -37.96338512749727
              ],
              [
                -57.61547063980298,
                -37.96353831006844
              ],
              [
                -57.6152423562469,
                -37.96365417921972
              ],
              [
                -57.61502467274273,
                -37.963764667366384
              ],
              [
                -57.61447233778116,
                -37.96404500891949
              ],
              [
                -57.61349949449799,
                -37.96454039030905
              ],
              [
                -57.61248560797281,
                -37.965055523103494
              ],
              [
                -57.611489377709255,
                -37.96556553184325
              ],
              [
                -57.610495339551605,
                -37.96607028048998
              ],
              [
                -57.60949848854924,
                -37.966576020564986
              ],
              [
                -57.60850413336143,
                -37.9670812987416
              ],
              [
                -57.607515063486,
                -37.96758775045517
              ],
              [
                -57.6064512579485,
                -37.96811496589296
              ],
              [
                -57.605508458906094,
                -37.96858871909291
              ],
              [
                -57.60451941039169,
                -37.96909511394713
              ],
              [
                -57.60352341156036,
                -37.96959734755862
              ],
              [
                -57.602518189896735,
                -37.97010158799365
              ],
              [
                -57.601527242515054,
                -37.97059716376619
              ],
              [
                -57.60053602277213,
                -37.97110668470438
              ],
              [
                -57.59954044390235,
                -37.971610544927856
              ],
              [
                -57.59853379069165,
                -37.972108775879335
              ],
              [
                -57.597537997532285,
                -37.972604826898305
              ],
              [
                -57.5965479316477,
                -37.97313005543277
              ],
              [
                -57.59554891475184,
                -37.97363170762204
              ],
              [
                -57.59446297684974,
                -37.974171243366136
              ],
              [
                -57.59339251581398,
                -37.97471766189036
              ],
              [
                -57.59239040500977,
                -37.97522081170359
              ],
              [
                -57.59139900609265,
                -37.97572559253025
              ],
              [
                -57.59041392954894,
                -37.976235964413924
              ],
              [
                -57.58941469127187,
                -37.976745034786695
              ],
              [
                -57.588430384312346,
                -37.97725302344712
              ],
              [
                -57.58741140135433,
                -37.97775475410037
              ],
              [
                -57.58642769602045,
                -37.978264407901385
              ],
              [
                -57.58541877268504,
                -37.9787642521292
              ],
              [
                -57.58441540236376,
                -37.97925961260937
              ],
              [
                -57.58342998287181,
                -37.979768377437324
              ],
              [
                -57.58239586573958,
                -37.98030423839885
              ],
              [
                -57.5827822864962,
                -37.98077950803891
              ],
              [
                -57.582971114634645,
                -37.98091963465996
              ],
              [
                -57.583292924842766,
                -37.98129684158185
              ],
              [
                -57.583477043004436,
                -37.98154533292781
              ],
              [
                -57.5837643780247,
                -37.98191195746894
              ],
              [
                -57.583966835762446,
                -37.98216698464906
              ],
              [
                -57.58439257286948,
                -37.9827032604472
              ],
              [
                -57.58504453127203,
                -37.98349754384912
              ],
              [
                -57.585643863391255,
                -37.98426117595101
              ],
              [
                -57.58585171553258,
                -37.98469331539957
              ],
              [
                -57.58665014656743,
                -37.98568348636664
              ],
              [
                -57.58705222417702,
                -37.986003382776794
              ],
              [
                -57.58833857983945,
                -37.98759563113847
              ],
              [
                -57.58896905032326,
                -37.98838397815732
              ],
              [
                -57.58965067550864,
                -37.98923611360916
              ],
              [
                -57.59024154126863,
                -37.98997476657075
              ],
              [
                -57.590760510279665,
                -37.99062352506949
              ],
              [
                -57.590849381006954,
                -37.99075529282945
              ],
              [
                -57.591078621123636,
                -37.99133559234308
              ],
              [
                -57.59119170806916,
                -37.99157443683687
              ],
              [
                -57.5912864560892,
                -37.99172007006659
              ],
              [
                -57.59158146494789,
                -37.99196514693434
              ],
              [
                -57.591954283775614,
                -37.99232346573078
              ],
              [
                -57.59202323749763,
                -37.99240423088854
              ],
              [
                -57.59266605470558,
                -37.99318286520324
              ],
              [
                -57.593293809705365,
                -37.99396837846858
              ],
              [
                -57.59391987681265,
                -37.9947659715391
              ],
              [
                -57.59456391422705,
                -37.99555391043643
              ],
              [
                -57.595199974982194,
                -37.996344231244635
              ],
              [
                -57.595829958320984,
                -37.99713323256746
              ],
              [
                -57.59647087450552,
                -37.99794687242162
              ],
              [
                -57.596767199319885,
                -37.99836168108706
              ],
              [
                -57.59691710436231,
                -37.998533910380196
              ],
              [
                -57.59695945429153,
                -37.99872891338369
              ],
              [
                -57.59694480691805,
                -37.99887720477384
              ],
              [
                -57.596896923475256,
                -37.99936197591571
              ],
              [
                -57.596904025975284,
                -37.99947481546541
              ],
              [
                -57.59697477608547,
                -37.99959794993107
              ],
              [
                -57.59705046381251,
                -37.99966160404139
              ],
              [
                -57.59710520698038,
                -37.9997076434784
              ],
              [
                -57.597345741635905,
                -37.999858139796174
              ],
              [
                -57.59761353648078,
                -37.99991445395606
              ],
              [
                -57.59775323525194,
                -37.99990893802953
              ],
              [
                -57.5979016205021,
                -37.999850509041806
              ],
              [
                -57.59812099999093,
                -38.0000179997353
              ],
              [
                -57.5981024895341,
                -37.999571466919996
              ],
              [
                -57.59798112506899,
                -37.99943239766591
              ],
              [
                -57.59792662561747,
                -37.99928989637315
              ],
              [
                -57.59789469588185,
                -37.99913130625869
              ],
              [
                -57.597921352267974,
                -37.99898344294626
              ],
              [
                -57.59795848984373,
                -37.99887902272543
              ],
              [
                -57.598019676921965,
                -37.99874806080033
              ],
              [
                -57.598132896573134,
                -37.998601447661706
              ],
              [
                -57.59849947609062,
                -37.998344408551155
              ],
              [
                -57.599361111207045,
                -37.997690075884115
              ],
              [
                -57.6002278583571,
                -37.99703684669711
              ],
              [
                -57.601106489890256,
                -37.996383700502896
              ],
              [
                -57.601932830668595,
                -37.99575430307954
              ],
              [
                -57.60279197988285,
                -37.995106479845774
              ],
              [
                -57.60364437469056,
                -37.994459164468466
              ],
              [
                -57.604528265171176,
                -37.993797982889895
              ],
              [
                -57.60547136788816,
                -37.99306435888887
              ],
              [
                -57.6063240897002,
                -37.99241914490839
              ],
              [
                -57.60719037266881,
                -37.99176365199233
              ],
              [
                -57.60814262675023,
                -37.9910967928535
              ],
              [
                -57.60910399748198,
                -37.99035731258519
              ],
              [
                -57.60954195940564,
                -37.99002359180324
              ],
              [
                -57.60997285223798,
                -37.989695253039336
              ],
              [
                -57.61040596716569,
                -37.989365216519765
              ],
              [
                -57.610802907621654,
                -37.989062741207626
              ],
              [
                -57.6124841879543,
                -37.98777968233535
              ],
              [
                -57.61429197155616,
                -37.986429357224154
              ],
              [
                -57.61516979018424,
                -37.985764509923676
              ],
              [
                -57.617219335934564,
                -37.9842126298735
              ],
              [
                -57.621659999991515,
                -37.98087499973558
              ],
              [
                -57.6218007448114,
                -37.98074333468152
              ],
              [
                -57.622079307998305,
                -37.980571069000874
              ],
              [
                -57.62920021950763,
                -37.97516211773066
              ],
              [
                -57.63535883278736,
                -37.97043953254074
              ],
              [
                -57.64082380204037,
                -37.966300231152466
              ]
            ]
          ]
        ]
      }
    },
    {
      "type": "Feature",
      "properties": {
        "name": "íCíoímíiísíaíríííaí í7í",
        "code": "CRIA_íCíoímíiísíaíríííaí í7í",
        "color": "#6366f1",
        "gid": "8120"
      },
      "geometry": {
        "type": "MultiPolygon",
        "coordinates": [
          [
            [
              [
                -57.57798195788866,
                -37.96438669072677
              ],
              [
                -57.57831503559613,
                -37.963112436866986
              ],
              [
                -57.57867878975577,
                -37.96180064549043
              ],
              [
                -57.57904701725766,
                -37.96047407766359
              ],
              [
                -57.579388924970736,
                -37.959242285906384
              ],
              [
                -57.579490124633345,
                -37.95887768626302
              ],
              [
                -57.57967797814218,
                -37.95820088145294
              ],
              [
                -57.57974079922696,
                -37.95797454443813
              ],
              [
                -57.57990311685567,
                -37.95743924796643
              ],
              [
                -57.579918512861795,
                -37.95730063807993
              ],
              [
                -57.579919499394926,
                -37.957090406574224
              ],
              [
                -57.57990899388654,
                -37.956990852734364
              ],
              [
                -57.579833438110725,
                -37.956777871140396
              ],
              [
                -57.57982805551881,
                -37.95663467537749
              ],
              [
                -57.579815118076645,
                -37.956495046771224
              ],
              [
                -57.57984984506644,
                -37.956397244401174
              ],
              [
                -57.58009909139595,
                -37.95608942468935
              ],
              [
                -57.580160421744516,
                -37.956036687159504
              ],
              [
                -57.58035006089194,
                -37.95582155539966
              ],
              [
                -57.58049310460285,
                -37.95534844133137
              ],
              [
                -57.58056424735359,
                -37.95510278945574
              ],
              [
                -57.58089495420435,
                -37.95387654971813
              ],
              [
                -57.58131153985259,
                -37.95233181108486
              ],
              [
                -57.581237133531694,
                -37.952053320116725
              ],
              [
                -57.58119253084119,
                -37.95181302814456
              ],
              [
                -57.58121541106185,
                -37.951673007257064
              ],
              [
                -57.581254667978456,
                -37.95143276386419
              ],
              [
                -57.581276523345366,
                -37.95136873086674
              ],
              [
                -57.58128482421747,
                -37.951344410504504
              ],
              [
                -57.5813447587129,
                -37.95124295107135
              ],
              [
                -57.58158157201801,
                -37.9504226914504
              ],
              [
                -57.58184207179569,
                -37.949621828458454
              ],
              [
                -57.58223832323995,
                -37.9481511972154
              ],
              [
                -57.58236903095904,
                -37.94768733520957
              ],
              [
                -57.58240100443363,
                -37.947573865270144
              ],
              [
                -57.582427373676715,
                -37.94746806769958
              ],
              [
                -57.58258238324545,
                -37.9468500982099
              ],
              [
                -57.58277543638611,
                -37.94613318128364
              ],
              [
                -57.58292335092944,
                -37.94563062414382
              ],
              [
                -57.58330624190108,
                -37.944318764926216
              ],
              [
                -57.58314878371579,
                -37.944297829715005
              ],
              [
                -57.58260674319448,
                -37.94418517254067
              ],
              [
                -57.582245140131626,
                -37.94408555816567
              ],
              [
                -57.582058252587125,
                -37.94409204443299
              ],
              [
                -57.581925104684316,
                -37.94407738124178
              ],
              [
                -57.581775280838514,
                -37.94405317834593
              ],
              [
                -57.58169760241214,
                -37.94402125451664
              ],
              [
                -57.58156775964263,
                -37.943979561888035
              ],
              [
                -57.58146605374929,
                -37.94393550196789
              ],
              [
                -57.58134295701376,
                -37.94390605031398
              ],
              [
                -57.58121136817116,
                -37.9438965466647
              ],
              [
                -57.58099911072603,
                -37.943826517669336
              ],
              [
                -57.5807651209789,
                -37.94364431442223
              ],
              [
                -57.58068816161731,
                -37.94354223822316
              ],
              [
                -57.580588683953366,
                -37.94346586432432
              ],
              [
                -57.58039802905243,
                -37.94337806941548
              ],
              [
                -57.58031186057261,
                -37.943338231106175
              ],
              [
                -57.580241194563236,
                -37.943247987191576
              ],
              [
                -57.58020931744073,
                -37.943135552074914
              ],
              [
                -57.580164204159594,
                -37.943100196484586
              ],
              [
                -57.58005357453691,
                -37.943005337243875
              ],
              [
                -57.57991640327841,
                -37.9429508134156
              ],
              [
                -57.57987468204757,
                -37.942929763105035
              ],
              [
                -57.579810681159145,
                -37.94283572602924
              ],
              [
                -57.57972597341259,
                -37.942759020743004
              ],
              [
                -57.57964800069704,
                -37.94268737304761
              ],
              [
                -57.579512132985656,
                -37.94260268453437
              ],
              [
                -57.579393201868825,
                -37.942546765684256
              ],
              [
                -57.57925563098153,
                -37.942454592127284
              ],
              [
                -57.57918859427795,
                -37.942396038494685
              ],
              [
                -57.57916780733355,
                -37.94224799830309
              ],
              [
                -57.5790354356805,
                -37.94211603872299
              ],
              [
                -57.57900607011447,
                -37.94202897025794
              ],
              [
                -57.578996226178496,
                -37.94181968893775
              ],
              [
                -57.579019534604356,
                -37.9416804533806
              ],
              [
                -57.5790052464841,
                -37.94158268784937
              ],
              [
                -57.57904694851947,
                -37.94148158970951
              ],
              [
                -57.57912867187051,
                -37.941349524576346
              ],
              [
                -57.57913914652179,
                -37.94129681420687
              ],
              [
                -57.579097129197,
                -37.9412091510297
              ],
              [
                -57.57901107829943,
                -37.94117831438819
              ],
              [
                -57.57890058762078,
                -37.94115729929792
              ],
              [
                -57.578861691016655,
                -37.94114370316234
              ],
              [
                -57.578756661173834,
                -37.941083651260826
              ],
              [
                -57.578652248496034,
                -37.940996850771874
              ],
              [
                -57.57858785185945,
                -37.940938263927364
              ],
              [
                -57.57854103579059,
                -37.94090857381534
              ],
              [
                -57.57846989085407,
                -37.940892315149554
              ],
              [
                -57.57837785569652,
                -37.94087650791726
              ],
              [
                -57.5783139332006,
                -37.940860562726655
              ],
              [
                -57.57823949368356,
                -37.94083477937434
              ],
              [
                -57.57815658725495,
                -37.940766639778126
              ],
              [
                -57.57808442958898,
                -37.940681698374554
              ],
              [
                -57.57805227748046,
                -37.94064696330197
              ],
              [
                -57.578013388570234,
                -37.94061816631105
              ],
              [
                -57.57795906314661,
                -37.940597741414926
              ],
              [
                -57.57785790947294,
                -37.94058276184702
              ],
              [
                -57.57773732247986,
                -37.94058335399957
              ],
              [
                -57.57768097014641,
                -37.940577786416284
              ],
              [
                -57.577544815317765,
                -37.940538308373206
              ],
              [
                -57.57742071328675,
                -37.940490288285574
              ],
              [
                -57.57734436471556,
                -37.940472353667126
              ],
              [
                -57.57726830207692,
                -37.94049103612607
              ],
              [
                -57.577202534433006,
                -37.94052097655574
              ],
              [
                -57.577111491813774,
                -37.94057951244295
              ],
              [
                -57.57700642215576,
                -37.94061838878946
              ],
              [
                -57.576875889548475,
                -37.94064608590273
              ],
              [
                -57.57676086373566,
                -37.94065324980921
              ],
              [
                -57.576620034506064,
                -37.94065005483566
              ],
              [
                -57.57655839783879,
                -37.940624987268876
              ],
              [
                -57.576502004479295,
                -37.94058720903467
              ],
              [
                -57.57643059282551,
                -37.940525242691216
              ],
              [
                -57.576381487183085,
                -37.94046357769504
              ],
              [
                -57.57631986694457,
                -37.94042372458244
              ],
              [
                -57.576237211643864,
                -37.94039735924723
              ],
              [
                -57.5761271654022,
                -37.940382840057225
              ],
              [
                -57.576000194332096,
                -37.940366730624724
              ],
              [
                -57.575886750556975,
                -37.9403435234547
              ],
              [
                -57.575754322067446,
                -37.94029593513265
              ],
              [
                -57.57565247241759,
                -37.9402615963299
              ],
              [
                -57.575513355960176,
                -37.94022475981184
              ],
              [
                -57.57535582390578,
                -37.940236396804934
              ],
              [
                -57.575290009541405,
                -37.94024193063179
              ],
              [
                -57.575134423368304,
                -37.940264129660456
              ],
              [
                -57.575012738163245,
                -37.94029152235454
              ],
              [
                -57.57489795051295,
                -37.94033495983244
              ],
              [
                -57.57479093143812,
                -37.94040136878872
              ],
              [
                -57.574714751298686,
                -37.940446967097884
              ],
              [
                -57.57453053055818,
                -37.940548457991575
              ],
              [
                -57.57447675180998,
                -37.940599636594506
              ],
              [
                -57.57443812379407,
                -37.940633688884546
              ],
              [
                -57.57438522461033,
                -37.94069386325622
              ],
              [
                -57.574258529773005,
                -37.940781909790886
              ],
              [
                -57.5741479069599,
                -37.9408114907453
              ],
              [
                -57.57406665632147,
                -37.940802708855266
              ],
              [
                -57.574007551420614,
                -37.9407674562564
              ],
              [
                -57.57397005035221,
                -37.94072240652235
              ],
              [
                -57.57391000069043,
                -37.94053385217687
              ],
              [
                -57.57382385061147,
                -37.940403781174524
              ],
              [
                -57.57377141968188,
                -37.94037380975085
              ],
              [
                -57.57367183453791,
                -37.940361472731794
              ],
              [
                -57.573588075009354,
                -37.94036188107229
              ],
              [
                -57.57350610621638,
                -37.94035684537106
              ],
              [
                -57.57343572393729,
                -37.940345859669186
              ],
              [
                -57.57320102452333,
                -37.94024633759771
              ],
              [
                -57.57309239486348,
                -37.94017842358744
              ],
              [
                -57.57295724826436,
                -37.94010293787817
              ],
              [
                -57.57277987010419,
                -37.940023244789955
              ],
              [
                -57.572548384714125,
                -37.93990382855568
              ],
              [
                -57.57240783833813,
                -37.939844448591444
              ],
              [
                -57.57235442410182,
                -37.93984928184132
              ],
              [
                -57.57207250394779,
                -37.93991626676357
              ],
              [
                -57.571818922099375,
                -37.939969292116686
              ],
              [
                -57.57163218546981,
                -37.94001501829226
              ],
              [
                -57.57146231519337,
                -37.94005334692487
              ],
              [
                -57.57131591352009,
                -37.94009684335193
              ],
              [
                -57.57121649309846,
                -37.94010603213473
              ],
              [
                -57.57110977956624,
                -37.940137991911286
              ],
              [
                -57.570952084017144,
                -37.9401637493781
              ],
              [
                -57.57080869937917,
                -37.940195886534724
              ],
              [
                -57.570578039113805,
                -37.94020020766417
              ],
              [
                -57.57041471124865,
                -37.94020099956122
              ],
              [
                -57.570298182543205,
                -37.94027185538428
              ],
              [
                -57.570211443674616,
                -37.94047194401424
              ],
              [
                -57.570045776669346,
                -37.9407964917543
              ],
              [
                -57.56974417592925,
                -37.94096975742413
              ],
              [
                -57.56910572368328,
                -37.94115847958405
              ],
              [
                -57.56898908006208,
                -37.94116805572606
              ],
              [
                -57.568809275782506,
                -37.94106521483367
              ],
              [
                -57.568557884150195,
                -37.94104872591735
              ],
              [
                -57.56814789036544,
                -37.94107685467921
              ],
              [
                -57.56795843502738,
                -37.941133410041736
              ],
              [
                -57.56784413745008,
                -37.94124852383632
              ],
              [
                -57.56782608239214,
                -37.94131472991284
              ],
              [
                -57.56772395942371,
                -37.9413101996434
              ],
              [
                -57.56765246566737,
                -37.94133115910829
              ],
              [
                -57.56745317436157,
                -37.9414809379373
              ],
              [
                -57.56727761864589,
                -37.941603599864514
              ],
              [
                -57.56678739843772,
                -37.941820461929865
              ],
              [
                -57.56649059753065,
                -37.941984316545046
              ],
              [
                -57.56602825015041,
                -37.94202798437654
              ],
              [
                -57.5656350816945,
                -37.94210285933709
              ],
              [
                -57.56546533365403,
                -37.94211661894654
              ],
              [
                -57.56535436235102,
                -37.94212561403549
              ],
              [
                -57.56508120654372,
                -37.94216262271316
              ],
              [
                -57.564619514894794,
                -37.94222517374264
              ],
              [
                -57.56430145113727,
                -37.94223086148075
              ],
              [
                -57.5639816564236,
                -37.94227551339272
              ],
              [
                -57.56324811057979,
                -37.942377932531876
              ],
              [
                -57.5622676685235,
                -37.942514816162465
              ],
              [
                -57.5614361234224,
                -37.9426473711572
              ],
              [
                -57.56097995639676,
                -37.942695806664304
              ],
              [
                -57.56086776118801,
                -37.94270605826031
              ],
              [
                -57.56032980918173,
                -37.94281462177967
              ],
              [
                -57.55924325683881,
                -37.94319455534474
              ],
              [
                -57.558560296350066,
                -37.9436267129356
              ],
              [
                -57.55852383383144,
                -37.94379121996757
              ],
              [
                -57.5582739377057,
                -37.94368023346226
              ],
              [
                -57.557717009722495,
                -37.94357409150256
              ],
              [
                -57.556680360340124,
                -37.9437383480823
              ],
              [
                -57.55575058720418,
                -37.94398015031659
              ],
              [
                -57.55534294791575,
                -37.94464068778256
              ],
              [
                -57.55446912761792,
                -37.9450379343036
              ],
              [
                -57.55349004046744,
                -37.945154865715956
              ],
              [
                -57.5527524696233,
                -37.94566888554673
              ],
              [
                -57.55107335833877,
                -37.94615157570349
              ],
              [
                -57.550269767037356,
                -37.94646166819156
              ],
              [
                -57.54938926036868,
                -37.94683338065949
              ],
              [
                -57.548780662211364,
                -37.94735698433407
              ],
              [
                -57.54755017262542,
                -37.94748524977002
              ],
              [
                -57.546298749486056,
                -37.947399167521716
              ],
              [
                -57.54504861143995,
                -37.94748665383965
              ],
              [
                -57.544133683787976,
                -37.9475674715718
              ],
              [
                -57.54290624807972,
                -37.947236177082225
              ],
              [
                -57.54145670008739,
                -37.94650766106304
              ],
              [
                -57.54041918934533,
                -37.94569554676787
              ],
              [
                -57.5393656885698,
                -37.94481325208446
              ],
              [
                -57.53943852897954,
                -37.94468796205385
              ],
              [
                -57.53938974252808,
                -37.944561923051054
              ],
              [
                -57.53931103079173,
                -37.944447070498946
              ],
              [
                -57.53899178970462,
                -37.943946387684605
              ],
              [
                -57.5382966545149,
                -37.9431972766466
              ],
              [
                -57.53799110832246,
                -37.94285299353369
              ],
              [
                -57.53775646949574,
                -37.94279481489268
              ],
              [
                -57.53702417464747,
                -37.94317010345669
              ],
              [
                -57.535955511856464,
                -37.94371014431119
              ],
              [
                -57.53578231431216,
                -37.94377277431328
              ],
              [
                -57.53539169146838,
                -37.94397017995396
              ],
              [
                -57.535038321472584,
                -37.94414720758557
              ],
              [
                -57.53489103626919,
                -37.94419139525034
              ],
              [
                -57.53477224357535,
                -37.944173612035705
              ],
              [
                -57.53465081927919,
                -37.94407830089599
              ],
              [
                -57.534486512800754,
                -37.94419199053282
              ],
              [
                -57.53457440727627,
                -37.944536041791
              ],
              [
                -57.53483835331859,
                -37.94550932708967
              ],
              [
                -57.535220724934106,
                -37.946956645822155
              ],
              [
                -57.535475296764226,
                -37.94795844746672
              ],
              [
                -57.535913409179024,
                -37.949718556645024
              ],
              [
                -57.53644392880722,
                -37.95144680201536
              ],
              [
                -57.53683489693625,
                -37.95248530318956
              ],
              [
                -57.53730316514083,
                -37.95367368290848
              ],
              [
                -57.537670255892515,
                -37.954605323703476
              ],
              [
                -57.53800431997779,
                -37.95544185148225
              ],
              [
                -57.53837862871394,
                -37.95636686119468
              ],
              [
                -57.538599779693186,
                -37.95675997108607
              ],
              [
                -57.53886676252773,
                -37.95727303574117
              ],
              [
                -57.53934625033867,
                -37.95812482247767
              ],
              [
                -57.5399110909276,
                -37.95905788524509
              ],
              [
                -57.540086684860526,
                -37.9594676925779
              ],
              [
                -57.54013648518036,
                -37.959863789633914
              ],
              [
                -57.54017294759934,
                -37.960437322224806
              ],
              [
                -57.540256368714,
                -37.96106865953681
              ],
              [
                -57.54027023919701,
                -37.9615223451755
              ],
              [
                -57.540288468958934,
                -37.96211861631021
              ],
              [
                -57.540288492129555,
                -37.96264511161192
              ],
              [
                -57.54028591312126,
                -37.96310256585952
              ],
              [
                -57.540298743062245,
                -37.96345939457895
              ],
              [
                -57.54038770392377,
                -37.963876022612915
              ],
              [
                -57.54072051173007,
                -37.96527743408097
              ],
              [
                -57.54104625030715,
                -37.966254039483786
              ],
              [
                -57.54113920848964,
                -37.966491069212545
              ],
              [
                -57.541623173150896,
                -37.96747871500778
              ],
              [
                -57.54220884619297,
                -37.96915150365523
              ],
              [
                -57.54244719573587,
                -37.96990504260874
              ],
              [
                -57.54256294397952,
                -37.97031580298571
              ],
              [
                -57.542549927387114,
                -37.97054979406138
              ],
              [
                -57.54249511324111,
                -37.97074616898899
              ],
              [
                -57.542385630272896,
                -37.97095049288261
              ],
              [
                -57.542825399141186,
                -37.970897986258294
              ],
              [
                -57.542986597204596,
                -37.97091899809722
              ],
              [
                -57.543186909176846,
                -37.97087648115532
              ],
              [
                -57.543455237325404,
                -37.970721420445166
              ],
              [
                -57.543554608865456,
                -37.970671156079405
              ],
              [
                -57.54366821504071,
                -37.97061369134875
              ],
              [
                -57.54455433289424,
                -37.97016546465379
              ],
              [
                -57.545552332292075,
                -37.969660630235595
              ],
              [
                -57.54622194619955,
                -37.970474008924036
              ],
              [
                -57.546851492779226,
                -37.97127658421063
              ],
              [
                -57.54749485632654,
                -37.972067514083896
              ],
              [
                -57.548133659948896,
                -37.97285436006657
              ],
              [
                -57.54877326127383,
                -37.9736442957508
              ],
              [
                -57.54941299083522,
                -37.974439950732574
              ],
              [
                -57.550055148771165,
                -37.97523785620105
              ],
              [
                -57.5506895227335,
                -37.97602613953093
              ],
              [
                -57.55133437265967,
                -37.976814645893946
              ],
              [
                -57.551631081953026,
                -37.977176833845704
              ],
              [
                -57.55197420404314,
                -37.97759567191108
              ],
              [
                -57.552520081155436,
                -37.97732295617011
              ],
              [
                -57.552962750257926,
                -37.9771017988814
              ],
              [
                -57.55396801162085,
                -37.976599195343596
              ],
              [
                -57.55495934850213,
                -37.976093620303374
              ],
              [
                -57.55595973349978,
                -37.975585703830205
              ],
              [
                -57.5569560689297,
                -37.97508478261122
              ],
              [
                -57.557955661911556,
                -37.974583960214225
              ],
              [
                -57.55894908724851,
                -37.97407719071572
              ],
              [
                -57.55993308346296,
                -37.973578478639936
              ],
              [
                -57.56012906779907,
                -37.973486417494016
              ],
              [
                -57.56110224451826,
                -37.97298527846816
              ],
              [
                -57.56209636627573,
                -37.9724817319448
              ],
              [
                -57.5630893625338,
                -37.971981755162275
              ],
              [
                -57.56409430303008,
                -37.97148312797352
              ],
              [
                -57.5650920249684,
                -37.97097335419615
              ],
              [
                -57.566076420171235,
                -37.970467997412605
              ],
              [
                -57.56707653605727,
                -37.9699646191775
              ],
              [
                -57.56806871133472,
                -37.96945945386951
              ],
              [
                -57.569081394716186,
                -37.968959158419246
              ],
              [
                -57.570073975234436,
                -37.96845246589989
              ],
              [
                -57.57106255460493,
                -37.96793983377213
              ],
              [
                -57.57205597461601,
                -37.96744105837983
              ],
              [
                -57.573053604463276,
                -37.96693821061063
              ],
              [
                -57.574049327715585,
                -37.96643188464544
              ],
              [
                -57.575045770826044,
                -37.965929879510135
              ],
              [
                -57.576038489458796,
                -37.96542899388208
              ],
              [
                -57.577044995722126,
                -37.964925498080085
              ],
              [
                -57.57778574388048,
                -37.96454980517592
              ],
              [
                -57.57798195788866,
                -37.96438669072677
              ]
            ]
          ]
        ]
      }
    },
    {
      "type": "Feature",
      "properties": {
        "name": "íCíoímíiísíaíríííaí í8í",
        "code": "CRIA_íCíoímíiísíaíríííaí í8í",
        "color": "#6366f1",
        "gid": "8121"
      },
      "geometry": {
        "type": "MultiPolygon",
        "coordinates": [
          [
            [
              [
                -57.64309480374553,
                -38.05215911900994
              ],
              [
                -57.623572012357876,
                -38.06693984545174
              ],
              [
                -57.647074402146224,
                -38.08643074721648
              ],
              [
                -57.70153385037037,
                -38.09670033089145
              ],
              [
                -57.702210407990925,
                -38.09702091836686
              ],
              [
                -57.72007408625005,
                -38.10985991784047
              ],
              [
                -57.728081483352156,
                -38.11566918966258
              ],
              [
                -57.73679143521482,
                -38.12194795234025
              ],
              [
                -57.741421880493846,
                -38.12881570331536
              ],
              [
                -57.743430801014625,
                -38.13187282955442
              ],
              [
                -57.74466338236178,
                -38.13400193271019
              ],
              [
                -57.75227305437791,
                -38.15841448098185
              ],
              [
                -57.752719672723266,
                -38.15851626427634
              ],
              [
                -57.75294312457948,
                -38.15873030612338
              ],
              [
                -57.758539687020225,
                -38.16282501052414
              ],
              [
                -57.77202875848031,
                -38.17271047080071
              ],
              [
                -57.77853062550256,
                -38.18476461232685
              ],
              [
                -57.78326317345396,
                -38.19388901349574
              ],
              [
                -57.786580754656285,
                -38.20024764022675
              ],
              [
                -57.7878363916783,
                -38.20145809277906
              ],
              [
                -57.79056327166912,
                -38.199655433822294
              ],
              [
                -57.791553835042194,
                -38.19807574405092
              ],
              [
                -57.792902903199646,
                -38.194868102624646
              ],
              [
                -57.79295667959641,
                -38.193130687903185
              ],
              [
                -57.79486239993297,
                -38.1879701240551
              ],
              [
                -57.79475602158512,
                -38.186797091349696
              ],
              [
                -57.79638969999997,
                -38.181967799993984
              ],
              [
                -57.798899060361855,
                -38.17975198086834
              ],
              [
                -57.79987300244969,
                -38.1777710545586
              ],
              [
                -57.80124838941456,
                -38.176090588055125
              ],
              [
                -57.80303934958913,
                -38.17425145285536
              ],
              [
                -57.80516478097882,
                -38.17025239009698
              ],
              [
                -57.80470752585588,
                -38.16879789258881
              ],
              [
                -57.80469348824503,
                -38.16777075899467
              ],
              [
                -57.804279323508496,
                -38.167141280753164
              ],
              [
                -57.80418395545049,
                -38.166162126275005
              ],
              [
                -57.80450363603839,
                -38.164114538179156
              ],
              [
                -57.80664524215703,
                -38.15771972928083
              ],
              [
                -57.806717382435075,
                -38.155928601814495
              ],
              [
                -57.80742287101334,
                -38.15394244883822
              ],
              [
                -57.80974363129048,
                -38.15154137486675
              ],
              [
                -57.81246173812682,
                -38.149382054948354
              ],
              [
                -57.81306170563644,
                -38.148227048799285
              ],
              [
                -57.81305773709406,
                -38.14630835036223
              ],
              [
                -57.81218821873337,
                -38.14509369874918
              ],
              [
                -57.81106065299664,
                -38.144112801835725
              ],
              [
                -57.8104298648988,
                -38.14292522744904
              ],
              [
                -57.81024487560626,
                -38.14114718293451
              ],
              [
                -57.81059534877232,
                -38.139573057807894
              ],
              [
                -57.81100195705446,
                -38.13858550168152
              ],
              [
                -57.81199288338681,
                -38.13764230961033
              ],
              [
                -57.81311111654278,
                -38.136743273940795
              ],
              [
                -57.81383805371719,
                -38.134789009791625
              ],
              [
                -57.815170128892696,
                -38.13299493276052
              ],
              [
                -57.81634749473189,
                -38.13137744813757
              ],
              [
                -57.81709696505617,
                -38.12946021070628
              ],
              [
                -57.81728889999999,
                -38.12812579999396
              ],
              [
                -57.81785759427373,
                -38.12626422644789
              ],
              [
                -57.81841521044291,
                -38.12475185387261
              ],
              [
                -57.821343232466724,
                -38.11947791280261
              ],
              [
                -57.82062560177346,
                -38.1147485407205
              ],
              [
                -57.82060223944893,
                -38.11360604848246
              ],
              [
                -57.820312512777576,
                -38.11207822880533
              ],
              [
                -57.82049698871821,
                -38.11051441027062
              ],
              [
                -57.819652241858364,
                -38.108683257733794
              ],
              [
                -57.819209459995804,
                -38.10719585181903
              ],
              [
                -57.8186341781963,
                -38.106556043197955
              ],
              [
                -57.81681333944234,
                -38.10496296350231
              ],
              [
                -57.81607709999997,
                -38.10341879999395
              ],
              [
                -57.81690319999998,
                -38.10145169999395
              ],
              [
                -57.817529199999974,
                -38.09994719999395
              ],
              [
                -57.81818019999999,
                -38.09914679999395
              ],
              [
                -57.81706439999998,
                -38.098082999993956
              ],
              [
                -57.81616044253166,
                -38.09760022818564
              ],
              [
                -57.81416501963231,
                -38.09613438556887
              ],
              [
                -57.81339338071405,
                -38.095277415136195
              ],
              [
                -57.81357227581649,
                -38.09333967922242
              ],
              [
                -57.814499399999974,
                -38.09204589999394
              ],
              [
                -57.817237405777924,
                -38.09106769511329
              ],
              [
                -57.817982648425144,
                -38.090361301693115
              ],
              [
                -57.81832917292673,
                -38.08572444329354
              ],
              [
                -57.81902508474345,
                -38.084764885087075
              ],
              [
                -57.82019960339872,
                -38.08417925829332
              ],
              [
                -57.82220942041318,
                -38.08366807977008
              ],
              [
                -57.82442815138954,
                -38.08265640898074
              ],
              [
                -57.82825088612523,
                -38.08285968473006
              ],
              [
                -57.83072575438937,
                -38.082604902531614
              ],
              [
                -57.83309339766021,
                -38.082127346494794
              ],
              [
                -57.83424490782775,
                -38.08210862777959
              ],
              [
                -57.83542547275567,
                -38.0828245779098
              ],
              [
                -57.83652587972912,
                -38.08280036556736
              ],
              [
                -57.83752370640928,
                -38.082211219406354
              ],
              [
                -57.838152075275204,
                -38.08140339784209
              ],
              [
                -57.83829064142933,
                -38.07681657399144
              ],
              [
                -57.83706725153119,
                -38.07393798434159
              ],
              [
                -57.83662549120104,
                -38.07215510153131
              ],
              [
                -57.837598034171975,
                -38.07070072989263
              ],
              [
                -57.83785081254993,
                -38.069687633857455
              ],
              [
                -57.83929945998237,
                -38.066990169882615
              ],
              [
                -57.840706669569094,
                -38.06396311992511
              ],
              [
                -57.84143784937543,
                -38.06332836528011
              ],
              [
                -57.842754982486206,
                -38.063096499264624
              ],
              [
                -57.8453786663832,
                -38.06336215250297
              ],
              [
                -57.84616252230577,
                -38.06285581395749
              ],
              [
                -57.84567092018609,
                -38.0580035294071
              ],
              [
                -57.84458359999999,
                -38.056193099993926
              ],
              [
                -57.843428599999996,
                -38.05477209999393
              ],
              [
                -57.842688399999986,
                -38.05309939999393
              ],
              [
                -57.841932746947094,
                -38.05238875829883
              ],
              [
                -57.839411103193406,
                -38.052341146382815
              ],
              [
                -57.831858496940114,
                -38.0499102455446
              ],
              [
                -57.83059788373401,
                -38.04860637654251
              ],
              [
                -57.8475337537339,
                -38.03585482027478
              ],
              [
                -57.83992488227655,
                -38.02458545642382
              ],
              [
                -57.83946506854963,
                -38.02381569630868
              ],
              [
                -57.838602543453945,
                -38.02256009414805
              ],
              [
                -57.83779100177676,
                -38.021536514463385
              ],
              [
                -57.83714264864105,
                -38.02074972474537
              ],
              [
                -57.83633237563468,
                -38.01969411158723
              ],
              [
                -57.835887780723326,
                -38.01931277350878
              ],
              [
                -57.83528944282341,
                -38.01888321272932
              ],
              [
                -57.83355688731309,
                -38.01779044299022
              ],
              [
                -57.83265580181835,
                -38.01723651552354
              ],
              [
                -57.83039322662045,
                -38.01584026043531
              ],
              [
                -57.82829454626421,
                -38.01451220326314
              ],
              [
                -57.8268002276928,
                -38.013569928595636
              ],
              [
                -57.826392892375665,
                -38.01325359689127
              ],
              [
                -57.82615321694419,
                -38.013024779384864
              ],
              [
                -57.825390376588736,
                -38.01220015417203
              ],
              [
                -57.824472993568406,
                -38.011241485833786
              ],
              [
                -57.82151478596047,
                -38.00818098019373
              ],
              [
                -57.82109428510598,
                -38.00776006081316
              ],
              [
                -57.81954411238638,
                -38.00659139632738
              ],
              [
                -57.81513155977512,
                -38.003319476974085
              ],
              [
                -57.81431629433934,
                -38.00267709651404
              ],
              [
                -57.814037949831985,
                -38.002374016614915
              ],
              [
                -57.812760899504696,
                -38.000708902378946
              ],
              [
                -57.81193633196841,
                -37.99963521126746
              ],
              [
                -57.81074886283063,
                -37.99816553390222
              ],
              [
                -57.81037686270879,
                -37.997928029130875
              ],
              [
                -57.80952164988734,
                -37.99744536111333
              ],
              [
                -57.804162157697654,
                -37.994639013593805
              ],
              [
                -57.802979965587475,
                -37.99403195314276
              ],
              [
                -57.80266133131345,
                -37.993851348720824
              ],
              [
                -57.8024889610337,
                -37.99372250974447
              ],
              [
                -57.802318613156245,
                -37.99357805394297
              ],
              [
                -57.802163513736446,
                -37.993424827976405
              ],
              [
                -57.80167612593039,
                -37.99286064171401
              ],
              [
                -57.8010810181344,
                -37.992189977694174
              ],
              [
                -57.79893660903655,
                -37.989695668108205
              ],
              [
                -57.79720822097282,
                -37.98769829168549
              ],
              [
                -57.79604642642479,
                -37.98653914360171
              ],
              [
                -57.79556132671183,
                -37.986095470756446
              ],
              [
                -57.79423418571061,
                -37.984932825346604
              ],
              [
                -57.79328354871687,
                -37.98412020991454
              ],
              [
                -57.79302201367494,
                -37.98391657232015
              ],
              [
                -57.792198529814605,
                -37.98345701206702
              ],
              [
                -57.79164392752591,
                -37.983181443167034
              ],
              [
                -57.79103952546961,
                -37.98288743657233
              ],
              [
                -57.79051773903734,
                -37.982646971495974
              ],
              [
                -57.78862612947185,
                -37.98240510081259
              ],
              [
                -57.7864914294612,
                -37.982016528669206
              ],
              [
                -57.78399151695665,
                -37.98157528832149
              ],
              [
                -57.782722983690114,
                -37.98087963130954
              ],
              [
                -57.780800994089795,
                -37.979902209718404
              ],
              [
                -57.779343551548,
                -37.979173024017456
              ],
              [
                -57.777491341302664,
                -37.9782437036097
              ],
              [
                -57.77575558935046,
                -37.97738554105533
              ],
              [
                -57.77361682035845,
                -37.97630945079128
              ],
              [
                -57.77046531967376,
                -37.97488693845356
              ],
              [
                -57.769382544892416,
                -37.97452337095019
              ],
              [
                -57.76615930363592,
                -37.973373316766505
              ],
              [
                -57.761983048658884,
                -37.970724965089296
              ],
              [
                -57.75697371182582,
                -37.967823228282406
              ],
              [
                -57.75387145203528,
                -37.96585523454039
              ],
              [
                -57.751366877752815,
                -37.96262400200946
              ],
              [
                -57.752810199593384,
                -37.9616922452496
              ],
              [
                -57.751703749292936,
                -37.95884129459255
              ],
              [
                -57.75110759083394,
                -37.95597228634545
              ],
              [
                -57.75117251273872,
                -37.9512137672553
              ],
              [
                -57.74992036420783,
                -37.9457119968124
              ],
              [
                -57.74924502985356,
                -37.94511057736097
              ],
              [
                -57.748326078311976,
                -37.943931468454366
              ],
              [
                -57.74829926820242,
                -37.942548809302714
              ],
              [
                -57.74679540045761,
                -37.94154906253564
              ],
              [
                -57.74542843092863,
                -37.93958677805639
              ],
              [
                -57.74333732592659,
                -37.93815015917755
              ],
              [
                -57.742745515827295,
                -37.9361661102791
              ],
              [
                -57.742263569002795,
                -37.93386302509296
              ],
              [
                -57.742578901634175,
                -37.93110598358334
              ],
              [
                -57.73848973880593,
                -37.929923493175814
              ],
              [
                -57.73690504032234,
                -37.92912401930555
              ],
              [
                -57.73597325993646,
                -37.927908686245054
              ],
              [
                -57.734644907264595,
                -37.92897707720179
              ],
              [
                -57.73262422241287,
                -37.929308173778594
              ],
              [
                -57.72505450327215,
                -37.93163048519448
              ],
              [
                -57.72061858908426,
                -37.933898584771946
              ],
              [
                -57.71548465642406,
                -37.93047353558059
              ],
              [
                -57.70913136851954,
                -37.92887317626996
              ],
              [
                -57.69313389198343,
                -37.926598029873254
              ],
              [
                -57.69149104737954,
                -37.92664526405299
              ],
              [
                -57.68424158675983,
                -37.92791946071894
              ],
              [
                -57.67831402826213,
                -37.92919896918917
              ],
              [
                -57.70011399225585,
                -37.94740159017295
              ],
              [
                -57.68566838283705,
                -37.9581060758368
              ],
              [
                -57.68721322456203,
                -37.959324773273245
              ],
              [
                -57.673203305478566,
                -37.970553841287746
              ],
              [
                -57.67031397654442,
                -37.96817155451943
              ],
              [
                -57.639825159725135,
                -37.9910974238193
              ],
              [
                -57.64535318431267,
                -37.99631888019694
              ],
              [
                -57.63742854656955,
                -38.00216224767544
              ],
              [
                -57.63578715206443,
                -38.011634548040625
              ],
              [
                -57.637685306342014,
                -38.01188163430481
              ],
              [
                -57.637660417946485,
                -38.011938015594275
              ],
              [
                -57.63727474731996,
                -38.014062795033766
              ],
              [
                -57.63106022794805,
                -38.01497885408041
              ],
              [
                -57.62749803931809,
                -38.01570577761347
              ],
              [
                -57.62632951053406,
                -38.016173377720186
              ],
              [
                -57.628172914147996,
                -38.0176983248142
              ],
              [
                -57.62379676423653,
                -38.020922481421344
              ],
              [
                -57.61414363517397,
                -38.02815196641688
              ],
              [
                -57.606842558469864,
                -38.033700562280075
              ],
              [
                -57.60704387398535,
                -38.03391136336909
              ],
              [
                -57.61210983199151,
                -38.037094838564315
              ],
              [
                -57.61747835772188,
                -38.040429872806904
              ],
              [
                -57.624332821811,
                -38.04479886545011
              ],
              [
                -57.625532260372005,
                -38.04554458263931
              ],
              [
                -57.628653263353904,
                -38.04689131849056
              ],
              [
                -57.63363661407679,
                -38.048933676935604
              ],
              [
                -57.63433474305409,
                -38.04917472023561
              ],
              [
                -57.64078224106375,
                -38.05140058140835
              ],
              [
                -57.64188977989858,
                -38.05176386984252
              ],
              [
                -57.64309480374553,
                -38.05215911900994
              ]
            ]
          ]
        ]
      }
    },
    {
      "type": "Feature",
      "properties": {
        "name": "íCíoímíiísíaíríííaí í1í5í",
        "code": "CRIA_íCíoímíiísíaíríííaí í1í5í",
        "color": "#6366f1",
        "gid": "8123"
      },
      "geometry": {
        "type": "MultiPolygon",
        "coordinates": [
          [
            [
              [
                -57.58344719173663,
                -37.943791594557766
              ],
              [
                -57.58366261838176,
                -37.94310511294647
              ],
              [
                -57.58384361381998,
                -37.94250159193074
              ],
              [
                -57.58406996172031,
                -37.941750569945924
              ],
              [
                -57.58460954441343,
                -37.94009397148559
              ],
              [
                -57.585547541974385,
                -37.93713480984749
              ],
              [
                -57.58621563626569,
                -37.93504260481418
              ],
              [
                -57.58626127117345,
                -37.934840693949184
              ],
              [
                -57.58628916190307,
                -37.93430270491783
              ],
              [
                -57.586322200419474,
                -37.933946396675836
              ],
              [
                -57.58647529418494,
                -37.93362335562718
              ],
              [
                -57.58685905901412,
                -37.933017997990724
              ],
              [
                -57.587358129174845,
                -37.931379530013295
              ],
              [
                -57.58909391517916,
                -37.92602741378055
              ],
              [
                -57.590947578417314,
                -37.92022368933339
              ],
              [
                -57.5912047680774,
                -37.91943010634612
              ],
              [
                -57.59091838981916,
                -37.919136192462176
              ],
              [
                -57.58976028901083,
                -37.91796081436752
              ],
              [
                -57.58917537025735,
                -37.917367150629275
              ],
              [
                -57.5878256770977,
                -37.91599723038564
              ],
              [
                -57.58651335735902,
                -37.91466517925817
              ],
              [
                -57.585287910898884,
                -37.91342125026286
              ],
              [
                -57.584254747163776,
                -37.91237246103734
              ],
              [
                -57.583106112910556,
                -37.911206408725995
              ],
              [
                -57.58194153464718,
                -37.910024120963534
              ],
              [
                -57.580811260521976,
                -37.908876611176126
              ],
              [
                -57.57963602792666,
                -37.90768340738998
              ],
              [
                -57.57884073189946,
                -37.9068759211189
              ],
              [
                -57.57863643521767,
                -37.906668489169824
              ],
              [
                -57.57825526926295,
                -37.90628146938195
              ],
              [
                -57.578430475013,
                -37.90602174447663
              ],
              [
                -57.57935032497907,
                -37.90465813117224
              ],
              [
                -57.579850818941225,
                -37.903916159454646
              ],
              [
                -57.579980958489585,
                -37.90372322739279
              ],
              [
                -57.58242991059841,
                -37.9000432280498
              ],
              [
                -57.56182302594502,
                -37.88300401175635
              ],
              [
                -57.55797136627807,
                -37.8858610346779
              ],
              [
                -57.54206546400811,
                -37.872690475403346
              ],
              [
                -57.52070403310471,
                -37.88884714335546
              ],
              [
                -57.52155563307875,
                -37.89075767939973
              ],
              [
                -57.52281166731489,
                -37.893555707052045
              ],
              [
                -57.523004700940064,
                -37.89411324590078
              ],
              [
                -57.523094053398836,
                -37.89470311983295
              ],
              [
                -57.52308981388895,
                -37.89569922344639
              ],
              [
                -57.523044274153484,
                -37.896441259243446
              ],
              [
                -57.5230040148127,
                -37.89704055362127
              ],
              [
                -57.522931865070426,
                -37.8975880145441
              ],
              [
                -57.52281565749491,
                -37.89805417098174
              ],
              [
                -57.52254038727458,
                -37.89914915172798
              ],
              [
                -57.52245497686766,
                -37.899778524492525
              ],
              [
                -57.52245221002154,
                -37.89998488523945
              ],
              [
                -57.52245761229299,
                -37.90021954998221
              ],
              [
                -57.52252865882486,
                -37.90070844228719
              ],
              [
                -57.52272203645568,
                -37.90162226404716
              ],
              [
                -57.522933532645766,
                -37.90256681801169
              ],
              [
                -57.523133897942905,
                -37.90350272549401
              ],
              [
                -57.52333044514874,
                -37.90443098126738
              ],
              [
                -57.52358863485448,
                -37.90563048803057
              ],
              [
                -57.52371545688754,
                -37.906250893396525
              ],
              [
                -57.5239116149474,
                -37.907169838018355
              ],
              [
                -57.524093351163536,
                -37.9080725270352
              ],
              [
                -57.524280748006056,
                -37.908982819547774
              ],
              [
                -57.52447282650344,
                -37.90988892845957
              ],
              [
                -57.524537381766315,
                -37.910088035284986
              ],
              [
                -57.524876341459354,
                -37.91097393858372
              ],
              [
                -57.52501722356064,
                -37.911210814242374
              ],
              [
                -57.52525380125355,
                -37.911633486706215
              ],
              [
                -57.52556031277226,
                -37.91219030671237
              ],
              [
                -57.525696593869,
                -37.91252699470785
              ],
              [
                -57.52574778970071,
                -37.91274164282623
              ],
              [
                -57.52590876587926,
                -37.913416558271265
              ],
              [
                -57.526155146415505,
                -37.9144495219927
              ],
              [
                -57.52632126896336,
                -37.915179563231916
              ],
              [
                -57.526564609175274,
                -37.91630555377591
              ],
              [
                -57.52680894727461,
                -37.91743280535812
              ],
              [
                -57.52700746101744,
                -37.91839450160614
              ],
              [
                -57.52716545310983,
                -37.91906810871127
              ],
              [
                -57.527356797484174,
                -37.91987463626082
              ],
              [
                -57.52748265760149,
                -37.92046496345646
              ],
              [
                -57.52764739615123,
                -37.921243263242445
              ],
              [
                -57.527809820704945,
                -37.92191389988932
              ],
              [
                -57.52797966096508,
                -37.92258392708968
              ],
              [
                -57.52817129285381,
                -37.92333821454757
              ],
              [
                -57.52833281966359,
                -37.92395048360758
              ],
              [
                -57.52845723069685,
                -37.92436584145892
              ],
              [
                -57.52855439663596,
                -37.92469023597307
              ],
              [
                -57.528848712863784,
                -37.92600089781753
              ],
              [
                -57.52889713285238,
                -37.926152487288206
              ],
              [
                -57.52901383660197,
                -37.926517851735355
              ],
              [
                -57.52906677968253,
                -37.92668359951727
              ],
              [
                -57.52914456017201,
                -37.926927103971785
              ],
              [
                -57.52919684720798,
                -37.92709079617509
              ],
              [
                -57.529249853287816,
                -37.92725673874884
              ],
              [
                -57.52951792288309,
                -37.92779877013933
              ],
              [
                -57.529680225069335,
                -37.928079918760645
              ],
              [
                -57.530090728919305,
                -37.92878615379832
              ],
              [
                -57.53052741572285,
                -37.929520528664895
              ],
              [
                -57.530677079053326,
                -37.92978398496698
              ],
              [
                -57.530798690531036,
                -37.93001499518109
              ],
              [
                -57.53098325342603,
                -37.93050808979152
              ],
              [
                -57.53153924279754,
                -37.93230263695452
              ],
              [
                -57.531920487518455,
                -37.93352937569441
              ],
              [
                -57.532254472107354,
                -37.93460287468981
              ],
              [
                -57.53229726266849,
                -37.935009397364595
              ],
              [
                -57.532396636300554,
                -37.93595254426005
              ],
              [
                -57.53251575510749,
                -37.93643639024624
              ],
              [
                -57.532580701987214,
                -37.93663207702694
              ],
              [
                -57.532972898631684,
                -37.93756665917694
              ],
              [
                -57.533106608692776,
                -37.93819847443592
              ],
              [
                -57.53350104991118,
                -37.93983925681139
              ],
              [
                -57.53351298995686,
                -37.94015470709134
              ],
              [
                -57.53360136710933,
                -37.94193449051536
              ],
              [
                -57.53369411785552,
                -37.94259648658661
              ],
              [
                -57.53418463279954,
                -37.94345710463346
              ],
              [
                -57.53437449721478,
                -37.943753516134976
              ],
              [
                -57.534400925031505,
                -37.94385696574923
              ],
              [
                -57.534486512800754,
                -37.94419199053282
              ],
              [
                -57.53465081927919,
                -37.94407830089599
              ],
              [
                -57.53477224357535,
                -37.944173612035705
              ],
              [
                -57.53489103626919,
                -37.94419139525034
              ],
              [
                -57.535038321472584,
                -37.944147207585594
              ],
              [
                -57.53539169146838,
                -37.94397017995396
              ],
              [
                -57.53578231431216,
                -37.94377277431328
              ],
              [
                -57.535955511856464,
                -37.94371014431119
              ],
              [
                -57.53702417464747,
                -37.94317010345669
              ],
              [
                -57.53775646949574,
                -37.94279481489268
              ],
              [
                -57.53799110832246,
                -37.94285299353369
              ],
              [
                -57.5382966545149,
                -37.9431972766466
              ],
              [
                -57.53899178970462,
                -37.943946387684605
              ],
              [
                -57.53931103079173,
                -37.944447070498946
              ],
              [
                -57.53938974252808,
                -37.944561923051054
              ],
              [
                -57.53943852897954,
                -37.94468796205385
              ],
              [
                -57.5393656885698,
                -37.94481325208446
              ],
              [
                -57.54041918934533,
                -37.94569554676787
              ],
              [
                -57.54145670008739,
                -37.94650766106304
              ],
              [
                -57.54290624807972,
                -37.947236177082225
              ],
              [
                -57.544133683787976,
                -37.9475674715718
              ],
              [
                -57.546298749486056,
                -37.947399167521716
              ],
              [
                -57.54755017262542,
                -37.94748524977002
              ],
              [
                -57.548780662211364,
                -37.94735698433407
              ],
              [
                -57.54938926036868,
                -37.94683338065949
              ],
              [
                -57.55107335833877,
                -37.94615157570349
              ],
              [
                -57.5527524696233,
                -37.94566888554673
              ],
              [
                -57.55349004046744,
                -37.945154865715956
              ],
              [
                -57.55446912761792,
                -37.9450379343036
              ],
              [
                -57.55534294791575,
                -37.94464068778256
              ],
              [
                -57.5557377704831,
                -37.943990421904374
              ],
              [
                -57.556677117687926,
                -37.94373581066121
              ],
              [
                -57.557717009722495,
                -37.94357409150256
              ],
              [
                -57.5582739377057,
                -37.94368023346226
              ],
              [
                -57.55852383383144,
                -37.94379121996757
              ],
              [
                -57.558560296350066,
                -37.9436267129356
              ],
              [
                -57.55924325683881,
                -37.94319455534474
              ],
              [
                -57.56032980918173,
                -37.94281462177967
              ],
              [
                -57.56086776118801,
                -37.94270605826031
              ],
              [
                -57.56097995639676,
                -37.942695806664304
              ],
              [
                -57.5614361234224,
                -37.9426473711572
              ],
              [
                -57.5622676685235,
                -37.942514816162465
              ],
              [
                -57.56324811057979,
                -37.942377932531876
              ],
              [
                -57.5639816564236,
                -37.94227551339272
              ],
              [
                -57.56430145113727,
                -37.94223086148075
              ],
              [
                -57.564619514894794,
                -37.94222517374264
              ],
              [
                -57.56508120654372,
                -37.94216262271316
              ],
              [
                -57.56535436235102,
                -37.94212561403549
              ],
              [
                -57.56546533365403,
                -37.94211661894654
              ],
              [
                -57.5656350816945,
                -37.94210285933709
              ],
              [
                -57.56602825015041,
                -37.94202798437654
              ],
              [
                -57.56649059753065,
                -37.941984316545046
              ],
              [
                -57.56678739843772,
                -37.941820461929865
              ],
              [
                -57.56727761864589,
                -37.941603599864514
              ],
              [
                -57.56745317436157,
                -37.9414809379373
              ],
              [
                -57.56765246566737,
                -37.94133115910827
              ],
              [
                -57.56772395942371,
                -37.9413101996434
              ],
              [
                -57.56782608239214,
                -37.94131472991284
              ],
              [
                -57.56784413745008,
                -37.94124852383632
              ],
              [
                -57.56795843502738,
                -37.941133410041736
              ],
              [
                -57.56814789036544,
                -37.94107685467921
              ],
              [
                -57.568557884150195,
                -37.94104872591735
              ],
              [
                -57.568809275782506,
                -37.94106521483367
              ],
              [
                -57.56898908006208,
                -37.94116805572606
              ],
              [
                -57.56910572368328,
                -37.94115847958405
              ],
              [
                -57.56974417592925,
                -37.94096975742409
              ],
              [
                -57.570045776669346,
                -37.94079649175428
              ],
              [
                -57.570211443674616,
                -37.94047194401424
              ],
              [
                -57.570298182543205,
                -37.94027185538428
              ],
              [
                -57.57041471124865,
                -37.94020099956122
              ],
              [
                -57.570578039113805,
                -37.94020020766417
              ],
              [
                -57.57080869937917,
                -37.940195886534724
              ],
              [
                -57.570952084017144,
                -37.9401637493781
              ],
              [
                -57.57110977956624,
                -37.940137991911264
              ],
              [
                -57.57121649309846,
                -37.94010603213473
              ],
              [
                -57.57131591352009,
                -37.94009684335193
              ],
              [
                -57.57146231519337,
                -37.94005334692487
              ],
              [
                -57.57163218546981,
                -37.94001501829226
              ],
              [
                -57.571818922099375,
                -37.939969292116686
              ],
              [
                -57.57207250394779,
                -37.93991626676357
              ],
              [
                -57.57235442410182,
                -37.93984928184132
              ],
              [
                -57.57240783833813,
                -37.93984444859142
              ],
              [
                -57.572548384714125,
                -37.93990382855568
              ],
              [
                -57.57277987010419,
                -37.94002324478995
              ],
              [
                -57.57295724826436,
                -37.94010293787817
              ],
              [
                -57.57309239486348,
                -37.94017842358744
              ],
              [
                -57.57320102452333,
                -37.94024633759771
              ],
              [
                -57.57343572393729,
                -37.940345859669186
              ],
              [
                -57.57350610621638,
                -37.94035684537106
              ],
              [
                -57.573588075009354,
                -37.94036188107229
              ],
              [
                -57.57367183453791,
                -37.940361472731794
              ],
              [
                -57.57377141968188,
                -37.94037380975085
              ],
              [
                -57.57382385061147,
                -37.940403781174524
              ],
              [
                -57.57391000069043,
                -37.94053385217687
              ],
              [
                -57.57397005035221,
                -37.94072240652235
              ],
              [
                -57.574007551420614,
                -37.94076745625641
              ],
              [
                -57.57406665632147,
                -37.940802708855266
              ],
              [
                -57.5741479069599,
                -37.9408114907453
              ],
              [
                -57.574258529773005,
                -37.940781909790886
              ],
              [
                -57.57438522461033,
                -37.94069386325622
              ],
              [
                -57.57443812379407,
                -37.940633688884546
              ],
              [
                -57.57447675180998,
                -37.940599636594506
              ],
              [
                -57.57453053055818,
                -37.940548457991575
              ],
              [
                -57.574714751298686,
                -37.940446967097884
              ],
              [
                -57.57479093143812,
                -37.94040136878872
              ],
              [
                -57.57489795051295,
                -37.94033495983244
              ],
              [
                -57.575012738163224,
                -37.940291522354535
              ],
              [
                -57.575134423368304,
                -37.940264129660456
              ],
              [
                -57.575290009541405,
                -37.94024193063179
              ],
              [
                -57.57535582390578,
                -37.940236396804934
              ],
              [
                -57.575513355960176,
                -37.94022475981184
              ],
              [
                -57.57565247241759,
                -37.9402615963299
              ],
              [
                -57.575754322067446,
                -37.94029593513265
              ],
              [
                -57.575886750556975,
                -37.9403435234547
              ],
              [
                -57.576000194332096,
                -37.940366730624724
              ],
              [
                -57.5761271654022,
                -37.940382840057225
              ],
              [
                -57.576237211643864,
                -37.94039735924723
              ],
              [
                -57.57631986694457,
                -37.94042372458244
              ],
              [
                -57.576381487183085,
                -37.94046357769504
              ],
              [
                -57.57643059282551,
                -37.940525242691216
              ],
              [
                -57.576502004479295,
                -37.94058720903467
              ],
              [
                -57.57655839783879,
                -37.940624987268876
              ],
              [
                -57.576620034506064,
                -37.94065005483566
              ],
              [
                -57.57676086373566,
                -37.94065324980921
              ],
              [
                -57.576875889548475,
                -37.94064608590273
              ],
              [
                -57.57700642215576,
                -37.94061838878946
              ],
              [
                -57.577111491813774,
                -37.94057951244295
              ],
              [
                -57.577202534433006,
                -37.94052097655574
              ],
              [
                -57.57726830207692,
                -37.94049103612607
              ],
              [
                -57.57734436471556,
                -37.9404723536671
              ],
              [
                -57.57742071328675,
                -37.940490288285574
              ],
              [
                -57.577544815317765,
                -37.940538308373206
              ],
              [
                -57.57768097014641,
                -37.940577786416284
              ],
              [
                -57.57773732247986,
                -37.94058335399957
              ],
              [
                -57.57785790947294,
                -37.94058276184702
              ],
              [
                -57.57795906314661,
                -37.940597741414926
              ],
              [
                -57.578013388570234,
                -37.94061816631105
              ],
              [
                -57.57805227748046,
                -37.94064696330197
              ],
              [
                -57.57808442958898,
                -37.940681698374554
              ],
              [
                -57.57815658725495,
                -37.940766639778126
              ],
              [
                -57.57823949368356,
                -37.94083477937434
              ],
              [
                -57.5783139332006,
                -37.940860562726655
              ],
              [
                -57.57837785569652,
                -37.94087650791726
              ],
              [
                -57.57846989085407,
                -37.940892315149554
              ],
              [
                -57.57854103579059,
                -37.94090857381534
              ],
              [
                -57.57858785185945,
                -37.940938263927364
              ],
              [
                -57.578652248496034,
                -37.940996850771874
              ],
              [
                -57.578756661173834,
                -37.941083651260826
              ],
              [
                -57.578861691016655,
                -37.94114370316234
              ],
              [
                -57.57890058762078,
                -37.94115729929792
              ],
              [
                -57.57901107829943,
                -37.941178314388175
              ],
              [
                -57.579097129197,
                -37.9412091510297
              ],
              [
                -57.57913914652179,
                -37.94129681420687
              ],
              [
                -57.57912867187051,
                -37.941349524576346
              ],
              [
                -57.579046948519455,
                -37.94148158970951
              ],
              [
                -57.5790052464841,
                -37.94158268784937
              ],
              [
                -57.579019534604356,
                -37.9416804533806
              ],
              [
                -57.578996226178496,
                -37.94181968893775
              ],
              [
                -57.579006070114445,
                -37.94202897025794
              ],
              [
                -57.5790354356805,
                -37.94211603872299
              ],
              [
                -57.57916780733355,
                -37.942247998303074
              ],
              [
                -57.57918859427795,
                -37.94239603849468
              ],
              [
                -57.57925563098153,
                -37.94245459212726
              ],
              [
                -57.579393201868825,
                -37.942546765684256
              ],
              [
                -57.579512132985656,
                -37.94260268453437
              ],
              [
                -57.57964800069704,
                -37.94268737304761
              ],
              [
                -57.57972597341259,
                -37.942759020743004
              ],
              [
                -57.579810681159145,
                -37.94283572602924
              ],
              [
                -57.57987468204757,
                -37.942929763105035
              ],
              [
                -57.57991640327841,
                -37.9429508134156
              ],
              [
                -57.58005357453691,
                -37.943005337243875
              ],
              [
                -57.580164204159594,
                -37.943100196484586
              ],
              [
                -57.58020931744073,
                -37.943135552074914
              ],
              [
                -57.580241194563236,
                -37.943247987191576
              ],
              [
                -57.58031186057261,
                -37.943338231106175
              ],
              [
                -57.58039802905243,
                -37.94337806941548
              ],
              [
                -57.580588683953366,
                -37.94346586432432
              ],
              [
                -57.58068816161731,
                -37.94354223822316
              ],
              [
                -57.58076512097889,
                -37.94364431442223
              ],
              [
                -57.58099911072603,
                -37.943826517669336
              ],
              [
                -57.58121136817115,
                -37.9438965466647
              ],
              [
                -57.58134295701376,
                -37.94390605031398
              ],
              [
                -57.58146605374929,
                -37.94393550196789
              ],
              [
                -57.58156775964263,
                -37.943979561888035
              ],
              [
                -57.58169760241214,
                -37.94402125451664
              ],
              [
                -57.581775280838514,
                -37.94405317834593
              ],
              [
                -57.5819251046843,
                -37.94407738124178
              ],
              [
                -57.582058252587125,
                -37.94409204443299
              ],
              [
                -57.582245140131626,
                -37.94408555816567
              ],
              [
                -57.58260674319448,
                -37.94418517254067
              ],
              [
                -57.58314878371579,
                -37.944297829715005
              ],
              [
                -57.58330624190108,
                -37.944318764926216
              ],
              [
                -57.58344719173663,
                -37.943791594557766
              ]
            ]
          ]
        ]
      }
    }
  ]
}