Fecha,ID,Dirección,Tipo,SubTipo,Relato,Partido asignado,Localidad asignada,Latitud,Longitud,RESULTADO,Comentario Cierre Supervisor,Latitud_Clean,Longitud_Clean,Año,Mes,Mes_Nombre,Dia,Hora,Dia_Semana_Num,Dia_Semana,Es_FinDeSemana,Franja_Horaria,Patentes_Extraidas,Patente_Principal,Marca_Detectada,Origen_Dataset
2026-08-05 23:31:00,10016459521,BALCARCE y España,DISPAROS,PERSONAS,"ESCUCHA UN TIROTEO EN EL LUGAR__HAY UNA UTO QUE FUE MARCHA ATRAS, ERA ANCSO , SE FUE SOBRE BALCARCE EN CONTRAMANO __VA SOBRE ESPAÑA DIRECCIÓN A LURO__HAY UN HOMBRE QUE SE VA, ESTÁ VESTIDO DE NEGRO__NO SABE SI HAY HEIRDOS ",GENERAL PUEYRREDON,MAR DEL PLATA,-379899589984.0,-575521299992.0,V ACC-MC,0,-37.9899589984,-57.5521299992,2026,8,August,5,23,2,Miércoles,False,Noche (18-24),[],,OTRA / NO ESPECIFICADA,DISPAROS_PERSONAS
2026-08-05 22:25:00,10016459357,AZOPARDO y Reforma Universitaria,DISPAROS,PERSONAS,LLAMANTE REFIERE QUE SE ESTAN ENFRENTANDO CON ARMAS DE FUEGO.- SON DOS PERSONAS.- NO SABE SI HAY HERIDOS.. SE ESCUCHAN GRITOS.- ,GENERAL PUEYRREDON,MAR DEL PLATA,-380118309985.0,-576030909992.0,V ACC-MC,0,-38.0118309985,-57.6030909992,2026,8,August,5,22,2,Miércoles,False,Noche (18-24),[],,OTRA / NO ESPECIFICADA,DISPAROS_PERSONAS
2026-08-05 16:44:00,10016458355,SABINO ARANA Y GOIRI al 8291,DISPAROS,PERSONAS,REFIERE QUE ESTAN EFECTUANDO DISPAROS A UNA PERSONA __MAS DE 7 PERSONAS .  NO SABE SI HAY HERIDOS .,GENERAL PUEYRREDON,MAR DEL PLATA,-38019231750409.0,-57601790787697.0,JTv,0,-38.019231750409,-57.601790787697,2026,8,August,5,16,2,Miércoles,False,Tarde (12-18),[],,OTRA / NO ESPECIFICADA,DISPAROS_PERSONAS
2026-08-05 16:44:00,10016458354,AV POLONIA al 1726,DISPAROS,PERSONAS,"LLAMANTE FEMENINA PIDE POLICIA, REFIERE QUE ESTARIAN AGREDIENDO AL MARIDO, QUE ESTAN A LOS TIROS , NO RESPONDE PIDE POLICIA",GENERAL PUEYRREDON,MAR DEL PLATA,-380189.0,-576011.0,JTv,0,-38.0189,-57.6011,2026,8,August,5,16,2,Miércoles,False,Tarde (12-18),[],,OTRA / NO ESPECIFICADA,DISPAROS_PERSONAS
2026-08-03 23:19:00,10016453563,VUELTA DE OBLIGADO y Los Manzanos,DISPAROS,PERSONAS,"LLAMANTE REFIERE QUE LOS VECINOS ESTAN EFECTUANDOSE DISPAROS ENTRE SI Y HAY UN HERIDO, NO SABE CUANTOS SON ",GENERAL PUEYRREDON,MAR DEL PLATA,-379406779984.0,-575582239992.0,V ACC-MC,0,-37.9406779984,-57.5582239992,2026,8,August,3,23,0,Lunes,False,Noche (18-24),[],,OTRA / NO ESPECIFICADA,DISPAROS_PERSONAS
2026-08-03 14:44:00,10016452299,EDUARDO CARASA y Echeverria,DISPAROS,PERSONAS,"LLAMANTE COMUNICA QUE HUBO UN TIROTEO, HAY UNA PERSDONA TIRADA EN EL PISO, NO SABE SI HERIDO,__HAY UNO RETENIDO POR LOS VECINOS__NO SABE QUE PASO",GENERAL PUEYRREDON,,-380391109985.0,-575772139992.0,JTv,0,-38.0391109985,-57.5772139992,2026,8,August,3,14,0,Lunes,False,Tarde (12-18),[],,OTRA / NO ESPECIFICADA,DISPAROS_PERSONAS
2026-08-03 14:36:00,10016452279,EDUARDO CARASA y Echeverria,DISPAROS,PERSONAS,LLAMANTE REFIETE QUE HAY UNA PERSONA HERIDO DE BALA Y UNA PERSONA ARMADA. EN VIA PÚBLICA.,GENERAL PUEYRREDON,,-380391109985.0,-575772139992.0,0,0,-38.0391109985,-57.5772139992,2026,8,August,3,14,0,Lunes,False,Tarde (12-18),[],,OTRA / NO ESPECIFICADA,DISPAROS_PERSONAS
2026-08-02 14:26:00,10016449350,ISLA JOINVILLE al 1070,DISPAROS,PERSONAS,LLAMANTE REFIERE QUE PASO SU PAREJA Y LA VECINA SE LE RIÓ EN LA CARA. TIENEN DENUNCIAS PREVIAS. DESPUES SALIÓ OTRO VECINO DE ENFRENTE CON UNA AMETRALLADORA Y EFECTUÓ DISPAROS HACIA ELLOS. ADEMÁS TIENE OTRA AMETRALLADORA. NO HAY HERIDOS,GENERAL PUEYRREDON,MAR DEL PLATA,-37893136827608.0,-57532957012612.0,JTv,0,-37.893136827608,-57.532957012612,2026,8,August,2,14,6,Domingo,True,Tarde (12-18),[],,OTRA / NO ESPECIFICADA,DISPAROS_PERSONAS
2026-08-02 09:38:00,10016448777,AV PEDRO LURO y Dr Ramon Carrillo,DISPAROS,PERSONAS,"REFIERE  OBSERVA 3 MOTOS 150   ESCUCHO DISPAROS, HAY UN MASC  25/30 AÑOS CAMPERON TURQUESA LARGO ADIDAS  HERIDO DE ARMA DE FUEGO .-  __SE ESTAN YENDO LAS 3 MOTOS POR CIUDAD DE ROSARIO EN DIRECCION A COLON .-  EN LA MOTO DEL HERIDO  VAN  DOS PERSONAS ",GENERAL PUEYRREDON,,-379579240913.0,-576266082591.0,JTv,0,-37.9579240913,-57.6266082591,2026,8,August,2,9,6,Domingo,True,Mañana (06-12),[],,OTRA / NO ESPECIFICADA,DISPAROS_PERSONAS
2026-08-02 04:58:00,10016448268,SANTIAGO DEL ESTERO y Rodriguez Peña,DISPAROS,PERSONAS,"LLAMANTE REFIERE PASARON 3 CHICOS  A LOS TIROS, ESTABAN CORRIENDO A ALGUIEN.__ NO SABE SI HAY HERIDOS. __AHORA ESTAN SOBRE SANTIAGO DEL ESTERO. ",GENERAL PUEYRREDON,,-380127479984.0,-575561949992.0,JTv,0,-38.0127479984,-57.5561949992,2026,8,August,2,4,6,Domingo,True,Madrugada (00-06),[],,OTRA / NO ESPECIFICADA,DISPAROS_PERSONAS
2026-08-01 13:48:00,10016445525,AV LIBERTAD al 7769,DISPAROS,PERSONAS,REFIERE 3 MASC INGRESARON  A ROBAR AL COMERCIO __IGNORA EN QUE DIRECCION FUGAN  __MASC 60 AÑOS HERIDO DE ARMA DE FUEGO __,GENERAL PUEYRREDON,,-379672519985.0,-575946169992.0,Telefonía Fija/Móvil,0,-37.9672519985,-57.5946169992,2026,8,August,1,13,5,Sábado,True,Tarde (12-18),[],,OTRA / NO ESPECIFICADA,DISPAROS_PERSONAS
2026-08-01 13:47:00,10016445523,AV LIBERTAD y Cnel Suarez,DISPAROS,PERSONAS,"REFIERE QUE UN UN LADRON LE EFECTUO UN DISPARO A UN SEÑOR, QUE SE ESTA MURIENDO ",GENERAL PUEYRREDON,MAR DEL PLATA,-379672519985.0,-575946169992.0,JTv,0,-37.9672519985,-57.5946169992,2026,8,August,1,13,5,Sábado,True,Tarde (12-18),[],,OTRA / NO ESPECIFICADA,DISPAROS_PERSONAS
2026-08-01 13:46:00,10016445519,TERMAS DE RIO HONDO y Chacabuco,DISPAROS,PERSONAS,"LLAMANTE COMUNICA QUE DOS MASCULINO LE DIJERON UN DISPARO A UN CHICO, 1 CAMPERA NEGRA Y OTRO PANTALON AZUL, ESTAN DANDO VUELTAS POR TODOS LADOS, A PIE, __EL CHICO HERIDO ESTA EN  LIBERTAD Y 186, ",GENERAL PUEYRREDON,,-379666139985.0,-575912939992.0,POSITIVO,"OVEJERO ALANA ALBERTO DE 25 AÑOS, DNI , 43.741.091 , EL OTRO HOCTE TOMAS ANDRES DE 23 AÑOS, DNI , 45.741558 CLASE 2003 , Y SECUESTRO DE ARMA DE FUEGO  CALIBRE 32 LARGO CON 6 MUNICIONES Y 2 VAINAS SERVIDAS , DR RUSSO DISPONE HOMICIDIO, ACTUACIONES DE RIGOR EN CRIA 6 .-",-37.9666139985,-57.5912939992,2026,8,August,1,13,5,Sábado,True,Tarde (12-18),[],,OTRA / NO ESPECIFICADA,DISPAROS_PERSONAS
2026-08-01 13:45:00,10016445514,AV LIBERTAD y Luciano Arrue,DISPAROS,PERSONAS,REFIERE QUE LE PEGARON UN TIRO A UN SEÑOR__NO SABE QUE SUCEDIO ,GENERAL PUEYRREDON,MAR DEL PLATA,-379677479985.0,-575936189992.0,JTv,0,-37.9677479985,-57.5936189992,2026,8,August,1,13,5,Sábado,True,Tarde (12-18),[],,OTRA / NO ESPECIFICADA,DISPAROS_PERSONAS
2026-08-01 13:39:00,10016445497,CALLE 40 y Calle 457,DISPAROS,PERSONAS,"LLAMANTE REFIERE QUE SU YERNO TIENE UN REVOLVER, LE DISPARO A SU HIJO. HAY MENORES. NO HAY HERIDOS. ANDA EN UN AUTO NEGRO FUE A BUSCAR MAS PERSONAS AL PARQUE INDEPENDENCIA",GENERAL PUEYRREDON,MAR DEL PLATA,-380921889985.0,-576068069992.0,JTv,0,-38.0921889985,-57.6068069992,2026,8,August,1,13,5,Sábado,True,Tarde (12-18),[],,OTRA / NO ESPECIFICADA,DISPAROS_PERSONAS
2026-08-01 13:35:00,10016445492,CALLE 40 al 2015,DISPAROS,PERSONAS,"LLAMANTE COMUNICA QUE HUBO UNA DISCUCION FAMILIAR,, EL CUÑADO LE PRODIJJO DISPAROS DE ARMA DE FUEGO NO HAY HERIDOS, SE FUE EL CUÑADO",GENERAL PUEYRREDON,MAR DEL PLATA,-38092817186616.0,-57607568748833.0,JTv,0,-38.092817186616,-57.607568748833,2026,8,August,1,13,5,Sábado,True,Tarde (12-18),[],,OTRA / NO ESPECIFICADA,DISPAROS_PERSONAS
2026-08-01 13:33:00,10016445485,457,DISPAROS,PERSONAS,"REFIERE QUE ESTAN DISPARANDO, SE ESCUCHAN GRITOS, LLAMANTE MUY NERVIOSA, NO COLABORA ",GENERAL PUEYRREDON,,-380921889985.0,-576068069992.0,JTv,0,-38.0921889985,-57.6068069992,2026,8,August,1,13,5,Sábado,True,Tarde (12-18),[],,OTRA / NO ESPECIFICADA,DISPAROS_PERSONAS
2026-08-01 13:30:00,10016445482,CALLE 40 al 457,DISPAROS,PERSONAS,"LLAMANTE REFIERE QUE LE ESTAN DISPARANDO A SU MARIDO, ESTA HERIDO. NO RESPONDE A PREGUNTAS",GENERAL PUEYRREDON,MAR DEL PLATA,-380921889985.0,-576068069992.0,V ACC-MC,0,-38.0921889985,-57.6068069992,2026,8,August,1,13,5,Sábado,True,Tarde (12-18),[],,OTRA / NO ESPECIFICADA,DISPAROS_PERSONAS
2026-08-01 05:48:00,10016444682,TRINIDAD Y TOBAGO y Balcarce,DISPAROS,PERSONAS,LLAMANTE REFIERE QUE ESTAN DISPARANDOSE ENTRE DOS VECINOS NO SABE SI HAY HERIDOS. ,GENERAL PUEYRREDON,MAR DEL PLATA,-379560609985.0,-576166889992.0,JTv,0,-37.9560609985,-57.6166889992,2026,8,August,1,5,5,Sábado,True,Madrugada (00-06),[],,OTRA / NO ESPECIFICADA,DISPAROS_PERSONAS
2026-07-30 21:30:00,10016440615,WILLIAMS MORRIS al 8129,DISPAROS,PERSONAS,"__LLAMANTE REFIERE QUE EL HERMANO LE DIO UN TIRO AL CUÑADO DE 27, ESTÁ EN LA HABIACIÓN __EL AGRESOR SE LLAMA CLAUDIO ADRIAN ALTAMIRANDO __HAY NIÑOS EN EL LUGAR",GENERAL PUEYRREDON,MAR DEL PLATA,-38027501257726.0,-57608320819808.0,V ACC-MC,0,-38.027501257726,-57.608320819808,2026,7,July,30,21,3,Jueves,False,Noche (18-24),[],,OTRA / NO ESPECIFICADA,DISPAROS_PERSONAS
2026-07-30 19:28:00,10016440293,NICARAGUA y Alberti,DISPAROS,PERSONAS,"REFIERE QUE HAY UN TAL JORGE ROLDAN, ESTA A LOS TIROS HACIA LA CASA DE LA ESQUINA  MENCIONADA EN CALLEJERO __PODRIA HABER HERIDOS.-__",GENERAL PUEYRREDON,,-379655089986.0,-576341889992.0,V ACC-MC,0,-37.9655089986,-57.6341889992,2026,7,July,30,19,3,Jueves,False,Noche (18-24),[],,OTRA / NO ESPECIFICADA,DISPAROS_PERSONAS
2026-07-27 23:19:00,10016432790,ITALIA y Bolivar,DISPAROS,PERSONAS,"LLAMA POR QUE VIO A JOVENES  EFECTUARSE DISPAROS . VIO PASAR A DOS CORRIENDO  EN SENTIDO A COLON, DESCONCOE HERIDOS. DESCONCOE SI SE TRATA DE UN ROBO  ",GENERAL PUEYRREDON,,-379933027019.0,-575702858321.0,V ACC-MC,0,-37.9933027019,-57.5702858321,2026,7,July,27,23,0,Lunes,False,Noche (18-24),[],,OTRA / NO ESPECIFICADA,DISPAROS_PERSONAS
2026-07-27 20:04:00,10016432363,BELGRANO y Haras Eglender,DISPAROS,PERSONAS,"__LLAMANTE REFIERE QUE HAY UN MASCULINO EN UN AUTO GRIS, NO SABE MARCA ARMADO CON UN ARMA 9MM, HAY DOS HERIDOS Y UN FALLECIDO E LA VIA PUBLICA.",GENERAL PUEYRREDON,MAR DEL PLATA,-379572979986.0,-576345169992.0,NEGATIVO,"INF MOV 30151 REFIERE NEGATIVO LOS SUJETOS APORTADOS EN CARTA DE LLAMADO, NADIE ENTREVISTA CON EL MOVIL POLICIAL. PANORAMA NORMAL, NEGATIVO DISTURBIOS O CONFRONTACION EN EL LUGAR",-37.9572979986,-57.6345169992,2026,7,July,27,20,0,Lunes,False,Noche (18-24),[],,OTRA / NO ESPECIFICADA,DISPAROS_PERSONAS
2026-07-26 22:15:00,10016429911,SAN MARTIN al 11247,DISPAROS,PERSONAS,"REFIERE QUE LA LLAMO SU CUÑADA, LE DIJO QUE HAY PERSONAS QUE  SE PELEAN A LOS TIROS . NO SABE SI HAY HERIDOS. NO LE DIO MAS INFORMACIÓN .- ____",GENERAL PUEYRREDON,MAR DEL PLATA,-37955492538897.0,-57633744372618.0,V ACC-MC,0,-37.955492538897,-57.633744372618,2026,7,July,26,22,6,Domingo,True,Noche (18-24),[],,OTRA / NO ESPECIFICADA,DISPAROS_PERSONAS
2026-07-26 09:05:00,10016428074,PAULA ALBARRACIN y Quintana,DISPAROS,PERSONAS,"LLAMANTE COMUNICA QUE ESCUCHA DISPAROS DE ARMA DE FUEGO, __REFEIRE QUE SE ESTAN ENFRENTANDO ENTRE VARIAS PERSONAS, ESCUCHA GRITOS Y GOLPES DE MUJERES Y HOMBRES",GENERAL PUEYRREDON,,-379919869985.0,-576059899992.0,V ACC-MC,0,-37.9919869985,-57.6059899992,2026,7,July,26,9,6,Domingo,True,Mañana (06-12),[],,OTRA / NO ESPECIFICADA,DISPAROS_PERSONAS
2026-07-25 22:54:00,10016426560,AGUADO al 1655,DISPAROS,PERSONAS,LLAMANTE REFIERE QUE SE ESCUCHARON DOS DISPAROS Y AGUIEN GRITA ME DIERON UN TIRO - CREE FUE UN INTENTO DE ROBO __MENCIONA QUE HAY BULLICIO AFUERA PERO TEME VERIFICAR - SEGURAMENTE HAY UN HERIDO ,GENERAL PUEYRREDON,MAR DEL PLATA,-38054644098508.0,-57552411720616.0,V ACC-MC,0,-38.054644098508,-57.552411720616,2026,7,July,25,22,5,Sábado,True,Noche (18-24),[],,OTRA / NO ESPECIFICADA,DISPAROS_PERSONAS
2026-07-25 19:20:00,10016426025,PESQUERO CONTIQUI  al 3472,DISPAROS,PERSONAS,"LLTE INDICA QUE ESTAN EFECTUANDO DISPAROS ENTRE PERSONAS, HAY UNA GRITANDO CREE QUE HAY HERIDOS ",GENERAL PUEYRREDON,MAR DEL PLATA,,,V ACC-MC,0,,,2026,7,July,25,19,5,Sábado,True,Noche (18-24),[],,OTRA / NO ESPECIFICADA,DISPAROS_PERSONAS
2026-07-25 06:47:00,10016424041,SANTA CRUZ y Jose Maria Calaza,DISPAROS,PERSONAS,LLAMANTE REFIERE QUE ESTAN EFECTUANDO DISPAROS ENTRE PERSOANS NO SABE SI HAY HERIDOS ,GENERAL PUEYRREDON,,-379595489985.0,-575898109992.0,V ACC-MC,0,-37.9595489985,-57.5898109992,2026,7,July,25,6,5,Sábado,True,Mañana (06-12),[],,OTRA / NO ESPECIFICADA,DISPAROS_PERSONAS
2026-07-24 20:25:00,10016422735,TRIPULANTES DEL FOURNIER y Namuncura,DISPAROS,PERSONAS,"LLAMANTE DICE QUE HABIA APROX. 10 PERSONAS EFECTUANDOSE DISPAROS ENTRE ELLOS, ESTABAN EN EL CAMPO. NO VIO HERIDOS. SOLO ESCUCHO GRITOS.",GENERAL PUEYRREDON,MAR DEL PLATA,-380192029985.0,-575984669992.0,JTv,0,-38.0192029985,-57.5984669992,2026,7,July,24,20,4,Viernes,False,Noche (18-24),[],,OTRA / NO ESPECIFICADA,DISPAROS_PERSONAS
2026-07-24 01:21:00,10016420519,JOSE INGENIEROS y Vuelta De Obligado,DISPAROS,PERSONAS,"LLAMANTE REFIERE QUE ESCUCHO UNA DETONACION  Y HAY UNA EPRSONA EN EL SUELO, CREE QUE ESTA HERIDA ",GENERAL PUEYRREDON,MAR DEL PLATA,-379514149984.0,-575437259992.0,JTv,0,-37.9514149984,-57.5437259992,2026,7,July,24,1,4,Viernes,False,Madrugada (00-06),[],,OTRA / NO ESPECIFICADA,DISPAROS_PERSONAS
2026-07-23 22:04:00,10016420044,CHE GUEVARA al 1256,DISPAROS,PERSONAS,"LLAMANTE DICE QUE TIROTEARON SU CASA, SU PRIMO ESTA HERIDO EN EL PIE, LE DIERON MUCHOS DISPAROS. 2 EN MOTO. NO RESPONDE EN QUE CIRCUNTANCIAS FUE. DICE QUE AHORA SE LO VAN A LLEVAR. ",GENERAL PUEYRREDON,MAR DEL PLATA,-37994412669132.0,-57625395108614.0,Telefonía Fija/Móvil,0,-37.994412669132,-57.625395108614,2026,7,July,23,22,3,Jueves,False,Noche (18-24),[],,OTRA / NO ESPECIFICADA,DISPAROS_PERSONAS
2026-07-22 00:53:00,10016415017,SANTIAGO DEL ESTERO al 2539,DISPAROS,PERSONAS,"LLAMANTE REFIERE QUE HAY UN MASC EFECTUANDO DISPAROS, NO HAY HERIDOS, CORRIO A LA LLAMANTE Y SE TUVO QUE METER DENTRO DE SU CASA, REF QUE SE FUERON PARA EL LADO DE COLON__",GENERAL PUEYRREDON,MAR DEL PLATA,-38006703834346.0,-57551338128591.0,V ACC-MC,0,-38.006703834346,-57.551338128591,2026,7,July,22,0,2,Miércoles,False,Madrugada (00-06),[],,OTRA / NO ESPECIFICADA,DISPAROS_PERSONAS
2026-07-20 23:02:00,10016412371,REMOLCADOR GUARANI y  ,DISPAROS,PERSONAS,"REFIERE  QUE SE ACERCARON 10 CHICOS AL LUGAR CON ARMAS DE FUEGO, ESTAN EFECTUANDO DETONACIONES AL AIRE. Y LE DISPARARON A UNA PERSONA EN LA CALLE, NO LE PEGARON. NO HAY HERIDOS.  ",GENERAL PUEYRREDON,,-379643359985.0,-575737739992.0,NEGATIVO,MOVIL INFORMA  AL ARRIBO Y EN AMPLIA RECORRIDA EN ZONA NEGATIVO NADIA ENTREVISTA CON EL PERSONAL PANORAMA NORMAL,-37.9643359985,-57.5737739992,2026,7,July,20,23,0,Lunes,False,Noche (18-24),[],,OTRA / NO ESPECIFICADA,DISPAROS_PERSONAS
2026-07-20 22:56:00,10016412360,LA PRIMAVERA y  ,DISPAROS,PERSONAS,"LLTE REFIERE QUE  HAY DISPAROS ENTRE PERSONAS, SON VARIAS PERSONAS. NO ESCUCHA PERSONAS PIDIENDO AYUDA O HERIDOS. VECINOS A RESGUARDO ABAJO DE LA MESA ",GENERAL PUEYRREDON,MAR DEL PLATA,-379320389984.0,-575445869992.0,JTv,0,-37.9320389984,-57.5445869992,2026,7,July,20,22,0,Lunes,False,Noche (18-24),[],,OTRA / NO ESPECIFICADA,DISPAROS_PERSONAS
2026-07-20 15:47:00,10016411300,AZOPARDO al 6270,DISPAROS,PERSONAS,REFIERE 10 MASC  MENORES Y MAYORES EFECTUANDO DISPAROS A LA CASA DE SU NUERA __SU HIJO 30 AÑOS HERIDA DE BALA EN LA PIERNA ,GENERAL PUEYRREDON,MAR DEL PLATA,-380293644053.0,-57579729147.0,JTv,0,-38.0293644053,-57.579729147,2026,7,July,20,15,0,Lunes,False,Tarde (12-18),[],,OTRA / NO ESPECIFICADA,DISPAROS_PERSONAS
2026-07-19 21:08:00,10016408772,RIO NEGRO al 8337,DISPAROS,PERSONAS,ESTAN EFECTUANDO DISPAROS. SON UNAS 40 PERSONAS. HABRIA HERIDOS. ,GENERAL PUEYRREDON,MAR DEL PLATA,-379563.0,-575934.0,V ACC-MC,0,-37.9563,-57.5934,2026,7,July,19,21,6,Domingo,True,Noche (18-24),[],,OTRA / NO ESPECIFICADA,DISPAROS_PERSONAS
2026-07-19 21:07:00,10016408766,PEDRO ZANNI y Rio Negro,DISPAROS,PERSONAS,LLAMANTE REFIERE QUE SE DISPARAN ENTRE VECINOS __NO HAY HERIDOS ,GENERAL PUEYRREDON,MAR DEL PLATA,-379559649985.0,-575925009992.0,V ACC-MC,0,-37.9559649985,-57.5925009992,2026,7,July,19,21,6,Domingo,True,Noche (18-24),[],,OTRA / NO ESPECIFICADA,DISPAROS_PERSONAS
2026-07-19 21:07:00,10016408764,HARAS FIRMAMENTO y 7,DISPAROS,PERSONAS,"LLAMANTE REFIERE QUE ESTAN CONFRONTANDO CON ARMA DE FUEGO, SON DOS BANDAS DE 5 PERSONAS CADA UNA__SE EFECTUANN DISPAROS DE ARMA DE FUEGO ENTRE SI, DESCONOCE I HAY HERIDOS",GENERAL PUEYRREDON,MAR DEL PLATA,-379612399986.0,-576531139992.0,V ACC-MC,0,-37.9612399986,-57.6531139992,2026,7,July,19,21,6,Domingo,True,Noche (18-24),[],,OTRA / NO ESPECIFICADA,DISPAROS_PERSONAS
2026-07-19 21:04:00,10016408752,PEDRO ZANNI al 43,DISPAROS,PERSONAS,REFIERE CONFRONTACION ENTRE VECINOS . APROX 10/15 AÑOS . ESTAN DISPARANDO . CORTA LA LLAMADA ,GENERAL PUEYRREDON,,-379567409985.0,-575931539992.0,V ACC-MC,0,-37.9567409985,-57.5931539992,2026,7,July,19,21,6,Domingo,True,Noche (18-24),[],,OTRA / NO ESPECIFICADA,DISPAROS_PERSONAS
2026-07-19 21:03:00,10016408750,RIO NEGRO y Geronimo Costa,DISPAROS,PERSONAS,"LLAMANTE REFIERE QUE LE DISPAARON A ALGUIEN, SE ESCUCHAN DISPAROS, NO SABE BIEN QUE SUCEDE",GENERAL PUEYRREDON,MAR DEL PLATA,-379567409985.0,-575931539992.0,V ACC-MC,0,-37.9567409985,-57.5931539992,2026,7,July,19,21,6,Domingo,True,Noche (18-24),[],,OTRA / NO ESPECIFICADA,DISPAROS_PERSONAS
2026-07-19 20:57:00,10016408725,AV LIBERTAD al 4870,DISPAROS,PERSONAS,LLTE INDICA QUE HAY UNA PELEA EN LA VIA PUBLICA- LE DIERON UN TIRO A UN CHICO-NO INDICA SI ES DE GRAVEDAD- ,GENERAL PUEYRREDON,MAR DEL PLATA,-3798218644095.0,-57565086517708.0,JTv,0,-37.98218644095,-57.565086517708,2026,7,July,19,20,6,Domingo,True,Noche (18-24),[],,OTRA / NO ESPECIFICADA,DISPAROS_PERSONAS
2026-07-19 19:19:00,10016408153,GERONIMO COSTA al 2920,DISPAROS,PERSONAS,LLAMANTE REFIERE QUE LE EFECTUARON UN DISPARO DE ARMA DE FUEGO EN EL BRAZO EN LA VIA PÚBLICA. AHORA ESTÁ EN LA CASA. NO SE COMPRENDE CON CLARIDAD LO QUE EXPRESA. ,GENERAL PUEYRREDON,MAR DEL PLATA,-37980223831367.0,-57612116413156.0,POSITIVO,2DO JEFE YA TIENE CONOCIMIENTO Y LE RECEPCIONARON DECLARACION__INFORMA QUE NO INSTO LA ACCION PENAL __INFORMA PPAL DISIPIO LEANDRO ,-37.980223831367,-57.612116413156,2026,7,July,19,19,6,Domingo,True,Noche (18-24),[],,OTRA / NO ESPECIFICADA,DISPAROS_PERSONAS
2026-07-19 19:08:00,10016408091,PAULA ALBARRACIN al 3339,DISPAROS,PERSONAS,"LLAMANTE REFIERE QUE EN EL LUGAR ESTAN CONFRONTANDO MAS DE 20 PERSONAS ARMADAS, ESTAN EFECTUANDO DISPAROS DE ARMA DE FUEGO, TAMBIEN HAY VARIOS CON MOTOS, L MOMENTO DESCONOCE SI HAY HERIDOS",GENERAL PUEYRREDON,MAR DEL PLATA,-379891685332.0,-57603668432175.0,V ACC-MC,0,-37.9891685332,-57.603668432175,2026,7,July,19,19,6,Domingo,True,Noche (18-24),[],,OTRA / NO ESPECIFICADA,DISPAROS_PERSONAS
2026-07-19 15:02:00,10016407656,GERONIMO COSTA al 2920,DISPAROS,PERSONAS,LLAMANTE REFIER QUE SUS DOS HIJOS ESTAN EBRIOS Y UN VECINO  LE DIO UN TIRO EN EL BRAZO A UNO DE SUS HIJOS__EL AGRESOR SE LLAMA MARTIN LABARRACIN __DICE QUE SU HIJO ESTA LASTIMADO EN LA CALLE,GENERAL PUEYRREDON,MAR DEL PLATA,-37980223831367.0,-57612116413156.0,Analizado por ACC-MC,0,-37.980223831367,-57.612116413156,2026,7,July,19,15,6,Domingo,True,Tarde (12-18),[],,OTRA / NO ESPECIFICADA,DISPAROS_PERSONAS
2026-07-19 11:14:00,10016407211,SAN SALVADOR al 7684,DISPAROS,PERSONAS,LLAMANTE REFIERE QUE HAY UNA PELEA ENTRE 3 O 4 PERSONAS. ESTAN A LOS TIROS ENTRE ELLOS. __NO RESPONDE SI HAY HERIDOS,GENERAL PUEYRREDON,MAR DEL PLATA,-380188.0,-575905.0,NEGATIVO,MOVIL 30584 EN EL LUGAR Y AMPLIA RECORRIDA NEGATIVO. ,-38.0188,-57.5905,2026,7,July,19,11,6,Domingo,True,Mañana (06-12),[],,OTRA / NO ESPECIFICADA,DISPAROS_PERSONAS
2026-07-19 01:27:00,10016406103,SAN SALVADOR y Pehuajo,DISPAROS,PERSONAS,LLAMANTE REFIERE HAY 8 MASCULINOS DISPARANDOLE A UN MASCULINO __NO SABE SI ESTA HERIDO. CREE QUE ESTA ALCOHOLIZADO. ____,GENERAL PUEYRREDON,,-380196054648.0,-57589341783.0,V ACC-MC,0,-38.0196054648,-57.589341783,2026,7,July,19,1,6,Domingo,True,Madrugada (00-06),[],,OTRA / NO ESPECIFICADA,DISPAROS_PERSONAS
2026-07-19 01:16:00,10016406067,SAN SALVADOR y Americo Raul Canosa,DISPAROS,PERSONAS,"LLAMANTE REFIERE QUE ESTAN DISPARANDO HACIA UN  MASCULINO, NO SABE SI HAY HERIDOS.- ",GENERAL PUEYRREDON,MAR DEL PLATA,-380196054648.0,-57589341783.0,V ACC-MC,0,-38.0196054648,-57.589341783,2026,7,July,19,1,6,Domingo,True,Madrugada (00-06),[],,OTRA / NO ESPECIFICADA,DISPAROS_PERSONAS
2026-07-19 00:56:00,10016406006,SAN SALVADOR y Pehuajo,DISPAROS,PERSONAS,"LLAMANTE REFIERE QUE HAY UNAS  8 PERSOANS EFECTUENDO DISPAROS ENTRE PERSOANS., NO HAYH HERIDOS ",GENERAL PUEYRREDON,MAR DEL PLATA,-380196054648.0,-57589341783.0,V ACC-MC,0,-38.0196054648,-57.589341783,2026,7,July,19,0,6,Domingo,True,Madrugada (00-06),[],,OTRA / NO ESPECIFICADA,DISPAROS_PERSONAS
2026-07-19 00:49:00,10016405987,SAN SALVADOR y Rateriy,DISPAROS,PERSONAS,REFIERE QUE UN GRUPO DE PERSONAS SE DISPARAN ENTRE SI NO SABE CUANTOS SON NO HAY HERIDOS ,GENERAL PUEYRREDON,MAR DEL PLATA,-380196037292.0,-5758934021.0,V ACC-MC,0,-38.0196037292,-57.58934021,2026,7,July,19,0,6,Domingo,True,Madrugada (00-06),[],,OTRA / NO ESPECIFICADA,DISPAROS_PERSONAS
2026-07-19 00:45:00,10016405971,RATERIY y Guanahani,DISPAROS,PERSONAS,"LLAMANTE REFIERE QUE ESTAN TIRANDO TIROS ENTRE PERSONAS, ESCUCHA GRITOS, ",GENERAL PUEYRREDON,MAR DEL PLATA,-380186019985.0,-575889109992.0,V ACC-MC,0,-38.0186019985,-57.5889109992,2026,7,July,19,0,6,Domingo,True,Madrugada (00-06),[],,OTRA / NO ESPECIFICADA,DISPAROS_PERSONAS
2026-07-19 00:41:00,10016405956,SAN SALVADOR y Rateriy,DISPAROS,PERSONAS,"LLAMANTE REFIERE QUE ESTAN  DISPARANDOSE , HAY UNAS 10 PERSONAS HERIDAS  ",GENERAL PUEYRREDON,MAR DEL PLATA,-380186429985.0,-575906029992.0,JTv,0,-38.0186429985,-57.5906029992,2026,7,July,19,0,6,Domingo,True,Madrugada (00-06),[],,OTRA / NO ESPECIFICADA,DISPAROS_PERSONAS
2026-07-18 22:25:00,10016405589,AV VERTIZ al 12043,DISPAROS,PERSONAS,"LLAMANTE REFIERE QUE ESTAN CONFRONTANDO A LOS TIROS, __UN MASCULINO ESTA HERIDO DE BALA EN LA PIERNA__",GENERAL PUEYRREDON,MAR DEL PLATA,-379903093016.0,-576297642649.0,V ACC-MC,0,-37.9903093016,-57.6297642649,2026,7,July,18,22,5,Sábado,True,Noche (18-24),[],,OTRA / NO ESPECIFICADA,DISPAROS_PERSONAS
2026-07-18 22:08:00,10016405557,PJE DEL TEJAR al 1156,DISPAROS,PERSONAS,LLAMANTE REFIERE QUE ESTÁN EFECTUANDO DISPAROS EN EL PASILLO QUE TIENE ENTRADA POR VERTIZ ENTRE PASAJE DE LOS INCAS Y SAN JAVIER - NO APORTA CUÁNTOS SON - SOLO SE OYEN DISPAROS Y GRITOS - DESCONOCE SI HAY HERIDOS ,GENERAL PUEYRREDON,MAR DEL PLATA,-37989138991834.0,-57630585943794.0,JTv,0,-37.989138991834,-57.630585943794,2026,7,July,18,22,5,Sábado,True,Noche (18-24),[],,OTRA / NO ESPECIFICADA,DISPAROS_PERSONAS
2026-07-18 21:48:00,10016405508,AV VERTIZ al 12029,DISPAROS,PERSONAS,"LLAMANTE REFIERE QUE UN MASCULINO LE DISPARO A SU MARIDO 5 VECES, ESTE NO RESULTO HERIDO ",GENERAL PUEYRREDON,MAR DEL PLATA,-379904.0,-576296.0,V ACC-MC,0,-37.9904,-57.6296,2026,7,July,18,21,5,Sábado,True,Noche (18-24),[],,OTRA / NO ESPECIFICADA,DISPAROS_PERSONAS
2026-07-18 13:39:00,10016404249,ALTE BROWN al 10300,DISPAROS,PERSONAS,"LLAMANTE REFIERE QUE PASO UN AUTO DISPARANDO A UNA MOTO. ES UN PALIO WEKEND NEGRO SIN PATENTE ATRAS. VA UNA SOLA PERSONA. TIENE LE PARABRISA ESTALLADO. LA MOTO ES UNA 110 NEGRA EN MAL ESTADO, Y EL MASCULIUNO TIENE UN CAMPERON BLANCO. SE FUERON POR BROWN, DOBLARON POR 234 PARA EL LADO DE LA ESCUELA. NO HAY HERIDOS EN EL LUGAR ",GENERAL PUEYRREDON,MAR DEL PLATA,-37965140442679.0,-57628282228907.0,JTv,0,-37.965140442679,-57.628282228907,2026,7,July,18,13,5,Sábado,True,Tarde (12-18),[],,OTRA / NO ESPECIFICADA,DISPAROS_PERSONAS
2026-07-18 05:01:00,10016403412,ANCHORENA y Los Naranjos,DISPAROS,PERSONAS,"LLAMANTE REFIERE HAY UN GRUPO DE PERSONAS DISPARANDOSE ENTRE ELLOS. NO SABE SI HAY HERIDOS. __CREE QUE SON 5 PERSONAS, TIENEN ARMAS DE FUEGO. UNO DE ELLOS  TENDRIA UN CALIBRE 22. ",GENERAL PUEYRREDON,MAR DEL PLATA,-379394319984.0,-575577369992.0,NEGATIVO,"INF MOV 27752 REFIERE NEGATIVO LOS SUJETOS APORTADOS EN CARTA DE LLAMADO, NADIE ENTREVISTA CON EL MOVIL POLICIAL. PANORAMA NORMAL, NEGATIVO DISTURBIOS O CONFRONTACION EN EL LUGAR, NEGATIVO ARMADOS EN EL LUGAR",-37.9394319984,-57.5577369992,2026,7,July,18,5,5,Sábado,True,Madrugada (00-06),[],,OTRA / NO ESPECIFICADA,DISPAROS_PERSONAS
2026-07-17 03:25:00,10016400079,HARAS FIRMAMENTO al 429,DISPAROS,PERSONAS,"HAY PELEA DE 2 GRUPO , SE EFECUAN DISPAROS , NO SABE SI HAY HERIDOS ",GENERAL PUEYRREDON,,-379612399986.0,-576531139992.0,NEGATIVO,30885 INF NADIE ENTREVISTA NEGATIVO PELEA,-37.9612399986,-57.6531139992,2026,7,July,17,3,4,Viernes,False,Madrugada (00-06),[],,OTRA / NO ESPECIFICADA,DISPAROS_PERSONAS
2026-07-17 00:07:00,10016399647,JOSE MARIA CALAZA al 3056,DISPAROS,PERSONAS,"LA EX PAREJA LE EFECTUO 2 DIAPROS, NO LE DIO , NO ESTA HERIDA PERO ÉL SE ENCERRO CON LA HIJA DE 6 AÑOS DENTRO DE LA CASA __AYER LO DENCUNCIO POR GOLPES ",GENERAL PUEYRREDON,MAR DEL PLATA,-37983336737015.0,-57609007178279.0,JTv,0,-37.983336737015,-57.609007178279,2026,7,July,17,0,4,Viernes,False,Madrugada (00-06),[],,OTRA / NO ESPECIFICADA,DISPAROS_PERSONAS
2026-07-16 23:31:00,10016399565,5 y 18,DISPAROS,PERSONAS,"LLAMANTE CUENTA QUE HAY UN TIROTEO ALREDEDOR DE LA PLAZA, NO SABE CUANTOS SON ,LLAMANTE NO TIENE MAS DATOS",GENERAL PUEYRREDON,,,,V ACC-MC,0,,,2026,7,July,16,23,3,Jueves,False,Noche (18-24),[],,OTRA / NO ESPECIFICADA,DISPAROS_PERSONAS
2026-07-16 22:50:00,10016399459,HARAS CANALAL al 344,DISPAROS,PERSONAS,LLAMANTE REFIERE QUE HAY UN CONFLICTO ENTRE DOS CONCUÑADOS. ESTUVO EL MOVIL PERO AHORA VINO NUEVAMENTE A TIRARLE TIROS A SU HERMANO. NO HAY HERIDOS. ,GENERAL PUEYRREDON,MAR DEL PLATA,-379598.0,-576561.0,JTv,0,-37.9598,-57.6561,2026,7,July,16,22,3,Jueves,False,Noche (18-24),[],,OTRA / NO ESPECIFICADA,DISPAROS_PERSONAS
2026-07-16 21:49:00,10016399289,BOLIVAR al 11034,DISPAROS,PERSONAS,LLAMANTE REFIERE QUE HAY DOS PERSONAS QUE ESTAN DISPARANDO ENTRE ELLOS NO SABE SI HAY HERIDOS,GENERAL PUEYRREDON,MAR DEL PLATA,-37.96,-576343.0,V ACC-MC,0,,-57.6343,2026,7,July,16,21,3,Jueves,False,Noche (18-24),[],,OTRA / NO ESPECIFICADA,DISPAROS_PERSONAS
2026-07-16 21:47:00,10016399282,LABORANTE y Bolivar,DISPAROS,PERSONAS,LLAMANTE REFIERE QUE UN GRUPO DE MASCULINOS ESAN EFECTUANDO DETONACIONES ENTRE ELLOS NO HABRIA HERIDOS,GENERAL PUEYRREDON,MAR DEL PLATA,-379590989986.0,-576331809992.0,V ACC-MC,0,-37.9590989986,-57.6331809992,2026,7,July,16,21,3,Jueves,False,Noche (18-24),[],,OTRA / NO ESPECIFICADA,DISPAROS_PERSONAS
2026-07-16 21:47:00,10016399280,LABORANTE y Av Colon,DISPAROS,PERSONAS,LLAMANTE REFIERE QUE HAY UN ENFRENTAMIENTO. SON 3 MASCULINOS EN UNA 110 CC QUE EFECTUARON DISPAROS A UNA VIVIENDA. AHORA SE ESCUCHARON MAS DISPAROS Y GRITOS. NO ESCUCHA SI HAY HERIDOS. HAY MENORES. ,GENERAL PUEYRREDON,MAR DEL PLATA,-379599029986.0,-576338169992.0,V ACC-MC,0,-37.9599029986,-57.6338169992,2026,7,July,16,21,3,Jueves,False,Noche (18-24),[],,OTRA / NO ESPECIFICADA,DISPAROS_PERSONAS
2026-07-16 03:11:00,10016396666,CALAZA BIS y Alvarado,DISPAROS,PERSONAS,"LLAMANTE REFIERE QUE HAY 20 PERSONAS PELEANDO CON ARMAS BLANCAS Y DE FUEGO , HAY UN HERIDO , ESCUCHO QUE DIJERON QUE LE DISPARON A ESTE SUJETO -  ",GENERAL PUEYRREDON,MAR DEL PLATA,-379826349985.0,-576091549992.0,V ACC-MC,0,-37.9826349985,-57.6091549992,2026,7,July,16,3,3,Jueves,False,Madrugada (00-06),[],,OTRA / NO ESPECIFICADA,DISPAROS_PERSONAS
2026-07-16 03:04:00,10016396643,ALVARADO y Jose Maria Calaza,DISPAROS,PERSONAS,"LLTE REF QUE HYA UNA PELEA EN LA VIA PUBLICA__SON APROX 20__ESCUCHO DISPAROS, ESTARIAN CON ARMAS BLANCAS __HABRIA UN HERIDO____",GENERAL PUEYRREDON,MAR DEL PLATA,-379828849985.0,-576086509992.0,POSITIVO,"INF MOV 30506 SE ENTREVISTA CON EL SR LOPEZ, REFIERE QUE LOS VECINOS DE LA ZONA CONFRONTAN CON EL MASC, LO GOLPEAN Y SE RETIRA A SU FINCA",-37.9828849985,-57.6086509992,2026,7,July,16,3,3,Jueves,False,Madrugada (00-06),[],,OTRA / NO ESPECIFICADA,DISPAROS_PERSONAS
2026-07-15 23:03:00,10016395544,SAN FRANCISCO JAVIER al 1314,DISPAROS,PERSONAS,LLAMANTE REFIERE QUE HAY GENTE PELEANDOSE Y LE EFECTUARON UN TIRO A SU MARIDO. NO REQUIERE AMBULANCIA,GENERAL PUEYRREDON,MAR DEL PLATA,-37989429091858.0,-57631888101683.0,V ACC-MC,0,-37.989429091858,-57.631888101683,2026,7,July,15,23,2,Miércoles,False,Noche (18-24),[],,OTRA / NO ESPECIFICADA,DISPAROS_PERSONAS
2026-07-15 13:46:00,10016393112,SANTA CRUZ y Jose Maria Calaza,DISPAROS,PERSONAS,LTE REFIERE QUE ESCUCHA DISPAROS __NO VE NADA ESTA DENTRO DE UNA PROPIEDAD __AL MENOS 2 NN MASCULINOS QUE CONFRONTAN CON OTROS __NO HAY EHRIDOS ,GENERAL PUEYRREDON,,-379600459985.0,-575887959992.0,V ACC-MC,0,-37.9600459985,-57.5887959992,2026,7,July,15,13,2,Miércoles,False,Tarde (12-18),[],,OTRA / NO ESPECIFICADA,DISPAROS_PERSONAS
2026-07-15 13:36:00,10016393078,SANTA CRUZ y Cnel Suarez,DISPAROS,PERSONAS,__LLAMANTE REFIERE QUE ESTAN TIRANDO TIROS EN EL MEDIO DE LA CALLE SE ESTAN PELEANDO. NO SABE CUANTAS PERSONAS SON O SI HAY HERIDOS. ,GENERAL PUEYRREDON,,-379600459985.0,-575887959992.0,V ACC-MC,0,-37.9600459985,-57.5887959992,2026,7,July,15,13,2,Miércoles,False,Tarde (12-18),[],,OTRA / NO ESPECIFICADA,DISPAROS_PERSONAS
2026-07-14 21:23:00,56674411,,DISPAROS,PERSONAS,LLTE REF QUE LE DISPARARON RECIEN__LLTE DEJA DE RESPONDER,GENERAL PUEYRREDON,,,,JTv,0,,,2026,7,July,14,21,1,Martes,False,Noche (18-24),[],,OTRA / NO ESPECIFICADA,DISPAROS_PERSONAS
2026-07-14 12:21:00,10016390283,CNEL SUAREZ y Santa Cruz,DISPAROS,PERSONAS,__LLAMANTE REFIERE QUE ESTAN CORRIENDO CON ARMAS Y EFECTUANDO DISPAROS. ESTAN DISCUTIENDO. NO SABE CUANTAS PERSONAS SON. YA EFECTUARON COMO 7 DISPAROS. SE FUERON POR SANTA CRUZ COMO PARA 190 __,GENERAL PUEYRREDON,MAR DEL PLATA,-379608489985.0,-575894449992.0,V ACC-MC,0,-37.9608489985,-57.5894449992,2026,7,July,14,12,1,Martes,False,Tarde (12-18),[],,OTRA / NO ESPECIFICADA,DISPAROS_PERSONAS
2026-07-12 15:13:00,10016385511,FINOCHIETO BIS y Hernandarias,DISPAROS,PERSONAS,"REFIERE QUE EL MASCULINO DEL LUGAR  LE EFECTUO UN DISPARO A UN CHICO QUE PASO__EL CHICO ESTA HERIDO, ESTA EN LA ESQUINA AFUERA ",GENERAL PUEYRREDON,MAR DEL PLATA,-380002756993.0,-576115385624.0,V ACC-MC,0,-38.0002756993,-57.6115385624,2026,7,July,12,15,6,Domingo,True,Tarde (12-18),[],,OTRA / NO ESPECIFICADA,DISPAROS_PERSONAS
2026-07-12 14:53:00,10016385460,FLEMING al 1315,DISPAROS,PERSONAS,LLAMANTE REFIERE QUE DOS AUTOS PARARON FRENTE A UNA CASA Y SE DISPARARON CON LA GENTE DE ADENTRO. NO HAY HERIDOS. LOS AUTOS SE RETIRARON DEL LUGAR. NO SABE QUE AUTOS SON NI LOS COLORES ,GENERAL PUEYRREDON,MAR DEL PLATA,-380373574687.0,-575694746017.0,V ACC-MC,0,-38.0373574687,-57.5694746017,2026,7,July,12,14,6,Domingo,True,Tarde (12-18),[],,OTRA / NO ESPECIFICADA,DISPAROS_PERSONAS
2026-07-12 14:32:00,10016385424,AZOPARDO y Fleming,DISPAROS,PERSONAS,"REFIERE QUE SE ESTAN DISPARANDO, HAY UN MONTON DE PERSONAS,__NO SABE SI HAY HERIDOS__   SE DISPARAN ENTRE ELLOS. SERIAN DOS BANDAS QUE SE ENFRENTAN",GENERAL PUEYRREDON,MAR DEL PLATA,-380372609985.0,-575693559992.0,V ACC-MC,0,-38.0372609985,-57.5693559992,2026,7,July,12,14,6,Domingo,True,Tarde (12-18),[],,OTRA / NO ESPECIFICADA,DISPAROS_PERSONAS
2026-07-12 14:25:00,10016385406,AZOPARDO al 5200,DISPAROS,PERSONAS, ESTAN DISPARANDO AL AIRE__NO SE  SABE CANTIDAD__HABRIA UN HERIDO DE ARMA DE FUEGO ,GENERAL PUEYRREDON,MAR DEL PLATA,-380366233944.0,-575702243045.0,V ACC-MC,0,-38.0366233944,-57.5702243045,2026,7,July,12,14,6,Domingo,True,Tarde (12-18),[],,OTRA / NO ESPECIFICADA,DISPAROS_PERSONAS
2026-07-12 14:19:00,10016385401,AZOPARDO y Galicia,DISPAROS,PERSONAS,"REFIERE QUE REALIZAN DETONACIONES EN LA CALLE, NO SABE QUIENES SON, SON VARIOS, DICE QUE HAY UN HERIDO EN LA PIERNA.  ",GENERAL PUEYRREDON,MAR DEL PLATA,-380357639985.0,-575713379992.0,V ACC-MC,0,-38.0357639985,-57.5713379992,2026,7,July,12,14,6,Domingo,True,Tarde (12-18),[],,OTRA / NO ESPECIFICADA,DISPAROS_PERSONAS
2026-07-12 14:19:00,10016385400,AZOPARDO al 5272,DISPAROS,PERSONAS, ESTAN DISPARANDO AL AIRE__NO SE  SABE CANTIDAD__HABRIA UN HERIDO DE ARMA DE FUEGO ,GENERAL PUEYRREDON,MAR DEL PLATA,-3803662339441.0,-57570224304525.0,REDERIVADO,0,-38.03662339441,-57.570224304525,2026,7,July,12,14,6,Domingo,True,Tarde (12-18),[],,OTRA / NO ESPECIFICADA,DISPAROS_PERSONAS
2026-07-12 14:15:00,10016385388,AZOPARDO y Galicia,DISPAROS,PERSONAS,"LLAMANTE REFIERE QUE PASARON UNOS MASCULINOS Y LE TIRARON TIROS A UN CHICO. LOS AGRESORES SON DOS Y  ESTAN EN UNA MOTO 110CC, NO VIO COLOR. HABIA UNA CHICA CON UN ARMA EN LA MANO Y DIJO QUE LE PEGARON UN TIRO A UN MASCULINO. LOS QUE DISPARARON SE VAN POR AZOPARDO PARA AGOTE. UNO TENIA CAMPERA NEGRA",GENERAL PUEYRREDON,MAR DEL PLATA,-380366229985.0,-575702239992.0,REDERIVADO,0,-38.0366229985,-57.5702239992,2026,7,July,12,14,6,Domingo,True,Tarde (12-18),[],,OTRA / NO ESPECIFICADA,DISPAROS_PERSONAS
2026-07-11 19:25:00,10016382473,NTA SRA DEL PILAR al 195,DISPAROS,PERSONAS,"__LLAMANTE REFIERE QUE LE DISPARARON A UN VECINO, FUE EN UNA PELEA. ESTA LASTIMADO EN LA RODILLA . AGRESOR YA NO ESTA EN EL LUGAR ",GENERAL PUEYRREDON,MAR DEL PLATA,-379542.0,-575939.0,V ACC-MC,0,-37.9542,-57.5939,2026,7,July,11,19,5,Sábado,True,Noche (18-24),[],,OTRA / NO ESPECIFICADA,DISPAROS_PERSONAS
2026-07-11 19:23:00,10016382470,STROBEL y Nta Sra Del Pilar,DISPAROS,PERSONAS,"LLAMANTE REFIERE QUE LE EFECTUARON DISPARO DE ARMA DE FUEGO EN LA RODILLA AL VECINO, DECONOCE CIRCUNSTANCIAS",GENERAL PUEYRREDON,MAR DEL PLATA,-379541489985.0,-575938769992.0,V ACC-MC,0,-37.9541489985,-57.5938769992,2026,7,July,11,19,5,Sábado,True,Noche (18-24),[],,OTRA / NO ESPECIFICADA,DISPAROS_PERSONAS
2026-07-11 19:20:00,10016382461,STROBEL al 8488,DISPAROS,PERSONAS,LLAMANTE REFIERE QUE  LE DISPARARON A UN VECINO EN LA RODILLA. FUE UN MASCULINO EN MOTO __NO RECUERDA PARA DONDE SE FUE ,GENERAL PUEYRREDON,MAR DEL PLATA,-379543.0,-575938.0,REDERIVADO,0,-37.9543,-57.5938,2026,7,July,11,19,5,Sábado,True,Noche (18-24),[],,OTRA / NO ESPECIFICADA,DISPAROS_PERSONAS
2026-07-10 22:31:00,10016380311,REP ARABE SIRIA al 1535,DISPAROS,PERSONAS,"LLAMANTE CUENTA QUE SE ESTAN DISPARARON ENTRE VECINOS , SE TIRAN TIROS, EL LLAMANTE INFORMA QUE JUSTO SALIO AL PATIO Y SINTIO UN GOLPE EN LA ESPALDA , NO SABE SI ESTA HERIDO, NO SABE CUANTOS SON",GENERAL PUEYRREDON,MAR DEL PLATA,-37963988503505.0,-57613034225344.0,V ACC-MC,0,-37.963988503505,-57.613034225344,2026,7,July,10,22,4,Viernes,False,Noche (18-24),[],,OTRA / NO ESPECIFICADA,DISPAROS_PERSONAS
2026-07-10 18:16:00,10016379647,ORTIZ DE ZARATE al 8358,DISPAROS,PERSONAS,"LLAMANTE REFIERE QUE HAY UNA PERSONA DISPARANDO __LE DIÓ UN TIRO A SU HERMANO, NO LO LASTIMÓ__ES UN HOMBRE, NO LO CONOCE__NO SABE PORQUÉ ESTÁ DISPARANDO ",GENERAL PUEYRREDON,MAR DEL PLATA,-3801201119324.0,-57594274035467.0,V ACC-MC,0,-38.01201119324,-57.594274035467,2026,7,July,10,18,4,Viernes,False,Noche (18-24),[],,OTRA / NO ESPECIFICADA,DISPAROS_PERSONAS
2026-07-09 16:49:00,10016376634,LORENZO SCAGLIA al 6592,DISPAROS,PERSONAS,"CCA QUE HAY UN MASCULINO DE ROPA NEGRA Y OTRO EN UNA MOTO SE DISPARAN ENTRE ELLOS , NO APORTA MAS DATOS , SOLO REFIERE QUE HAY UN PASEO COMERCIAL EN LA ZONA ",GENERAL PUEYRREDON,MAR DEL PLATA,-37924.0,-575427.0,JTv,0,-37.924,-57.5427,2026,7,July,9,16,3,Jueves,False,Tarde (12-18),[],,OTRA / NO ESPECIFICADA,DISPAROS_PERSONAS
2026-07-09 16:26:00,10016376578,TRIPULANTES DEL FOURNIER al 8427,DISPAROS,PERSONAS,"LTE REFIERE QUE  ESTAN A LOS TIROS EN EL LUGAR __SON 6 O 7, NO  INDICA MAS SOLO QUE  NO HAY HERIDOS ",GENERAL PUEYRREDON,MAR DEL PLATA,-38016964313937.0,-57601410538643.0,V ACC-MC,0,-38.016964313937,-57.601410538643,2026,7,July,9,16,3,Jueves,False,Tarde (12-18),[],,OTRA / NO ESPECIFICADA,DISPAROS_PERSONAS
2026-07-06 01:06:00,10016366014,AV CHAMPAGNAT y GENOVA,DISPAROS,PERSONAS,"LLAMANTE REFIERE QUE HAY VARIAS MOTOS, UNA SE LE TIRO ENCIMA DEL AUTO Y EFECTUO DISPAROS, NO ESTA HERIDO ",GENERAL PUEYRREDON,,,,V ACC-MC,0,,,2026,7,July,6,1,0,Lunes,False,Madrugada (00-06),[],,OTRA / NO ESPECIFICADA,DISPAROS_PERSONAS
2026-07-06 00:27:00,10016365937,GRAL RAFAEL DEL RIEGO al 2565,DISPAROS,PERSONAS,LLAMANTE REFIERE QUE LE INCENDIARON UN AUTO Y LA CASA. A SU PRIMO CREE QUE LE DIERON UN DISPARO EN EL PECHO PORQUE GRITA. SU PRIMO ESTA FUERA DE LA CASA.  ,GENERAL PUEYRREDON,MAR DEL PLATA,-380415.0,-575856.0,V ACC-MC,0,-38.0415,-57.5856,2026,7,July,6,0,0,Lunes,False,Madrugada (00-06),[],,OTRA / NO ESPECIFICADA,DISPAROS_PERSONAS
2026-07-05 23:38:00,10016365819,GRAL RAFAEL DEL RIEGO y  ,DISPAROS,PERSONAS,"LLAMANTE INFORMA QUE  SE ESCUCHAN TIROS A LA VUELTA DE LA CASA, TAMBIEN BOTELLASOS Y GRITOS.- LOS DISPAROS  SERIAN ENTRE PERSONAS   NO ESCUCHA O VE HERIDOS ",GENERAL PUEYRREDON,,-380413439985.0,-575848229992.0,V ACC-MC,0,-38.0413439985,-57.5848229992,2026,7,July,5,23,6,Domingo,True,Noche (18-24),[],,OTRA / NO ESPECIFICADA,DISPAROS_PERSONAS
2026-07-05 23:28:00,10016365795,GRAL RAFAEL DEL RIEGO al 2565,DISPAROS,PERSONAS,"LLAMANTE INFORMA QUE ESTABA EL MOVIL EN EL LUGAR QUIE DEBIA ESPERAR A QUE LLEGUE EL REMIS PARA QUE SE FUERAN DE LA CASA, REFIERE QUE EL MISMO SE FUE Y LOS DEJO SOLOS, CUANDO ESTO SUCEDIO   LE TIRARON CINCO TIROS, PERO NO LOGRARON PEGARLE. NO HAY  HERIDOS. ",GENERAL PUEYRREDON,MAR DEL PLATA,-38041796844473.0,-57585348387149.0,JTv,0,-38.041796844473,-57.585348387149,2026,7,July,5,23,6,Domingo,True,Noche (18-24),[],,OTRA / NO ESPECIFICADA,DISPAROS_PERSONAS
2026-07-05 14:05:00,10016364520,PORTUGAL y Moreno,DISPAROS,PERSONAS,LLAMANTE DICE QUE HAY VARIOS MASCULINOS CONFRONTANDO EN LA CALLE EFECTUANDO DISPAROS DE ARMA DE FUEGO OBSERVA QUE HAY DOS PERSONAS TIRADAS EN EL SUELO HERIDOS,GENERAL PUEYRREDON,MAR DEL PLATA,-379672589985.0,-576170839992.0,JTv,0,-37.9672589985,-57.6170839992,2026,7,July,5,14,6,Domingo,True,Tarde (12-18),[],,OTRA / NO ESPECIFICADA,DISPAROS_PERSONAS
2026-07-05 00:37:00,10016363267,CASTELLI al 9135,DISPAROS,PERSONAS,"LLAMANTE REFIERE QUE LE DISPARO A UNA PERSONA, QUE SE QUIERE ENTREGAR ESTA ENCERRADO EN LA CASA, NO SABE SI ESTA HERIDOI ",GENERAL PUEYRREDON,MAR DEL PLATA,-379758.0,-576203.0,JTv,0,-37.9758,-57.6203,2026,7,July,5,0,6,Domingo,True,Madrugada (00-06),[],,OTRA / NO ESPECIFICADA,DISPAROS_PERSONAS
2026-07-04 23:10:00,10016363079,SOLER y Int Jose Camusso,DISPAROS,PERSONAS,"LLTE RECLAMA AYUDA YA QUE CORTARON LA CALLE PORQUE HAY UN CUMPLEAÑOS, HAY UNA PELEA- ESTAN A LOS TIROS TODOS EBRIOS- CON LA MUSICA FUERTE- NO SABE SI HAY HERIDOS- MENCIONA QUE HAY UN MOVIL A MEDIA CUADRA ESTACIONADO EN REPUBLICA DE CUBA Y CARASA- ",GENERAL PUEYRREDON,MAR DEL PLATA,-380213219985.0,-575973249992.0,JTv,0,-38.0213219985,-57.5973249992,2026,7,July,4,23,5,Sábado,True,Noche (18-24),[],,OTRA / NO ESPECIFICADA,DISPAROS_PERSONAS
2026-07-04 22:54:00,10016363043,SOLER y Int Jose Camusso,DISPAROS,PERSONAS,"LLTE INDICA QUE HAY UN CUMPLEAÑOS EN UN COMEDOR, QUIENES ESTAN AHI ESTAN DROGADOS- Y ESTAN A LOS TIROS- ADENTRO DEL COMEDOR. TAMBIEN HAY GENTE EN VIA PUBLICA Y HABRIAN CORTADO LA CALLE- NO HABRIA HERIDOS AL MOMENTO ",GENERAL PUEYRREDON,MAR DEL PLATA,-380213219985.0,-575973249992.0,V ACC-MC,0,-38.0213219985,-57.5973249992,2026,7,July,4,22,5,Sábado,True,Noche (18-24),[],,OTRA / NO ESPECIFICADA,DISPAROS_PERSONAS
2026-07-04 22:34:00,10016363001,BELGRANO y Jose Maria Calaza,DISPAROS,DISPAROS,LLAMANTE REFIERE QUE HAY UN ENFRENTAMIENTO VECINAL. SE ESCUCHAN DISTURBIOS Y DISPAROS. NO SABE SI HAY HERIDOS.__SONO LA ALARMA VECINAL. NO HAY PERSONAL POLICIAL.- ,GENERAL PUEYRREDON,MAR DEL PLATA,-379745369985.0,-576005269992.0,JTv,0,-37.9745369985,-57.6005269992,2026,7,July,4,22,5,Sábado,True,Noche (18-24),[],,OTRA / NO ESPECIFICADA,DISPAROS_PERSONAS
2026-07-04 19:18:00,10016362542,DIAGONAL CESAR GASCON al 2968,DISPAROS,PERSONAS,"LLTE MANIFIESTA QUE PASO CON EL AUTO Y VIO UNA PELEA EN LA CALLE, NO SABE CNETRE CUANTOS Y ESCUCHO DISPAROS- NO INDICA HERIDOS ",GENERAL PUEYRREDON,MAR DEL PLATA,-38052183499608.0,-575785117393.0,V ACC-MC,0,-38.052183499608,-57.5785117393,2026,7,July,4,19,5,Sábado,True,Noche (18-24),[],,OTRA / NO ESPECIFICADA,DISPAROS_PERSONAS
2026-07-04 03:07:00,10016360748,DIP AMAYA y Chacabuco,DISPAROS,PERSONAS,LLAMANTE REFIERE QUE EN LA ESQUINA ESTAN CONFRONTANDO Y HAY DISPAROS ENTRE PERSONAS,GENERAL PUEYRREDON,MAR DEL PLATA,-379518852234.0,-57620349884.0,JTv,0,-37.9518852234,-57.620349884,2026,7,July,4,3,5,Sábado,True,Madrugada (00-06),[],,OTRA / NO ESPECIFICADA,DISPAROS_PERSONAS
2026-07-04 03:06:00,10016360745,DIP AMAYA y Chacabuco,DISPAROS,PERSONAS,LLAMANTE REFIERE HAY UNA CONFRONTACION Y ESTAN DISPARANDO HACIA UNA CASA. HAY UN GRUPO ATACANDO A OTRO CON ARMAS. TODOS ESTAN ARMADOS. NO SABE SI HAY HERIDOS. ,GENERAL PUEYRREDON,,-379518839985.0,-576203489992.0,JTv,0,-37.9518839985,-57.6203489992,2026,7,July,4,3,5,Sábado,True,Madrugada (00-06),[],,OTRA / NO ESPECIFICADA,DISPAROS_PERSONAS
2026-07-03 23:13:00,10016360104,GRAL RAFAEL DEL RIEGO al 2565,DISPAROS,PERSONAS,"LLAMANTE CUENTA QUE SE SIGUEN TIRANDO  TIROS ENTRE PERSONAS, SON DOS FLIAS . ESTAN PRENDIENDO FUEGO, DICE QUE ELLA ESTA UN HOMBRE ESTA QUEMADO EN LAS PIERNAS Y LOS BRAZOS , NECESITA EL MOVIL PARA PODER SALIR DE LA CASA.- ",GENERAL PUEYRREDON,MAR DEL PLATA,-38041796844473.0,-57585348387149.0,V ACC-MC,0,-38.041796844473,-57.585348387149,2026,7,July,3,23,4,Viernes,False,Noche (18-24),[],,OTRA / NO ESPECIFICADA,DISPAROS_PERSONAS
2026-07-03 22:58:00,10016360054,GRAL RAFAEL DEL RIEGO al 2562,DISPAROS,PERSONAS,LLAMANTE DE FONDO DICE *TIRATE AL PISO Y RODA *____LUEGO INFORMA QUE COMENZARON A TIRARSE TIROS ENTRE PERSONAS Y LE TIRARON UAN MOLOTOV A UNA PERSONA Y SE ESTA PRENDIENDO FUEGO ,GENERAL PUEYRREDON,MAR DEL PLATA,-380417834382.0,-57585331325562.0,Telefonía Fija/Móvil,0,-38.0417834382,-57.585331325562,2026,7,July,3,22,4,Viernes,False,Noche (18-24),[],,OTRA / NO ESPECIFICADA,DISPAROS_PERSONAS
2026-07-03 22:44:00,10016359998,GRAL RAFAEL DEL RIEGO y CALABRIA,DISPAROS,PERSONAS,"LLAMANTE REFIERE QUE HAY UNA PELEA ENTRE VECINOS, HAY ENTRE 10/15 PERSONAS,  UNA MUJER TIRA TIROS DESDE LA CASA A LOS VECINOS QUE ESTAN AFUERA __NO HAY HERIDOS.-",GENERAL PUEYRREDON,,-380413439985.0,-575848229992.0,V ACC-MC,0,-38.0413439985,-57.5848229992,2026,7,July,3,22,4,Viernes,False,Noche (18-24),[],,OTRA / NO ESPECIFICADA,DISPAROS_PERSONAS
2026-07-03 22:44:00,10016359993,GRAL RAFAEL DEL RIEGO y Sicilia,DISPAROS,PERSONAS,"HAY UNOS DISTURBIOS EN LA CALLE, UNA MUJER EFECTUANDO DISPAROS AL AIRE Y CONTRA LA GENTE, NO SABE EL MOTIVO. NO LA PUEDE DESCRIBIR. NO HAY HERIDOS. ",GENERAL PUEYRREDON,MAR DEL PLATA,-380420379985.0,-575856269992.0,V ACC-MC,0,-38.0420379985,-57.5856269992,2026,7,July,3,22,4,Viernes,False,Noche (18-24),[],,OTRA / NO ESPECIFICADA,DISPAROS_PERSONAS
2026-07-03 22:28:00,10016359925,GAMAL NASSER al 3253,DISPAROS,PERSONAS,LLAMANTE REFIERE QUE ESCUCHA DISPAROS  SE ESTARIAN DISPARANDO ENTRE PERSONAS . NO VE HERIDOS,GENERAL PUEYRREDON,MAR DEL PLATA,-37990507807225.0,-57599151327311.0,V ACC-MC,0,-37.990507807225,-57.599151327311,2026,7,July,3,22,4,Viernes,False,Noche (18-24),[],,OTRA / NO ESPECIFICADA,DISPAROS_PERSONAS
2026-07-03 00:09:00,10016357434,BOUCHARD y Pje Evita,DISPAROS,PERSONAS," LLAMANTE INFORMA ESTAN EFECTUANDO DETONACIONES DE ARMA DE FEUGO, SON APROX 10  PERSONAS QUE PELEAN Y SE DISPARAN ENTRE ELLOS, SE AMENAZAN DE MUERTE, NOS ABE SI HAY HERIDOS__ VAN CORRIENDO DE PJE EVITA HASTA LA COMISARIA ",GENERAL PUEYRREDON,MAR DEL PLATA,-380207547583.0,-575930180828.0,V ACC-MC,0,-38.0207547583,-57.5930180828,2026,7,July,3,0,4,Viernes,False,Madrugada (00-06),[],,OTRA / NO ESPECIFICADA,DISPAROS_PERSONAS
2026-07-03 00:06:00,10016357429,PJE EVITA al 1350,DISPAROS,PERSONAS,"LLAMANTE REFIERE QUE SE ESTAN PELEANDO Y EFECTUANDO DISPAROS SON 02 MASCULINOS CONTRA  OTROS QUE LE CONTESTAN ESTAN BAJO LOS EFECTOS DE LAS DROGAS,NO HAY HERDIOS   ",GENERAL PUEYRREDON,MAR DEL PLATA,-38020490926244.0,-57592516220971.0,V ACC-MC,0,-38.020490926244,-57.592516220971,2026,7,July,3,0,4,Viernes,False,Madrugada (00-06),[],,OTRA / NO ESPECIFICADA,DISPAROS_PERSONAS
2026-07-03 00:06:00,10016357428,VIA FC GRAL ROCA y Av Vertiz,DISPAROS,PERSONAS,REFIERE QUE SE DISPARAN ENTRE PERSONAS. NO SABE CUANTOS SON. NO HAY HERIDOS,GENERAL PUEYRREDON,MAR DEL PLATA,-38019798482.0,-575907969663.0,V ACC-MC,0,-38.019798482,-57.5907969663,2026,7,July,3,0,4,Viernes,False,Madrugada (00-06),[],,OTRA / NO ESPECIFICADA,DISPAROS_PERSONAS
2026-07-02 23:46:00,10016357402,REP ARABE SIRIA y San Lorenzo,DISPAROS,PERSONAS,"LLAMANTE REFIERE QUE HAY GENTE DISPARANDO, SON 3/4 MENORES, VAN Y VIENEN POR LA CUADRA, ESCUCHO APROX 4 DETONACIONES, CREE QUE SE DISPARAN ENTRE ELLOS",GENERAL PUEYRREDON,MAR DEL PLATA,-379774439985.0,-576239449992.0,V ACC-MC,0,-37.9774439985,-57.6239449992,2026,7,July,2,23,3,Jueves,False,Noche (18-24),[],,OTRA / NO ESPECIFICADA,DISPAROS_PERSONAS
2026-07-02 23:45:00,10016357401,CASTELLI y Colombia,DISPAROS,PERSONAS,LLAMANTE REFIERE QUE ESCUCHA  TIROS Y CORRIDAS TAMBIEN HAY MOTOS MERODENADOPOR LA ESQUINA __VAN CORRIENDO POR LA CALLE Y SE VAN DISPARANDO__ SON 4 NN NO SABE SI HAY HERIDOS ,GENERAL PUEYRREDON,MAR DEL PLATA,-379735183987.0,-576249669992.0,NEGATIVO,30884 INF A LA RECORRIDA PANORAMA NORMAL NADIE ENTREVISTA ,-37.9735183987,-57.6249669992,2026,7,July,2,23,3,Jueves,False,Noche (18-24),[],,OTRA / NO ESPECIFICADA,DISPAROS_PERSONAS
2026-07-02 23:22:00,10016357355,PJE EVITA y Bouchard,DISPAROS,PERSONAS,"LLAMANTE REFIERE QUE ESTAN A LOS TIROS EN EL LUGAR, SE TIRAN ENTRE SI, SON DOS DE UNA ESQUINA Y DEL OTRO LADO NO ALCANZA A VER CUANTOS SON , NO HAY HERIDOS. ",GENERAL PUEYRREDON,MAR DEL PLATA,-380198973021.0,-575906667237.0,JTv,0,-38.0198973021,-57.5906667237,2026,7,July,2,23,3,Jueves,False,Noche (18-24),[],,OTRA / NO ESPECIFICADA,DISPAROS_PERSONAS
2026-07-02 23:20:00,10016357352,SAN SALVADOR al 7596,DISPAROS,PERSONAS,LA LLAMANTE REFIERE QUE  ESTAN A LOS TIROS . SE TIRAN ENTRE PERSONAS Y AL AIRE. SON ALREDEDOR DE 4 O 5 PERSONAS. NO VIO HERIDOS. ,GENERAL PUEYRREDON,MAR DEL PLATA,-38019175066666.0,-57589667359757.0,JTv,0,-38.019175066666,-57.589667359757,2026,7,July,2,23,3,Jueves,False,Noche (18-24),[],,OTRA / NO ESPECIFICADA,DISPAROS_PERSONAS
2026-07-02 23:20:00,10016357350,PJE EVITA y BOUCHARD,DISPAROS,PERSONAS,"LLAMANTE REFIERE QUE ESTAN DISPARANDO EN LA CALLE. SON 3 O 4 PERSONAS, SE DISPARAN ENTRE ELLOS. NO HAY HERIDOS.- ",GENERAL PUEYRREDON,MAR DEL PLATA,-380198973021.0,-575906667237.0,V ACC-MC,0,-38.0198973021,-57.5906667237,2026,7,July,2,23,3,Jueves,False,Noche (18-24),[],,OTRA / NO ESPECIFICADA,DISPAROS_PERSONAS
2026-07-02 18:54:00,10016356765,FALUCHO y Armenia,DISPAROS,PERSONAS,"LLAMANTE REFIERE QUE PASO UN SUJETO CAMINANDO Y LE PIDIO QUE LLAME A LA AMBULANCIA PORQUE LE HABIAN DISPARADO. VA POR  FALUCHO EN DIRECCION A 180. NO SABE QUE LE OCURRIO, VA CAMINANDO CON DIFICULTAD DESDE 184 , VISTE JEAN.- ",GENERAL PUEYRREDON,MAR DEL PLATA,-379796359985.0,-576018209992.0,Analizado por ACC-MC,0,-37.9796359985,-57.6018209992,2026,7,July,2,18,3,Jueves,False,Noche (18-24),[],,OTRA / NO ESPECIFICADA,DISPAROS_PERSONAS
2026-07-02 03:09:00,10016355086,ETCHEGARAY al 1678,DISPAROS,PERSONAS,REFIERE QUE UN MASCULINO ESTA SANGRANDO. GRITA. NO SABE QUE LE PASA. CREE QUE LE DISPARARON,GENERAL PUEYRREDON,MAR DEL PLATA,-380038689926.0,-576201267785.0,Telefonía Fija/Móvil,0,-38.0038689926,-57.6201267785,2026,7,July,2,3,3,Jueves,False,Madrugada (00-06),[],,OTRA / NO ESPECIFICADA,DISPAROS_PERSONAS
2026-07-01 17:00:00,10016353715,PAULA ALBARRACIN al 3655,DISPAROS,PERSONAS,"ESTAN TIROS,  NO LOS VE SOLO ESCUCH QUE ESTAN DISPARANDO EN LA CALLE, ESCUCHA GRITOS Y NO SABE SI HAY HERIDOS ",GENERAL PUEYRREDON,MAR DEL PLATA,-37991634230364.0,-57605698098374.0,V ACC-MC,0,-37.991634230364,-57.605698098374,2026,7,July,1,17,2,Miércoles,False,Tarde (12-18),[],,OTRA / NO ESPECIFICADA,DISPAROS_PERSONAS
2026-06-29 18:29:00,10016348643,LOS GRANADOS al 5600,DISPAROS,PERSONAS,LLAMANTE REFIERE QUE UN CHICO LE DIJO QUE LE APUNTARON CON UN ARMA Y LE DISPARARON. NO ESTA HERIDO. SON UNAS 10 PERSONAS EN UN AUTO NEGRO.NO SABE QUE MARCA NI PARA DONDE SE FUERON ,GENERAL PUEYRREDON,MAR DEL PLATA,-37917262898298.0,-57534685046241.0,V ACC-MC,0,-37.917262898298,-57.534685046241,2026,6,June,29,18,0,Lunes,False,Noche (18-24),[],,OTRA / NO ESPECIFICADA,DISPAROS_PERSONAS
2026-06-28 16:24:00,10016345547,CALLE 23 y Calle 16,DISPAROS,PERSONAS,LLTE INIDCA QUE HAY UNA PELEA ENTRE VECINOS- UNO ARMADO EFECTUANDO DISPAROS- CASI LE DA UN TIRO A LA MADRE DEL LLTE - EL MOVIL SIGUIO DE LARGO- NO HABRIA HERIDOS AL MOMENTO ,GENERAL PUEYRREDON,,-382214602934.0,-577454044705.0,V ACC-MC,0,-38.2214602934,-57.7454044705,2026,6,June,28,16,6,Domingo,True,Tarde (12-18),[],,OTRA / NO ESPECIFICADA,DISPAROS_PERSONAS
2026-06-28 06:40:00,10016344198,TOMAS FALKNER y Remolcador Guarani,DISPAROS,PERSONAS,"LLTE REF QUE HAY DOS GRUPOS CONFRONTANDO , DOS GRUPOS DE 8 APROX__ESTAN DISPARANDO __SE AGARRARON A BOTELLAZOS HACE UN RATO__NO SABE SI HAY HERIDOS.-",GENERAL PUEYRREDON,MAR DEL PLATA,-379651459985.0,-575744029992.0,V ACC-MC,0,-37.9651459985,-57.5744029992,2026,6,June,28,6,6,Domingo,True,Mañana (06-12),[],,OTRA / NO ESPECIFICADA,DISPAROS_PERSONAS
2026-06-28 04:42:00,10016343970,DE LOS INMIGRANTES y Av Fortunato De La Plaza,DISPAROS,PERSONAS,"LLAMANTE REFIERE QUE HAY GENTE CONFRONTANDO. SON MUCHAS PERSONAS, HAY MNORES. REFIERE QUE HAY ALGUIEN EN EL PISO. LLAMANTE LLORA, NO APORTA MAS DATOS",GENERAL PUEYRREDON,MAR DEL PLATA,-380241599985.0,-575988979992.0,V ACC-MC,0,-38.0241599985,-57.5988979992,2026,6,June,28,4,6,Domingo,True,Madrugada (00-06),[],,OTRA / NO ESPECIFICADA,DISPAROS_PERSONAS
2026-06-27 22:26:00,10016342920,MARIA REMEDIOS DEL VALLE y Calle 30,DISPAROS,PERSONAS,"LLAMANTE REFIERE QUE LA CASA TIENE AFUERA TARIMAS BLANCAS. FUE SU EXPAREJA, EFECTUO DISPAROS A LA LLAMANTE Y A LA CASA. ROMPIO TODO. NO HAY HERIDOS. LE CORTO LA LUZ. PUEDE ESTAR AFUERA. LINEA 144",GENERAL PUEYRREDON,MAR DEL PLATA,-380902849985.0,-575926229992.0,V ACC-MC,0,-38.0902849985,-57.5926229992,2026,6,June,27,22,5,Sábado,True,Noche (18-24),[],,OTRA / NO ESPECIFICADA,DISPAROS_PERSONAS
2026-06-26 13:20:00,10016338616,ANCHORENA al 6566,DISPAROS,PERSONAS,"LTE REFIERE QUE QUIEREN USURPAR   SU CASA , SON 6 NN MASCULINOS ARMADOS CON ARMAS DE FUEGO __HAY HERIDOS, GOLPEARON A SU HERMANO PERO N NECESITA MEDICO __LOS SACARON DEL DOMICILIO A LOS TIROS, ELLOS SON MENORES __SON VECINOS DE LA CUADRA QUE YA HAN INTENTADO ESTO ANTERIORMENTE__SU MADRE ESTA EFECTUANDO DENUCNIA EN ESTE MOMENTO ",GENERAL PUEYRREDON,MAR DEL PLATA,-37938031229695.0,-57559570653306.0,V ACC-MC,0,-37.938031229695,-57.559570653306,2026,6,June,26,13,4,Viernes,False,Tarde (12-18),[],,OTRA / NO ESPECIFICADA,DISPAROS_PERSONAS
2026-06-26 13:11:00,10016338598,CALLE 50 y Calle 433 Bis,DISPAROS,PERSONAS,"LLAMANTE REFIERE QUE LLAMO ANTES PORQUE UNOS NN, EN LA CALLE, DESDE ANOCHE ESTAN TIROTEANDOSE, ES UN AUTO VW TIPO PEUGEUOT 206 BLANCO Y UNA AMAROK BLANCA, MAS OTRA CAMIONETA NEGRA, UNA MOTO BLANCA TIPO CROSS BLANCA CON ROJO. NO HAY HERIDOS. NO SABE A QUIEN BUSCAN, SOLO SE ENFRENTAN ENTRE ELLOS.",GENERAL PUEYRREDON,MAR DEL PLATA,-380812348038.0,-576059101663.0,V ACC-MC,0,-38.0812348038,-57.6059101663,2026,6,June,26,13,4,Viernes,False,Tarde (12-18),[],,OTRA / NO ESPECIFICADA,DISPAROS_PERSONAS
2026-06-26 13:02:00,10016338578,CALLE 50 y Calle 433 BIS,DISPAROS,PERSONAS,"CAMIONETA MARCA VW AMAROK, COLOR BLANCA, NO VE PTTE. EFECTUANDO DISPAROS. LLAMANTE VE A 4 MASCULINOS EN EL INTERIOR. ADEMAS PARTICIPA UNA MOTO XR ROJA Y BLANCA, SIN DOMINIO. CON UN MASCULINO CONOCIDO COMO *COTY* QUE HABRIA PARTICIPADO EN UN ILICITO CON DISPAROS. TODOS CON PRENDAS NEGRAS. ",GENERAL PUEYRREDON,,,,V ACC-MC,0,,,2026,6,June,26,13,4,Viernes,False,Tarde (12-18),[],,OTRA / NO ESPECIFICADA,DISPAROS_PERSONAS
2026-06-26 12:34:00,10016338499,CALLE 433 BIS y Calle 54,DISPAROS,PERSONAS,LLAMANTE REFIERE QUE UNA CAMIONETA VOLKSWAGEN BLANCA UN AUTO Y UNA MOTO A LOS TIROS.- NO HAY HERIDOS AL MOMENTO.- ENTRE 4  PERSONAS ESTAN AGREDIENDO A UN HOMBRE.- ,GENERAL PUEYRREDON,MAR DEL PLATA,-380792829017.0,-576084877216.0,V ACC-MC,0,-38.0792829017,-57.6084877216,2026,6,June,26,12,4,Viernes,False,Tarde (12-18),[],,VOLKSWAGEN,DISPAROS_PERSONAS
2026-06-25 18:50:00,56348259,ANCHORENA al 6566,DISPAROS,PERSONAS,"LLTE REF QUE ES LA CUARTA VEZ QUE LLAMA__UN CHICO SALIO A COMPRAR AL FRENTE Y LOS VECINOS LO AGREDIERON PORQUE SIEMPRE LE QUISIERON TOMAR LA CASA, UNO DE ESOS AGRESORES LE DISPARO A OTRA PERSONA TRES VECES. NO ESTA HERIDO ________ [Id.Remoto: 56348259]",GENERAL PUEYRREDON,MAR DEL PLATA,-379380312297.0,-575595706533.0,JTv,0,-37.9380312297,-57.5595706533,2026,6,June,25,18,3,Jueves,False,Noche (18-24),[],,OTRA / NO ESPECIFICADA,DISPAROS_PERSONAS
2026-06-25 16:11:00,10016336341,ANCHORENA al 6566,DISPAROS,PERSONAS,LLAMANTE REFIERE QUE 7 PERSONAS AGREDIERON A SU HERMANO.- LE DISPARARON.- REFIERE UNA BALA LO ROZO.- ,GENERAL PUEYRREDON,MAR DEL PLATA,-37938031229695.0,-57559570653306.0,V ACC-MC,0,-37.938031229695,-57.559570653306,2026,6,June,25,16,3,Jueves,False,Tarde (12-18),[],,OTRA / NO ESPECIFICADA,DISPAROS_PERSONAS
2026-06-25 16:09:00,10016336337,ANCHORENA al 6566,DISPAROS,PERSONAS,LE EFECTUARON UN DISPARO AL HERMANO DE LA LLAMANTE. ,GENERAL PUEYRREDON,MAR DEL PLATA,-379381.0,-575596.0,V ACC-MC,0,-37.9381,-57.5596,2026,6,June,25,16,3,Jueves,False,Tarde (12-18),[],,OTRA / NO ESPECIFICADA,DISPAROS_PERSONAS
2026-06-25 16:07:00,10016336331,ANCHORENA al 6566,DISPAROS,PERSONAS,LLAMANTE REFIERE QUE SEIS O SIETE PERSONAS ESTÁN EFECTUANDO DISPAROS Y LE TIRARON A SU HERMANO. ESTÁ HERIDO PORQUE LA BALA LO ROZÓ.  ,GENERAL PUEYRREDON,MAR DEL PLATA,-379381.0,-575596.0,V ACC-MC,0,-37.9381,-57.5596,2026,6,June,25,16,3,Jueves,False,Tarde (12-18),[],,OTRA / NO ESPECIFICADA,DISPAROS_PERSONAS
2026-06-24 22:06:00,10016334623,REP ARABE SIRIA al 2770,DISPAROS,PERSONAS,"LLAMANTE REFIERE QUE LES DISPARARON A LA PROPIEDAD EN REPETIDAS VECES. ESTABAN EN EL INTERIOR. LAS PERSONAS, QUE NO SABE QUIENES SON, INGRESARON DENTRO DE LA VIVIENDA. REFIERE QUE HAY UNA FEMENINA DESCOMPUESTA. ",GENERAL PUEYRREDON,MAR DEL PLATA,-37973997885.0,-576211530396.0,JTv,SE SIGUE EN EL PPAL.-,-37.973997885,-57.6211530396,2026,6,June,24,22,2,Miércoles,False,Noche (18-24),[],,OTRA / NO ESPECIFICADA,DISPAROS_PERSONAS
2026-06-24 17:50:00,10016333975,NESTOR ROMANO al 3037,DISPAROS,PERSONAS,"LLAMANTE DICE QUE FUERON A EFECTUAR DISPAROS A SU CASA, SON APROX. 10 PERSONAS, NO SABE CUANTOS HERIDOS HAY. ",GENERAL PUEYRREDON,MAR DEL PLATA,-379459213146.0,-57548413426.0,V ACC-MC,0,-37.9459213146,-57.548413426,2026,6,June,24,17,2,Miércoles,False,Tarde (12-18),[],,OTRA / NO ESPECIFICADA,DISPAROS_PERSONAS
2026-06-23 22:03:00,10016332024,ANDRADE al 858,DISPAROS,PERSONAS,"LLAMANTE REFIERE QUE LE DISPARARON A UN VECINO  EN LA ESQUINA ,  LE DIERON 3 TIROS , ESTA EN LA VIA PUBLICA, NO SABE QUE PASO ",GENERAL PUEYRREDON,MAR DEL PLATA,-37962.0,-575638.0,REDERIVADO,0,-37.962,-57.5638,2026,6,June,23,22,1,Martes,False,Noche (18-24),[],,OTRA / NO ESPECIFICADA,DISPAROS_PERSONAS
2026-06-23 22:02:00,10016332019,LOPEZ DE GOMARA y Andrade,DISPAROS,PERSONAS,LLAMANTE REFIERE QUE SE ESTAN DISPARANDO ENTRE PERSONAS NO SABE SI HAY HERIDOS,GENERAL PUEYRREDON,,-379625959985.0,-575639809992.0,V ACC-MC,0,-37.9625959985,-57.5639809992,2026,6,June,23,22,1,Martes,False,Noche (18-24),[],,OTRA / NO ESPECIFICADA,DISPAROS_PERSONAS
2026-06-21 15:42:00,10016325708,CERRITO y Calabria,DISPAROS,PERSONAS," LTE REFIERE QUE  FUE A BUSCAR   A SU HIJO A LO DE SU EX PAREJA Y SALIO CON UN ARMA Y EFECTUO 2 DISPAROS CONTRA SU PAREJA ACTUAL, NO HAY HERIDOS__ SE FUE CON EL MENOR EN UN AUTO, NO VIO QUE AUTO ES ",GENERAL PUEYRREDON,MAR DEL PLATA,-380487709985.0,-575767099992.0,JTv,0,-38.0487709985,-57.5767099992,2026,6,June,21,15,6,Domingo,True,Tarde (12-18),[],,OTRA / NO ESPECIFICADA,DISPAROS_PERSONAS
2026-06-20 03:17:00,10016321105,ZEBALLOS al 5518,DISPAROS,PERSONAS,LLAMANTE REFIERE QUE HAY UNA ENFRENTAMIENTO ENTRE VARIOS ARMADOS DISPARANDOSE DE ESQUINA A ESQUINA,GENERAL PUEYRREDON,MAR DEL PLATA,-37945218395208.0,-57548023053427.0,V ACC-MC,0,-37.945218395208,-57.548023053427,2026,6,June,20,3,5,Sábado,True,Madrugada (00-06),[],,OTRA / NO ESPECIFICADA,DISPAROS_PERSONAS
2026-06-20 00:30:00,10016320732,DE LOS INMIGRANTES y SICILIA,DISPAROS,PERSONAS,LLAMANTE REFIERE QUE ESTANN CONFRONTANDO Y ESCUCHA DISPAROS ENTRE LOS PARTICIPANTES DEL CONFLICTO,GENERAL PUEYRREDON,,,,JTv,0,,,2026,6,June,20,0,5,Sábado,True,Madrugada (00-06),[],,OTRA / NO ESPECIFICADA,DISPAROS_PERSONAS
2026-06-19 21:20:00,10016320330,DE LOS INMIGRANTES y Sicilia,DISPAROS,PERSONAS,LLAMANTE CCA QUE HAY PASO POR EL LUGAR Y VIO MUCHA GENTE PELEANDO Y EFECTUANDO DISPAROS. LE INFORMARON QUE HABRIA UN HERIDO DE BALA  Y LA GENTE ESTA HACIENDO JUSTICIA POR MANO PROPIA.____,GENERAL PUEYRREDON,MAR DEL PLATA,-380275824575.0,-576030462769.0,V ACC-MC,0,-38.0275824575,-57.6030462769,2026,6,June,19,21,4,Viernes,False,Noche (18-24),[],,OTRA / NO ESPECIFICADA,DISPAROS_PERSONAS
2026-06-19 20:29:00,10016320203,9 DE JULIO y Av Champagnat,DISPAROS,PERSONAS,"LLAMANTE REFIERE QUE  DESDE UNA MOTO LE EFECTUARON DISPAROS  A SU AMIGA DE 33 AÑOS  ESTA HERIDA EN LA  PANZA Y PIERNA , ESTA CONCIENTE, LOS AGRESORES  SE FUERON  9 DE JULIO ",GENERAL PUEYRREDON,MAR DEL PLATA,-379785923324.0,-575812091513.0,JTv,0,-37.9785923324,-57.5812091513,2026,6,June,19,20,4,Viernes,False,Noche (18-24),[],,OTRA / NO ESPECIFICADA,DISPAROS_PERSONAS
2026-06-19 16:00:00,10016319377,GUTEMBERG al 7684,DISPAROS,PERSONAS,LLAMANTE REFIERE QUE  LE DIERON UN TIRO EN LA CABEZA A UN NN MASCULINO __ESTA DESANGRANDOSE__NO INDICA MAS INFORMACION SOBRE EL HECHO ,GENERAL PUEYRREDON,MAR DEL PLATA,-380297.0,-576037.0,V ACC-MC,0,-38.0297,-57.6037,2026,6,June,19,16,4,Viernes,False,Tarde (12-18),[],,OTRA / NO ESPECIFICADA,DISPAROS_PERSONAS
2026-06-19 16:00:00,10016319376,REP DE CUBA y Gutemberg,DISPAROS,PERSONAS,"SOLICITA AMBULANCIA URGENTE__UN HERIDO DE BALA, SE ESTABAN PELEANDO, Y OTRO LE DISPARO, ESTA TIRADO EN LA CALLE __NO SABE SI ESTA CONSCIETNE ",GENERAL PUEYRREDON,,-380295774572.0,-576038232769.0,Analizado por ACC-MC,0,-38.0295774572,-57.6038232769,2026,6,June,19,16,4,Viernes,False,Tarde (12-18),[],,OTRA / NO ESPECIFICADA,DISPAROS_PERSONAS
2026-06-19 00:12:00,10016317859,AV CARLOS GARDEL al 1716,DISPAROS,PERSONAS,"__LLLAMANTE MENCIONA QUE SON 20 MASCULINOS QUE EFECTUAN DISPAROS HACIA UNO SOLO, NO SABE SI HAY HERIDOS, ESTA ESCUCHANDO GRITOS.- ",GENERAL PUEYRREDON,MAR DEL PLATA,-38002747869784.0,-57622219410651.0,V ACC-MC,0,-38.002747869784,-57.622219410651,2026,6,June,19,0,4,Viernes,False,Madrugada (00-06),[],,OTRA / NO ESPECIFICADA,DISPAROS_PERSONAS
2026-06-18 19:23:00,10016317258,AV VERTIZ y Pje De Los Incas,DISPAROS,PERSONAS,"LLAMANTE REFIERE UQ EHAY 3 HOMBRES ARMADOS FUERA DE SU CASA__NO SABE QUÉ PASA__NO LOS CONOCE __ESTÁN DISPARANDO, NO SABE SI AL AIRE O A QUÉ __NO SABE SI HAY HERIDOS ",GENERAL PUEYRREDON,MAR DEL PLATA,-37990263947.0,-576298263572.0,V ACC-MC,0,-37.990263947,-57.6298263572,2026,6,June,18,19,3,Jueves,False,Noche (18-24),[],,OTRA / NO ESPECIFICADA,DISPAROS_PERSONAS
2026-06-17 19:57:00,10016314789,GARCIA LORCA al 9993,DISPAROS,PERSONAS,REFIERE QUE LE DIERON CUATRO DISPAROS AL SOBRINO. NO SABE QUIEN FUE. FUE DENTRO DE LA CASA. ES INCONSCIENTE. TIENE 22 AÑOS. ,GENERAL PUEYRREDON,MAR DEL PLATA,-38016373535988.0,-57626493333671.0,V ACC-MC,0,-38.016373535988,-57.626493333671,2026,6,June,17,19,2,Miércoles,False,Noche (18-24),[],,OTRA / NO ESPECIFICADA,DISPAROS_PERSONAS
2026-06-17 19:56:00,10016314788,GARCIA LORCA al 9993,DISPAROS,PERSONAS,"LLAMANTE REFIERE QUE  LE DISPARARON A SU HIJO, ESTA  INCONCIENTE LOS AGRESORES ERAN 2 PERSONAS ENCAPUCHADAS    SE FUERON DEL LUGAR  ",GENERAL PUEYRREDON,MAR DEL PLATA,-38016373535988.0,-57626493333671.0,V ACC-MC,0,-38.016373535988,-57.626493333671,2026,6,June,17,19,2,Miércoles,False,Noche (18-24),[],,OTRA / NO ESPECIFICADA,DISPAROS_PERSONAS
2026-06-17 19:55:00,10016314782,DIAGONAL GENOVA al 10018,DISPAROS,PERSONAS,"LLAMANTE REFIERE QUE LLEGARON UNAS PERSONA Y LE DIERON 4 DISPAROS A UN CHICO,  NO SABE DONDE ESTA LASTIMADO , ESTA DENTRO DE LA CASA, NO SABE SI CONSCIENTE. SE FUERON EN UNA MOTO ERA UN  CHICO CON UN ARMA Y UNAS CHICAS SE FUERON POR SAN CAYETANO NO SABE HACIA DONDE . HERIDO 23 AÑOS ",GENERAL PUEYRREDON,MAR DEL PLATA,-380162.0,-576266.0,V ACC-MC,0,-38.0162,-57.6266,2026,6,June,17,19,2,Miércoles,False,Noche (18-24),[],,OTRA / NO ESPECIFICADA,DISPAROS_PERSONAS
2026-06-17 19:55:00,10016314781,GARCIA LORCA y Ciudad San Cayetano,DISPAROS,PERSONAS,LLAMANTE REFIERE QUE LE DISPARON AL HIJO.- EFECTUARON VARIAS DETONACIONES ,GENERAL PUEYRREDON,MAR DEL PLATA,-380163379986.0,-576265419992.0,V ACC-MC,0,-38.0163379986,-57.6265419992,2026,6,June,17,19,2,Miércoles,False,Noche (18-24),[],,OTRA / NO ESPECIFICADA,DISPAROS_PERSONAS
2026-06-17 19:55:00,10016314779,GARCIA LORCA y Ciudad San Cayetano,DISPAROS,PERSONAS,LLAMANTE REFIERE QUE LE AVISAN QUE  DIERON 2 DISPARSOS A UN MASCULINO DE 20 AÑOS   LLAMANTE NO ESTA EN EL LUGAR NO SABE SI LOS AGRESORES CONTINUAN EN EL LUGAR ,GENERAL PUEYRREDON,MAR DEL PLATA,-380163379986.0,-576265419992.0,Telefonía Fija/Móvil,0,-38.0163379986,-57.6265419992,2026,6,June,17,19,2,Miércoles,False,Noche (18-24),[],,OTRA / NO ESPECIFICADA,DISPAROS_PERSONAS
2026-06-17 14:17:00,10016313894,SANTA CRUZ al 9600,DISPAROS,PERSONAS,"LLAMANTE REFIERE QUE SU HIJO SE PELEÓ CON LA PAREJA Y EL HERMANO DE LA MUJER ESTÁ EFECTUÁNDOLE DISPAROS Y ROMPIÓ LOS VIDRIOS. NO HAY HERIDOS AL MOMENTO. DICE QUE HAY OTROS CHICOS EN MOTOS, SON OCHO, QUE TAMBIÉN ESTÁN CON ARMAS POR PASAJE VENEZUELA. SON FAMIALIRES Y AMIGOS DE LA PAREJA DE SU HIJO. ",GENERAL PUEYRREDON,,,,JTv,0,,,2026,6,June,17,14,2,Miércoles,False,Tarde (12-18),[],,OTRA / NO ESPECIFICADA,DISPAROS_PERSONAS
2026-06-17 14:15:00,10016313886,COLOMBIA y Beruti,PEDIDO GENERICO DE AUXILIO,PGA,"LLAMANTE REFIERE QUE ESTAN DISPARANDOSE ENTRE SI EN AL CALLE, NO SABE CUANTAS PERSONAS, NO SABE SI HAY HERIDOS. EL LLAMANTE SE PUSO A RESGUARDO, NO TIENE DATOS PARA APORTAR",GENERAL PUEYRREDON,MAR DEL PLATA,-379517759985.0,-576073669992.0,POSITIVO,"30151 AL VER EL MOVIL LAS PERSONAS SE DISPERSAN , NADIE ENTREVISTA",-37.9517759985,-57.6073669992,2026,6,June,17,14,2,Miércoles,False,Tarde (12-18),[],,OTRA / NO ESPECIFICADA,DISPAROS_PERSONAS
2026-06-17 09:21:00,10016313270,ALVARADO y Mexico,DISPAROS,PERSONAS,HAY DOS FAMILIAS PELEANDOSE Y DISPARANDOSE ENTRE ELLOS. NO SABE SI HAY HERIDOS. SON UNOS 4/5 NN APROX ,GENERAL PUEYRREDON,,-379950746939.0,-575845591663.0,V ACC-MC,0,-37.9950746939,-57.5845591663,2026,6,June,17,9,2,Miércoles,False,Mañana (06-12),[],,OTRA / NO ESPECIFICADA,DISPAROS_PERSONAS
2026-06-17 09:20:00,10016313268,PERU y Alvarado,DISPAROS,PERSONAS,"LLAMANTE REFIERE QUE HAY UNA PELEA ENTRE DOS MASCULINOS, UNO DE ELLOS LE ESTA DISPARADNO AL OTRO, DESCONOCE VINCULO ENTRE LAS PARTES,__EL AGRESOR VISTE BUZO CELESTE Y CHALECO NEGRO, Y JEAN . NO VE HERIDOS AL MOMENTO __",GENERAL PUEYRREDON,MAR DEL PLATA,-379945947846.0,-575855910907.0,V ACC-MC,0,-37.9945947846,-57.5855910907,2026,6,June,17,9,2,Miércoles,False,Mañana (06-12),[],,OTRA / NO ESPECIFICADA,DISPAROS_PERSONAS
2026-06-16 23:59:00,10016312431,AV MARIO BRAVO al 9566,DISPAROS,PERSONAS,"__LLAMANTE INFORMA QUE HAY UN MASCULINO CON ARMA DE FUEGO, REFIERE QUE VIO EL RECURSO PASAR POR LA PUERTA DE LA CASA Y NO SE DETUVO, ESTAN EFECTUANDO DISPAROS HACIA SU CASA, LOS AUTORES  DE LOS DISPAROS SON TRES MASCULINOS, NO HAY HERIDOS.- ",GENERAL PUEYRREDON,MAR DEL PLATA,-38020419932218.0,-57624509050205.0,REDERIVADO,0,-38.020419932218,-57.624509050205,2026,6,June,16,23,1,Martes,False,Noche (18-24),[],,OTRA / NO ESPECIFICADA,DISPAROS_PERSONAS
2026-06-16 00:29:00,10016309664,GERONIMO REJON y Rizzutto,DISPAROS,PERSONAS,"REFIERE QUE ESTAN EFECTUANDO DETONACIONES, HAY UNA CONFRONTACION, ESCUCHA GRITOS. VIO PASAR A UN NN RAUDO. NO SABE SI HAY HERIDOS. REFIERE QUE SE COMUNICO VARIAS VECES Y AUN NO LLEGO EL RECURSO",GENERAL PUEYRREDON,MAR DEL PLATA,-379568959985.0,-575862569992.0,JTv,0,-37.9568959985,-57.5862569992,2026,6,June,16,0,1,Martes,False,Madrugada (00-06),[],,OTRA / NO ESPECIFICADA,DISPAROS_PERSONAS
2026-06-15 21:32:00,10016309312,GERONIMO REJON y Rizzutto,DISPAROS,PERSONAS,"LLAMANTE REFIERE QUE DOS MASCULINOS ESTAN CONFRONTANDO CON DISPAROS DE ARMA DE FUEGO, SE PERSIGUEN UNO A OTRO, SON DE GRAN PORTE AMBOS",GENERAL PUEYRREDON,MAR DEL PLATA,-379568959985.0,-575862569992.0,JTv,0,-37.9568959985,-57.5862569992,2026,6,June,15,21,0,Lunes,False,Noche (18-24),[],,OTRA / NO ESPECIFICADA,DISPAROS_PERSONAS
2026-06-15 16:18:00,10016308472,WILLIAMS MORRIS y Elisa Alvear De Bosch,DISPAROS,PERSONAS,__LLAMANTE REFIERE QUE DESDE UNA MOTO DISPARAN A PERSONAS DE UNA FABRICA. NO HAY HERIDOS. NO SABE QUE MOTO ERA NI COLOR  ,GENERAL PUEYRREDON,,-380552739985.0,-575714819992.0,V ACC-MC,0,-38.0552739985,-57.5714819992,2026,6,June,15,16,0,Lunes,False,Tarde (12-18),[],,OTRA / NO ESPECIFICADA,DISPAROS_PERSONAS
2026-06-15 16:13:00,10016308460,WILLIAMS MORRIS al 4121,DISPAROS,PERSONAS,LLTE MANIFIESTA QUE UNAS MOTOS DISPARARON FRENTE A SU CASA- NO SABE SI HAY HERIDOS- DOS MOTOS- NO APORTA DESCRIPCION ,GENERAL PUEYRREDON,MAR DEL PLATA,-38053870616291.0,-57573355804715.0,JTv,0,-38.053870616291,-57.573355804715,2026,6,June,15,16,0,Lunes,False,Tarde (12-18),[],,OTRA / NO ESPECIFICADA,DISPAROS_PERSONAS
2026-06-15 12:12:00,10016307850,CALLE 52 y Calle 429 Bis,DISPAROS,PERSONAS,LLAMANTE REFIERE QUE 10 PERSONAS EN AUTOS Y MOTOS ESTAN A LOS TIROS. __QUIEREN SACAR A UNAS PERSONAS QUE TOMARON UN TERRENO. __LOS QUE DISPARARON SON LOS USURPADORES. __NO HAY HERIDOS__RECIEN FUE UN MOVIL PERO SE FUE. ,GENERAL PUEYRREDON,MAR DEL PLATA,-38078163191.0,-576047147566.0,V ACC-MC,0,-38.078163191,-57.6047147566,2026,6,June,15,12,0,Lunes,False,Tarde (12-18),[],,OTRA / NO ESPECIFICADA,DISPAROS_PERSONAS
2026-06-15 03:40:00,10016307112,ZEBALLOS y Las Dalias,DISPAROS,PERSONAS,LLTE REF QUE LOS VECINOS SE ESTAN DISPARANDO EN SU CASA__HAY HERIDOS.-,GENERAL PUEYRREDON,MAR DEL PLATA,-379364619984.0,-575596649992.0,V ACC-MC,0,-37.9364619984,-57.5596649992,2026,6,June,15,3,0,Lunes,False,Madrugada (00-06),[],,OTRA / NO ESPECIFICADA,DISPAROS_PERSONAS
2026-06-15 03:37:00,10016307109,LAS DALIAS al 3050,DISPAROS,PERSONAS,LLTE REF QUE HAY DOS NENES BALEADOS  DENTRO DE UNA CASA__NO RESPONDE PREGUNTAS ____CORTA LA LLAMADA.-,GENERAL PUEYRREDON,MAR DEL PLATA,-3793682846585.0,-57560121802198.0,V ACC-MC,0,-37.93682846585,-57.560121802198,2026,6,June,15,3,0,Lunes,False,Madrugada (00-06),[],,OTRA / NO ESPECIFICADA,DISPAROS_PERSONAS
2026-06-15 03:36:00,10016307107,LAS DALIAS al 3050,DISPAROS,PERSONAS,"LLAMANTE REFIERE QUE HAY 3 HERIDOS, QUE LE DIERON UN DISPARO  A UN NENE NO RESPONDE LAS PREGUNTAS, CORTA LA LLAMADA ",GENERAL PUEYRREDON,MAR DEL PLATA,-3793682846585.0,-57560121802198.0,JTv,0,-37.93682846585,-57.560121802198,2026,6,June,15,3,0,Lunes,False,Madrugada (00-06),[],,OTRA / NO ESPECIFICADA,DISPAROS_PERSONAS
2026-06-14 22:32:00,10016306506,LAS DALIAS al 3050,DISPAROS,PERSONAS,REFIERE QUE LLAMO VARIAS VECES POR QUE HAY PERSONAS QUE  SE DISPARAN EN LA CALLE.  HAY HERIDOS . NO APORTA MAS DATOS .- ,GENERAL PUEYRREDON,MAR DEL PLATA,-3793682846585.0,-57560121802198.0,JTv,0,-37.93682846585,-57.560121802198,2026,6,June,14,22,6,Domingo,True,Noche (18-24),[],,OTRA / NO ESPECIFICADA,DISPAROS_PERSONAS
2026-06-14 01:43:00,10016303970,ALTE BROWN al 10276,DISPAROS,PERSONAS,REFIERE QUE PASARON EN UN VEHICULO Y LE DISPARARON A UNA PERSONA ESTA HERIDA NO BRINDA MAS INFORMACION ,GENERAL PUEYRREDON,MAR DEL PLATA,-379652526919.0,-57628054587695.0,V ACC-MC,0,-37.9652526919,-57.628054587695,2026,6,June,14,1,6,Domingo,True,Madrugada (00-06),[],,OTRA / NO ESPECIFICADA,DISPAROS_PERSONAS
2026-06-13 23:34:00,10016303675,MALVINAS y 3 De Febrero,DISPAROS,PERSONAS,LLAMANTE REFIERE QUE CREE Q HUBO UN TIROTEO. __ESCUCHO 6 TIROS . NO VIO ENTRE CUANTAS PERSONAS. SE VEIAN FOGONAZOS QUE REFLEJABAN EN SU PATIO__NO SABE SI HAY HERIDOS__LLTE TIENE MIEDO PORQUE ESTAN POR LLEGAR SUS HIJOS. ,GENERAL PUEYRREDON,MAR DEL PLATA,-379793529985.0,-575774839992.0,JTv,0,-37.9793529985,-57.5774839992,2026,6,June,13,23,5,Sábado,True,Noche (18-24),[],,OTRA / NO ESPECIFICADA,DISPAROS_PERSONAS
2026-06-13 13:33:00,10016302330,GUTEMBERG al 5818,DISPAROS,PERSONAS,"REFIERE QUE HAY UN TIROTEO__TRES EN DOS MOTOS, UN HERIDO, NO SABE ESTADO ",GENERAL PUEYRREDON,MAR DEL PLATA,-38042.0,-575875.0,JTv,0,-38.042,-57.5875,2026,6,June,13,13,5,Sábado,True,Tarde (12-18),[],,OTRA / NO ESPECIFICADA,DISPAROS_PERSONAS
2026-06-13 11:18:00,10016302009,GUTEMBERG y Talcahuano,DISPAROS,PERSONAS,"REFIERE QUE POR GUTEMBERG PARA VALENTINO VA UN HOMBRE HERIDO, SUFRIO UN TIRO EN LA PIERNA, EL AGRESOR SE FUE, SALIO CORRIENDO, VISTE CAMPERA NEGRA. ",GENERAL PUEYRREDON,MAR DEL PLATA,-380413839985.0,-575881669992.0,REDERIVADO,0,-38.0413839985,-57.5881669992,2026,6,June,13,11,5,Sábado,True,Mañana (06-12),[],,OTRA / NO ESPECIFICADA,DISPAROS_PERSONAS
2026-06-13 11:16:00,10016302007,TALCAHUANO y Gutemberg,DISPAROS,PERSONAS,LLAMANTE REFIERE QUE HUBO UNA PELEA  Y UN MASCULINO LE DIO UN TIRO EN LA PIERNA A OTRO MASCULIO. EL AGRESOR NO ESTÁ EN EL LUGAR,GENERAL PUEYRREDON,MAR DEL PLATA,-380413839985.0,-575881669992.0,V ACC-MC,0,-38.0413839985,-57.5881669992,2026,6,June,13,11,5,Sábado,True,Mañana (06-12),[],,OTRA / NO ESPECIFICADA,DISPAROS_PERSONAS
2026-06-13 11:14:00,10016301996,TALCAHUANO al 2662,DISPAROS,PERSONAS,"REFIERE QUE LE PEGARON EN LA PIERNA UN TIRO A UN HOMBRE, SE PELEABAN DOS PERSONAS, EL AGRESOR SE ESCAPO, VISTE CAMPERA NEGRA, ES  ALTO, TODO DE NEGRO, SE FUE POR GUTEMBREG PARA P RAMOS, DICE QUE VIVE EN FRENTE, EL HERIDO ESTA EN LA CALLE. ",GENERAL PUEYRREDON,MAR DEL PLATA,-38041141938636.0,-57587866195449.0,V ACC-MC,0,-38.041141938636,-57.587866195449,2026,6,June,13,11,5,Sábado,True,Mañana (06-12),[],,OTRA / NO ESPECIFICADA,DISPAROS_PERSONAS
2026-06-13 11:12:00,10016301989,TALCAHUANO al 2662,DISPAROS,PERSONAS,"UN SUJETO QUE ESTA EFECTUANDO DISPAROS CONTRA OTRO CHICO, AL MOMENTO NO HAY HERIDOS.- ",GENERAL PUEYRREDON,MAR DEL PLATA,-38041141938636.0,-57587866195449.0,Analizado por ACC-MC,0,-38.041141938636,-57.587866195449,2026,6,June,13,11,5,Sábado,True,Mañana (06-12),[],,OTRA / NO ESPECIFICADA,DISPAROS_PERSONAS
2026-06-13 00:11:00,10016300875,JURAMENTO al 2809,DISPAROS,PERSONAS,"REFIERE QUE YA LLAMO, LOS DE AL LADO DISPARAN A LAS 2 CASAS, A UNO LO LASTIMARON EN LA PIERNA",GENERAL PUEYRREDON,MAR DEL PLATA,-38052759882291.0,-57574985546928.0,V ACC-MC,0,-38.052759882291,-57.574985546928,2026,6,June,13,0,5,Sábado,True,Madrugada (00-06),[],,OTRA / NO ESPECIFICADA,DISPAROS_PERSONAS
2026-06-12 18:33:00,10016300039,ETCHEGARAY y Solis,DISPAROS,PERSONAS,LLAMANTE REFIERE QUE ANDAN DOS MASCULINOS EN MOTO GRANDE ROJA EFECTUANDO DISPAROS A OTRAS PERSONAS. NO SABE SI HAY HERIDOS,GENERAL PUEYRREDON,MAR DEL PLATA,-379931576483.0,-576072563125.0,V ACC-MC,0,-37.9931576483,-57.6072563125,2026,6,June,12,18,4,Viernes,False,Noche (18-24),[],,OTRA / NO ESPECIFICADA,DISPAROS_PERSONAS
2026-06-12 17:13:00,10016299783,GARAY al 9306,DISPAROS,PERSONAS,LLAMANTE REFIERE QUE SE ENFRENTAN CON ARMAS DE FUEGO.- SON 3 PERSONAS.- NO HAY HERIDOS.- HAY MUCHOS NIÑOS.- SE PRESENTO UNA EFECTIVO POLICIAL  Y LE APUNTARON CON EL ARMA .- SOLICITA APOYO.-,GENERAL PUEYRREDON,MAR DEL PLATA,-37974194708006.0,-57621397677823.0,V ACC-MC,0,-37.974194708006,-57.621397677823,2026,6,June,12,17,4,Viernes,False,Tarde (12-18),[],,OTRA / NO ESPECIFICADA,DISPAROS_PERSONAS
2026-06-12 17:10:00,10016299769,GARAY y Rep Arabe Siria,DISPAROS,PERSONAS,"LLAMANTE REFIERE QUE ESTAN EFECTUANDO DETONACIONES. NO SABE SI HAY HERIDOS.__SON  4 O 5 MASCULINOS CONFRONTANDO, UNO SOLO ES EL QUE  DISPARA. __ANTES DE CORTAR LA COMUNICACION REFIERE QUE YA ESTA EL PERSONAL POLICIAL.",GENERAL PUEYRREDON,MAR DEL PLATA,-379737229985.0,-576223089992.0,V ACC-MC,0,-37.9737229985,-57.6223089992,2026,6,June,12,17,4,Viernes,False,Tarde (12-18),[],,OTRA / NO ESPECIFICADA,DISPAROS_PERSONAS
2026-06-12 17:10:00,10016299768,GARAY al 9384,DISPAROS,PERSONAS,__LLAMANTE REFIERE QUE ESTAN A LOS TIROS EN LA CASA. SE ESCUCHA GRITOS Y NO BRINDA MAS DATOS. ,GENERAL PUEYRREDON,MAR DEL PLATA,-37973795157.0,-576221705146.0,V ACC-MC,0,-37.973795157,-57.6221705146,2026,6,June,12,17,4,Viernes,False,Tarde (12-18),[],,OTRA / NO ESPECIFICADA,DISPAROS_PERSONAS
2026-06-12 17:10:00,10016299767,GARAY y Rep Arabe Siria,DISPAROS,PERSONAS,__LLAMANTE REFIERE QUE UN HOMBRE CON __ CAMPERA DE BOCA  LE DISPARA A UN CHICO  CON REMERA ROJA ,GENERAL PUEYRREDON,,-379742249985.0,-576213379992.0,V ACC-MC,0,-37.9742249985,-57.6213379992,2026,6,June,12,17,4,Viernes,False,Tarde (12-18),[],,OTRA / NO ESPECIFICADA,DISPAROS_PERSONAS
2026-06-12 16:41:00,10016299683,DELLEPIANE y Av Fortunato De La Plaza,DISPAROS,PERSONAS,LLAMANTE REFIERE QUE 3 PERSONAS SE ENFRENTAN  CON ARMAS DE FUEGO.- NO SABE SI HAY HERIDOS.- ,GENERAL PUEYRREDON,MAR DEL PLATA,-380359549985.0,-575832289992.0,JTv,0,-38.0359549985,-57.5832289992,2026,6,June,12,16,4,Viernes,False,Tarde (12-18),[],,OTRA / NO ESPECIFICADA,DISPAROS_PERSONAS
2026-06-12 02:32:00,10016298207,BRANDSEN y Colombia,DISPAROS,PERSONAS," LLAMANTE REFIERE QUE UNA MOTO EFECTUO DISPAROS ERA  UNA WEY ROJA, CON 02 PERSONAS UAN CON UN CAMPERON NEGRO Y LA OTRA CAMPERA NEGRA, EFECTUARON LOS DISPAROS HACIA OTRA MOTO,   DOBLARON POR COLOMBIA HACIA NECOCHEA ",GENERAL PUEYRREDON,MAR DEL PLATA,-379533389985.0,-576086409992.0,JTv,0,-37.9533389985,-57.6086409992,2026,6,June,12,2,4,Viernes,False,Madrugada (00-06),[],,OTRA / NO ESPECIFICADA,DISPAROS_PERSONAS
2026-06-11 19:52:00,10016297350,RICARDO GUIRALDES al 8951,DISPAROS,PERSONAS,"LLAMANTE REFIERE QUE SE ESTAN EFECTUANDOSE DISPAROS ENTRE SI, AL MENOS 10 PERSONAS. DOS HERIDOS UNA FEMENINA Y UN MASCULINO, LOS HERIDOS SON CON PIEDRAS Y PALOS. INCONSCIENTES.- ",GENERAL PUEYRREDON,MAR DEL PLATA,-380224.0,-576167.0,V ACC-MC,0,-38.0224,-57.6167,2026,6,June,11,19,3,Jueves,False,Noche (18-24),[],,OTRA / NO ESPECIFICADA,DISPAROS_PERSONAS
2026-06-11 00:11:00,10016295120,FALUCHO y Brasil,DISPAROS,PERSONAS,LLTE REFIERE QUE SE DISPARAN ENTRE PERSONAS. DESCONOCE SI HAY HERIDOS. ESCUCHO MAS DE 10 DETONACIONES. ESCUCHO GRITOS Y CORRIDAS,GENERAL PUEYRREDON,MAR DEL PLATA,-379745849985.0,-576117739992.0,V ACC-MC,0,-37.9745849985,-57.6117739992,2026,6,June,11,0,3,Jueves,False,Madrugada (00-06),[],,OTRA / NO ESPECIFICADA,DISPAROS_PERSONAS
2026-06-10 23:33:00,10016295042,TRIUNVIRATO al 2802,DISPAROS,PERSONAS,LA LLAMANTE REFIERE QUE  SE ESTAN PELEANDO. SE TIRAN TIROS ENTRE ELLOS. SON ALREDEDOR DE 5 PERSONAS. NO SABE SI HAY HERIDOS. ,GENERAL PUEYRREDON,MAR DEL PLATA,-38055288282581.0,-5757149857956.0,V ACC-MC,0,-38.055288282581,-57.57149857956,2026,6,June,10,23,2,Miércoles,False,Noche (18-24),[],,OTRA / NO ESPECIFICADA,DISPAROS_PERSONAS
2026-06-10 21:05:00,10016294694,BRANDSEN al 9481,DISPAROS,PERSONAS,"LA LLAMANTE REFIERE QUE ANDA UN MASCULINO TIRANDO TIROS, LE TIRA A OTRO MASCULINO. LE DICEN CONEJO AL AGRESOR. NO HAY HERIDOS. ",GENERAL PUEYRREDON,MAR DEL PLATA,-379538.0,-576074.0,V ACC-MC,0,-37.9538,-57.6074,2026,6,June,10,21,2,Miércoles,False,Noche (18-24),[],,OTRA / NO ESPECIFICADA,DISPAROS_PERSONAS
2026-06-10 20:00:00,10016294524,AZOPARDO al 6328,DISPAROS,PERSONAS,"LLAMANTE REFIERE QUE LE DISPARARON A SU SOBRINO DE  21 AÑOS , EL AGRESOR SE RETIRO DEL LUGAR VESTIA CON  CAMPERA CAPUCHA JEAN, NO APORTA MAS DATOS  ",GENERAL PUEYRREDON,MAR DEL PLATA,-38029002416067.0,-57580257702761.0,NEGATIVO,30584 ENTREVISTA CON ACEVEDO JUAN RAMON. REFIRE QUE VE A UN  MASCULINO EFECTUAR DETONACIONES Y LO PERSIGUE HASTA VERTIZ Y GONZALEZ CHAVEZ. MOVIL 31856 Y 33236 A LA RECORRIDA NADIE ENTREVISTA EN EL LUGAR. AL ARRIBO DEL MOVIL NEGATIVO PERSONAS HERIDAS,-38.029002416067,-57.580257702761,2026,6,June,10,20,2,Miércoles,False,Noche (18-24),[],,OTRA / NO ESPECIFICADA,DISPAROS_PERSONAS
2026-06-10 19:28:00,10016294444,LOS DURAZNOS al 4022,DISPAROS,PERSONAS,LLAMANTE MENCIONA QUE A UNA FEMENINA QUE ESTA  REPARTIENDO POR LA ZONA LE DISPARARON 5 VECES  Y LE QUERIAN PEGAR.- NO ESTA HERIDA .-  FUE DEL LUGAR. -. SE RETIRO DEL LUGAR.-AHORA ESTA CERCA DE LA SALITA .- ____,GENERAL PUEYRREDON,MAR DEL PLATA,-379315943987.0,-575477029937.0,V ACC-MC,0,-37.9315943987,-57.5477029937,2026,6,June,10,19,2,Miércoles,False,Noche (18-24),[],,OTRA / NO ESPECIFICADA,DISPAROS_PERSONAS
2026-06-09 23:30:00,10016291899,LA RIOJA y Matheu,DISPAROS,PERSONAS,MENCIONA QUE SE ESCUCHAN  LOS GRITOS DEL MASCULINO QUE HIRIERON __ YA HABIA LLAMADO ,GENERAL PUEYRREDON,MAR DEL PLATA,-380141799984.0,-575644109992.0,V ACC-MC,0,-38.0141799984,-57.5644109992,2026,6,June,9,23,1,Martes,False,Noche (18-24),[],,OTRA / NO ESPECIFICADA,DISPAROS_PERSONAS
2026-06-09 23:15:00,10016291866,CALLE 455 y CALLE 46,DISPAROS,PERSONAS,LLAMANTE REFIERE QUE PASO UNA MOTO Y DISPARO CONTRA UNA CASA .- HAY  UNA FEMENINA HERIDA ,GENERAL PUEYRREDON,,,,V ACC-MC,0,,,2026,6,June,9,23,1,Martes,False,Noche (18-24),[],,OTRA / NO ESPECIFICADA,DISPAROS_PERSONAS
2026-06-09 23:12:00,10016291858,46 y 455,DISPAROS,PERSONAS,LLAMANTE REFIERE QUE PASARON AUTOS TIRANDO TIROS Y LE PEGARON UN TIRO A LA HIJA DE SU AMIGA. ,GENERAL PUEYRREDON,,,,V ACC-MC,0,,,2026,6,June,9,23,1,Martes,False,Noche (18-24),[],,OTRA / NO ESPECIFICADA,DISPAROS_PERSONAS
2026-06-09 23:10:00,10016291846,LUIS FEDERICO LELOIR y Calle 46,DISPAROS,PERSONAS,EL LLAMANTE REFIERE QUE  PASO UNA MOTO Y TIRO TIROS Y HAY UNA PERSONA HERIDA DE ARMA DE FUEGO. ,GENERAL PUEYRREDON,MAR DEL PLATA,-380887369985.0,-576100669992.0,V ACC-MC,0,-38.0887369985,-57.6100669992,2026,6,June,9,23,1,Martes,False,Noche (18-24),[],,OTRA / NO ESPECIFICADA,DISPAROS_PERSONAS
2026-06-09 23:07:00,10016291835,CALLE 46 y Luis Federico Leloir,DISPAROS,PERSONAS,"LLAMANTE REFIERE QUE LE PEGARON UN DISPARO A UNA PERSONA, SE DESANGRA. APARENTEMENTE PASÓ ALGIUEN DISPARANDO. NO APORTA MAS DATOS ",GENERAL PUEYRREDON,MAR DEL PLATA,-380887369985.0,-576100669992.0,V ACC-MC,0,-38.0887369985,-57.6100669992,2026,6,June,9,23,1,Martes,False,Noche (18-24),[],,OTRA / NO ESPECIFICADA,DISPAROS_PERSONAS
2026-06-09 23:07:00,10016291832,CALLE 46 y CALLE 455,DISPAROS,PERSONAS,LLAMANTE REFIERE QUE  PASO UNA MOTO Y LE DISPARO AL CUÑADO ESTA HERIDO,GENERAL PUEYRREDON,,,,V ACC-MC,0,,,2026,6,June,9,23,1,Martes,False,Noche (18-24),[],,OTRA / NO ESPECIFICADA,DISPAROS_PERSONAS
2026-06-09 23:06:00,10016291831,CALLE 46 al 1824,PEDIDO GENERICO DE AUXILIO,PGA,"LLAMANTE REFIERE QUE LE ACABAN DE TIROTEAR LA CASA__HAY UNA PERSONA HERIDA__NO APORTA MAS DATOS, SE LA ESCUCHA NERVIOSA Y GRITANDO ",GENERAL PUEYRREDON,MAR DEL PLATA,-380889.0,-576102.0,V ACC-MC,0,-38.0889,-57.6102,2026,6,June,9,23,1,Martes,False,Noche (18-24),[],,OTRA / NO ESPECIFICADA,DISPAROS_PERSONAS
2026-06-09 13:36:00,10016290173,REP ARABE SIRIA al 3288,DISPAROS,PERSONAS,LLAMANTE REFIERE QUE SE ESTAN TIROTEANDO EN EL LUGAR. HABIA MAS DE DOS PERSONAS. NO HAY HERIDOS AL MOMENTO. ESTABAN TODOS ENCAPUCHADOS.- ESTABAN DISCUTIENDO Y SE EFECTUARON DISPAROS. ,GENERAL PUEYRREDON,MAR DEL PLATA,-379774439985.0,-576239449992.0,V ACC-MC,0,-37.9774439985,-57.6239449992,2026,6,June,9,13,1,Martes,False,Tarde (12-18),[],,OTRA / NO ESPECIFICADA,DISPAROS_PERSONAS
2026-06-08 02:47:00,10016286501,12 DE OCTUBRE y PEHUAJO,DISPAROS,PERSONAS,"LLAMANTE REFIERE QUE HUBO UN TIROTEO, HAY UNA PERSONA GRITANDO Y LLORANDO, ESTARIA HERIDA. NO SABE CUANTAS PERSONAS SON LAS QUE CONFRONTAN",GENERAL PUEYRREDON,MAR DEL PLATA,-380164497692.0,-575826967393.0,V ACC-MC,0,-38.0164497692,-57.5826967393,2026,6,June,8,2,0,Lunes,False,Madrugada (00-06),[],,OTRA / NO ESPECIFICADA,DISPAROS_PERSONAS
2026-06-08 01:27:00,10016286387,12 DE OCTUBRE y PEHUAJO ,DISPAROS,PERSONAS,"LLAMANTE REFIERE QUE ESTAN EFECTUANDO DISPAROS ENTRE PERSONAS EN LA VIA PUBLICA,SON MUCHAS PERSONAS, NO SABE SI HAY HARIDOS ",GENERAL PUEYRREDON,MAR DEL PLATA,-380164497692.0,-575826967393.0,JTv,0,-38.0164497692,-57.5826967393,2026,6,June,8,1,0,Lunes,False,Madrugada (00-06),[],,OTRA / NO ESPECIFICADA,DISPAROS_PERSONAS
2026-06-07 08:12:00,10016284131,FLEMING y Ricardo Guiraldes,DISPAROS,PERSONAS,LLAMANTE REFIERE QUE HAY 4 PERSONAS A LOS TIROS EN LA CALLE. DISPARAN ENTRE ELLOS. NO SABE SI HAY HERIDOS,GENERAL PUEYRREDON,MAR DEL PLATA,-380482189985.0,-575825839992.0,V ACC-MC,0,-38.0482189985,-57.5825839992,2026,6,June,7,8,6,Domingo,True,Mañana (06-12),[],,OTRA / NO ESPECIFICADA,DISPAROS_PERSONAS
2026-06-07 06:36:00,10016283968,RICARDO GUIRALDES al 6537,DISPAROS,PERSONAS,REFIERE QUE SE DISPARAN ENTRE PERSONAS NO SABE CUANTOS SON NO HAY HERIDOS  HAY UN PEUGEOT 308 BLANCO EN LA VEREDA ,GENERAL PUEYRREDON,MAR DEL PLATA,-38038604363696.0,-57595372744965.0,JTv,0,-38.038604363696,-57.595372744965,2026,6,June,7,6,6,Domingo,True,Mañana (06-12),[],,PEUGEOT,DISPAROS_PERSONAS
2026-06-06 17:33:00,10016281905,LOBERIA al 3374,DISPAROS,PERSONAS,"LLAMANTE REFIERE QUE HAY UN PAR DE CHICOS A LOS TIROS, MAS DE 5 __SE ESCUCHARON LOS DISPAROS PERO NO ESTA VIENDO",GENERAL PUEYRREDON,MAR DEL PLATA,-38019452321673.0,-57628818312069.0,JTv,0,-38.019452321673,-57.628818312069,2026,6,June,6,17,5,Sábado,True,Tarde (12-18),[],,OTRA / NO ESPECIFICADA,DISPAROS_PERSONAS
2026-06-06 03:50:00,10016280253,BOLIVAR y Calle 204,DISPAROS,PERSONAS,REFIERE QUE LE DISPARARON A UN MASCULINO HAY 3 PERSONAS ESTA HERIDO ,GENERAL PUEYRREDON,,,,JTv,0,,,2026,6,June,6,3,5,Sábado,True,Madrugada (00-06),[],,OTRA / NO ESPECIFICADA,DISPAROS_PERSONAS
2026-06-04 21:19:00,10016276232,NECOCHEA y Juan F Czetz,DISPAROS,PERSONAS,"LLAMANTE REFEIRE VARIOS PELEANDOSE, ESCUCHO DETONACIONES DE ARMA DE FUEGO.  NO INDICA HERIDOS. ES DENTRO DE LA ZONA DEL COMPELJO PODRIA SER ENTRE PERSONAS LOS DISPAROS NO LO SABE FEHACIENTEMENTE.- ",GENERAL PUEYRREDON,MAR DEL PLATA,-379616979985.0,-575943699992.0,V ACC-MC,0,-37.9616979985,-57.5943699992,2026,6,June,4,21,3,Jueves,False,Noche (18-24),[],,OTRA / NO ESPECIFICADA,DISPAROS_PERSONAS
2026-06-04 20:46:00,10016276146,FALUCHO y Tandil,DISPAROS,PERSONAS,LLAMANTE REFIERE QUE  SE ESCUCHARON 8 DETONACIONES ERAN 5 PERSONAS SE ESTABAN TIROTEANDO NO SABE SI HAY HERIDOS.- ,GENERAL PUEYRREDON,MAR DEL PLATA,-379756009985.0,-576097909992.0,V ACC-MC,0,-37.9756009985,-57.6097909992,2026,6,June,4,20,3,Jueves,False,Noche (18-24),[],,OTRA / NO ESPECIFICADA,DISPAROS_PERSONAS
2026-06-04 20:45:00,10016276144,TANDIL y Falucho,DISPAROS,PERSONAS,LLAMANTE REFIERE QUE PASARON DOS SUJETOS CORRIENDO Y UNO ATRAS LES DISPARO VARIAS VECES. NO SABE SI HAY HERIDOS. IBAN POR FALUCHO EN DIRECCION AL MONTE VARELA ,GENERAL PUEYRREDON,MAR DEL PLATA,-379756009985.0,-576097909992.0,JTv,0,-37.9756009985,-57.6097909992,2026,6,June,4,20,3,Jueves,False,Noche (18-24),[],,OTRA / NO ESPECIFICADA,DISPAROS_PERSONAS
2026-06-04 19:07:00,10016275832,GRAL RAFAEL DEL RIEGO y Magallanes,DISPAROS,PERSONAS,"PERSONAL POLICIAL ES EL CAPITAN BERIGUISTAIN  VIO QUE QUISIERON RONAR UNA MOTO  ERAN 4 MASCULINOS EN 2 MOTOS 110 CC ,  NO VIO PARA DONDE SE FUERON ESTABAN ARMADOS ____A 2 CUADRAS HABIA UN MOVIL QUE  ESCUCHO LA DETONACION DE 5 DISPAROS , UNO DE LOS LADRONES SE FUE HERIDO EN UNA DE LAS MOTOS NO DICE HACIA DONDE, EL ESTABA AHI QUE LO LLAMARON Y SE ACERCO CAMINADO AL LUGAR PARA AYUDAR  Y VIO QUE ES MOVIL SE FUE Y NO HIZO NADA __DICE QUE HUBO UN ENFRENTAMIENTO A CORTA DISTANCIA CON LOS LADORNES Y ESE MOVIL SE FUE SIN HACER NADA , NO SABE A QUE COMISARIA O DE DONDE ERA ESE MOVIL  QUE SE FUE SIN ACERCARSE A AYUDAR EN EL LUGAR __ ",GENERAL PUEYRREDON,,-380277059985.0,-575683599992.0,V ACC-MC,0,-38.0277059985,-57.5683599992,2026,6,June,4,19,3,Jueves,False,Noche (18-24),[],,OTRA / NO ESPECIFICADA,DISPAROS_PERSONAS
2026-06-04 18:58:00,10016275797,AV COLON al 9326,DISPAROS,PERSONAS,LLAMANTE REFIERE  HAY UN MASCULINO QUE LE EFECTUARON UN DISPARO LA BALA LO QUEMO ESTA GOLPEADO .-  DESCONOCE QUE LE SUCEDE.- ESTA PIDIENDO AYUDA. - ,GENERAL PUEYRREDON,MAR DEL PLATA,-379693.0,-576177.0,V ACC-MC,0,-37.9693,-57.6177,2026,6,June,4,18,3,Jueves,False,Noche (18-24),[],,OTRA / NO ESPECIFICADA,DISPAROS_PERSONAS
2026-06-04 18:52:00,10016275772,AV COLON y Rep Arabe Siria,DISPAROS,PERSONAS,"LLAMANTE REFIERE QUE LE DISPARARON A UN MASCULINO EN LA VIA PUBLICA, LOS AGRESORES SE FUERON, EL MASCULINO ESTA HERIDO PERO SENTADO Y HABLANDO",GENERAL PUEYRREDON,,-379694119985.0,-576174279992.0,POSITIVO,"30884 TRASLADA AL HIGA  AL MASCULINO LLAMADO VILLANUEVA LAUTARO 22 AÑOS CON UNA HERIDA CORTANTE EN LA CABEZA,  EL MISMO REFIERE QUE LO ABORTDAN EN SANTA CLARA 4 NN EN UN AUTO EN CALLE MONTE CARLOS Y MONTEVIDEO , UNOS NN  QUE REFIERE CONOCER Y QUE TIENEN UNA DEUDA DE DINERO CON ELLOS,  Y AL LLEGAR A LA ZONA DE MAR DEL PLATA SE TIRA DEL AUTO  208 COLOR BLANCO Y OTRO VEHICOLO DE APOYO BALNCO EL CUAL SE DESCONOCE DESCRIPCION",-37.9694119985,-57.6174279992,2026,6,June,4,18,3,Jueves,False,Noche (18-24),[],,OTRA / NO ESPECIFICADA,DISPAROS_PERSONAS
2026-06-04 18:50:00,10016275766,LOS PLATANOS y Los Cedros,DISPAROS,PERSONAS,LLAMANTE REFIERE QUE SE ESTAN DISPARANDO ENTRE BANDAS HAY HERIDOS.- CREE QUE CONFRONTARON LA GENTE DEL ALMACEN . ,GENERAL PUEYRREDON,CAMET,-378710339985.0,-576075539992.0,V ACC-MC,0,-37.8710339985,-57.6075539992,2026,6,June,4,18,3,Jueves,False,Noche (18-24),[],,OTRA / NO ESPECIFICADA,DISPAROS_PERSONAS
2026-06-04 18:46:00,10016275751,LOS PLATANOS al 292,DISPAROS,PERSONAS,"LLAMANTE REFIERE QUE HAY UN ENFRENTAMIENTO ENTRE VECINOS, ESTAN ARMADOS CON ARMA DE FUEGO Y SE ESCUCHA DISPAROS. HAY HERIDOS QUE ESTAN EN UN COMERCIO Y EN VIA PUBLICA. NO SABE QUE SUCEDE. ",GENERAL PUEYRREDON,CAMET,-378712.0,-576076.0,V ACC-MC,0,-37.8712,-57.6076,2026,6,June,4,18,3,Jueves,False,Noche (18-24),[],,OTRA / NO ESPECIFICADA,DISPAROS_PERSONAS
2026-06-04 18:45:00,10016275746,LOS PLATANOS y Las Acacias,DISPAROS,PERSONAS,LLAMANTE REIFRE QUE UNA PERSONA LE DISPARO A UN MASCULINO. DESCONCOE POR QUE MOTIVO. REFIERE QUE HAY GENTE PELEANDOSE TAMBIEN,GENERAL PUEYRREDON,CAMET,-378710339985.0,-576075539992.0,V ACC-MC,0,-37.8710339985,-57.6075539992,2026,6,June,4,18,3,Jueves,False,Noche (18-24),[],,OTRA / NO ESPECIFICADA,DISPAROS_PERSONAS
2026-06-03 19:51:00,10016272890,AV JUAN B JUSTO y Chilabert Bis,DISPAROS,PERSONAS,LLAMANTE REFIERE QUE  ESTAN EFECTUANDO DETONACIONES ENTRE PERSONAS0  NO HAY HERIDOS AL MOMENTO .-,GENERAL PUEYRREDON,MAR DEL PLATA,-379857349985.0,-576151529992.0,NEGATIVO,30350 INF EN EL LUGAR NO ENTREVISTA NADIE - NEGATIVO DETONACIONES PANORAMA NORMAL,-37.9857349985,-57.6151529992,2026,6,June,3,19,2,Miércoles,False,Noche (18-24),[],,OTRA / NO ESPECIFICADA,DISPAROS_PERSONAS
2026-06-03 19:24:00,10016272806,AV JUAN B JUSTO al 8052,DISPAROS,PERSONAS,LA LLAMANTE REFIERE QUE  SE ESTAN TIRANDO TIROS ENTRE PERSONAS. SON MOTOS QUE PASAN. SON UNAS 4 PERSONAS. NO HAY HERIDOS. ,GENERAL PUEYRREDON,MAR DEL PLATA,-37986713189648.0,-57613859244291.0,V ACC-MC,0,-37.986713189648,-57.613859244291,2026,6,June,3,19,2,Miércoles,False,Noche (18-24),[],,OTRA / NO ESPECIFICADA,DISPAROS_PERSONAS
2026-06-02 22:47:00,10016270345,SICILIA al 7309,DISPAROS,PERSONAS,"LLAMANTE REFIERE QUE SE ESTAN PELEANDO EN LA CALLE, SON 5 PERSONAS QUE SE DISPARAN ENTRE SI, NO SABE SI HAY HERIDOS.- ",GENERAL PUEYRREDON,MAR DEL PLATA,-38030738374814.0,-57598882907887.0,JTv,0,-38.030738374814,-57.598882907887,2026,6,June,2,22,1,Martes,False,Noche (18-24),[],,OTRA / NO ESPECIFICADA,DISPAROS_PERSONAS
2026-06-01 21:53:00,10016267244,DIP AMAYA al 1931,DISPAROS,PERSONAS,"LLAMANTE REFIERE QUE SU SOBRINO ESTA AGRESIVO, ESTA DISPARANDO AL AIRE. TIENE UNA CARABINA 750. HAY DOS HERIDOS DE BALA Y UN FALLECIDO.",GENERAL PUEYRREDON,MAR DEL PLATA,-37961087845366.0,-57627762080209.0,JTv,0,-37.961087845366,-57.627762080209,2026,6,June,1,21,0,Lunes,False,Noche (18-24),[],,OTRA / NO ESPECIFICADA,DISPAROS_PERSONAS
2026-06-01 19:06:00,10016266831,BENITO QUINQUELA MARTIN y Ortiz De Zarate,DISPAROS,PERSONAS,__LLAMANTE REFIERE QUE VARIAS PERSONAS ESTAN PELEANDO EN LA CALLE. DISPARAN ENTRE ELLOS. NO SABE SI HAY HERIDOS ,GENERAL PUEYRREDON,MAR DEL PLATA,-379951879985.0,-576165229992.0,V ACC-MC,0,-37.9951879985,-57.6165229992,2026,6,June,1,19,0,Lunes,False,Noche (18-24),[],,OTRA / NO ESPECIFICADA,DISPAROS_PERSONAS
2026-06-01 11:17:00,10016265633,AV COLON al 12119,DISPAROS,PERSONAS,"LLAMANTE COMUNCIA QEU HAY 3 MUJERES ESTAN TIROTEANDO A LA SEÑORA DEL LLAMANTE,ESTA HERIDA LA MUJER DEL LLAMANTE, __EL NO ESTA EN EL LUGAR",GENERAL PUEYRREDON,MAR DEL PLATA,-37954923297247.0,-57644197847098.0,JTv,0,-37.954923297247,-57.644197847098,2026,6,June,1,11,0,Lunes,False,Mañana (06-12),[],,OTRA / NO ESPECIFICADA,DISPAROS_PERSONAS
2026-06-01 11:11:00,10016265615,AV COLON al 12119,DISPAROS,PERSONAS,"LLAMANTE REFIERE QUE HAY 3 CHICAS ARMADAS, ESTAN DISPARANDO__CONSULTADO SOBRE SI HAY HERIDOS, RESPONDE  QUE LE DISPARON A SU ESPOSA__",GENERAL PUEYRREDON,MAR DEL PLATA,-37954923297247.0,-57644197847098.0,POSITIVO,"30151 ENTREVISTA SELENE ROMERO DE 25 AÑOS, DISCUCION CON SU VECINA DE VIEJA DATA. NEGATIVO PERSONA ARMADA. SE LE INDICAN PASOS A SEGUIR. NEGATIVOHERIDOS. ",-37.954923297247,-57.644197847098,2026,6,June,1,11,0,Lunes,False,Mañana (06-12),[],,OTRA / NO ESPECIFICADA,DISPAROS_PERSONAS
2026-06-01 03:44:00,10016264794,ROQUE SAENZ PEÑA y Moises Lebensohn,DISPAROS,PERSONAS,"LLAMANTE REFIERE QUE HAY UN MASCULINO QUE LE EFECTUO UN DISPARO A OTRA PERSONA, NO SABE SI LO LASTIMO. TIENE CAMPERA ROJA, CHALECO NEGRO, PANTALON Y VICERA NEGRA",GENERAL PUEYRREDON,MAR DEL PLATA,-380399179985.0,-575798369992.0,V ACC-MC,0,-38.0399179985,-57.5798369992,2026,6,June,1,3,0,Lunes,False,Madrugada (00-06),[],,OTRA / NO ESPECIFICADA,DISPAROS_PERSONAS
2026-05-31 21:11:00,10016263857,PIGUE y Alberti,DISPAROS,PERSONAS,LLAMA POR QUE DOS MASCULINOS SE EFECTUAN DISPAROS DE ESQUINA A ESQUINA. NO HAY HERIDOS.AMENAZAN CON INCENDIAR LA ESQUINA.   ,GENERAL PUEYRREDON,MAR DEL PLATA,-379766859985.0,-576120719992.0,V ACC-MC,0,-37.9766859985,-57.6120719992,2026,5,May,31,21,6,Domingo,True,Noche (18-24),[],,OTRA / NO ESPECIFICADA,DISPAROS_PERSONAS
2026-05-31 21:10:00,10016263852,ESTEBAN GASCON al 8621,DISPAROS,PERSONAS,LLAMANTE REFIERE QUE DE CAMIONETA BLANCA LE DISPARARON A VECINOS DE UNA CASA. NO SABE SI HAY HERIDOS.,GENERAL PUEYRREDON,MAR DEL PLATA,-379752.0,-576126.0,V ACC-MC,0,-37.9752,-57.6126,2026,5,May,31,21,6,Domingo,True,Noche (18-24),[],,OTRA / NO ESPECIFICADA,DISPAROS_PERSONAS
2026-05-31 21:10:00,10016263849,PIGUE y Esteban Gascon,DISPAROS,PERSONAS,"LLAMANTE INFORMA QUE SE ESCUCHAN DISPAROS EN LA CALLE SE PELEAN PERSONAS, DESCONOCE CANTIDAD DE PERSONAS NI HERIDOS. ",GENERAL PUEYRREDON,MAR DEL PLATA,-379758749985.0,-576114289992.0,V ACC-MC,0,-37.9758749985,-57.6114289992,2026,5,May,31,21,6,Domingo,True,Noche (18-24),[],,OTRA / NO ESPECIFICADA,DISPAROS_PERSONAS
2026-05-31 21:07:00,10016263842,ESTEBAN GASCON al 8690,DISPAROS,PERSONAS,"LLAMANTE REFIERE QUE  EN EL LUGAR SE ESCUCHA DETONACIONES DE ARMA DE FUEGO, GRITAN DE MANERA OFENSIVA INSULTANTES Y CORREN, HOY YA ESTUVO LA POLICIA PERO SIGUEN",GENERAL PUEYRREDON,MAR DEL PLATA,-37974921183118.0,-57613359217385.0,NEGATIVO,"30885 ENTREVISTA CON LA SRTA LEDESMA YAMILA. REFIERE QUE LE HABIAN ROBADO LA MOTO AL HIJO, NO SE LOGRA CONSTATAR LA VERACIDAD DE LOS DICHOS, LA MISMA NO APORTA INFORMACION NI DATOS. NEGATIVO HERIDOS EN EL LUGAR , SE REALIZA RECORRIDA POR EL VEHICULO APORTADO, NEGATIVO EL MISMO EN LA ZONA, SE LE INDICAN LOS PASOS A SEGUIR",-37.974921183118,-57.613359217385,2026,5,May,31,21,6,Domingo,True,Noche (18-24),[],,OTRA / NO ESPECIFICADA,DISPAROS_PERSONAS
2026-05-31 17:00:00,10016263086,VALENTIN SAYHUEQUE y JUANA MANSO,DISPAROS,PERSONAS,"__LLAMANTE REFIERE QUE LOS VECINOS SE ESTAN DISPARANDO ENTRE ELLOS, NO SABE CANTIDAD DE PERSONAS. NO SABE SI HAY HERIDOS. QUIEREN ENTRAR A UNA CASA, ESTAN PELEANDO",GENERAL PUEYRREDON,,-380478539107.0,-576006133604.0,V ACC-MC,0,-38.0478539107,-57.6006133604,2026,5,May,31,17,6,Domingo,True,Tarde (12-18),[],,OTRA / NO ESPECIFICADA,DISPAROS_PERSONAS
2026-05-31 00:17:00,10016261022,LEGUIZAMON y Ituzaingo,DISPAROS,PERSONAS,"LLAMANTE INFORMA HAY 6/7  PERSONAS DROGADOS Y BORRACHOS, QUE SE  ESTAN EFECTUANDO DETONACIONES DE ARMA DE  ENTRE ELLOS, NO SABE SI ESTAN HERIDOS, NO SABE DESCRIPCIONES",GENERAL PUEYRREDON,MAR DEL PLATA,-379579579985.0,-576039569992.0,JTv,0,-37.9579579985,-57.6039569992,2026,5,May,31,0,6,Domingo,True,Madrugada (00-06),[],,OTRA / NO ESPECIFICADA,DISPAROS_PERSONAS
2026-05-30 19:24:00,10016260130,FLEMING al 1450,DISPAROS,PERSONAS,"LLAMANTE INFORMA QUE LE QUISIERON ROBAR A UNA PERSONA Y UNA POLICIA LE PEGO UN TIRO A UN DELINCUENTE EL MISMO ESTA HERIDO Y REDUCIDO, LA POLICIA ESTA SOLA. Y SE ENTIENDE QUE HABRIA GENTE AL REDEDOR.  ",GENERAL PUEYRREDON,MAR DEL PLATA,-380384.0,-575705.0,Telefonía Fija/Móvil,0,-38.0384,-57.5705,2026,5,May,30,19,5,Sábado,True,Noche (18-24),[],,OTRA / NO ESPECIFICADA,DISPAROS_PERSONAS
2026-05-30 19:19:00,10016260113,ROSALES y Fleming,DISPAROS,PERSONAS,"LLAMANTE INFORMA QUE LE PEGARON UN TIRO A UNA PERSONA ESTA EN LA CALLE NO SABE SI ESTABA ROBANDO O QUE LE PASO,   PUEDE SER POLICIA   TAMPOCO SABE SI TIENE SIGNOS VITALES.   ",GENERAL PUEYRREDON,MAR DEL PLATA,-380386309985.0,-575710119992.0,ASOCIADO,Suceso [MDQ:16260113] asociado al suceso [MDQ:16260112],-38.0386309985,-57.5710119992,2026,5,May,30,19,5,Sábado,True,Noche (18-24),[],,OTRA / NO ESPECIFICADA,DISPAROS_PERSONAS
2026-05-29 20:37:00,10016256765,CALLE 4 BIS y Maria Remedios Del Valle,DISPAROS,PERSONAS,LA LLAMANTE REFIERE QUE  HAY UN HERIDO DE BALA. DISPARARON A LA CASA Y SU PAREJA ESTA HERIDA. NO SABE CUANTOS AGRESORES SON. ,GENERAL PUEYRREDON,MAR DEL PLATA,-381027369985.0,-575760609992.0,V ACC-MC,0,-38.1027369985,-57.5760609992,2026,5,May,29,20,4,Viernes,False,Noche (18-24),[],,OTRA / NO ESPECIFICADA,DISPAROS_PERSONAS
2026-05-29 20:28:00,10016256725,CALLE 4 BIS al 602,DISPAROS,DISPAROS,REFIERE QUE LE DISPARARON A LA CASA Y HAY UN HERIDO EN EL BRAZO ,GENERAL PUEYRREDON,MAR DEL PLATA,-381027478519.0,-575760728243.0,JTv,0,-38.1027478519,-57.5760728243,2026,5,May,29,20,4,Viernes,False,Noche (18-24),[],,OTRA / NO ESPECIFICADA,DISPAROS_PERSONAS
2026-05-29 18:25:00,10016256253,RIVADAVIA al 11650,DISPAROS,PERSONAS,LLAMANTE REIFERE QUE AFUERA DE LA CASA HAY UN MASCULINO QUE LE DISPARARON  LO MORDIO UN PERRO NO DA MAS DATOS.- ,GENERAL PUEYRREDON,MAR DEL PLATA,-37954270339092.0,-57637829011443.0,V ACC-MC,0,-37.954270339092,-57.637829011443,2026,5,May,29,18,4,Viernes,False,Noche (18-24),[],,OTRA / NO ESPECIFICADA,DISPAROS_PERSONAS
2026-05-29 18:15:00,10016256217,ESTADO DE ISRAEL y Av Juan B Justo,DISPAROS,PERSONAS,"LLAMANTE REFIERE QUE  LE DIERON UN TIRO EN EL ESTOMAGO A UN MASCULINO LOS AGRESORES   2 MASCULINOS EN UNA  WAVE BLANCO SE FUERON PARA EL LADO DE  ALIO,  EL DE ATRAS DE NEGRO ENCAPUCHADO ",GENERAL PUEYRREDON,MAR DEL PLATA,-379937339985.0,-576045839992.0,V ACC-MC,0,-37.9937339985,-57.6045839992,2026,5,May,29,18,4,Viernes,False,Noche (18-24),[],,OTRA / NO ESPECIFICADA,DISPAROS_PERSONAS
2026-05-29 17:56:00,10016256153,PEDRO GOYENA al 11800,DISPAROS,PERSONAS,"LLAMANTE REFIERE QUE SE ESCUCHAN TIROS, 7/8 PERSONAS, SE TIRAN ENTRE ELLOS, NO RESPONDE CUANDO SE LE CONSULTA SI HAY HERIDOS, CORTAN LA LLAMADA",GENERAL PUEYRREDON,MAR DEL PLATA,-3795459486111.0,-57639856261619.0,V ACC-MC,0,-37.95459486111,-57.639856261619,2026,5,May,29,17,4,Viernes,False,Tarde (12-18),[],,OTRA / NO ESPECIFICADA,DISPAROS_PERSONAS
2026-05-29 06:47:00,10016254641,PEDRO GOYENA y Sebastian Garau,DISPAROS,PERSONAS,LLAMANTE CCA QUE HAY MASCULINOS EN LA VIA PUBLICA EFECTUANDOSE DISPAROS ENTRE ELLOS - NO SABE CUANTOS SON - NO SABE HERIDOS - LOS ESCUCHA CORRER POR LA CUADRA ,GENERAL PUEYRREDON,MAR DEL PLATA,-379539441564.0,-57641359917.0,JTv,0,-37.9539441564,-57.641359917,2026,5,May,29,6,4,Viernes,False,Mañana (06-12),[],,OTRA / NO ESPECIFICADA,DISPAROS_PERSONAS
2026-05-29 06:47:00,10016254640,MORENO al 12100,DISPAROS,PERSONAS,"LLAMANTE REFIERE QUE HAY 15 PERSONAS QUE SE ESTAN DISPARANDO EN LA PLAZA DEL LUGAR, NO VE HERIDOS .- ",GENERAL PUEYRREDON,,,,POSITIVO,0,,,2026,5,May,29,6,4,Viernes,False,Mañana (06-12),[],,OTRA / NO ESPECIFICADA,DISPAROS_PERSONAS
2026-05-29 04:02:00,10016254417,PEDRO GOYENA al 12100,DISPAROS,PERSONAS,"LLAMANTE REFIERE QUE SE ESTAN TIROTEANDO ENTRE PERSONAS, NO VE CUANTOS SON, NO SABE SI HAY HERIDOS, ",GENERAL PUEYRREDON,,-379539441564.0,-57641359917.0,JTv,0,-37.9539441564,-57.641359917,2026,5,May,29,4,4,Viernes,False,Madrugada (00-06),[],,OTRA / NO ESPECIFICADA,DISPAROS_PERSONAS
2026-05-29 02:57:00,10016254268,RUTA 226 (N) y Av Salvador Viva,DISPAROS,DISPAROS,REFIERE QUE HAY UN ENFRENTAMIENTO ARMADO. ESCUCHA LOS DISPAROS. NO OBSERVA DESCRIPCION. SE DISPARAN ENTRE PERSONAS. DESCONOCE SI HAY HERIDOS,GENERAL PUEYRREDON,MAR DEL PLATA,-379467359986.0,-576444269992.0,V ACC-MC,0,-37.9467359986,-57.6444269992,2026,5,May,29,2,4,Viernes,False,Madrugada (00-06),[],,OTRA / NO ESPECIFICADA,DISPAROS_PERSONAS
2026-05-29 02:31:00,10016254212,DIAGONAL CESAR GASCON al 2975,DISPAROS,PERSONAS,"LLAMANTE REFIERE QUE PASO UNA MOTO Y EFECTUO 3 DISPAROS HACIA UNOS JOVENES , UN VECINO LLEVA  A UN MASCULINO BALEADO  HACIA EL REGIONAL , UNOS DE LOS JOVENES QUE ESTABA EN EL LUGAR DECIA QUE ESTABA FALLECIDO EL DAMNIFICADO__NO APORTA DATOS DE LA MOTO NI CUANTOS SUJETOS EN EL MISMA . [Id.Remoto: 10016254212]",GENERAL PUEYRREDON,MAR DEL PLATA,-38052204334061.0,-57578588238715.0,REDERIVADO,0,-38.052204334061,-57.578588238715,2026,5,May,29,2,4,Viernes,False,Madrugada (00-06),[],,OTRA / NO ESPECIFICADA,DISPAROS_PERSONAS
2026-05-28 22:42:00,10016253597,BOLIVAR y Carlos Berra,DISPAROS,PERSONAS,"LLAMANTE REFIERE QUE SE ESTAN TIRANDO TIROS ENTRE PERSONAS  Y AL AIRE, NO SABE SI HAY HERIDOS , NO SABE CUANTOS SON. ",GENERAL PUEYRREDON,MAR DEL PLATA,-379505409986.0,-576478129992.0,NEGATIVO,"__MOVIL INFORMA QUE EN LA AMPLIA RECORRIDA EL PANORAMA ES NORMAL, NADIE ENTREVISTA CON EL PERSONAL POLICIAL, MISMO SIGUE EN RECORRIDA.",-37.9505409986,-57.6478129992,2026,5,May,28,22,3,Jueves,False,Noche (18-24),[],,OTRA / NO ESPECIFICADA,DISPAROS_PERSONAS
2026-05-28 21:21:00,10016253276,GOYENECHE R al 11700,DISPAROS,PERSONAS,"__LLAMANTE MENCIONA QUE HAY TRES MASCULINOS QUE SE EFECTUAN DISPAROS ENTRE ELLOS, NO HAY HERIDOS.- ",GENERAL PUEYRREDON,,,,V ACC-MC,0,,,2026,5,May,28,21,3,Jueves,False,Noche (18-24),[],,OTRA / NO ESPECIFICADA,DISPAROS_PERSONAS
2026-05-28 00:57:00,10016250765,AGUSTIN VILERT y DIAG DEL SOLER,DISPAROS,PERSONAS,"LLAMANTE INFORMA  ESTAN EFECTUANDO DETONACIONES DE ARMA DE FUEGO , ENTRE APROX 10  PERSONAS, SE DISPARAN ENTRE ELLOS,  UNA PERSONA ESTARIA TIRADA FRENTE A LA PLAZA, HERIDA, REFIERE QUE LOS DISPAROS DAN EN LAS PUERTAS DE LAS CASAS DE LOS VECINOS DE LA ZONA ____",GENERAL PUEYRREDON,,,,V ACC-MC,0,,,2026,5,May,28,0,3,Jueves,False,Madrugada (00-06),[],,OTRA / NO ESPECIFICADA,DISPAROS_PERSONAS
2026-05-28 00:37:00,10016250732,MORENO al 12100,DISPAROS,PERSONAS,REFIERE QUE DOS BANDAS CONFRONTAN. SON 12 NN APROX. EFECTUAN DETONACIONES ENTRE ELLOS Y AL AIRE. NO HAY HERIDOS,GENERAL PUEYRREDON,,,,V ACC-MC,0,,,2026,5,May,28,0,3,Jueves,False,Madrugada (00-06),[],,OTRA / NO ESPECIFICADA,DISPAROS_PERSONAS
2026-05-28 00:30:00,10016250715,FERNANDO CAGTOUNO al 12158,DISPAROS,PERSONAS,REFIERE QUE ESTAN DISPARANDO. DESCONOCE CUANTOS SON. CIRCULAN EN MOTO. SE EFECTUAN DETONACIONES ENTRE ELLOS. NO HAY HERIDOS,GENERAL PUEYRREDON,MAR DEL PLATA,-379527.0,-576419.0,NEGATIVO,30151 INF RECORRIDA SIN NOVEAD NADIE ENTREVISTA ,-37.9527,-57.6419,2026,5,May,28,0,3,Jueves,False,Madrugada (00-06),[],,OTRA / NO ESPECIFICADA,DISPAROS_PERSONAS
2026-05-27 21:14:00,10016250230,AGUSTIN VILERT y DIAGONAL Urrutia ,DISPAROS,PERSONAS,"LLAMANTE REFIERE QUE DICE QUE SE AGARRAN A A TIROS LOS VECINOS, CON UNA MOTOS , SON MAS DE 10  PERSONAS, NO SABE SI HAY HERIDOS ",GENERAL PUEYRREDON,MAR DEL PLATA,-379517647637.0,-576428908051.0,V ACC-MC,0,-37.9517647637,-57.6428908051,2026,5,May,27,21,2,Miércoles,False,Noche (18-24),[],,OTRA / NO ESPECIFICADA,DISPAROS_PERSONAS
2026-05-26 14:40:00,10016245965,NICARAGUA al 1456,DISPAROS,PERSONAS,"REFIERE QUE HAY UNA CRONFONTACION ENTRE VARIAS PERSONAS . ESTAN EFECTUANDO DISPAROS . NO HAY HERIDOS . NO SABE PORQUE COBNFRONTAN , SERIA POR UN ROBO ",GENERAL PUEYRREDON,MAR DEL PLATA,-37956201458668.0,-57626604612762.0,V ACC-MC,0,-37.956201458668,-57.626604612762,2026,5,May,26,14,1,Martes,False,Tarde (12-18),[],,OTRA / NO ESPECIFICADA,DISPAROS_PERSONAS
2026-05-26 14:34:00,10016245955,NICARAGUA al 1300,DISPAROS,PERSONAS,LLAMANTE REFIERE QUE SE ESTAN ENFRENTANDO CON ARMAS DE FUEGO.- NO SABE CUANTAS PERSONAS SON.- NO SABE SI HYA HERIDOS.- EN ESTE MOMENTO HAY UN ACTO ESCOLAR EN EL LUGAR.- ,GENERAL PUEYRREDON,MAR DEL PLATA,-3795495930656.0,-5762561560535.0,V ACC-MC,0,-37.95495930656,-57.62561560535,2026,5,May,26,14,1,Martes,False,Tarde (12-18),[],,OTRA / NO ESPECIFICADA,DISPAROS_PERSONAS
2026-05-26 14:34:00,10016245954,11 DE SEPTIEMBRE y Nicaragua,DISPAROS,PERSONAS,"LLAMANTE REFIERE QUE HAY UN TIROTEO, SON DOS PERSONAS, Y OTRAS EN UN AUTO, NO VIO EL AUTO, DOBLO EN LA ESQUINA, NO HAY HERIDOS. SE DISPARABAN ENTRE ELLOS.",GENERAL PUEYRREDON,MAR DEL PLATA,-379546739986.0,-576240009992.0,V ACC-MC,0,-37.9546739986,-57.6240009992,2026,5,May,26,14,1,Martes,False,Tarde (12-18),[],,OTRA / NO ESPECIFICADA,DISPAROS_PERSONAS
2026-05-26 13:49:00,10016245836,VIRREY DEL PINO y Pje De Los Incas,DISPAROS,PERSONAS,__LLAMANTE REFIERE QUE HAY UN MASCULINO TIRANDO TIROS DESDE ADENTRO DE LA CASA. CREE QUE LE TIRO TIROS A OTRO MASCULINO QUE ESTABA EN LA VEREDA. TIENE SANGRE EN LA CABEZA. TIENE PULOVER A RAYAS Y PANTALON AZUL OSCURO. __NO SABE COMO ESTA VESTIDO EL MASCULINO QUE ESTA ADENTRO DEL DOMICILIO.- ,GENERAL PUEYRREDON,MAR DEL PLATA,-379924686455.0,-576335228534.0,POSITIVO,"MOVIL 30350 EN EL LUGAR REF NEGATIVO ARMA DE FUEGO, CONFRONTACION FAMILIAR ENTRE LOS HERMANOS . DECIMA BRAIAN ANGEL DE 18 AÑOS, Y DECIMA MANUEL ALEJANDRO DE 22 AÑOS, SE HACE PRESENTE  SAME 6 PARA ASISTIR A  BRAIAN ANGEL CON CORTE EN EL CUERO CABELLUDO. LO TRASLADA AL HIGA PARA SUTURA. NINGUNA DE LAS PARTES DESEA RADICAR",-37.9924686455,-57.6335228534,2026,5,May,26,13,1,Martes,False,Tarde (12-18),[],,OTRA / NO ESPECIFICADA,DISPAROS_PERSONAS
2026-05-25 23:39:00,10016244452,INT RUFINO INDA al 1758,DISPAROS,PERSONAS,LLTE INIDCA QUE ESTAN A LOS TIROS Y SE ESCUCHAN GRITOS- CREE QUE ES UN ENFRENTAMIENTO ENTRE VECINOS - CREE QUE HAY ALGUIEN HERIDOS ,GENERAL PUEYRREDON,MAR DEL PLATA,-38017.0,-576044.0,JTv,0,-38.017,-57.6044,2026,5,May,25,23,0,Lunes,False,Noche (18-24),[],,OTRA / NO ESPECIFICADA,DISPAROS_PERSONAS
2026-05-24 22:31:00,10016241191,MARTINIANO CHILABERT y Belgrano,DISPAROS,PERSONAS,LLAMNATE REFIERE QUE HAY 3 PERSONAS A LOS TIROS. __CREE Q HUBO UN ROBO. Q LE ROBARON A OTRO__UNO SE VA CON UNA BOLSA BLANCA HACIA 196 __NO SABE SI HAY HERIDOS,GENERAL PUEYRREDON,MAR DEL PLATA,-379730429985.0,-576035189992.0,JTv,0,-37.9730429985,-57.6035189992,2026,5,May,24,22,6,Domingo,True,Noche (18-24),[],,OTRA / NO ESPECIFICADA,DISPAROS_PERSONAS
2026-05-24 15:53:00,10016240086,VIGNOLO y Garcia Lorca,DISPAROS,PERSONAS,LLAMANTE REFIERE QUE HAY PERSONAS A LOS TIROS DESDE TEMPRANO . SE DISPARAN ENTRE ELLOS. __NO RESPONDE SI HAY HERIDOS,GENERAL PUEYRREDON,MAR DEL PLATA,-380215109985.0,-576213449992.0,JTv,0,-38.0215109985,-57.6213449992,2026,5,May,24,15,6,Domingo,True,Tarde (12-18),[],,OTRA / NO ESPECIFICADA,DISPAROS_PERSONAS
2026-05-23 17:36:00,10016237064,CALLE 81 al 4681,DISPAROS,PERSONAS,"LLAMANTE REFIERE QUE HAY UNA BANDA QUE DISPARAN ENTRE PERSONAS, DESCONOCE HERIDOS.   APROX SON 5/6 PERSONAS.  ",GENERAL PUEYRREDON,MAR DEL PLATA,-38060642239638.0,-57591702592123.0,V ACC-MC,0,-38.060642239638,-57.591702592123,2026,5,May,23,17,5,Sábado,True,Tarde (12-18),[],,OTRA / NO ESPECIFICADA,DISPAROS_PERSONAS
2026-05-23 16:24:00,10016236851,MIGUEL URRUTIA y  ,DISPAROS,PERSONAS,"LLAMANTE REFIERE QUE SE DISPARAN ENTRE PERSONAS, HAY UN HERIDO. APROXIMADAMENTE HABRIA MAS DE 10 PERSONAS  - LOS DISPAROS SON EN LA CASA DE UN VECINO  ",GENERAL PUEYRREDON,MAR DEL PLATA,-379533689986.0,-576462949992.0,V ACC-MC,0,-37.9533689986,-57.6462949992,2026,5,May,23,16,5,Sábado,True,Tarde (12-18),[],,OTRA / NO ESPECIFICADA,DISPAROS_PERSONAS
2026-05-23 16:24:00,10016236849,MORENO al 12690,DISPAROS,PERSONAS,"LLTE MANIFIESTA QUE ESTAN LOS VECINOS EFECTUANDO DISPAROS- ENTRE ELLOS, HAY MENORES EN LA ZONA- NO HABRIA HERIDOS AL MOMENTO ",GENERAL PUEYRREDON,MAR DEL PLATA,-37950290939346.0,-57646855151064.0,V ACC-MC,0,-37.950290939346,-57.646855151064,2026,5,May,23,16,5,Sábado,True,Tarde (12-18),[],,OTRA / NO ESPECIFICADA,DISPAROS_PERSONAS
2026-05-23 16:24:00,10016236848,JOSE DE LA LLOSA al 2021,DISPAROS,PERSONAS,LLAMANTE REFIERE QUE SE ESTAN DISPARANDO EN LA VIA PUBLICA ENTRE GRAN CANTIDAD DE PERSONAS. NO HAY HERIDOS.,GENERAL PUEYRREDON,MAR DEL PLATA,-379514949986.0,-576465539992.0,V ACC-MC,0,-37.9514949986,-57.6465539992,2026,5,May,23,16,5,Sábado,True,Tarde (12-18),[],,OTRA / NO ESPECIFICADA,DISPAROS_PERSONAS
2026-05-23 16:23:00,10016236847,PEDRO GOYENA y Av De La Herradura Norte,DISPAROS,PERSONAS,__LLAMANTE REFIERE QUE DISPARAN ENTRE VECINOS EN LA CALLE. NO SABE CUANTOS SON. NO SABE SI HAY HERIDOS ,GENERAL PUEYRREDON,MAR DEL PLATA,-379504729986.0,-576454169992.0,V ACC-MC,0,-37.9504729986,-57.6454169992,2026,5,May,23,16,5,Sábado,True,Tarde (12-18),[],,OTRA / NO ESPECIFICADA,DISPAROS_PERSONAS
2026-05-23 16:23:00,10016236846,MORENO y Av De La Herradura Norte,DISPAROS,PERSONAS,"LLAMANTE REFIERE QUE ESTAN A LOS TIROS EN LA CALLE  SERIAN MUCHAS PERSONAS GRITANDO, SE DISPARAN ENTRE PERSONAS DECONOCE HERIDOS  ",GENERAL PUEYRREDON,MAR DEL PLATA,-379509669986.0,-576459649992.0,V ACC-MC,0,-37.9509669986,-57.6459649992,2026,5,May,23,16,5,Sábado,True,Tarde (12-18),[],,OTRA / NO ESPECIFICADA,DISPAROS_PERSONAS
2026-05-23 16:23:00,10016236844,AV DE LA HERRADURA NORTE al 2460,DISPAROS,PERSONAS,LLTE INDICA QUE HAY AL MENOS 12 PERSONAS PELEANDO CON PISTOLAS- AL MOMENTO NO HABRIA HERIDOS- LLTE ESTA CON MENORES EN LA CASA- PIDE MOVILES URGENTE ,GENERAL PUEYRREDON,MAR DEL PLATA,-37951.0,-576462.0,REDERIVADO,0,-37.951,-57.6462,2026,5,May,23,16,5,Sábado,True,Tarde (12-18),[],,OTRA / NO ESPECIFICADA,DISPAROS_PERSONAS
2026-05-23 16:23:00,10016236843,MIGUEL URRUTIA al 2190,DISPAROS,PERSONAS,LLAMANTE REFIERE QUE SE DISPARAN ENTRE SIES MASCULINOS __NO HAY HERIDOS ,GENERAL PUEYRREDON,MAR DEL PLATA,-37953330776767.0,-57646165638874.0,V ACC-MC,0,-37.953330776767,-57.646165638874,2026,5,May,23,16,5,Sábado,True,Tarde (12-18),[],,OTRA / NO ESPECIFICADA,DISPAROS_PERSONAS
2026-05-23 16:22:00,10016236839,AV COLON al 12321,DISPAROS,PERSONAS,LLTE INDICA QUE HAY GENTE TIROTEANDOSE - AL MENOS 5 CONTRA 5- ESTANA  PIE- AL MOMENTO NO HABRIA HERIDOS- ,GENERAL PUEYRREDON,MAR DEL PLATA,-379538.0,-576457.0,V ACC-MC,0,-37.9538,-57.6457,2026,5,May,23,16,5,Sábado,True,Tarde (12-18),[],,OTRA / NO ESPECIFICADA,DISPAROS_PERSONAS
2026-05-23 16:21:00,10016236834,MIGUEL URRUTIA y COLON,DISPAROS,PERSONAS,"LLAMANTE REFIERE QUE HAY APROX. 20 PERSONAS ROMPIENDO UN DOMICILIO. SE ESTAN DISPARANDO, HAY UN HERIDO.",GENERAL PUEYRREDON,MAR DEL PLATA,-379527082334.0,-576445925545.0,V ACC-MC,0,-37.9527082334,-57.6445925545,2026,5,May,23,16,5,Sábado,True,Tarde (12-18),[],,OTRA / NO ESPECIFICADA,DISPAROS_PERSONAS
2026-05-23 16:19:00,10016236828,AV COLON y Miguel Urrutia,DISPAROS,PERSONAS,"LLAMANTE REFIERE QUE ESTAN DISPARANDO EN LA VIA PUBLICA, HIIERON A UN MASCULINO EN LA RODILLA. LOS AGRESORES SON 4  O 5 PERSONAS. ",GENERAL PUEYRREDON,MAR DEL PLATA,-379533689986.0,-576462949992.0,POSITIVO,"34842 ENTREVISTA CON NICOLE NAVAS MENCIONA QUIE RECIBIO AMENAZAS, LOS AGRESORES  YA SE RETIRARON CON INCENDIARLE EL DOMICILIO. DESCONOCE POR QUE MOTIVO. CONFLICTO DE GENTE DE MAL VIVIR. LA ENTREVISATADA  NO REFIERE QUE HAYA HERIDO DE ARMA DE FUEGO ",-37.9533689986,-57.6462949992,2026,5,May,23,16,5,Sábado,True,Tarde (12-18),[],,OTRA / NO ESPECIFICADA,DISPAROS_PERSONAS
2026-05-23 15:26:00,10016236690,PEDRO GOYENA y Sebastian Garau,DISPAROS,PERSONAS,"REFIERE QUE ESTAN A LOS TIROS __CREE QUE HAY UNA PERSONA TIRADA LASTIMADA, SE ESCUCHA QUE GRITAN QUE HAY ALGUIEN TIRADO ",GENERAL PUEYRREDON,MAR DEL PLATA,-379515803811.0,-576444458321.0,V ACC-MC,0,-37.9515803811,-57.6444458321,2026,5,May,23,15,5,Sábado,True,Tarde (12-18),[],,OTRA / NO ESPECIFICADA,DISPAROS_PERSONAS
2026-05-23 06:40:00,55772790,PUAN al 8867,DISPAROS,PERSONAS,REFIERE QUE EL DIERON UN DISPARO A UM MASCULINO EN LA ESPALDA POR UNA PELEA NO BRINDA MAS DATOS [Id.Remoto: 10016235688] [Id.Remoto: 2872094] [Id.Remoto: 4050580] [Id.Remoto: 2872095] [Id.Remoto: 55772790],GENERAL PUEYRREDON,MAR DEL PLATA,-380190729773.0,-57610766964.0,POSITIVO,30514 EZEQUIEL IBARLUCIA 16 AÑOS 2/04/2010 DNI NO RECUERDA- LE QUISIRON ROBAR A OTROS 2 MAS Y LE EFECTUAN DETONACION SE HACE PRESENTE AMB SAME 15 A CARGO DR FERREYRA  TRASLADA AL HIGA LUSIDO CONSIENTE - SE LE INFORMA A INTRUCCION DE DECIMO SEXTA  ,-38.0190729773,-57.610766964,2026,5,May,23,6,5,Sábado,True,Mañana (06-12),[],,OTRA / NO ESPECIFICADA,DISPAROS_PERSONAS
2026-05-23 06:39:00,10016235688,PUAN al 8867,EMERGENCIA DE SALUD,EMERGENCIA,REFIERE QUE EL DIERON UN DISPARO A UM MASCULINO EN LA ESPALDA POR UNA PELEA NO BRINDA MAS DATOS ,GENERAL PUEYRREDON,MAR DEL PLATA,-380190729773.0,-57610766964.0,Analizado por ACC-MC,0,-38.0190729773,-57.610766964,2026,5,May,23,6,5,Sábado,True,Mañana (06-12),[],,OTRA / NO ESPECIFICADA,DISPAROS_PERSONAS
2026-05-23 06:21:00,10016235661,AV POLONIA y Av Fortunato De La Plaza,DISPAROS,PERSONAS,"LLAMANTE REFIERE QUE LE ESTABAN EFECTUANDO DISPAROS A UNA PERSONA, SALIO CORRIENDO NO SABE SI HAY HERIDOS",GENERAL PUEYRREDON,,-380205993652.0,-576035766602.0,V ACC-MC,0,-38.0205993652,-57.6035766602,2026,5,May,23,6,5,Sábado,True,Mañana (06-12),[],,OTRA / NO ESPECIFICADA,DISPAROS_PERSONAS
2026-05-23 00:01:00,10016234873,IRALA al 10421,DISPAROS,PERSONAS,LLAMANTE REFIERE QUE PASO UN AUTO NEGRO EFECTUANDO DISPAROS A SU CASA. NO VIO PATENTE NI OTRA DESCRIPCIONES. SE FUE EN DIRECCION A 214. NO HAY HERIDOS. ,GENERAL PUEYRREDON,MAR DEL PLATA,-37997730170236.0,-57611468596804.0,VSup,INF MOVIL QUE AL ARRIBO PANORAMA NORMAL - NADIE ENTREVISTA ,-37.997730170236,-57.611468596804,2026,5,May,23,0,5,Sábado,True,Madrugada (00-06),[],,OTRA / NO ESPECIFICADA,DISPAROS_PERSONAS
2026-05-22 20:02:00,10016234149,LAPRIDA al 1443,DISPAROS,PERSONAS,LLAMANTE REFIRE QUE LE PEGROFN UN TIRO A SU VECINO. ESTA HERIDO. LOS QUE LE DISPARARON SE FUERON,GENERAL PUEYRREDON,MAR DEL PLATA,-380241.0,-575506.0,V ACC-MC,0,-38.0241,-57.5506,2026,5,May,22,20,4,Viernes,False,Noche (18-24),[],,OTRA / NO ESPECIFICADA,DISPAROS_PERSONAS
2026-05-22 19:07:00,10016233954,DR RAMON CARRILLO y San Martin,DISPAROS,PERSONAS,"PIDE MOVIL __REFIERE QUE ASALTARON  A UN HOMBRE, LE DISPARARON, SE DESANGRA, ESTA TIRADO EN LA CABEZA, LOS AGRESORES SE FUERON, ASALTARON Y SE FUERON, NO DA CARCTERISTICAS.  ",GENERAL PUEYRREDON,MAR DEL PLATA,-379595559986.0,-576279209992.0,V ACC-MC,0,-37.9595559986,-57.6279209992,2026,5,May,22,19,4,Viernes,False,Noche (18-24),[],,OTRA / NO ESPECIFICADA,DISPAROS_PERSONAS
2026-05-22 19:05:00,10016233945,DR RAMON CARRILLO y Rivadavia,DISPAROS,PERSONAS,"REFIERE QUE HAN ROBADO O HUBO DISPAROS, PARECE QUE HAY HERIDOS, ESTA A UNA CUADRA LA LLAMANTE, ESCUCHO DISPAROS DICE LUEGO, LE HABRIAN DISPARADO A ALGUIEN.",GENERAL PUEYRREDON,MAR DEL PLATA,-379595559986.0,-576279209992.0,V ACC-MC,0,-37.9595559986,-57.6279209992,2026,5,May,22,19,4,Viernes,False,Noche (18-24),[],,OTRA / NO ESPECIFICADA,DISPAROS_PERSONAS
2026-05-22 12:05:00,10016232804,ALVARADO al 6671,DISPAROS,PERSONAS,"CCA QUE LE ROBAN AL MARIDO LAS PERTENENCIAS , ERAN DOS MASCULINOS ARMADOS EN UNA MOTO TODA DESARMADA , LE DISPARAN , AL MARIDO DOS DISPAROS , NO HAY HERIDOS",GENERAL PUEYRREDON,MAR DEL PLATA,-379891.0,-575962.0,V ACC-MC,0,-37.9891,-57.5962,2026,5,May,22,12,4,Viernes,False,Tarde (12-18),[],,OTRA / NO ESPECIFICADA,DISPAROS_PERSONAS
2026-05-21 23:09:00,10016231377,LABARDEN al 4072,DISPAROS,PERSONAS,"__LLAMANTE MENCIONA QUE HAY UN MASCULINO QUE LE MOSTRO UN ARMA DE FUEGO AL LLAMANTE , INCUMPLE LA ORDEN DE RESTRICCION,Y A LA ESPOSA DEL LLAMANTE, LE EFECTUO UN DISPARO , ELLA ESTA INCONCIENTE, HAY UN MENOR DE 2 AÑOS, QUE NO ESTA HERIDO.- ",GENERAL PUEYRREDON,MAR DEL PLATA,-380248.0,-576337.0,NEGATIVO,30889 INFORMA DESPLAZA AL LUGAR NADIE ENTREVISTA. PANORAMA NORMAL ,-38.0248,-57.6337,2026,5,May,21,23,3,Jueves,False,Noche (18-24),[],,OTRA / NO ESPECIFICADA,DISPAROS_PERSONAS
2026-05-21 21:47:00,10016231091,ALVARADO y Mexico,DISPAROS,PERSONAS,"LLAMANTE REFIERE QUE LE DISPARARON A UN MASCULINO EN LA VIA PUBLICA , ESTA CONCIENTE  , NO SABE CUANTOS SON LOS AGRESORES O SI CONTINUAN EN EL LUGAR ",GENERAL PUEYRREDON,MAR DEL PLATA,-379950746939.0,-575845591663.0,REDERIVADO,0,-37.9950746939,-57.5845591663,2026,5,May,21,21,3,Jueves,False,Noche (18-24),[],,OTRA / NO ESPECIFICADA,DISPAROS_PERSONAS
2026-05-21 21:42:00,10016231074,ALVARADO al 5546,DISPAROS,PERSONAS,LLAMANTE REFIERE QUE LE DISPARARON AL AMIGO EN LA PUERTA DE LA CASA ESTA HERIDO .- TAMBIEN LE EFECTUARON DETONACIONES  HACIA LAS VENTANAS DE LA CASA .- ,GENERAL PUEYRREDON,MAR DEL PLATA,-37994849883744.0,-57585043749838.0,V ACC-MC,0,-37.994849883744,-57.585043749838,2026,5,May,21,21,3,Jueves,False,Noche (18-24),[],,OTRA / NO ESPECIFICADA,DISPAROS_PERSONAS
2026-05-21 21:42:00,10016231071,ALVARADO y PERU,DISPAROS,PERSONAS,"__LLAMANTE MENCIONA QUE EFECTUARON 5 DISPAROS Y ALGUIEN QUE SE QUEJABA DE DOLOR, HAY UNA PERSONA HERIDA , NO PUDO VER NADA MAS, EN EL LUGAR ESTA PREFECTURA .- ",GENERAL PUEYRREDON,,-379950746939.0,-575845591663.0,REDERIVADO,0,-37.9950746939,-57.5845591663,2026,5,May,21,21,3,Jueves,False,Noche (18-24),[],,OTRA / NO ESPECIFICADA,DISPAROS_PERSONAS
2026-05-21 20:39:00,10016230849,SABINO ARANA Y GOIRI y Rio De La Plata,DISPAROS,PERSONAS,"APORTA EL NRO 2235139834__LLAMANTE MENCIONA QUE HAY UN CONFLICTO VECINAL, SE EFECTUAN DISPAROS ENTRE PERSONAS, SON MAS DE 10, DESCONOCE SI HAY HERIDOS.- ",GENERAL PUEYRREDON,MAR DEL PLATA,-379923354534.0,-576374382502.0,NEGATIVO,23211 INF NEGATIVO LO APORTADO NADIE ENTREVISTA NORMAL EN VIA PUBLICA SIRENA BALIZA TIEMPO PRUDENCIAL ,-37.9923354534,-57.6374382502,2026,5,May,21,20,3,Jueves,False,Noche (18-24),[],,OTRA / NO ESPECIFICADA,DISPAROS_PERSONAS
2026-05-21 20:13:00,10016230764,TRIPULANTES DEL FOURNIER al 6559,DISPAROS,PERSONAS,LLAMANTE REFIERE QUE UNA MOTO 110 CON 2 ENCAPUCHADOS ESTABA   CORRIENDO A UN MASCULINO EN UNA MOTO BANCA MIENTRAS LE EFECTUABAN DISPAROS  SE FUERON POR A GONZALEZ CHAVEZ HACIA  VERTIZ ,GENERAL PUEYRREDON,MAR DEL PLATA,-38029450945062.0,-57584929618055.0,NEGATIVO,"30174 ENTREVISTA CON EL SR DONOSO, REFIRE LO APORTADO EN CARTA, AL ARRIBO DEL MOVIL NEGATIVO MASCILINO NEGATIVO MASCULINO EN MOTO",-38.029450945062,-57.584929618055,2026,5,May,21,20,3,Jueves,False,Noche (18-24),[],,OTRA / NO ESPECIFICADA,DISPAROS_PERSONAS
2026-05-21 14:29:00,10016229822,SICILIA al 4558,DISPAROS,PERSONAS,"LLAMANTE REFIERE HAY UN MASCULINO QUE HACE POCO SALIO DE LA CARCEL, SE LLAMA WALTER LOIZA.  LE DISPARÓ  AL NIETO DE LA LLAMANTE. TIENE UNA 9 MM-__EL NIETO NO ESTÁ HERIDO.__EL MASCULINO AHORA SE FUE, PERO LE DIJO QUE VA A VOLVER. CIRCULA EN UNA MOTO ROBADA COLOR ROJA, EL TIENE GORRA AZUL Y CAMPERA BORDO , FUGA  POR JOSE HERNADEZ HACIA LA 53 .  __EL  MASCULINO VIVE EN LA 53 Y JOSE HERNANDEZ, SOBRE JOSE HERNANDEZ. __",GENERAL PUEYRREDON,MAR DEL PLATA,-38048992031673.0,-5757468809438.0,V ACC-MC,0,-38.048992031673,-57.57468809438,2026,5,May,21,14,3,Jueves,False,Tarde (12-18),[],,OTRA / NO ESPECIFICADA,DISPAROS_PERSONAS
2026-05-20 21:38:00,10016228103,JUANA AZURDUY y Azopardo,DISPAROS,PERSONAS,EL LLAMANTE REFIERE QUE LEP EGARON DOS TIROS A UN MASCULINO. ESTA TIRADO EN LA CALLE GRITANDO . UNO EN EL PECHO Y OTRO EN LA ESPALDA. ESTA AGONIZANDO. LOS AGRESORES SE FUERON EN MOTO DICE. ,GENERAL PUEYRREDON,MAR DEL PLATA,-379959959985.0,-576240359992.0,V ACC-MC,0,-37.9959959985,-57.6240359992,2026,5,May,20,21,2,Miércoles,False,Noche (18-24),[],,OTRA / NO ESPECIFICADA,DISPAROS_PERSONAS
2026-05-20 20:48:00,10016227983,S/D,DISPAROS,PERSONAS,"__LLAMANTE MENCIONA QUE LE EFECTUARON DISPAROS A ELLAS QUE ESTABAN DENTRO DE LA CAMIONETA EN EL BALNEARIO 13 DE NOMBRE IBIZA , NO HAY HERIDOS, LOS AUTORES SON DOS MASCULINOS UNO SE MOVILIZA EN UNA MOTO BLANCA Y ROJA TIPO CROSS, ELLAS SE RETIRARON DEL LUGAR PERO VAN A VOLVER DADO QUE LE DIERON AVISO QUE HABIA UN CUATRICICLO DE LA POLICIA EN EL LUGAR AGUARDANDO, ADHIERE QUE CREE QUE SON LAS MISMAS PERSONAS CON LAS QUE TIENEN UNA DENUNCIA REALIZADA  ANTERIORMENTE.- ",GENERAL PUEYRREDON,,-38066557502778.0,-5754298872965.0,V ACC-MC,0,-38.066557502778,-57.54298872965,2026,5,May,20,20,2,Miércoles,False,Noche (18-24),[],,OTRA / NO ESPECIFICADA,DISPAROS_PERSONAS
2026-05-20 20:47:00,10016227980,AV DE LOS TRABAJADORES al 2551,DISPAROS,PERSONAS,"LLAMANTE REFIERE QUE SALIO UNA MUJER CON LA PAREJA EN LA CAMIONETA S10 CHEVROLET COLOR BLANCA Y APARECIO UNA MOTO GRANDE 125/150 CC CON 2 PERSONAS Y LE EFECTUARON DISPAROS A LA CAMIONETA. NO SABE SI HAY HERIDOS. SE RETIRARON DEL LUGAR. LA SRA ES LA DUEÑA DEL BALNEARIO, SRA GABRIELA. LA MOTO SIGUIO POR EL PUENTE SALIENDO DEL BALNEARIO, LA CAMIONETA CREE QUE SALIO PARA CALLE 29 Y VERGARA. ",GENERAL PUEYRREDON,MAR DEL PLATA,-380662.0,-575477.0,V ACC-MC,0,-38.0662,-57.5477,2026,5,May,20,20,2,Miércoles,False,Noche (18-24),[],,CHEVROLET,DISPAROS_PERSONAS
2026-05-20 20:47:00,10016227979,GENOVA y Av De Los Trabajadores,DISPAROS,PERSONAS,"ENTRO UNA MOTO CON 2 NN AL BALNEAREO 13 A DISPARAR A LA CAMIONETA DE LA DUEÑA DEL LUGAR LA VENIAN SIGUIENDO CASI 100 MTRS , NO HAY HERIDOS __ SE VA PARA EL LADO DE LA AVDE LOS TRABAJADORES SENTIDO AL CENTRO DE MAR DEL PLATA ",GENERAL PUEYRREDON,MAR DEL PLATA,-380676539984.0,-575482279992.0,JTv,0,-38.0676539984,-57.5482279992,2026,5,May,20,20,2,Miércoles,False,Noche (18-24),[],,OTRA / NO ESPECIFICADA,DISPAROS_PERSONAS
2026-05-19 19:15:00,10016224782,PIGUE al 235,DISPAROS,PERSONAS,"LLAMANTE REFIERE QUE HAY  10 PERSONAS  DISPARANDOSE ENTRE ELLOS UNOS DESDE EL DOMICILIO OTROS EN LA VIA PUBLICA, NO HAY HERIDOS ",GENERAL PUEYRREDON,MAR DEL PLATA,-37957581203567.0,-57596647415705.0,NEGATIVO,MOVIL 30916 INFORMA NORMAL EN RECOORIDA ,-37.957581203567,-57.596647415705,2026,5,May,19,19,1,Martes,False,Noche (18-24),[],,OTRA / NO ESPECIFICADA,DISPAROS_PERSONAS
2026-05-17 22:04:00,10016219175,VENEZUELA y Garay,DISPAROS,PERSONAS,LLAMANTE REFIERE QUE CIRCULA UN AUTO CON VARIOS OCUPANTES DEL CUAL EFECTUARON DISPAROS E HIRIERON A UN MASCULINO EL CUAL REQUIERE ASISTENCIA MEDICA __NO APORTA MAS DATOS ,GENERAL PUEYRREDON,MAR DEL PLATA,-37971415232.0,-576246745545.0,V ACC-MC,0,-37.971415232,-57.6246745545,2026,5,May,17,22,6,Domingo,True,Noche (18-24),[],,OTRA / NO ESPECIFICADA,DISPAROS_PERSONAS
2026-05-17 21:59:00,10016219159,VENEZUELA al 2722,DISPAROS,PERSONAS,LLAMANTE REFIERE QUE SE DISPARAN AL MENOS CUATRO PERSONAS AGREGA QUE ESTAN EN UN AUTO __NO HAY HERIDOS ,GENERAL PUEYRREDON,MAR DEL PLATA,-37971595310779.0,-57624819859934.0,JTv,0,-37.971595310779,-57.624819859934,2026,5,May,17,21,6,Domingo,True,Noche (18-24),[],,OTRA / NO ESPECIFICADA,DISPAROS_PERSONAS
2026-05-17 01:03:00,10016216338,INT JOSE CAMUSSO al 1699,DISPAROS,PERSONAS,"LLAMANTE REFIERE QUE  ESTAN EFECTUANDO DISPAROS A SU CASA Y ARROJAN *COSAS PRENDIDAS*. SON MUCHAS PERSONAS, UNAS 20. ESTAN DROGADOS. NO HAY HERIDOS. REFIERE QUE NO TIENE VINCULO CON ESTAS PERSONAS. ",GENERAL PUEYRREDON,MAR DEL PLATA,-38021321498514.0,-57597324995677.0,V ACC-MC,0,-38.021321498514,-57.597324995677,2026,5,May,17,1,6,Domingo,True,Madrugada (00-06),[],,OTRA / NO ESPECIFICADA,DISPAROS_PERSONAS
2026-05-16 23:02:00,10016215955,INT JOSE CAMUSSO y Sabino Arana Y Goiri,DISPAROS,PERSONAS,LLTE MANIFIESTA QUE SE EFECTUAN DISPAROS- ENTRE VARIAS PEROSNAS- ESTARIAN CONTRA UNA CASA- MENCIONA QUE HABRIA UNA CHICA HERIDA EN LA CABEZA PORQUE LE DIERON UN *CAÑASO* __,GENERAL PUEYRREDON,MAR DEL PLATA,-380220055745.0,-575981991338.0,V ACC-MC,0,-38.0220055745,-57.5981991338,2026,5,May,16,23,5,Sábado,True,Noche (18-24),[],,OTRA / NO ESPECIFICADA,DISPAROS_PERSONAS
2026-05-16 22:50:00,10016215925,VIA FC GRAL ROCA y Av Polonia,DISPAROS,PERSONAS,"REFIERE QUE HAY UN TIROTEO ENTRE 3 FAMILIAS, QUE HAY GRITOS, NO SABE CUANTAS PERSONAS HAY__QUE SE DISPARAN ENTRE ELLOS __NO SABE SI HAY HERIDOS ",GENERAL PUEYRREDON,MAR DEL PLATA,-380211.0,-575988.0,V ACC-MC,0,-38.0211,-57.5988,2026,5,May,16,22,5,Sábado,True,Noche (18-24),[],,OTRA / NO ESPECIFICADA,DISPAROS_PERSONAS
2026-05-16 20:44:00,10016215557,S/D,DISPAROS,PERSONAS,"LLAMANTE REFIERE QUE SU VECINO LE DISPARO A SU HIJO HACE UN RATO. LA VICTIMA NO ESTA EN EL DOMICILIO, INDICA QUE FUE ASISTIDO. EL AGRESOR SIGUE EN EL LUGAR. ESTA ARMADO. ",GENERAL PUEYRREDON,MAR DEL PLATA,-380183.0,-576043.0,V ACC-MC,0,-38.0183,-57.6043,2026,5,May,16,20,5,Sábado,True,Noche (18-24),[],,OTRA / NO ESPECIFICADA,DISPAROS_PERSONAS
2026-05-16 10:13:00,10016213903,BENITO LYNCH y Eduardo Peralta Ramos,DISPAROS,PERSONAS,"LLAMANTE INFORMA QUE  UN JOVEN SACO UNA ARMA SEMIAUTOMATICA Y EFECTUO DETONACIONES A OTRA PERSONA, ESTE MASCULINO ESTA VESTIDO DE NEGRO CON JEAN ACOMPAÑADO DE UN  ADULTO MAYORSE VAN COMO PARA MARIO BRAVO BAJANDO  POR PERALTA RAMOS  PARA LA PLAZA. NO OBSERVA HERIDOS.   ",GENERAL PUEYRREDON,,-380234719985.0,-576187699992.0,NEGATIVO,"EN EL LUGAR Y A LA RECORRIDA NEGATIVO LOS MASCULINOS, NADIE ENTREVISTA ",-38.0234719985,-57.6187699992,2026,5,May,16,10,5,Sábado,True,Mañana (06-12),[],,OTRA / NO ESPECIFICADA,DISPAROS_PERSONAS
2026-05-15 11:50:00,10016210458,AV CARLOS TEJEDOR y Zeballos,DISPAROS,PERSONAS,"REFIERE QUE UN MASCULINO EN AUTO VOYAGE GRIS  , LO VENIA SIGUIENDO A OTRO MASCULINO EN MOTO. ESTA ARMADO. EFECTUO DOS DISPAROS CONTRA UN MASCULINO. NO SABE SI HAY HERIDOS.-",GENERAL PUEYRREDON,MAR DEL PLATA,-379496719984.0,-575408599992.0,V ACC-MC,0,-37.9496719984,-57.5408599992,2026,5,May,15,11,4,Viernes,False,Mañana (06-12),[],,OTRA / NO ESPECIFICADA,DISPAROS_PERSONAS
2026-05-15 07:30:00,10016209953,S/D,DISPAROS,PERSONAS,"LLAMANTE REFIERE QUE LE ESTAN DISPARANDO, SON 3 PERSONAS QUE LO SIGEN EN VEHICULO SURAN NEGRA YEN UNA  4X4 COLOR BEIGE , ESTA EN EL CAMPO ",GENERAL PUEYRREDON,MAR DEL PLATA,-379665.0,-576365.0,V ACC-MC,0,-37.9665,-57.6365,2026,5,May,15,7,4,Viernes,False,Mañana (06-12),[],,OTRA / NO ESPECIFICADA,DISPAROS_PERSONAS
2026-05-14 19:48:00,10016208185,DIP AMAYA y Brandsen,DISPAROS,PERSONAS,"EL LLAMANTE REFIERE QUE   SE ESTAN PELEANDO . SE TIRAN TIROS ENTRE ELLOS . SON 20 O 30 PERSONAS. HAY UN HERIDO, RECIEN SE LLEVARON EN UN AUTO. ",GENERAL PUEYRREDON,MAR DEL PLATA,-379486939985.0,-576177679992.0,V ACC-MC,0,-37.9486939985,-57.6177679992,2026,5,May,14,19,3,Jueves,False,Noche (18-24),[],,OTRA / NO ESPECIFICADA,DISPAROS_PERSONAS
2026-05-13 19:05:00,10016204883,SANTA CRUZ al 7851,DISPAROS,PERSONAS,"LLAMANTE  DICE QUE ESTAN A LOS TIROS, NO DICE CUANTAS PERSONAS  SON, DICE QUE HABRIA HERIDOS, NO SABE CUANTOS HERIDOS HAY, NO APORTA MAS DATOS ",GENERAL PUEYRREDON,MAR DEL PLATA,-37959789426161.0,-57589308046627.0,V ACC-MC,0,-37.959789426161,-57.589308046627,2026,5,May,13,19,2,Miércoles,False,Noche (18-24),[],,OTRA / NO ESPECIFICADA,DISPAROS_PERSONAS
2026-05-13 19:04:00,10016204875,SANTA CRUZ al 102,EMERGENCIA DE SALUD,EMERGENCIA,"LLAMANTE DICE QUE EN LA DIRECCION APORTADA HAY UN MASCULINO HERIDO DE BALA, NO SABE QUE PASO, SOLO LE AVISARON QUE LLAME A LA POLICIA.",GENERAL PUEYRREDON,,,,V ACC-MC,0,,,2026,5,May,13,19,2,Miércoles,False,Noche (18-24),[],,OTRA / NO ESPECIFICADA,DISPAROS_PERSONAS
2026-05-13 19:03:00,10016204873,JOSE MARIA CALAZA y Santa Cruz,DISPAROS,PERSONAS,LLAMANTE REFIERE QUE HAY UN CHICO TIRADO EN LA VIA PUBLICA. LE PEGARON UN TIRO. ESTA HERIDO. LOS AGRESORES SE FUERON. ,GENERAL PUEYRREDON,MAR DEL PLATA,-379595489985.0,-575898109992.0,V ACC-MC,0,-37.9595489985,-57.5898109992,2026,5,May,13,19,2,Miércoles,False,Noche (18-24),[],,OTRA / NO ESPECIFICADA,DISPAROS_PERSONAS
2026-05-13 19:01:00,10016204853,JOSE MARIA CALAZA y Beruti,DISPAROS,PERSONAS,"LLAMANTE CUENTA QUE ESTAN TIRANDO TIROS A LA CASA DE ELLA Y A  LA CASA DE LA VECINA, REFIERE QUE SON UN MONTON DE PERSONAS Y LE LE TIRARON UN TIRO EN LA PIERNA A UN CHICO, ESTA TIRADO EN EL SUELO. ",GENERAL PUEYRREDON,MAR DEL PLATA,-379595489985.0,-575898109992.0,V ACC-MC,0,-37.9595489985,-57.5898109992,2026,5,May,13,19,2,Miércoles,False,Noche (18-24),[],,OTRA / NO ESPECIFICADA,DISPAROS_PERSONAS
2026-05-13 18:59:00,10016204844,SANTA CRUZ y Jose Maria Calaza,DISPAROS,PERSONAS,LLAMANTE REFIERE QUE HAY UN PERSONA GRITANDO QUE ESTA LASTIMADA. NO SABE QUE OCURRIO PERO ESCUCHO DETONACIONES.,GENERAL PUEYRREDON,MAR DEL PLATA,-379595489502.0,-575898094177.0,V ACC-MC,0,-37.9595489502,-57.5898094177,2026,5,May,13,18,2,Miércoles,False,Noche (18-24),[],,OTRA / NO ESPECIFICADA,DISPAROS_PERSONAS
2026-05-13 18:53:00,55606307,JOSE MARIA CALAZA al 71,DISPAROS,PERSONAS,LLAMANTE REFIERE QUE ESTAN EFECTUADO DISPAROS ENTRE PERSONAS. UNO ESTA LASTIMADO. HAY CHICOS EN LA CALLE. SON 10 EN CADA GRUPOS [Id.Remoto: 10016204826] [Id.Remoto: 2837357] [Id.Remoto: 4006411] [Id.Remoto: 2837364] [Id.Remoto: 55606307],GENERAL PUEYRREDON,MAR DEL PLATA,-37959318120604.0,-57589632537132.0,0,0,-37.959318120604,-57.589632537132,2026,5,May,13,18,2,Miércoles,False,Noche (18-24),[],,OTRA / NO ESPECIFICADA,DISPAROS_PERSONAS
2026-05-13 18:53:00,55606300,JOSE MARIA CALAZA y Santa Cruz,DISPAROS,PERSONAS,LLAMANTE REFIERE QUE LE DISPARARON AL PRIMO ESTA TIRADO EN LA VIA PUBLICA [Id.Remoto: 10016204824] [Id.Remoto: 2837356] [Id.Remoto: 4006410] [Id.Remoto: 2837360] [Id.Remoto: 55606300],GENERAL PUEYRREDON,MAR DEL PLATA,-379595489985.0,-575898109992.0,0,0,-37.9595489985,-57.5898109992,2026,5,May,13,18,2,Miércoles,False,Noche (18-24),[],,OTRA / NO ESPECIFICADA,DISPAROS_PERSONAS
2026-05-13 18:52:00,10016204826,JOSE MARIA CALAZA al 71,DISPAROS,PERSONAS,LLAMANTE REFIERE QUE ESTAN EFECTUADO DISPAROS ENTRE PERSONAS. UNO ESTA LASTIMADO. HAY CHICOS EN LA CALLE. SON 10 EN CADA GRUPOS,GENERAL PUEYRREDON,MAR DEL PLATA,-37959318120604.0,-57589632537132.0,V ACC-MC,0,-37.959318120604,-57.589632537132,2026,5,May,13,18,2,Miércoles,False,Noche (18-24),[],,OTRA / NO ESPECIFICADA,DISPAROS_PERSONAS
2026-05-13 18:52:00,10016204824,JOSE MARIA CALAZA y Santa Cruz,DISPAROS,PERSONAS,LLAMANTE REFIERE QUE LE DISPARARON AL PRIMO ESTA TIRADO EN LA VIA PUBLICA,GENERAL PUEYRREDON,MAR DEL PLATA,-379595489985.0,-575898109992.0,V ACC-MC,0,-37.9595489985,-57.5898109992,2026,5,May,13,18,2,Miércoles,False,Noche (18-24),[],,OTRA / NO ESPECIFICADA,DISPAROS_PERSONAS
2026-05-13 18:51:00,10016204819,CNEL SUAREZ y Beruti,DISPAROS,PERSONAS,"LLAMANTE REFIERE QUE HAY UN JOVEN  SE LLAMA NICANOL, NO SABE EL APELLIDO LE DISPARO A UN JOVEN QUE SE LLAMA ARON CARABAJAL EN LA PERRNA, ESTÁ TIRADO EN EL PISO, NO SABE SI ESTÁ CONSCIENTE, SE DESPLOMÓ, TIENE 20 AÑOS __EL AGRESOR CONTINUA EN UNA CASA DENTRO DE LA VILLA ",GENERAL PUEYRREDON,MAR DEL PLATA,-379608489985.0,-575894449992.0,POSITIVO,"POSITIVO MASCULINO HAF EN PIERNA DERECHA  AARON CARABAJAL (20) DNI 53.221.789 , ASISTE SAME 16 DRA SALCEDO TRASLADA AL HIGA LUCIDO Y CONSCIENTE , REFIERE MASCULINO PROBLEMAS ENTRE EL Y LOS AGRESOSRES QUE SON VECINOS DEL BARRIO DE VIEJA DATA, INSTRUCCION CRIA 6TA OSI BARTINOLLI  TOMA CONOCIMIENTO.",-37.9608489985,-57.5894449992,2026,5,May,13,18,2,Miércoles,False,Noche (18-24),[],,OTRA / NO ESPECIFICADA,DISPAROS_PERSONAS
2026-05-13 16:26:00,10016204374,SANTA CRUZ al 7854,DISPAROS,PERSONAS,"REFIERE  QUE SE ESTAN TIROTENANDO EN LA VIA PUBLICA , DESPUES DICE QUE EFECTUAN DISPAROS A UNA CASA . DICE QUE APUÑALARON A UN MASCULINO PERO SE HABRIA RETIRADO . NO APORTA CUANTAS PERSONAS SON ",GENERAL PUEYRREDON,MAR DEL PLATA,-379599.0,-575894.0,V ACC-MC,0,-37.9599,-57.5894,2026,5,May,13,16,2,Miércoles,False,Tarde (12-18),[],,OTRA / NO ESPECIFICADA,DISPAROS_PERSONAS
2026-05-13 15:26:00,10016204210,9 DE JULIO y Ciudad De Rosario,DISPAROS,PERSONAS,LLAMANTE REFIERE QUE HAY UNA PELEA CREE QUE ENTRE CUATRO O CINCO PERSONAS Y ESTÁN EFECTUANDO DISPAROS. NO SABE SI HAY HERIDOS.,GENERAL PUEYRREDON,MAR DEL PLATA,-379587729985.0,-576202839992.0,JTv,0,-37.9587729985,-57.6202839992,2026,5,May,13,15,2,Miércoles,False,Tarde (12-18),[],,OTRA / NO ESPECIFICADA,DISPAROS_PERSONAS
2026-05-13 15:14:00,10016204179,CIUDAD DE ROSARIO al 1482,DISPAROS,PERSONAS,"LLAMANTE REFIERE QUE ÉL ALQUILABA UNA VIVIENDA QUE NO SABÍA QUE TENÍA DUEÑO Y AHORA EL MASCULINO LES EFECTUÓ DISPAROS CON UNA 9MM. EL MISMO FUE DESAFECTADO DE LA POLICÍA POR VIOLACIÓN. NO HAY NADIE HERIDO. EN EL LUGAR QUEDARON DOS MUJERES Y DOS MASCULINOS, Y ADEMÁS INFORMA QUE UNA DE LAS MUJERES INGRESÓ UNA MOTO ROJA ROBADA. ESTAS PERSONAS NO SON FAMILIARES DEL DUEÑO DE LA VIVIENDA Y LE QUIEREN COMPRAR LA CASA.",GENERAL PUEYRREDON,MAR DEL PLATA,-379595.0,-576207.0,V ACC-MC,0,-37.9595,-57.6207,2026,5,May,13,15,2,Miércoles,False,Tarde (12-18),[],,OTRA / NO ESPECIFICADA,DISPAROS_PERSONAS
2026-05-12 20:34:00,10016202240,BELGRANO al 7830,DISPAROS,PERSONAS,LLAMANTE REFIERE QUE LOS VECINOS SE ESTTAN PELEANDO Y ESTAN A LOS TIROS. NO HAY HERIDOS,GENERAL PUEYRREDON,MAR DEL PLATA,-37974380096731.0,-57600834879944.0,V ACC-MC,0,-37.974380096731,-57.600834879944,2026,5,May,12,20,1,Martes,False,Noche (18-24),[],,OTRA / NO ESPECIFICADA,DISPAROS_PERSONAS
2026-05-12 20:29:00,10016202216,BELGRANO y Jose Maria Calaza,DISPAROS,PERSONAS,LLAMANTE REFIRE QUE HAY  GRUPOS DE PERSONAS DISPARANDOSE ENTRE ELLOS. NO SABE SI HAY HERIDOS NI CUANTOS SON,GENERAL PUEYRREDON,MAR DEL PLATA,-379745369985.0,-576005269992.0,V ACC-MC,0,-37.9745369985,-57.6005269992,2026,5,May,12,20,1,Martes,False,Noche (18-24),[],,OTRA / NO ESPECIFICADA,DISPAROS_PERSONAS
2026-05-12 00:50:00,10016200025,CHILE y Primera Junta,DISPAROS,PERSONAS,"LLAMANTE REFIERE QUE SE ESTAN  DISPARANDO ENTRE  5 O 6 SUJETOS  APROX, ,  REFIERE QUE HAY HERIDOS . ",GENERAL PUEYRREDON,MAR DEL PLATA,-379995379985.0,-575868159992.0,V ACC-MC,0,-37.9995379985,-57.5868159992,2026,5,May,12,0,1,Martes,False,Madrugada (00-06),[],,OTRA / NO ESPECIFICADA,DISPAROS_PERSONAS
2026-05-11 02:25:00,10016197180,BENITO LYNCH y Florencio Sanchez,DISPAROS,PERSONAS,"LLAMANTE REFIERE QUE HAY N UN GRUPO DE PERSONAS DISPARANDOSE ENTRE SI, UN GRUPO DE 6 PERSONAS CONTRA __3 , NO SABE SI HAY HERIDOS, APORTA QUE ENTRE EL PASTO Y LA MADERA DESCARTAN COSAS.- ",GENERAL PUEYRREDON,MAR DEL PLATA,-380415249985.0,-575948459992.0,V ACC-MC,0,-38.0415249985,-57.5948459992,2026,5,May,11,2,0,Lunes,False,Madrugada (00-06),[],,OTRA / NO ESPECIFICADA,DISPAROS_PERSONAS
2026-05-10 13:34:00,10016195392,GRECIA al 2258,DISPAROS,PERSONAS,"__LLAMANTE REFIERE QUE ESTAN DISPARANDO ENTRE VECINOS. UNA MUJER DE PANTALON ROJO CAMPERA NEGRA, UN  HOMBRE DE PANTALON MARRON CLARO OTRO MASCULINO DE PANTALON VERDE Y CAMPERA Y VISERA AZUL ESTAN DISPARANDO HACIA UNAS PERSONAS EN BICICLETA O UNA CASA. NO SABE SI HAY HERIDOS ",GENERAL PUEYRREDON,,,,V ACC-MC,0,,,2026,5,May,10,13,6,Domingo,True,Tarde (12-18),[],,OTRA / NO ESPECIFICADA,DISPAROS_PERSONAS
2026-05-10 13:32:00,10016195387,GRECIA y Castelli,DISPAROS,PERSONAS,"LLAMANTE COMUNICA QUE SE ESCUCHAN DISPAROS DE ARMA DE FUEGO,  ESTAN ENFRENTANDOSE VARIAS PERSONAS__",GENERAL PUEYRREDON,MAR DEL PLATA,-379844099985.0,-576012329992.0,V ACC-MC,0,-37.9844099985,-57.6012329992,2026,5,May,10,13,6,Domingo,True,Tarde (12-18),[],,OTRA / NO ESPECIFICADA,DISPAROS_PERSONAS
2026-05-10 13:26:00,10016195362,GRECIA y Garay,DISPAROS,PERSONAS,"LLAMANTE REFIERE QUE HAY 5 PERSONAS ARMADAS__NO HAY HERIDOS, NO SABE SI SE DISPARAN ENTRE ELLOS ,LUEGO DICE QUE DISPAAN HACIA ALGUN LUGAR ",GENERAL PUEYRREDON,MAR DEL PLATA,-379851899985.0,-576018579992.0,V ACC-MC,0,-37.9851899985,-57.6018579992,2026,5,May,10,13,6,Domingo,True,Tarde (12-18),[],,OTRA / NO ESPECIFICADA,DISPAROS_PERSONAS
2026-05-10 13:26:00,10016195361,CASTELLI y Paula Albarracin,DISPAROS,PERSONAS,LLAMANTE REFIERE QUE HAY GENTE DISPARANDOSE. NO SABE SI HAY HERIDOS. VIO A UN MASCULINO CON UN REVOLVER EN LA MANO,GENERAL PUEYRREDON,,-379851899985.0,-576018579992.0,V ACC-MC,0,-37.9851899985,-57.6018579992,2026,5,May,10,13,6,Domingo,True,Tarde (12-18),[],,OTRA / NO ESPECIFICADA,DISPAROS_PERSONAS
2026-05-10 13:25:00,10016195357,GRECIA y Castelli,DISPAROS,PERSONAS,"REFIERE QUE REALIZAN TIROS ENTRE PERSONAS, DEJARON UNA BICI TIRADA, DOS PERSONAS, SE FUERON, NO SABE SI HAY HERIDOS. ",GENERAL PUEYRREDON,MAR DEL PLATA,-379851899985.0,-576018579992.0,V ACC-MC,0,-37.9851899985,-57.6018579992,2026,5,May,10,13,6,Domingo,True,Tarde (12-18),[],,OTRA / NO ESPECIFICADA,DISPAROS_PERSONAS
2026-05-10 13:24:00,10016195348,GRECIA al 2818,DISPAROS,PERSONAS,LLAMANTE REFIERE QUE HAY GENTE DISPARANDOSE EN LA VIA PUBLICA. SABE CUANTOS SON,GENERAL PUEYRREDON,MAR DEL PLATA,-3798455357647.0,-5760134740494.0,V ACC-MC,0,-37.98455357647,-57.60134740494,2026,5,May,10,13,6,Domingo,True,Tarde (12-18),[],,OTRA / NO ESPECIFICADA,DISPAROS_PERSONAS
2026-05-09 20:03:00,10016193271,JUNCAL y 3 De Febrero,DISPAROS,PERSONAS,LLAMANTE REFEIRE QUE SUJETOS LE EFECTUARON DISPAROS A SU HERMANO CON EL FIN DE ROBARLE LA CAMIONETA. DESCONCOE SI ESTA HERIDO.  ,GENERAL PUEYRREDON,MAR DEL PLATA,-379796269985.0,-575791179992.0,V ACC-MC,0,-37.9796269985,-57.5791179992,2026,5,May,9,20,5,Sábado,True,Noche (18-24),[],,OTRA / NO ESPECIFICADA,DISPAROS_PERSONAS
2026-05-09 09:43:00,10016191924,NAMUNCURA y Sabino Arana Y Goiri,DISPAROS,PERSONAS,"REFIERE  QUE HAY 4 O 5 PERSONAS ENFRENTANDOSE ENTRE ELLOS, PRODUCIENDO DETONACIONES DE ARMA DE FUEGO, NO SABE SI HAY HERIDOS",GENERAL PUEYRREDON,MAR DEL PLATA,-380205369985.0,-576001149992.0,V ACC-MC,0,-38.0205369985,-57.6001149992,2026,5,May,9,9,5,Sábado,True,Mañana (06-12),[],,OTRA / NO ESPECIFICADA,DISPAROS_PERSONAS
2026-05-09 00:30:00,10016190929,CERRO LANIN al 6700,DISPAROS,PERSONAS,"LLAMANTE REFIERE,__QUE ESCUCHA EN LA CUADRA PELEAS Y DETONACIONES.__SON VARIAS LAS PERSONAS A LOS GRITOS Y SE SUMO UN VEHICULO.__LAS DETONACIONES SON DE PERSONAS A PERSONAS__NO SABE PARA APORTAR MAS , NO SALIO A VER__",GENERAL PUEYRREDON,MAR DEL PLATA,-37906661898012.0,-57527692488991.0,V ACC-MC,0,-37.906661898012,-57.527692488991,2026,5,May,9,0,5,Sábado,True,Madrugada (00-06),[],,OTRA / NO ESPECIFICADA,DISPAROS_PERSONAS
2026-05-08 17:52:00,10016189682,CALLE 50 y CALLE 455,DISPAROS,PERSONAS,"LLAMANTE REFIERE QUE HAY 5 HOMBRES ENCAPUCHADOS DISPARANDOSE ENTRE ELLOS, NO SABE SI HAY HERIDOS",GENERAL PUEYRREDON,MAR DEL PLATA,-380862951997.0,-576120696003.0,POSITIVO,"TITULAR DE ACANTILADOS. PPAL ESCADEPLIA. NEGATIVO INGRESO HASTA EL LUGAR, REF QUE HAY DOS MOVILES EN EL LUGAR APRESTO,  SE ESCUCHAN DETONACIONES POR LA ZONA , PERO NEGATIVO EL INGRESO DE LOS MOVILES YA QUE LAS CALLES ESTAN INTRANSITABLES.  EN  LA DEPENDENCIA SE HACE PRESENTE LA SRA DIAZ MARIA CELESTE A RADICAR. POR CONFLICTO POR UN LOTE. E INDICA AL SR. MATEOLI AGUSTIN. COMO EL MASCULINO QUE ESTARIA CONFRONTANDO. EL MISMO VIVE EN CALLE 453 Y CALLE 50 MANO DERECHA. EN DIAGONAL AL DOMICILIO DE LA VICTIMA.",-38.0862951997,-57.6120696003,2026,5,May,8,17,4,Viernes,False,Tarde (12-18),[],,OTRA / NO ESPECIFICADA,DISPAROS_PERSONAS
2026-05-08 17:34:00,10016189634,CESAR MILSTEIN y Calle 50,DISPAROS,PERSONAS,"LLAMANTE COMUNICA QUE ESTAN DISPARANDOSE ENTRE PERSONAS, SON MUCHOS, CORTA LLAMADA ",GENERAL PUEYRREDON,MAR DEL PLATA,-380862951997.0,-576120696003.0,V ACC-MC,0,-38.0862951997,-57.6120696003,2026,5,May,8,17,4,Viernes,False,Tarde (12-18),[],,OTRA / NO ESPECIFICADA,DISPAROS_PERSONAS
2026-05-08 00:26:00,10016187729,JOSE INGENIEROS al 2976,DISPAROS,PERSONAS,LLAMANTE REFIERE QUE EN UNA CASA TOMADA ESTAN A LOS TIROS DENTRO DEL DOMICILIO. HAY CRIATURAS. SON DOS PERSONAS QUE TIRAN HACIA GENTE LES RECLAMA. NO SABE SI HAY HERIDOS ,GENERAL PUEYRREDON,MAR DEL PLATA,-37949468264793.0,-57541884007591.0,V ACC-MC,0,-37.949468264793,-57.541884007591,2026,5,May,8,0,4,Viernes,False,Madrugada (00-06),[],,OTRA / NO ESPECIFICADA,DISPAROS_PERSONAS
2026-05-07 17:53:00,10016186827,CARMEN DE LAS FLORES y Magallanes,DISPAROS,PERSONAS,"LLAMANTE REFIERE QUE  SE ESTAN PELEANDO, HAY UN AUTO NEGRO CON DOS PERSONAS QUE QUIEREN SACAR A OTRA PERSONA DE LA CASA. SE TIRAN TIROS ENTRE ELLOS. NO SABE SI HAY HERIDOS. ",GENERAL PUEYRREDON,MAR DEL PLATA,-379925469985.0,-576166309992.0,V ACC-MC,0,-37.9925469985,-57.6166309992,2026,5,May,7,17,3,Jueves,False,Tarde (12-18),[],,OTRA / NO ESPECIFICADA,DISPAROS_PERSONAS
2026-05-07 12:06:00,10016185978,INTENDENTE Peralta Ramos al 2730,DISPAROS,PERSONAS,"CCA QUE EN LA PLAZA HAY UNOS MASCULINOS A LOS DISPAROS EN LA PLAZA  , UN ALUMNO DEL SECNDARIO ESTARIA HERIDO DE BALA , EN LA ESCUELA ESTAN TODOS ENCERRADOS , NO SABEN SI SON ALUMNOS O QUIENES SON LAS PERSONAS QUE SE DISPARAN [Id.Remoto: 10016185978]",GENERAL PUEYRREDON,INDEFINIDA,,,REDERIVADO,0,,,2026,5,May,7,12,3,Jueves,False,Tarde (12-18),[],,OTRA / NO ESPECIFICADA,DISPAROS_PERSONAS
2026-05-07 12:05:00,10016185973,HEGUILOR al 2694,DISPAROS,PERSONAS,"LLAMANTE REFIERE QUE ESTÁN A LOS TIROS. DICE QUE SON UN MONTÓN CONTRA UNO, NO INDICA CANTIDAD. NO RESPONDE SI HAY HERIDOS.__",GENERAL PUEYRREDON,MAR DEL PLATA,-380201.0,-576163.0,V ACC-MC,0,-38.0201,-57.6163,2026,5,May,7,12,3,Jueves,False,Tarde (12-18),[],,OTRA / NO ESPECIFICADA,DISPAROS_PERSONAS
2026-05-07 12:04:00,10016185965,HEGUILOR y Gutemberg,DISPAROS,PERSONAS,__LLAMANTE REFIERE QUE HAY UN GRUPO DE MASCULINOS QUE SE ESTAN TIROTEANDO. ES UN MENOR DE EDAD QUE ESTA EFECTUANDO DISPAROS. TIENE CAMPERA MARRON. ,GENERAL PUEYRREDON,MAR DEL PLATA,-380201269985.0,-576163499992.0,JTv,0,-38.0201269985,-57.6163499992,2026,5,May,7,12,3,Jueves,False,Tarde (12-18),[],,OTRA / NO ESPECIFICADA,DISPAROS_PERSONAS
2026-05-07 02:12:00,10016185057,MOLISE al 123,DISPAROS,PERSONAS,"REFIERE QUE DOS MASCULINOS DISCUTIAN, UNO DE ELLOS EFECTUO UNA DETONANCION HACIA EL OTRO. DESCONOCE SI HAY HERIDOS. UNO DE BUZO ROJO, EL QUE DISPARO CAMPERA MARRON TIENE DE 50 AÑOS APROX, SE FUE HACIA RACEDO SOBRE EL ARROYO",GENERAL PUEYRREDON,MAR DEL PLATA,-380955.0,-575566.0,V ACC-MC,0,-38.0955,-57.5566,2026,5,May,7,2,3,Jueves,False,Madrugada (00-06),[],,OTRA / NO ESPECIFICADA,DISPAROS_PERSONAS
2026-05-06 21:45:00,10016184254,FRAGATA SARMIENTO y Rompehielo Gral San Martin,DISPAROS,PERSONAS,"__LLAMANTE MENCIONA QUE LE EFECTUARON UN DISPARO EN EL PECHO A UNA PERSONA, ES UN MASCULINO QUE ESTA SOBRE LA VIA PUBLICA, SE ESTA MURIENDO.- ____",GENERAL PUEYRREDON,MAR DEL PLATA,-380689199985.0,-575764289992.0,JTv,0,-38.0689199985,-57.5764289992,2026,5,May,6,21,2,Miércoles,False,Noche (18-24),[],,OTRA / NO ESPECIFICADA,DISPAROS_PERSONAS
2026-05-06 19:55:00,10016183888,LOS QUEBRACHOS y Zeballos,DISPAROS,PERSONAS,"LLAMANTE DICE QUE SE DISPARABAN ENTRE PERSONAS, ERAN 2 SUJETOS QUE SE FUERON POR LOS QUEBRACHOS Y AHORA HAY UN HOMRBE ARMADO EN EL LUGAR.  MASCULINO DE ENTRE DE 20 Y 25 AÑOS. NO LO PUEDE DESCRIBIR. NO SABE SI HAY HERIDOS. ",GENERAL PUEYRREDON,MAR DEL PLATA,-379352659984.0,-575612369992.0,V ACC-MC,0,-37.9352659984,-57.5612369992,2026,5,May,6,19,2,Miércoles,False,Noche (18-24),[],,OTRA / NO ESPECIFICADA,DISPAROS_PERSONAS
2026-05-06 00:49:00,10016181463,AV PEDRO LURO y Rep Arabe Siria,DISPAROS,PERSONAS,REFIERE QUE 10 PERSONAS EN MOTO SE ESTAN DISPARANDO ENTRE SI. DESCONOCE SI HAY HERIDOS.__HACEN PICADAS EN EL LUGAR. NO APORTA MAS DATOS,GENERAL PUEYRREDON,MAR DEL PLATA,-379645738885.0,-576135060001.0,JTv,0,-37.9645738885,-57.6135060001,2026,5,May,6,0,2,Miércoles,False,Madrugada (00-06),[],,OTRA / NO ESPECIFICADA,DISPAROS_PERSONAS
2026-05-06 00:36:00,10016181429,AV PEDRO LURO y Rep Arabe Siria,DISPAROS,PERSONAS,REFIERE QUE HAY DOS HERIDOS DE ARMA DE FUEGO.__ESTAN DISPARANDO 10 PERSONAS EN MOTO. __DESCONOCE MAS DATOS. ESTAN EN EL PISO LOS HERIDOS,GENERAL PUEYRREDON,MAR DEL PLATA,-379645738885.0,-576135060001.0,V ACC-MC,0,-37.9645738885,-57.6135060001,2026,5,May,6,0,2,Miércoles,False,Madrugada (00-06),[],,OTRA / NO ESPECIFICADA,DISPAROS_PERSONAS
2026-05-05 23:23:00,10016181249,DIAGONAL CANATA al 2482,DISPAROS,PERSONAS,"LLAMANTE REFIERE QUE SE ESTAN DISPARANDO EN LA CALLE,  SE DISPARAN ENTRE SI, NO VE NADA. NO SABE SI HAY HERIDOS.__",GENERAL PUEYRREDON,MAR DEL PLATA,-380511677164.0,-57571588078.0,JTv,0,-38.0511677164,-57.571588078,2026,5,May,5,23,1,Martes,False,Noche (18-24),[],,OTRA / NO ESPECIFICADA,DISPAROS_PERSONAS
2026-05-05 23:14:00,10016181228,DIAGONAL CANATA al 2482,DISPAROS,PERSONAS,"LLAMANTE REFIERE QUE ESTAN PELEANDO ENTRE VECINOS, SE ESCUCHA QUE SE DISPARAN ENTRE SI, NO HAY HERIDOS.- ",GENERAL PUEYRREDON,MAR DEL PLATA,-38051167716436.0,-57571588077972.0,JTv,0,-38.051167716436,-57.571588077972,2026,5,May,5,23,1,Martes,False,Noche (18-24),[],,OTRA / NO ESPECIFICADA,DISPAROS_PERSONAS
2026-05-05 23:11:00,10016181222,DIAGONAL CANATA al 2482,DISPAROS,PERSONAS,"LLAMANTE DICE QUE ESTAN EFECTUANDO DISPAROS EN EL LUGAR Y SE ESTAN PELEANDO, SON MUCHAS PERSONAS, APROX. 10 PERSONAS, VARIOS BANDOS. NO SABE SI HAY HERIDOS. SE DISPARAN ENTRE ELLOS. ",GENERAL PUEYRREDON,MAR DEL PLATA,-38051167716436.0,-57571588077972.0,NEGATIVO,30920 INFORMA QUE ENTREVISTA CON LA VECINA SRA ARGAÑARAZ PRISICLA. NEGATIVO CONFRONTACION NEGATIVO DETONACIONES. ERA UN PROBLEMA POR QUEMA DE BASURA. PANORAMA NORMAL  ,-38.051167716436,-57.571588077972,2026,5,May,5,23,1,Martes,False,Noche (18-24),[],,OTRA / NO ESPECIFICADA,DISPAROS_PERSONAS
2026-05-05 21:39:00,10016180990,REP DE CUBA y Ortiz De Zarate,DISPAROS,PERSONAS,LA LLAMANTE REFIERE QUE SE TIRAN TIROS ENTRE PERSONAS. NO SABE CUANTAS PERSONAS SON. NO SABE SI HAY HERIDOS. ,GENERAL PUEYRREDON,MAR DEL PLATA,-380166209985.0,-575881519992.0,JTv,0,-38.0166209985,-57.5881519992,2026,5,May,5,21,1,Martes,False,Noche (18-24),[],,OTRA / NO ESPECIFICADA,DISPAROS_PERSONAS
2026-05-05 21:29:00,10016180962,ORTIZ DE ZARATE y Rep De Cuba,DISPAROS,PERSONAS,"LLAMANTE DICE QUE RECIEN SE ESCUCHARON DISPAROS Y SE VE UNA PERSONA HERIDA, ES UN MACULINO. SE APOYA CONTRA LA PARED Y ESTA RENGUENADO. SE ESCUCHO SALIR UN AUTO. ",GENERAL PUEYRREDON,MAR DEL PLATA,-380166209985.0,-575881519992.0,JTv,0,-38.0166209985,-57.5881519992,2026,5,May,5,21,1,Martes,False,Noche (18-24),[],,OTRA / NO ESPECIFICADA,DISPAROS_PERSONAS
2026-05-05 08:12:00,10016178907,LOS MANZANOS al 2962,DISPAROS,PERSONAS,"LLAMANTE CCA QUE UN MASCULINO LE TIRO DOS DISPAROS A SU CASA Y AL HIJO DE 11 AÑOS QUE IBA CAMINANDO POR LA VEREDA . NO HAY HERIDOS. EL MASCULINO ANDA EN MOTO AZUL, SE VA  PARA ESTRADA POR VUELTA DE OBLIGADO.EL MASCULINO  ES CONOCIDO DEL BARRIO. NO TIENE MAS DATOS.-",GENERAL PUEYRREDON,MAR DEL PLATA,-37940723006568.0,-57556805610298.0,V ACC-MC,0,-37.940723006568,-57.556805610298,2026,5,May,5,8,1,Martes,False,Mañana (06-12),[],,OTRA / NO ESPECIFICADA,DISPAROS_PERSONAS
2026-05-04 18:09:00,10016177263,SAN CAYETANO al 681,DISPAROS,PERSONAS,LLTE MANIFIESTA QUE HAY AL MENOS 5 PERSONAS PELEANDO A LOS TIROS- NO HABRIA HERIDOS AL MOMENTO ,GENERAL PUEYRREDON,MAR DEL PLATA,-380004.0,-576076.0,V ACC-MC,0,-38.0004,-57.6076,2026,5,May,4,18,0,Lunes,False,Noche (18-24),[],,OTRA / NO ESPECIFICADA,DISPAROS_PERSONAS
2026-05-04 17:30:00,10016177130,AZOPARDO y Luis Agote,DISPAROS,PERSONAS,"LLAMANTE REFIERE QUE HAY PERSONAS DISPARANDOSE ENTRE SI, NO SABE CUANTOS SON. NO SABE SI HAY HERIDOS. VAN Y VIENEN POR LA CUADRA. ",GENERAL PUEYRREDON,MAR DEL PLATA,-380357639985.0,-575713379992.0,JTv,0,-38.0357639985,-57.5713379992,2026,5,May,4,17,0,Lunes,False,Tarde (12-18),[],,OTRA / NO ESPECIFICADA,DISPAROS_PERSONAS
2026-05-03 21:33:00,10016174748,LOS TALAS al 4624,DISPAROS,PERSONAS,"LLTE INDICA QUE HAY UN MASCULINO HERIDO POR UN DISPARO EN LA CABEZA , QUE ES SU TIO- INDICA QUE NO FUE EN OCASCION DE ROBO - SINO QUE PASO UNA MOTO Y LE DISPARARON- ",GENERAL PUEYRREDON,,,,V ACC-MC,0,,,2026,5,May,3,21,6,Domingo,True,Noche (18-24),[],,OTRA / NO ESPECIFICADA,DISPAROS_PERSONAS
2026-05-03 21:32:00,10016174745,LOS TALAS y Joaquin Frengelli,DISPAROS,PERSONAS,"LLAMANTE REFIERE QUE LE PEGARON UN TIRO A  UN MASCULINO, ESTA HERIDO , PASO UN A MOTO Y LE EFECTUARON DETONACIONES, DESCONOCE SI ESTA CONCIENTE . LLAMANTE NO APORTA MAS ",GENERAL PUEYRREDON,MAR DEL PLATA,-379260109984.0,-575436149992.0,V ACC-MC,0,-37.9260109984,-57.5436149992,2026,5,May,3,21,6,Domingo,True,Noche (18-24),[],,OTRA / NO ESPECIFICADA,DISPAROS_PERSONAS
2026-05-03 21:30:00,10016174737,LOS TALAS y Pablo Groeber,DISPAROS,PERSONAS,"__LLAMANTE REFIERE QUE HAY MUCHA GENTE  GRITANDO  Y DICEN QUE HABRIAN DISPARADO A UNA PERSONA , NO SABENSI ESTA CON VIDA ",GENERAL PUEYRREDON,MAR DEL PLATA,-379252779984.0,-575427289992.0,V ACC-MC,0,-37.9252779984,-57.5427289992,2026,5,May,3,21,6,Domingo,True,Noche (18-24),[],,OTRA / NO ESPECIFICADA,DISPAROS_PERSONAS
2026-05-03 21:30:00,10016174736,LOS TALAS al 4664,DISPAROS,PERSONAS,LLAMA POR QUE SUJETOS SE EFECTUARON DISPAROS. POSIBLE  MASCULINO FALLECIDO O HERIDO GRAVE.  APORTA QUE LA FLIA DE ESTE PIDE LA AMBULANCIA .  LOS AGRESORES YA NO ESTARIAN EN EL LUGAR AL PARECER   MONTABAN UNA MOTO.  ,GENERAL PUEYRREDON,MAR DEL PLATA,-37925531919292.0,-57543036705657.0,V ACC-MC,0,-37.925531919292,-57.543036705657,2026,5,May,3,21,6,Domingo,True,Noche (18-24),[],,OTRA / NO ESPECIFICADA,DISPAROS_PERSONAS
2026-05-03 21:26:00,10016174720,LOS TALAS al 4624,DISPAROS,PERSONAS,__LLAMANTE REFIERE QUE  LE DISPARARON A UNA PERSONA EN LA CABEZA,GENERAL PUEYRREDON,MAR DEL PLATA,-37925831102966.0,-5754339833831.0,JTv,0,-37.925831102966,-57.54339833831,2026,5,May,3,21,6,Domingo,True,Noche (18-24),[],,OTRA / NO ESPECIFICADA,DISPAROS_PERSONAS
2026-05-03 15:47:00,10016173795,REMEDIOS DE ESCALADA al 3131,DISPAROS,PERSONAS,"REFIERE QUE SU VECINO DISCUTIO CON SU HIJO Y LE DISPARO, ESTA HERIDO SUS FAMILIARES  LO LLEVARON AL HOSPITAL,  EL MASCULINO ARMADO CONTINUA EN EL DDO.-   TEL 4789227 ",GENERAL PUEYRREDON,MAR DEL PLATA,-37988016432619.0,-57601344647875.0,V ACC-MC,0,-37.988016432619,-57.601344647875,2026,5,May,3,15,6,Domingo,True,Tarde (12-18),[],,OTRA / NO ESPECIFICADA,DISPAROS_PERSONAS
2026-05-03 06:32:00,10016172720,BOLIVAR al 1042,DISPAROS,PERSONAS,"LLAMANTE REFIERE QUE ESCUCHA DISPAROS ENTRE PERSONAS Y  GRITOS DONDE HAY UNA FIESTA, ESTAN DISCUTIENDO, UN MASCULINO HERIDO EN LA PIERNA POR LO QUE ESCUCHO Y  QUE LO  LLEVARON AL HOSPITAL, EL DUEÑO DE LA FIESTA ES EL QUE ESTA ARMADO.-",GENERAL PUEYRREDON,MAR DEL PLATA,-38010502421748.0,-57533884654927.0,V ACC-MC,0,-38.010502421748,-57.533884654927,2026,5,May,3,6,6,Domingo,True,Mañana (06-12),[],,OTRA / NO ESPECIFICADA,DISPAROS_PERSONAS
2026-05-03 01:41:00,10016172207,SAN MARTIN y Funes,DISPAROS,PERSONAS,LLTE REF QUE ESCUCHÓ UN TIROTEO ENTRE PERSONAS APARENTEMENTE__HAY GENTE CORRIENDO __NO SABE SI HAY HERIDOS.-,GENERAL PUEYRREDON,MAR DEL PLATA,-379922989984.0,-575610349992.0,V ACC-MC,0,-37.9922989984,-57.5610349992,2026,5,May,3,1,6,Domingo,True,Madrugada (00-06),[],,OTRA / NO ESPECIFICADA,DISPAROS_PERSONAS
2026-05-03 01:40:00,10016172202,FUNES al 1783,DISPAROS,PERSONAS,LLAMANTE REFIERE QUE  SE DISPARAN   ENTRE BANDAS__ 7 PERSONAS SE FUERON  POR FUNES PARA SAN MARTIN __ Y OTRAS POR RIVADAVIA __NO SABE SI HAY HERIDOS __ NO APORTA MAS DATOS __,GENERAL PUEYRREDON,MAR DEL PLATA,-37992961379554.0,-57561566715825.0,V ACC-MC,0,-37.992961379554,-57.561566715825,2026,5,May,3,1,6,Domingo,True,Madrugada (00-06),[],,OTRA / NO ESPECIFICADA,DISPAROS_PERSONAS
2026-05-03 01:39:00,10016172200,SAN MARTIN y Guido,DISPAROS,PERSONAS,"LLTE REF QUE SE AGRRARON A TIROS__SE DISPARAN ENTRE BANDAS, SE ESUCHAN GRITOS. __NO SABE SI HAY HERIDOS ",GENERAL PUEYRREDON,MAR DEL PLATA,-379928139984.0,-575600499992.0,JTv,0,-37.9928139984,-57.5600499992,2026,5,May,3,1,6,Domingo,True,Madrugada (00-06),[],,OTRA / NO ESPECIFICADA,DISPAROS_PERSONAS
2026-05-03 01:38:00,10016172195,FUNES al 1783,DISPAROS,PERSONAS,LLTE REF QUE ESTAN DISPARANDO __SE EMPEZARON A DISPARAR ENTRE PERSONAS AFUERA DEL GERIATRICO__NO SABE SI HAY HERIDOS.-,GENERAL PUEYRREDON,MAR DEL PLATA,-379929613796.0,-575615667158.0,REDERIVADO,0,-37.9929613796,-57.5615667158,2026,5,May,3,1,6,Domingo,True,Madrugada (00-06),[],,OTRA / NO ESPECIFICADA,DISPAROS_PERSONAS
2026-05-03 00:17:00,10016171971,AZOPARDO al 6279,DISPAROS,PERSONAS,LLAMANTE REFIERE QUE  SE PELEAN MAS DE DIEZ  PERSONAS __ DIAPARARON ENTRE ELLOS __ NO VE HERIDOS __,GENERAL PUEYRREDON,MAR DEL PLATA,-380293.0,-575798.0,NEGATIVO,"MOVIL INFORMA QUE EN LA AMPLIA RECORRIDA EL PANORAMA ES NORMAL, NADIE ENTREVISTA CON EL PERSONAL POLICIAL, MISMO SIGUE EN RECORRIDA.",-38.0293,-57.5798,2026,5,May,3,0,6,Domingo,True,Madrugada (00-06),[],,OTRA / NO ESPECIFICADA,DISPAROS_PERSONAS
2026-05-02 23:09:00,10016171802,ELIAS HASBANI y Calle 20,DISPAROS,PERSONAS,LLAMANTE REFIERE QUE ESTAN EFECTUANDO DISPAROS ENTRE SI. NO SABE SI HAY HERIDOS.,GENERAL PUEYRREDON,MAR DEL PLATA,-381001329985.0,-575898419992.0,V ACC-MC,0,-38.1001329985,-57.5898419992,2026,5,May,2,23,5,Sábado,True,Noche (18-24),[],,OTRA / NO ESPECIFICADA,DISPAROS_PERSONAS
2026-05-02 20:01:00,10016171294,ESTEBAN GASCON y Luciano Arrue,DISPAROS,PERSONAS,LLAMANTE REFIERE QUE VARIAS PERSONAS SE DISPARAN ENTRE SI__DESCONOCE HERIDOS ,GENERAL PUEYRREDON,,-379799149985.0,-576034559992.0,V ACC-MC,0,-37.9799149985,-57.6034559992,2026,5,May,2,20,5,Sábado,True,Noche (18-24),[],,OTRA / NO ESPECIFICADA,DISPAROS_PERSONAS
2026-05-02 05:17:00,10016169231,AV PEDRO LURO y Nicaragua,DISPAROS,PERSONAS,"LLAMANTE REFIERE QUE HAY UNA MOTO DANDO VUELTAS CON DOS MASCULINOS ARMADOS QUE LE DISPARON A OTRO PARA ROBARLE, NO HAY HERIDOS, ES  UNA MOTO  110 COLOR ROJA Y BLANCA NO APORTA MARCA, SE FUERON PARA EL LADO DE LURO Y LUEGO POR CARRILLO.- ",GENERAL PUEYRREDON,MAR DEL PLATA,-379579240913.0,-576266082591.0,V ACC-MC,0,-37.9579240913,-57.6266082591,2026,5,May,2,5,5,Sábado,True,Madrugada (00-06),[],,OTRA / NO ESPECIFICADA,DISPAROS_PERSONAS
2026-05-01 21:08:00,10016167892,LEGUIZAMON y Ituzaingo,DISPAROS,PERSONAS,LLAMANTE REFIERE QUE SE TIRARON TIROS ENTRE PERSONAS. SON 4 O 5 PERSONAS EN DOS O TRES MOTOS. NO SABE SI HAY HERIDOS.,GENERAL PUEYRREDON,MAR DEL PLATA,-379579579985.0,-576039569992.0,NEGATIVO,29150 INF A LA RECORRIDA NEGATIVO ,-37.9579579985,-57.6039569992,2026,5,May,1,21,4,Viernes,False,Noche (18-24),[],,OTRA / NO ESPECIFICADA,DISPAROS_PERSONAS
2026-05-01 20:46:00,10016167802,JOSE MARTI y Calle 69,DISPAROS,PERSONAS,"LLAMANTE REFIERE QUE SE ESTAN PELEANDO EN LA CALLE, SON UN MONTON, ESTAN ARMADOS, SE DISPARAN ENTRE ELLOS. CORTA LA LLAMADA.- ",GENERAL PUEYRREDON,MAR DEL PLATA,-380554209985.0,-575867819992.0,V ACC-MC,0,-38.0554209985,-57.5867819992,2026,5,May,1,20,4,Viernes,False,Noche (18-24),[],,OTRA / NO ESPECIFICADA,DISPAROS_PERSONAS
2026-05-01 19:57:00,10016167610,LABARDEN y Ignacio Olan,DISPAROS,PERSONAS,LLAMANTE REFIERE QUE SE ESTAN TIRANDO TIROS ENTRE PERSONAS. NO SABE CUANTOS SON. SE ESCUCHAN GRITOS. NO SABE SI HAY HERIDOS. ,GENERAL PUEYRREDON,MAR DEL PLATA,-380256379986.0,-576347679992.0,V ACC-MC,0,-38.0256379986,-57.6347679992,2026,5,May,1,19,4,Viernes,False,Noche (18-24),[],,OTRA / NO ESPECIFICADA,DISPAROS_PERSONAS
2026-04-30 23:19:00,10016164772,BOLIVAR y Estado De Israel,DISPAROS,PERSONAS,LA LLAMANTE REFIERE QUE HAY UN MASCULINO MUERTO EN LA ESQUINA DE SU CASA. ESCUCHO DISPAROS EN UNA MOTO. NO VIO A LOS AGRESORES. ,GENERAL PUEYRREDON,MAR DEL PLATA,-379802509985.0,-575936629992.0,REDERIVADO,0,-37.9802509985,-57.5936629992,2026,4,April,30,23,3,Jueves,False,Noche (18-24),[],,OTRA / NO ESPECIFICADA,DISPAROS_PERSONAS
2026-04-30 16:17:00,10016163451,PEATONAL SAN MARTIN al 2442,DISPAROS,PERSONAS,5 MASCULINOS CONFRONTANDO Y EFECTUANDO DISPAROS ENTRE ELLOS EN MEDIO DE LA CALLE.- ,GENERAL PUEYRREDON,MAR DEL PLATA,-380004.0,-575454.0,V ACC-MC,0,-38.0004,-57.5454,2026,4,April,30,16,3,Jueves,False,Tarde (12-18),[],,OTRA / NO ESPECIFICADA,DISPAROS_PERSONAS
2026-04-29 15:29:00,10016160032,AV DE LA HERRADURA NORTE al 2240,DISPAROS,PERSONAS,LTE REFIERE QUE A SU HERMANO Y A SU CUÑADA LOS AGREDEN 10 NN MASCULINOS ARMADOS __EFECTUARON DISPAROS __NO HAY HERIDOS ,GENERAL PUEYRREDON,,,,V ACC-MC,0,,,2026,4,April,29,15,2,Miércoles,False,Tarde (12-18),[],,OTRA / NO ESPECIFICADA,DISPAROS_PERSONAS
2026-04-29 13:43:00,10016159783,CNEL SUAREZ al 2460,DISPAROS,PERSONAS,REFIERE QUE LE PEGARON VARIOS DISPAROS A SU SOBRINO __VARIOS MASCULINOS MENORES . __ESTA HERIDO . DICE QUE SE ESTA DESMAYANDO ,GENERAL PUEYRREDON,MAR DEL PLATA,-37979107226864.0,-5760418544363.0,V ACC-MC,0,-37.979107226864,-57.60418544363,2026,4,April,29,13,2,Miércoles,False,Tarde (12-18),[],,OTRA / NO ESPECIFICADA,DISPAROS_PERSONAS
2026-04-29 13:41:00,10016159777,CNEL SUAREZ al 2460,DISPAROS,PERSONAS,REFIERE DOS MASCULINOS  EFECTUARON DISPAROS A SU SOBRINO .  __MASCULINO HERIDO ,GENERAL PUEYRREDON,MAR DEL PLATA,-37979107226864.0,-5760418544363.0,V ACC-MC,0,-37.979107226864,-57.60418544363,2026,4,April,29,13,2,Miércoles,False,Tarde (12-18),[],,OTRA / NO ESPECIFICADA,DISPAROS_PERSONAS
2026-04-29 13:40:00,10016159771,FALUCHO y Cnel Suarez,DISPAROS,PERSONAS,LTE REFIERE QUE HAY UNA CONFRONTACION DE JOVENES__NO DISTINGUE CUANTOS SON__ESCUCHO 3 O 4 DETONACIONES Y HAY UN HERIDO EN EL PISO ,GENERAL PUEYRREDON,MAR DEL PLATA,-379786109985.0,-576037939992.0,V ACC-MC,0,-37.9786109985,-57.6037939992,2026,4,April,29,13,2,Miércoles,False,Tarde (12-18),[],,OTRA / NO ESPECIFICADA,DISPAROS_PERSONAS
2026-04-29 13:39:00,10016159769,CNEL SUAREZ al 2460,DISPAROS,PERSONAS,REFIERE QUE LE PEGARON 3 TIROS A SU SOBRINO MENOR DE EDAD . ESTA HERIDO . LLTE NO APORTA MAS DATOS ,GENERAL PUEYRREDON,MAR DEL PLATA,-37979107226864.0,-5760418544363.0,Analizado por ACC-MC,0,-37.979107226864,-57.60418544363,2026,4,April,29,13,2,Miércoles,False,Tarde (12-18),[],,OTRA / NO ESPECIFICADA,DISPAROS_PERSONAS
2026-04-28 17:31:00,10016157159,AZOPARDO y Carmen De Las Flores,DISPAROS,PERSONAS,__LLAMANTE REFIERE QUE LE PEGARON UN TIRO A UN CHICO EN LOS PIES. EL QUE DISPARO ERA UNO SOLO. NO SABE COMO ESTA VESTIDO. VIVE EN EL LUGAR EL QUE DISPARO. ES UN CHAPON NEGRO. SE LLAMA JONATAN MIRANDA. ,GENERAL PUEYRREDON,MAR DEL PLATA,-379966559985.0,-576231839992.0,JTv,0,-37.9966559985,-57.6231839992,2026,4,April,28,17,1,Martes,False,Tarde (12-18),[],,OTRA / NO ESPECIFICADA,DISPAROS_PERSONAS
2026-04-27 11:26:00,10016153385,GARCIA LORCA al 9319,DISPAROS,PERSONAS,"LLAMANTE REFIERE QUE HAY GENTE A LOS TIROS. SE DISPARAN ENTRE ELLOS. NO VE CUANTOS SON. NO SABE SI HAY HERIDOS. VIO A UN AUTO GRIS DANDO VUELTAS, PERO NO TIENE CARACTERISTICAS.  ",GENERAL PUEYRREDON,MAR DEL PLATA,-38020725965154.0,-57620680006327.0,JTv,0,-38.020725965154,-57.620680006327,2026,4,April,27,11,0,Lunes,False,Mañana (06-12),[],,OTRA / NO ESPECIFICADA,DISPAROS_PERSONAS
2026-04-27 11:26:00,10016153384,GARCIA LORCA y Vignolo,DISPAROS,PERSONAS,LLAMANTE REFIERE QUE HAY GENTE DISPARANDOSE EN VIA PUBLICA. NO APORTA MAS DATOS,GENERAL PUEYRREDON,,-380208429985.0,-576205239992.0,V ACC-MC,0,-38.0208429985,-57.6205239992,2026,4,April,27,11,0,Lunes,False,Mañana (06-12),[],,OTRA / NO ESPECIFICADA,DISPAROS_PERSONAS
2026-04-27 11:23:00,10016153377,GARCIA LORCA y Vignolo,DISPAROS,PERSONAS,LLAMANTE REFIERE QUE ANDAN 4 / 5 PERSONAS EN UN AUTO NEGRO A LOS TIROS. __NO SABE SI HAY HERIDOS. __SE DISPARAN CON OTRAS PERSONAS,GENERAL PUEYRREDON,MAR DEL PLATA,-380208429985.0,-576205239992.0,V ACC-MC,0,-38.0208429985,-57.6205239992,2026,4,April,27,11,0,Lunes,False,Mañana (06-12),[],,OTRA / NO ESPECIFICADA,DISPAROS_PERSONAS
2026-04-27 11:23:00,10016153376,VIGNOLO al 3028,DISPAROS,PERSONAS,"REFIERE QUE HAY UN AUTO NEGRO CON 2 MASCULINOS QUE ESTAN EFECTUANDO DISPAROS __CON UNO CON EL ARMA CON LA MANO AFUERA, CAMPERA COLOR COMO FLUOR NARANJA Y AMARILLA, COLORES FLUOR__NO HAY HERIDOS , QUE ESTAN COMO BUSCANDO A ALGUIEN, COMO QUE SE TIROTEAN CON ALGUIEN",GENERAL PUEYRREDON,MAR DEL PLATA,-380211.0,-576207.0,V ACC-MC,0,-38.0211,-57.6207,2026,4,April,27,11,0,Lunes,False,Mañana (06-12),[],,OTRA / NO ESPECIFICADA,DISPAROS_PERSONAS
2026-04-27 11:23:00,10016153373,VIGNOLO al 2981,DISPAROS,PERSONAS,REFIERE SE ESTAN TIROTEANDO  4 MASC  EN UN AUTO  NEGRO EFETUANDO DISPAROS CON OTRO MASC QUE SE METIO EN UNA CASA .- NO HAY HERIDOS .- ,GENERAL PUEYRREDON,MAR DEL PLATA,-380207208357.0,-576203751726.0,V ACC-MC,0,-38.0207208357,-57.6203751726,2026,4,April,27,11,0,Lunes,False,Mañana (06-12),[],,OTRA / NO ESPECIFICADA,DISPAROS_PERSONAS
2026-04-27 11:22:00,10016153371,GARCIA LORCA y Vignolo,DISPAROS,PERSONAS,"LLAMANTE REFIERE QUE PASARON DOS EN UNA MOTO Y OTRO EN UN AUTO GRIS, QUE SE DISPARABAN ENTRE ELLOS. NO SABE SI HAY HERIDOS. NO LOS CONOCE. ",GENERAL PUEYRREDON,MAR DEL PLATA,-380208429985.0,-576205239992.0,REDERIVADO,0,-38.0208429985,-57.6205239992,2026,4,April,27,11,0,Lunes,False,Mañana (06-12),[],,OTRA / NO ESPECIFICADA,DISPAROS_PERSONAS
2026-04-27 10:47:00,10016153292,AV VERTIZ al 11745,DISPAROS,PERSONAS,"LLAMANTE REFIERE QUE EN EL LUGAR HAY UN MASCULINO QUE ESTA HERIDODE ARMA DE FUEGO S EESTA DESANGRANDO__NO VIO AGRESORES, ESCUCHO LOS DISPAROS",GENERAL PUEYRREDON,MAR DEL PLATA,-379924.0,-57627.0,JTv,0,-37.9924,-57.627,2026,4,April,27,10,0,Lunes,False,Mañana (06-12),[],,OTRA / NO ESPECIFICADA,DISPAROS_PERSONAS
2026-04-27 10:43:00,10016153276,AV VERTIZ al 11763,DISPAROS,PERSONAS,"LLAMANTE REFIERE QUE EN EL LUGAR HUBO UN TIROTEO , REFIERE QUE SE TIRABAN POR LA CALLE NO SABE CUANTAS PERSONAS SON , HAY UNA PERSONA HERIDA",GENERAL PUEYRREDON,MAR DEL PLATA,-379923177552.0,-576271923409.0,JTv,0,-37.9923177552,-57.6271923409,2026,4,April,27,10,0,Lunes,False,Mañana (06-12),[],,OTRA / NO ESPECIFICADA,DISPAROS_PERSONAS
2026-04-27 10:43:00,10016153274,AV VERTIZ y Calle 234,DISPAROS,PERSONAS,LLAMANTE REIFERE QUE PASARON TIRANDO TIROS Y HAY UN MASCULINO HERIDO. NO TIENE DATOS DE LOS AGRESORES ,GENERAL PUEYRREDON,MAR DEL PLATA,-379920859986.0,-576275169992.0,JTv,0,-37.9920859986,-57.6275169992,2026,4,April,27,10,0,Lunes,False,Mañana (06-12),[],,OTRA / NO ESPECIFICADA,DISPAROS_PERSONAS
2026-04-27 10:43:00,10016153273,AV VERTIZ al 11755,DISPAROS,PERSONAS,LLAMANTE DICE QUE YA LLAMO PORQUE LE DISPARARON A UN MASCULINO Y SE METIO EN EL PATIO DE LA CASA. ESTA  HERIDO DE ARMA DE FUEGO ,GENERAL PUEYRREDON,MAR DEL PLATA,-379922.0,-57627.0,JTv,0,-37.9922,-57.627,2026,4,April,27,10,0,Lunes,False,Mañana (06-12),[],,OTRA / NO ESPECIFICADA,DISPAROS_PERSONAS
2026-04-27 10:40:00,10016153267,AV VERTIZ al 11773,DISPAROS,PERSONAS,"REFIERE  SE ESTABAN TIROTEANDO  EN LA CALLE , UNO DE LOS MASC HERIDO DE BALA INGRESO A SU CASA , EST DEL LADO DE ADENTRO DE LA REJA ",GENERAL PUEYRREDON,MAR DEL PLATA,-37992253265436.0,-57627282442907.0,REDERIVADO,0,-37.992253265436,-57.627282442907,2026,4,April,27,10,0,Lunes,False,Mañana (06-12),[],,OTRA / NO ESPECIFICADA,DISPAROS_PERSONAS
2026-04-26 22:47:00,10016152239,BENITO LYNCH al 3067,DISPAROS,PERSONAS,"LLTE INDICA QUE HAY UN MACSULINO ALTO, PARADO EN LA ESQUINA CAMPERA NEGRA. ESCUCHO AL MENOS DETONACIONES- ESCUCHO GRITERIO Y NO SABE SI HAY HERIDOS- TAMBIEN HABRIA UN GOL GRIS- VIDRIO DE ACOMPAÑANTE ROTO Y PASA VARIAS VECES POR EL LUGAR ",GENERAL PUEYRREDON,MAR DEL PLATA,-38062794112338.0,-57566660531088.0,VSup,0,-38.062794112338,-57.566660531088,2026,4,April,26,22,6,Domingo,True,Noche (18-24),[],,OTRA / NO ESPECIFICADA,DISPAROS_PERSONAS
2026-04-26 12:56:00,10016150485,JUAN DE DIOS FILIBERTO al 1676,DISPAROS,PERSONAS,"LLAMANTE REFIERE QUE EN EL LUGAR PASO UN APAREJA , EL MASCULINO DISCUTIO Y LE DIERON 4 BALAZOS, REFIERE QUE LO HIERIERON EN LA PIERNA CREE QUE DERECHA , REFIERE QUE EL MASCULINO SE FUE RENGUEANDO CON LA FEMENINA, REFIERE QUE UNO EN UN AMOTO LO LLEVO Y QUE ESTABA HERIDO EN LA PIERNA NO SABE A DONDE",GENERAL PUEYRREDON,MAR DEL PLATA,-380018.0,-576228.0,V ACC-MC,0,-38.0018,-57.6228,2026,4,April,26,12,6,Domingo,True,Tarde (12-18),[],,OTRA / NO ESPECIFICADA,DISPAROS_PERSONAS
2026-04-26 12:50:00,10016150464,JUAN DE DIOS FILIBERTO y Soler,DISPAROS,PERSONAS,LLAMANTE DICE QUE HAY PERSONAS CONFRONTANDO EN LA CALLE EFECTUANDO DISPAROS DE ARMA DE FUEGO INFORMA QUE AHORA SE ESCONDIERON EN CASA AZUL POR SOBRE CALLE  JUAN DE DIOS FILIBERTO EN FRENTE A PAREDON AZUL,GENERAL PUEYRREDON,MAR DEL PLATA,-380019369985.0,-576230199992.0,V ACC-MC,0,-38.0019369985,-57.6230199992,2026,4,April,26,12,6,Domingo,True,Tarde (12-18),[],,OTRA / NO ESPECIFICADA,DISPAROS_PERSONAS
2026-04-26 12:34:00,10016150428,JUAN DE DIOS FILIBERTO y Soler,DISPAROS,PERSONAS,LLAMANTE REFIERE QUE HAY APROX 4 NN DISPARANDOSE. HAY UN MASCULINO HERIDO EN LA PIERNA,GENERAL PUEYRREDON,MAR DEL PLATA,-380012559985.0,-576222059992.0,V ACC-MC,0,-38.0012559985,-57.6222059992,2026,4,April,26,12,6,Domingo,True,Tarde (12-18),[],,OTRA / NO ESPECIFICADA,DISPAROS_PERSONAS
2026-04-26 12:32:00,10016150415,JUAN DE DIOS FILIBERTO al 1676,DISPAROS,PERSONAS,"REFIERE QUE HAY UN TIROTEO FUERA DE LA CASA DE SU HERMANA,  NO SABE ENTRE CUANTAS PERSONAS__NO SABE SI HAY HERIDOS__QUE SU HERMANA ESTA TIRADA EN EL PISO CON UN BEBE ",GENERAL PUEYRREDON,MAR DEL PLATA,-38001784504486.0,-57622836943696.0,V ACC-MC,0,-38.001784504486,-57.622836943696,2026,4,April,26,12,6,Domingo,True,Tarde (12-18),[],,OTRA / NO ESPECIFICADA,DISPAROS_PERSONAS
2026-04-26 12:30:00,10016150411,JUAN DE DIOS FILIBERTO al 1679,DISPAROS,PERSONAS,LLAMANTE MENCIONA QUE LE DISPARARON A UN CHICO__LA PERSONA QUE DISPARO ERA CHICA DE PELO LARGO CON UN CHICO EN UNA MOTO,GENERAL PUEYRREDON,MAR DEL PLATA,-38001797635461.0,-57622854197607.0,V ACC-MC,0,-38.001797635461,-57.622854197607,2026,4,April,26,12,6,Domingo,True,Tarde (12-18),[],,OTRA / NO ESPECIFICADA,DISPAROS_PERSONAS
2026-04-26 12:30:00,10016150410,JUAN DE DIOS FILIBERTO y Tripulantes Del Fournier,DISPAROS,PERSONAS,LLAMANTE REFIERE QUE HAY GENTE DISPARANDOSE EN LA VIA PUBLICA. CORTA LA LLAMADA,GENERAL PUEYRREDON,MAR DEL PLATA,-380012559985.0,-576222059992.0,JTv,0,-38.0012559985,-57.6222059992,2026,4,April,26,12,6,Domingo,True,Tarde (12-18),[],,OTRA / NO ESPECIFICADA,DISPAROS_PERSONAS
2026-04-26 12:29:00,10016150409,216 y 33,DISPAROS,PERSONAS,"LLAMANTE REFIERE QUE UNA PAREJA (FEM Y MASC) EN MOTO LE DISPARAN A OTRO EN EL PISO__LE DIERON 3 DISPAROS. __EL AGRESOR TIENE CAPERA ROJA Y NEGRA. MOTO TIPO 110 , TIPO GILERA__CREE Q LO HIRIERON DE BALA",GENERAL PUEYRREDON,,,,V ACC-MC,0,,,2026,4,April,26,12,6,Domingo,True,Tarde (12-18),[],,OTRA / NO ESPECIFICADA,DISPAROS_PERSONAS
2026-04-26 09:46:00,10016150026,JUANA AZURDUY y Azopardo,DISPAROS,PERSONAS,LLAMANTE REFIERE QUE HAY 3 A 4 PERSONAS QUE TAN A LOS TIROS. NO HAY HERIDOS. UNO DE LOS QUE DISPARAN ES EL TAL *BOLI* Y LA POLICIA LO CONOCE. ,GENERAL PUEYRREDON,MAR DEL PLATA,-379953179985.0,-576231969992.0,V ACC-MC,0,-37.9953179985,-57.6231969992,2026,4,April,26,9,6,Domingo,True,Mañana (06-12),[],,OTRA / NO ESPECIFICADA,DISPAROS_PERSONAS
2026-04-25 19:12:00,10016147807,AV CARLOS GARDEL al 1139,DISPAROS,PERSONAS,"LLAMANTE REFIERE QUE UN MASCULINO CON UN ARMA DE FUEGO LE DISPARO A OTRO EN LA VIA PUBLICA, NO LOGRO HERIRLO. LOS AGRESORES SON UNA PAREJA, VAN POR AV CARLOS GARDEL SENTIDO HACIA LA COMISARIA 11. NO HAY HERIDOS. LA VICTIMA ESTA EN UN CHINO. LOS AGRESORES VISTEN ROPA OSCURA Y CHALECO BLANCO. ",GENERAL PUEYRREDON,MAR DEL PLATA,-379987.0,-576176.0,V ACC-MC,0,-37.9987,-57.6176,2026,4,April,25,19,5,Sábado,True,Noche (18-24),[],,OTRA / NO ESPECIFICADA,DISPAROS_PERSONAS
2026-04-25 07:49:00,10016146027,VIA FC GRAL ROCA y Av Vertiz,DISPAROS,PERSONAS,"REFIERE QUE SE ESCUCHARON DISPAROS Y UN CHICO EN LA VIA PUBLICA QUE GRITA CREE QUE LE DISPARARON, NO SABE EN QUE ESTADO ESTA",GENERAL PUEYRREDON,MAR DEL PLATA,-380194.0,-57.59,V ACC-MC,0,-38.0194,,2026,4,April,25,7,5,Sábado,True,Mañana (06-12),[],,OTRA / NO ESPECIFICADA,DISPAROS_PERSONAS
2026-04-25 07:49:00,10016146025,SAN SALVADOR al 7553,DISPAROS,PERSONAS,"REFIERE QUE ESTAN DISPARANDOSE VARIAS PERSONAS,  HAY UN HERIDO.- ____",GENERAL PUEYRREDON,MAR DEL PLATA,-380193.0,-575894.0,Telefonía Fija/Móvil,0,-38.0193,-57.5894,2026,4,April,25,7,5,Sábado,True,Mañana (06-12),[],,OTRA / NO ESPECIFICADA,DISPAROS_PERSONAS
2026-04-25 01:51:00,10016145231,31,DISPAROS,PERSONAS,"LLAMANTE CCA QUE PASO POR EL LUGAR Y LE EFECTUARON UN DISPAROS, NO ESTA LASTIMADO, EL AGRESOR ES UN MASCULINO EN SILLA DE RUEDAS CON UNA PISTOLA QUE TIENE UNA LUZ VERDE. NO SABE CUANTOS SON, NO HAY HERIDOS. LLAMANTE SE FUE DEL LUGAR.-",GENERAL PUEYRREDON,,,,V ACC-MC,0,,,2026,4,April,25,1,5,Sábado,True,Madrugada (00-06),[],,OTRA / NO ESPECIFICADA,DISPAROS_PERSONAS
2026-04-24 22:31:00,10016144604,CIUDAD SAN CAYETANO y Garcia Lorca,DISPAROS,PERSONAS,"LLAMANTE DICE QUE SE ARMO UN TIROTEO EN EL LUGAR, ES ENTRE VARIAS PERSONAS QUE SE DISPARAN, NO SABE CUANTAS PERSONAS SON. NO SABE SI HAY HERIDOS. ",GENERAL PUEYRREDON,MAR DEL PLATA,-380163379986.0,-576265419992.0,JTv,0,-38.0163379986,-57.6265419992,2026,4,April,24,22,4,Viernes,False,Noche (18-24),[],,OTRA / NO ESPECIFICADA,DISPAROS_PERSONAS
2026-04-24 18:32:00,10016143765,SAN FRANCISCO JAVIER y Av Vertiz,DISPAROS,PERSONAS,LLAMANTE REFIERE QUE HAY UN TIROTEO EN EL CAMPO__HAYMUCHAS PERSONAS__HAY UNA PERSONA QUE RECIÉN FALLECIÓ EN EL LUGAR,GENERAL PUEYRREDON,MAR DEL PLATA,-379890379986.0,-576314239992.0,V ACC-MC,0,-37.9890379986,-57.6314239992,2026,4,April,24,18,4,Viernes,False,Noche (18-24),[],,OTRA / NO ESPECIFICADA,DISPAROS_PERSONAS
2026-04-24 15:45:00,10016143233,SAN FRANCISCO JAVIER y San Salvador,DISPAROS,PERSONAS,GRUPO DE VARIOS MASCULINOS ENFRENTANDOSE A LOS DISPAROS EN EL LUGAR. SERIAN UNOS 10.-,GENERAL PUEYRREDON,,-379882211704.0,-576304393664.0,JTv,0,-37.9882211704,-57.6304393664,2026,4,April,24,15,4,Viernes,False,Tarde (12-18),[],,OTRA / NO ESPECIFICADA,DISPAROS_PERSONAS
2026-04-23 21:26:00,10016140895,BAHIA BLANCA y Rivadavia,DISPAROS,PERSONAS,"__LLAMANTE MENCIONA QUE A MITAD DE CUADRA ESTAN EFECTUANDO DISPAROS A UNA CASA, NO APORTA DATOS DE LA CANTIDAD DE AGRESORES O SI HAY HERIDOS.- ",GENERAL PUEYRREDON,,-379801189985.0,-575851329992.0,REDERIVADO,0,-37.9801189985,-57.5851329992,2026,4,April,23,21,3,Jueves,False,Noche (18-24),[],,OTRA / NO ESPECIFICADA,DISPAROS_PERSONAS
2026-04-23 02:41:00,10016138118,AV DE LOS TRABAJADORES y Magallanes,DISPAROS,PERSONAS,"LLAMANTE REFIERE QUE 2 O 3 SUJETOS SE PELEAN Y SE DISPARAN ENTRE ELLOS  , NO HAY HERIDOS ",GENERAL PUEYRREDON,MAR DEL PLATA,-380467997699.0,-575445316183.0,NEGATIVO,34839 INF EN EL LUGAR NEGATIVO PERSONAS DISPAROS - RECORRIDA NORMAL NADIE ENTREVISTA ,-38.0467997699,-57.5445316183,2026,4,April,23,2,3,Jueves,False,Madrugada (00-06),[],,OTRA / NO ESPECIFICADA,DISPAROS_PERSONAS
2026-04-23 01:21:00,10016137985,LOS TALAS al 4550,VIOLENCIA,NO FAMILIAR,"LLAMANTE REFIERE QUE LE AVISO SU PRIMO QUE LASTIMARON A UN MASCULINO MENOR DE EDAD, LE PEGARON UN TIRO EN LA PIERNA,. HAY UN CONFLICTO ENTRE VECINOS, QUE VIVEN EN EL MISMO LUGAR__SON APROX 10/15 PERSONAS",GENERAL PUEYRREDON,MAR DEL PLATA,-379263750209.0,-575440571133.0,V ACC-MC,0,-37.9263750209,-57.5440571133,2026,4,April,23,1,3,Jueves,False,Madrugada (00-06),[],,OTRA / NO ESPECIFICADA,DISPAROS_PERSONAS
2026-04-23 01:19:00,10016137982,LOS GRANADOS y FRANGELLI,DISPAROS,PERSONAS,REFIERE QUE HAY UNA PELEA ENTRE VECINOS. SE DISPARAN ENTRE SI. HAY NIÑOS EN EL LUGAR. DESCONOCE SI HAY HERIDOS. HAY 10 PERSONAS,GENERAL PUEYRREDON,,,,V ACC-MC,0,,,2026,4,April,23,1,3,Jueves,False,Madrugada (00-06),[],,OTRA / NO ESPECIFICADA,DISPAROS_PERSONAS
2026-04-21 20:44:00,10016134269,RODRIGUEZ PEÑA y Peru,DISPAROS,PERSONAS,LLAMANTE REFIERE QUE HAY APROX 6 PERSONAS A LOS TIROS EN LA CALLE__SE DISPARAN ENTRE ELLOS__NO SABE SI HAY HERIDOS__,GENERAL PUEYRREDON,MAR DEL PLATA,-379977529985.0,-575880169992.0,JTv,0,-37.9977529985,-57.5880169992,2026,4,April,21,20,1,Martes,False,Noche (18-24),[],,OTRA / NO ESPECIFICADA,DISPAROS_PERSONAS
2026-04-21 06:47:00,10016132406,9 DE JULIO al 9950,DISPAROS,PERSONAS,"REFIERE QUE ESCUCHA DISPAROS, GRITOS , APARENTEMENTE INTENTARON ROBAR UNA CAMIONETA. LE DISPARARON AL DUEÑO DE LA CAMIONETA. NO TIENE MAS DATOS.LO VE DESDE LEJOS.-",GENERAL PUEYRREDON,MAR DEL PLATA,-37959523219933.0,-57618792021389.0,Telefonía Fija/Móvil,0,-37.959523219933,-57.618792021389,2026,4,April,21,6,1,Martes,False,Mañana (06-12),[],,OTRA / NO ESPECIFICADA,DISPAROS_PERSONAS
2026-04-20 16:33:00,10016130747,ASTURIAS al 1793,DISPAROS,PERSONAS,LLAMANTE REFIERE QUE SU EX MARIDO TIENE PROBLEMAS DE ADICCIONES Y LLEGO A SU CASA CON HERIDAS DE ARMA DE FUEGO EN LAS PIERNAS Y EL ROSTRO. DESCONOCE DONDE ESTAN LOS AGRESORES.DESCONOCE MAS DATOS ,GENERAL PUEYRREDON,MAR DEL PLATA,-37946644691456.0,-57576546460314.0,JTv,0,-37.946644691456,-57.576546460314,2026,4,April,20,16,0,Lunes,False,Tarde (12-18),[],,OTRA / NO ESPECIFICADA,DISPAROS_PERSONAS
2026-04-20 15:49:00,10016130644,AV DELLA PAOLERA al 1876,DISPAROS,PERSONAS,"__LLAMANTE REFIERE QUE REGRESO UN MASCULINO , LO VIO TODO GOLPEADO Y DICE QUE TIENE UN IMPACTO DE BALA , SE FUR POR BUGABURO PARA EROPARQUE , VISTE JOGOSN NEGRO CAMPERA MITAD  BLNACA Y MITAD AZUL Y MOCHILA DE COLOR  NEGRA CON  LOGO DE NIKE ",GENERAL PUEYRREDON,,-379461913454.0,-575718515293.0,Analizado por ACC-MC,0,-37.9461913454,-57.5718515293,2026,4,April,20,15,0,Lunes,False,Tarde (12-18),[],,OTRA / NO ESPECIFICADA,DISPAROS_PERSONAS
2026-04-19 21:43:00,10016128160,DIAGONAL CANATA al 2555,DISPAROS,PERSONAS,LLAMANTE REFIERE QUE SE PELEAN VARIAS PERSONAS Y SE DISPARAN ENTRE ELLOS __NO HAY HERIDOS ,GENERAL PUEYRREDON,MAR DEL PLATA,-38051851459781.0,-57571862758095.0,V ACC-MC,0,-38.051851459781,-57.571862758095,2026,4,April,19,21,6,Domingo,True,Noche (18-24),[],,OTRA / NO ESPECIFICADA,DISPAROS_PERSONAS
2026-04-19 13:01:00,10016126323,GARAY al 7278,DISPAROS,PERSONAS,LLAMANTE REFIERE QUE LE DISPARARON A UN CHICO Y NO SABE SI HAY HERIDOS. YA LLEGO LA POLICIA Y DETUVIERON A UN MASCULINO. ,GENERAL PUEYRREDON,MAR DEL PLATA,-37984513098068.0,-5760102955078.0,JTv,0,-37.984513098068,-57.60102955078,2026,4,April,19,13,6,Domingo,True,Tarde (12-18),[],,OTRA / NO ESPECIFICADA,DISPAROS_PERSONAS
2026-04-18 14:49:00,10016122286,AV COLON al 11910,DISPAROS,PERSONAS,"LLAMANTE REFIERE QUE SE ESTAN DISPARANDO Y QUIEREN MATAR A UNO. HAY MUCHA GENTE. NO SABE SI HAY HERIDOS. SON 10 A 15 PERSONAS. FUE EL MOVIL, PERO LO INDICARON QUE ERA MAS AL FONDO Y PASO DE LARGO",GENERAL PUEYRREDON,MAR DEL PLATA,-37955984314857.0,-57642828030685.0,V ACC-MC,0,-37.955984314857,-57.642828030685,2026,4,April,18,14,5,Sábado,True,Tarde (12-18),[],,OTRA / NO ESPECIFICADA,DISPAROS_PERSONAS
2026-04-18 14:30:00,10016122212,AV DE LA HERRADURA SUR y Pedro Goyena,DISPAROS,PERSONAS,LLAMANTE REFIERE QUE HAY PERSONAS QUE SE ESTAN AGARRANDO A LOS TIROS. NO SABE SI HAY HERIDOS. NO SABE CUANTOS SON. HAY MENORES EN EL LUGAR ,GENERAL PUEYRREDON,MAR DEL PLATA,-379541499986.0,-576404399992.0,V ACC-MC,0,-37.9541499986,-57.6404399992,2026,4,April,18,14,5,Sábado,True,Tarde (12-18),[],,OTRA / NO ESPECIFICADA,DISPAROS_PERSONAS
2026-04-18 14:29:00,10016122208,PEDRO GOYENA y Av De La Herradura SUR ,DISPAROS,PERSONAS,"LLAMANTE REFIERE QUE HAY PERSONAS A LOS TIROS. SOLO ESCUCHA, NO VE SI HAY HERIDOS O CUANTAS PERSONAS SON ",GENERAL PUEYRREDON,MAR DEL PLATA,-379539441564.0,-57641359917.0,V ACC-MC,0,-37.9539441564,-57.641359917,2026,4,April,18,14,5,Sábado,True,Tarde (12-18),[],,OTRA / NO ESPECIFICADA,DISPAROS_PERSONAS
2026-04-18 14:28:00,10016122199,BELGRANO y Av De La Herradura Norte,DISPAROS,PERSONAS,LLAMANTE REFIERE QUE HAY APROX 7 NN DIDPARANDOSE. NO SABE SI HAY HERIDOS. ,GENERAL PUEYRREDON,MAR DEL PLATA,-379536309986.0,-576399049992.0,V ACC-MC,0,-37.9536309986,-57.6399049992,2026,4,April,18,14,5,Sábado,True,Tarde (12-18),[],,OTRA / NO ESPECIFICADA,DISPAROS_PERSONAS
2026-04-18 08:53:00,10016121458,GAMAL NASSER al 1874,DISPAROS,PERSONAS,"LLAMANTE REFIERE QUE EL EX CUÑADO LE PEGO UN TIRO A LA PAREJA DE LA LLTE. __LE PEGO EN LAS COSTILLAS, ZONA DEL PULMON__EL AGRESOR SE FUE. Y AL IRSE TAMBIEN LE DISPARO A OTRA PERSONA EN LA OTRA CUADRA, NO APORTA UBICACION DE DÓNDE ESTARÍA EL OTRO HERIDO",GENERAL PUEYRREDON,MAR DEL PLATA,-37979489353273.0,-57590234120274.0,V ACC-MC,0,-37.979489353273,-57.590234120274,2026,4,April,18,8,5,Sábado,True,Mañana (06-12),[],,OTRA / NO ESPECIFICADA,DISPAROS_PERSONAS
2026-04-18 08:52:00,10016121453,RIVADAVIA al 7029,DISPAROS,PERSONAS,"HAY UN MASCULINO HERIDO DE BALA, LO TIROTEARON, CREE QUE FUE EN POR UN ROBO.- ",GENERAL PUEYRREDON,MAR DEL PLATA,-37977730839649.0,-57592039627518.0,V ACC-MC,0,-37.977730839649,-57.592039627518,2026,4,April,18,8,5,Sábado,True,Mañana (06-12),[],,OTRA / NO ESPECIFICADA,DISPAROS_PERSONAS
2026-04-18 08:50:00,10016121450,ESTADO DE ISRAEL y Rivadavia,DISPAROS,PERSONAS,"REFIERE QUE LE PEGARON UN TIRO A UN HOMBRE MAYOR, LE PARECE QUE LE QUISIERON ROBAR, EL DELINCUENTE SE FUE CORRIENDO, TAMBIEN HERIDO, POR RIVADAVIA PARA CHAMPAGNAT. ",GENERAL PUEYRREDON,MAR DEL PLATA,-379778809985.0,-575917489992.0,V ACC-MC,0,-37.9778809985,-57.5917489992,2026,4,April,18,8,5,Sábado,True,Mañana (06-12),[],,OTRA / NO ESPECIFICADA,DISPAROS_PERSONAS
2026-04-18 08:49:00,10016121446,RIVADAVIA al 7000,DISPAROS,PERSONAS,"LLAMANTE REFIERE QUE LE PEGARON UN TIRO A UNA SEÑORA, DESCONOCE EN QUE CIRCUNSTANCIAS",GENERAL PUEYRREDON,MAR DEL PLATA,-37977881443059.0,-57591749228039.0,V ACC-MC,0,-37.977881443059,-57.591749228039,2026,4,April,18,8,5,Sábado,True,Mañana (06-12),[],,OTRA / NO ESPECIFICADA,DISPAROS_PERSONAS
2026-04-18 08:48:00,10016121442,ESTADO DE ISRAEL al 1741,DISPAROS,PERSONAS,"LLAMANTE REFIERE QUE LE PEGARON UN TIRO A UN HOMBRE. VIO QUE CORRIAN . NO SABE CUANTOS. NI APORTA DESCRIPCIONES__EL MASC ESTA HERIDO DE BALA EN LAS COSTILLAS, ENSANGRENDADO__",GENERAL PUEYRREDON,MAR DEL PLATA,-37977408396136.0,-57591362916776.0,V ACC-MC,0,-37.977408396136,-57.591362916776,2026,4,April,18,8,5,Sábado,True,Mañana (06-12),[],,OTRA / NO ESPECIFICADA,DISPAROS_PERSONAS
2026-04-18 08:47:00,10016121440,RIVADAVIA y Estado De Israel,DISPAROS,PERSONAS,"REFIERE QUE HUBO UN TIROTEO, HIRIERON A UNA PERSONA, EL AGRESOR LLEVA GORRA ROJA, SE FUE CORRIENDO POR RIVADAVIA PARA 180, ALIO, LA VICTIMA ESTA EN EL LUGAR, HOMBRE DE 40/45 AÑOS, ESTA HERIDO ARRIBA DE LA CINTURA. ",GENERAL PUEYRREDON,MAR DEL PLATA,-379778809985.0,-575917489992.0,V ACC-MC,0,-37.9778809985,-57.5917489992,2026,4,April,18,8,5,Sábado,True,Mañana (06-12),[],,OTRA / NO ESPECIFICADA,DISPAROS_PERSONAS
2026-04-18 04:57:00,10016121020,SOLER y Int Jose Camusso,DISPAROS,PERSONAS,"EN PROCESO __REFIETRE QUE HAY APROX 15 MASCULINOS QUE SE DISPARAN ENTRE ELLOS, SE ESCONDEN DEBAJO DE LOS ÁRBOLES. QUIEREN INGRESAR A LA CASA DE LA HERMANA .",GENERAL PUEYRREDON,MAR DEL PLATA,-380213219985.0,-575973249992.0,V ACC-MC,0,-38.0213219985,-57.5973249992,2026,4,April,18,4,5,Sábado,True,Madrugada (00-06),[],,OTRA / NO ESPECIFICADA,DISPAROS_PERSONAS
2026-04-18 04:54:00,10016121008,INT JOSE CAMUSSO y Soler,DISPAROS,PERSONAS,"REFIERE QUE HAY UN GRUPO DE MASCULINOS DISPARANDOSE ENTRE ELLOS,  ENTRE LAS CASAS . LLEGO EL MOVIL,Y SE ESCONDIERON ENTRE LAS VIAS. NO SABE SI HAY HERIDOS .- ",GENERAL PUEYRREDON,MAR DEL PLATA,-380213219985.0,-575973249992.0,V ACC-MC,0,-38.0213219985,-57.5973249992,2026,4,April,18,4,5,Sábado,True,Madrugada (00-06),[],,OTRA / NO ESPECIFICADA,DISPAROS_PERSONAS
2026-04-17 21:52:00,10016119661,TANDIL y Necochea,DISPAROS,PERSONAS,"LLAMANTE REFIERE QUE EN LA VIA PUBLICA  HAY 10 PERSONAS DISPARANDOSE ENTRE ELLOS, ANTES PASO UNA MOTO Y COMENZO A DISPARAR NO APORTA  DATOS DE LA MISMA ",GENERAL PUEYRREDON,MAR DEL PLATA,-379594109985.0,-575967199992.0,JTv,0,-37.9594109985,-57.5967199992,2026,4,April,17,21,4,Viernes,False,Noche (18-24),[],,OTRA / NO ESPECIFICADA,DISPAROS_PERSONAS
2026-04-16 20:06:00,10016115598,AV DE LOS TRABAJADORES y Araoz,DISPAROS,PERSONAS,"LLAMANTE REFIERE QUE  LE DISPARON  A SU JEFA NO ESTA HERIDA DE BALA, GOLPEADA EN EL HOMBRO CUANDO CAYO AL PISO LOS AGRESORES  2 PERSONAS EN UNA MOTO HONDA XR NO SABE PARA QUE LADO FUGARON ",GENERAL PUEYRREDON,MAR DEL PLATA,-380656619984.0,-575474599992.0,REDERIVADO,0,-38.0656619984,-57.5474599992,2026,4,April,16,20,3,Jueves,False,Noche (18-24),[],,HONDA,DISPAROS_PERSONAS
2026-04-16 20:01:00,10016115580,INDEFINIDA,DISPAROS,PERSONAS,LA LLAMANTE REFIERE QUE  LE TIRARON TIROS A ELLA. NO HAY HERIDOS. VIO DOS AGRESORES EN MOTO. ,GENERAL PUEYRREDON,,,,Telefonía Fija/Móvil,0,,,2026,4,April,16,20,3,Jueves,False,Noche (18-24),[],,OTRA / NO ESPECIFICADA,DISPAROS_PERSONAS
2026-04-16 19:59:00,10016115571,AV DE LOS TRABAJADORES al 2536,DISPAROS,PERSONAS,"LLAMANTE REFIERE QUE LE DISPARARON A UNA CLIENTA  ERAN 2 MASCULINOS EN UNA MOTO XR TORNADO   LE DIJERON EL NOMBRE Y LE DISPARARON, LA FEMENINA GOLPEADA CUANDO CAYO AL PISO NO ESTA HERIDA DE BALA , LOS AGRESORES   SE FUERON POR  TRABAJADORES PARA EL LADO DEL PUENTE  ",GENERAL PUEYRREDON,MAR DEL PLATA,-380661.0,-575472.0,REDERIVADO,0,-38.0661,-57.5472,2026,4,April,16,19,3,Jueves,False,Noche (18-24),[],,OTRA / NO ESPECIFICADA,DISPAROS_PERSONAS
2026-04-16 19:56:00,10016115560,PASEO JESUS DE GALINDEZ y Moises Lebensohn,DISPAROS,PERSONAS,"LLAMANTE REFIERE QUE ENTRO UNA MOTO HONDA XR CON DOS PERSONAS A BORDO, Y LES DISPARARON A SU JEFA Y A UNA COMPAÑERA. NO HAY HERIDOS, LE APUNTARON PERO LA COMPAÑERA LLEGO A EMPUJARLA AL PASTO",GENERAL PUEYRREDON,MAR DEL PLATA,-380665.0,-575431.0,V ACC-MC,0,-38.0665,-57.5431,2026,4,April,16,19,3,Jueves,False,Noche (18-24),[],,HONDA,DISPAROS_PERSONAS
2026-04-16 09:05:00,10016113684,JAURETCHE y Tripulantes Del Fournier,DISPAROS,PERSONAS,"HAY UN MASCULINO ARMADO EN LA ESQUINA.- TIENE PANTALON NEGRO CON RAYAS ROJAS ADIDAS, ZAPATILLAS BLANCAS Y BUZO GRANDE HASTA LA RODILLA CON ESTAMPA BLANCA. SE EFECTUO DISPAROS CON OTRO. UNO QUEDO EN LA ESQUINA Y EL OTRO SE FUE CORRIENDO PARA EL BARRIO BELGRANO POR TRIPULANTES DEL FOURNIER DERECHO. NO HAY HERIDOS. ",GENERAL PUEYRREDON,,-380026759985.0,-576203489992.0,V ACC-MC,0,-38.0026759985,-57.6203489992,2026,4,April,16,9,3,Jueves,False,Mañana (06-12),[],,OTRA / NO ESPECIFICADA,DISPAROS_PERSONAS
2026-04-16 07:46:00,10016113500,TRIPULANTES DEL FOURNIER al 10629,DISPAROS,PERSONAS,"REFIERE QUE ESCUCHA QUE HAY DOS PERSONAS UNO LE DISPARA A OTRO Y A TODO EL QUE SALE AFUERA, CUANDO EL LLAMANTE SALE LE DISPARANDOS VECES ,NO HAY HERIDOS  ",GENERAL PUEYRREDON,MAR DEL PLATA,-380023.0,-576205.0,V ACC-MC,0,-38.0023,-57.6205,2026,4,April,16,7,3,Jueves,False,Mañana (06-12),[],,OTRA / NO ESPECIFICADA,DISPAROS_PERSONAS
2026-04-15 20:56:00,10016112323,ESTEBAN GASCON y Termas De Rio Hondo,DISPAROS,PERSONAS,"LLAMANTE REFIERE QUE ESCUCHA DISPAROS ENTRE PERSONAS EN LA VIA PUBLICA , NO SABE SI HAY HERIDOS  ",GENERAL PUEYRREDON,MAR DEL PLATA,-379809279985.0,-576014689992.0,V ACC-MC,0,-37.9809279985,-57.6014689992,2026,4,April,15,20,2,Miércoles,False,Noche (18-24),[],,OTRA / NO ESPECIFICADA,DISPAROS_PERSONAS
2026-04-15 18:40:00,10016111890,ROSALES y San Francisco Javier,DISPAROS,PERSONAS,"LLAMANTE REFIERE QUE   HAY 2 MASCULINOS QUE  SE DISPARAN ENTRE ELLOS, NO HAY HERIDOS , HAY VARIAS PERSONAS EN EL LUGAR PELEANDO ",GENERAL PUEYRREDON,MAR DEL PLATA,-379908309986.0,-576335549992.0,V ACC-MC,0,-37.9908309986,-57.6335549992,2026,4,April,15,18,2,Miércoles,False,Noche (18-24),[],,OTRA / NO ESPECIFICADA,DISPAROS_PERSONAS
2026-04-15 15:37:00,10016111375,FRAGATA ITATI al 3924,DISPAROS,PERSONAS,"REFIERE QUE HAY UN TIROTEO EN EL BARRIO DONDE VIVE SU HIJA , DICE QUE SUS NIETOS ESTAN SOLOS EN LA VIVIENDA . DICE QUE SU HIJA ESTA EN LA RUTA Y NO LE PERMITEN DIRIGIRSE A LA CASA __NO SABE SI HAY HERIDOS __DICE QUE HACE UN RATO PRENDIERON FUEGO UNA CASA ",GENERAL PUEYRREDON,MAR DEL PLATA,-38070393708837.0,-57577201761038.0,V ACC-MC,0,-38.070393708837,-57.577201761038,2026,4,April,15,15,2,Miércoles,False,Tarde (12-18),[],,OTRA / NO ESPECIFICADA,DISPAROS_PERSONAS
2026-04-15 14:18:00,10016111208,BAHIA THETIS y Fragata Itati,DISPAROS,PERSONAS,LTE REFIERE QUE  HAY GENTE FUERA DE LA CASA ARMADOS MAS DE 20 DE PERSONAS__LE PRENDIERON FUEGO EL TECHO DE LA CASA __LE ESTAN ROMPIENDO LOS VIDRIOS Y EFECTUAN DISPAROS __INDICA QUE HAY 2 HERIDOS Y QUE LOS AGRESORES ESTAN BLOQUEANDO LA ENTRADA AL BARRIO PARA QUE NO LLEGUE LA POLICIA ,GENERAL PUEYRREDON,MAR DEL PLATA,-380710739985.0,-575780269992.0,V ACC-MC,0,-38.0710739985,-57.5780269992,2026,4,April,15,14,2,Miércoles,False,Tarde (12-18),[],,OTRA / NO ESPECIFICADA,DISPAROS_PERSONAS
2026-04-15 04:24:00,10016109997,GUARDACOSTAS ISLAS MALVINAS y Posadas,DISPAROS,PERSONAS,"LLAMANTE REFIERE QUE LE ACVABAN DE EFECTUAR UN DISPARO A LOS PIES, NO LE PEGARON , ES UN MASCULINO ARMADO, DE CAMPERON BLANCO CON NEGRO, Y PANTALON NEGRO, TIPO MILITAR ",GENERAL PUEYRREDON,MAR DEL PLATA,-380622734914.0,-57574925299.0,REDERIVADO,0,-38.0622734914,-57.574925299,2026,4,April,15,4,2,Miércoles,False,Madrugada (00-06),[],,OTRA / NO ESPECIFICADA,DISPAROS_PERSONAS
2026-04-15 04:19:00,10016109993,GUARDACOSTAS ISLAS MALVINAS y Posadas,DISPAROS,PERSONAS,"LLAMANTE REFIERE QUE LE ACABAN DE EFECTUIAR  UN DISPARO,NO LE PEGARON , LO AMENAZARON , ERAN  3 , NO ESTA HERIDO , UNO DE CAMPERON BLANCO CON NEGRO Y PANTALON NEGRO, ESTARIAN A LA VUELTA ",GENERAL PUEYRREDON,MAR DEL PLATA,-380622734914.0,-57574925299.0,V ACC-MC,0,-38.0622734914,-57.574925299,2026,4,April,15,4,2,Miércoles,False,Madrugada (00-06),[],,OTRA / NO ESPECIFICADA,DISPAROS_PERSONAS
2026-04-15 04:16:00,10016109987,GUARDACOSTAS ISLAS MALVINAS al 3596,DISPAROS,PERSONAS,"LLAMANTE REFIERE QUE ESTABAN DISCUTIENDO 02 MASCULINOS LLAMANTE SE ACERCO Y  LE EFETUARON DISPAROS,  NO ESTA HERIDO, SON 02 0 03  ESTAN  AFUERA DE UNA CASA, REIFERE QUE ES GENTE DE MAL VIVIR, LA OTRA VEZ TAMBIEN EFECTUARON DISPAROS    __",GENERAL PUEYRREDON,MAR DEL PLATA,-38062332941167.0,-57574856078295.0,JTv,0,-38.062332941167,-57.574856078295,2026,4,April,15,4,2,Miércoles,False,Madrugada (00-06),[],,OTRA / NO ESPECIFICADA,DISPAROS_PERSONAS
2026-04-14 20:47:00,10016108878,PEDRO GOYENA al 11674,DISPAROS,PERSONAS,"LLAMANTE REFIERE QUE HAY UN GRUPO DE 7/8 PERSONAS, DOS FEMENINAS Y EL RESTO MASCULINOS HACEN DISTURBIOS EN EL LUGAR, LE DISPARARON EN LA PIERNA A UN MASCULINO, SIGUE EN EL LUGAR, CONSCIENTE, APROX 35 AÑOS",GENERAL PUEYRREDON,MAR DEL PLATA,-37955169849365.0,-57639102485986.0,V ACC-MC,0,-37.955169849365,-57.639102485986,2026,4,April,14,20,1,Martes,False,Noche (18-24),[],,OTRA / NO ESPECIFICADA,DISPAROS_PERSONAS
2026-04-14 17:26:00,10016108202,FRAGATA ITATI al 3937,DISPAROS,PERSONAS,"CCA QUE PASA UNA MOTO 110  CON DOS MASCULINOS  A LOS DISPAROS CONTRA UNA CASA DE UN VECINO , NO SABE MAS DATOS , SOLO ESCUCHAN GRITOS , SALEN PARA EDISON ",GENERAL PUEYRREDON,MAR DEL PLATA,-380704.0,-575774.0,V ACC-MC,0,-38.0704,-57.5774,2026,4,April,14,17,1,Martes,False,Tarde (12-18),[],,OTRA / NO ESPECIFICADA,DISPAROS_PERSONAS
2026-04-14 00:31:00,10016106083,CALLE 479 y Calle 18,DISPAROS,PERSONAS,"LLAMANTE REFIERE QUE SU VECINO JUNTO A TRES PERSONAS MAS ESTAN A LOS TIROS CONTRA UN AUTO,  UN CORSA BLANCO, , VIO PASAR UNA MOTO QUE SEGUIA EL AUTO__NO HAY HERIDOS",GENERAL PUEYRREDON,MAR DEL PLATA,-381086539985.0,-576000289992.0,V ACC-MC,0,-38.1086539985,-57.6000289992,2026,4,April,14,0,1,Martes,False,Madrugada (00-06),[],,OTRA / NO ESPECIFICADA,DISPAROS_PERSONAS
2026-04-13 21:49:00,10016105711,NAMUNCURA y Sabino Arana Y Goiri,DISPAROS,PERSONAS,LLAMANTE REFIERE QUE HAY UN MASCULINO CON HERIDA DE ARMA DE FUEGO PIDIENDO AYUDA __ SE DESCONOCE MAS DETALLES ,GENERAL PUEYRREDON,MAR DEL PLATA,-380205369985.0,-576001149992.0,JTv,0,-38.0205369985,-57.6001149992,2026,4,April,13,21,0,Lunes,False,Noche (18-24),[],,OTRA / NO ESPECIFICADA,DISPAROS_PERSONAS
2026-04-13 21:47:00,10016105709,PUAN y Aguado,DISPAROS,PERSONAS,LLAMANTE REFIERE QUE ESTAN REALIZANDO DISPAROS ESCUCHO MAS DE 20 ES ENTRE VARIAS PERSONAS. YA HABIA LLAMADO. LLEGA MOVIL EN LLAMADO INFORMA,GENERAL PUEYRREDON,MAR DEL PLATA,-380584569984.0,-575570059992.0,V ACC-MC,0,-38.0584569984,-57.5570059992,2026,4,April,13,21,0,Lunes,False,Noche (18-24),[],,OTRA / NO ESPECIFICADA,DISPAROS_PERSONAS
2026-04-13 21:42:00,10016105691,PUAN al 2778,DISPAROS,PERSONAS,LLTE INDICA QUE ESCUCHAN DISPAROS POR SEGUNDA VEZ- VIERON A PIE- 4 PEROSNAS QUE VAN PARA EL LADO DE EDISON CAMINANDO POR PUAN- MAS DE 10 DISPAROS- NO HABRIA HERIDOS AL MOMENTO ,GENERAL PUEYRREDON,MAR DEL PLATA,-380587.0,-575569.0,JTv,0,-38.0587,-57.5569,2026,4,April,13,21,0,Lunes,False,Noche (18-24),[],,OTRA / NO ESPECIFICADA,DISPAROS_PERSONAS
2026-04-13 21:40:00,10016105684,AGUADO al 2211,DISPAROS,PERSONAS,LLTE INDICA QUE HAY UNA BALACERA ENTRE VARIAS PERSONAS- ESCUCHA- NO VE LA SITUACION ,GENERAL PUEYRREDON,MAR DEL PLATA,-380585.0,-575571.0,V ACC-MC,0,-38.0585,-57.5571,2026,4,April,13,21,0,Lunes,False,Noche (18-24),[],,OTRA / NO ESPECIFICADA,DISPAROS_PERSONAS
2026-04-13 00:57:00,10016102881,PAULA ALBARRACIN y Rawson,DISPAROS,PERSONAS,REFIERE QUE LOS VECINOS SE DISPARAN SON 3 PERSONAS NO SABE SI HAY HERIDOS ,GENERAL PUEYRREDON,MAR DEL PLATA,-379833299985.0,-575989579992.0,V ACC-MC,0,-37.9833299985,-57.5989579992,2026,4,April,13,0,0,Lunes,False,Madrugada (00-06),[],,OTRA / NO ESPECIFICADA,DISPAROS_PERSONAS
2026-04-12 17:14:00,10016101418,ASTURIAS y Strobel,DISPAROS,PERSONAS,"LLAMA POR QUE LE EFECTUARON UN DISPARO A UNA FEMENINA, DE UNOS 50 AÑOS, ESTA EN EL BASURAL. APORTA QUE ESCUCHO LA DETONACION Y QUE LA FEMENINA  ESTA GRITANDO EN EL LUGAR. QUE TEME SALIR A VERIFICAR YA QUE   EL AGRESOR ARMADO  EN EL LUGAR.  DESCONCOE QUE OCURRIO. APORTA RECIETNE ESTUVO UN PATRULLERO EN EL LUGAR PERO SE RETIRO ",GENERAL PUEYRREDON,,-379581709985.0,-575858959992.0,V ACC-MC,0,-37.9581709985,-57.5858959992,2026,4,April,12,17,6,Domingo,True,Tarde (12-18),[],,OTRA / NO ESPECIFICADA,DISPAROS_PERSONAS
2026-04-12 10:53:00,10016100383,PIGUE al 235,DISPAROS,PERSONAS,LLAMANTE REFIERE QUE ANDA GENTE A LOS TIROS. SE DISPARAN ENTRE ELLOS. CORREN__ NO SABE SI HAY HERIDOS. ______,GENERAL PUEYRREDON,MAR DEL PLATA,-379575812036.0,-575966474157.0,JTv,0,-37.9575812036,-57.5966474157,2026,4,April,12,10,6,Domingo,True,Mañana (06-12),[],,OTRA / NO ESPECIFICADA,DISPAROS_PERSONAS
2026-04-12 10:23:00,10016100321,PIGUE al 235,DISPAROS,PERSONAS,LLAMANTE REFIERE QUE HAY VARIOS NN DISPARANDOSE DENTRO DE UNA CASA. SON UNAS 10 PERSONAS,GENERAL PUEYRREDON,MAR DEL PLATA,-37957581203567.0,-57596647415705.0,V ACC-MC,0,-37.957581203567,-57.596647415705,2026,4,April,12,10,6,Domingo,True,Mañana (06-12),[],,OTRA / NO ESPECIFICADA,DISPAROS_PERSONAS
2026-04-12 09:51:00,10016100237,SICILIA al 4546,DISPAROS,PERSONAS,LLAMANTE REFIERE QUE HAY 5 NN PELEANDOSE. TIENEN ARMAS DE FUEGO Y ARMAS BLANCAS. EFECTUARON DISPAROS. HAY HERIDOS [Id.Remoto: 10016100237],GENERAL PUEYRREDON,MAR DEL PLATA,-38049070521469.0,-57574583033156.0,Telefonía Fija/Móvil,0,-38.049070521469,-57.574583033156,2026,4,April,12,9,6,Domingo,True,Mañana (06-12),[],,OTRA / NO ESPECIFICADA,DISPAROS_PERSONAS
2026-04-11 17:32:00,10016097608,ESTEBAN GASCON y Termas De Rio Hondo,DISPAROS,PERSONAS,LLAMANTE REFIERE QUE VARIAS PERSONAS CONFRONTAN CON ARMA DE FUEGO ,GENERAL PUEYRREDON,MAR DEL PLATA,-379804299985.0,-576024539992.0,V ACC-MC,0,-37.9804299985,-57.6024539992,2026,4,April,11,17,5,Sábado,True,Tarde (12-18),[],,OTRA / NO ESPECIFICADA,DISPAROS_PERSONAS
2026-04-11 04:27:00,10016095856,BARTOLOME MITRE al 2075,DISPAROS,PERSONAS,LLAMANTE REFIERE QUE ESCUCHO UN DISPAROS. SE ESTAN PELEANDO TIRANDOSE PIEDRAS. SE ESTAN YENDO HACIA BOLIVAR. HAY HERIDOS. ,GENERAL PUEYRREDON,MAR DEL PLATA,-38001417380198.0,-57551274161391.0,JTv,0,-38.001417380198,-57.551274161391,2026,4,April,11,4,5,Sábado,True,Madrugada (00-06),[],,OTRA / NO ESPECIFICADA,DISPAROS_PERSONAS
2026-04-10 19:45:00,10016094410,JURAMENTO y Benito Lynch,DISPAROS,PERSONAS,"LLAMANTE CUENTA QUE ESTAN TIRANDO TIROS , NO SABE CUANTOS SON , SE DISPARAN ENTRE SI , NO SABE SI HAY HERIDOS ",GENERAL PUEYRREDON,MAR DEL PLATA,-380547329985.0,-575773689992.0,V ACC-MC,0,-38.0547329985,-57.5773689992,2026,4,April,10,19,4,Viernes,False,Noche (18-24),[],,OTRA / NO ESPECIFICADA,DISPAROS_PERSONAS
2026-04-09 20:36:00,10016091192,SICILIA y Udine,DISPAROS,PERSONAS,"LLAMANTE REFIERE QUE SE ESCUCHARON 7 U 8 DISPAROS EN UNA CASA. HAY 8 O 9 PERSONAS, SE DISPARAN ENTRE ELLOS. NO SABE SI HAY HERIDOS. ",GENERAL PUEYRREDON,MAR DEL PLATA,-380307738628.0,-57598837364.0,JTv,0,-38.0307738628,-57.598837364,2026,4,April,9,20,3,Jueves,False,Noche (18-24),[],,OTRA / NO ESPECIFICADA,DISPAROS_PERSONAS
2026-04-09 11:10:00,10016089519,AV COLON al 12116,DISPAROS,PERSONAS,"__LLAMANTE REFIERE QUE AL LADO DE LA CASA DE SU HERMANA MATARON A UNA FEMENINA, SE LE CONSULTA SI SABE QUE SUCEDIO Y DICE QUE DOS MASCULINOS DISPARARON HACIA UNA FEMENINA Y EL MARIDO. CORTA LA LLAMADA. ",GENERAL PUEYRREDON,MAR DEL PLATA,-379549352055.0,-576441834652.0,V ACC-MC,0,-37.9549352055,-57.6441834652,2026,4,April,9,11,3,Jueves,False,Mañana (06-12),[],,OTRA / NO ESPECIFICADA,DISPAROS_PERSONAS
2026-04-08 02:55:00,10016085840,AV JORGE NEWBERY y Guardacostas Rio Iguazu,EMERGENCIA DE SALUD,EMERGENCIA,"LLAMANTE REFIERE QUE ESCUCHARON UN DISPARO,  GRITOS Y  OBSERVA UNA  PERSONA HERIDA . LA MISMA PIDE AYUDA - __NO INDICA EN QUE CIRCUNSTANCIAS SUCEDIO EL HECHO , YA QUE TEMEN SALIR .- ",GENERAL PUEYRREDON,MAR DEL PLATA,-380618449985.0,-575726988051.0,POSITIVO,LA DOCTORA PAEZ TRASLADA EN LA AMBULANSIA DEL SAME RO 15 POR LA HERIDA DE ARMA DE FUERGO EN LA PANTORRILA IZQUIERDA,-38.0618449985,-57.5726988051,2026,4,April,8,2,2,Miércoles,False,Madrugada (00-06),[],,OTRA / NO ESPECIFICADA,DISPAROS_PERSONAS
2026-04-07 00:28:00,10016082298,ARMENIA y San Lorenzo,DISPAROS,PERSONAS,"LLAMANTE REFIERE QUE ESTABA BUSCANDO UN CAN PERDIDO Y  DESDE UNA FINCA LE  EFECTUAN UNA DETONACION DE ARMA DE FUEGO  , PUEDO ESQUIVAR  EL DISPARO , EL MISMO DIO EN UNA FINCA LINDERA   . NO HAY HERIDOS - ",GENERAL PUEYRREDON,MAR DEL PLATA,-379864809985.0,-576059629992.0,V ACC-MC,0,-37.9864809985,-57.6059629992,2026,4,April,7,0,1,Martes,False,Madrugada (00-06),[],,OTRA / NO ESPECIFICADA,DISPAROS_PERSONAS
2026-04-06 17:27:00,10016081027,AV COLON al 11910,DISPAROS,PERSONAS,LLAMAPOR QUE 5 O 6 SUEJTOS SE EFECTUAN DISPAROS.  DESCONOCE HERIDOS,GENERAL PUEYRREDON,MAR DEL PLATA,-37955984314857.0,-57642828030685.0,V ACC-MC,0,-37.955984314857,-57.642828030685,2026,4,April,6,17,0,Lunes,False,Tarde (12-18),[],,OTRA / NO ESPECIFICADA,DISPAROS_PERSONAS
2026-04-06 10:29:00,10016079959,LURO y JARA,DISPAROS,PERSONAS,LLAMANTE REFIERE QUE HAY UNA MOTO ESTA DISPARANDO__HAY HERIDOS __,GENERAL PUEYRREDON,,,,V ACC-MC,0,,,2026,4,April,6,10,0,Lunes,False,Mañana (06-12),[],,OTRA / NO ESPECIFICADA,DISPAROS_PERSONAS
2026-04-06 04:11:00,10016079433,AV POLONIA y 12 De Octubre,DISPAROS,PERSONAS,REFIERE QUE SE DISPARAN ENTRE PERSONAS EN  LA CALLE . NO APORTA MAS DATOS .- ,GENERAL PUEYRREDON,MAR DEL PLATA,-380097139985.0,-575904419992.0,V ACC-MC,0,-38.0097139985,-57.5904419992,2026,4,April,6,4,0,Lunes,False,Madrugada (00-06),[],,OTRA / NO ESPECIFICADA,DISPAROS_PERSONAS
2026-04-06 03:59:00,10016079412,DON BOSCO al 4180,DISPAROS,PERSONAS,LLAMANTE REFIERE QUE ESTAN CONFRONTANFO CON ARMAS DE FUEGO ,GENERAL PUEYRREDON,MAR DEL PLATA,-38008116339557.0,-57585115370679.0,JTv,0,-38.008116339557,-57.585115370679,2026,4,April,6,3,0,Lunes,False,Madrugada (00-06),[],,OTRA / NO ESPECIFICADA,DISPAROS_PERSONAS
2026-04-06 00:34:00,10016078891,LAMADRID y J,DISPAROS,PERSONAS,"REFIERE QUE UN MASCULINO DISPARO EN EL LUGAR Y SE FUE CORRIENO POR JUAN B JUSTO HACIA INDEPENDENCIA . VISTE CON BUZO VERDE, ENCAPUCHADO   NO HAY HERIDOS .-",GENERAL PUEYRREDON,MAR DEL PLATA,-380283177096.0,-575588154637.0,NEGATIVO,30584 INFORMA REALIZA RECORRIDA NODA CON EL MASCULINO CON LAS CARACTERISTICAS  APORTADAS ,-38.0283177096,-57.5588154637,2026,4,April,6,0,0,Lunes,False,Madrugada (00-06),[],,OTRA / NO ESPECIFICADA,DISPAROS_PERSONAS
2026-04-05 22:01:00,10016078361,DIAGONAL CESAR GASCON al 2975,DISPAROS,PERSONAS,LLTE MANIFIESTA QUE HAY UNA PELEA ENTRE BANDAS Y ESTAN EFECTUANDO DISPAROS- HABRIA HERIDOS ,GENERAL PUEYRREDON,MAR DEL PLATA,-38052204334061.0,-57578588238715.0,V ACC-MC,0,-38.052204334061,-57.578588238715,2026,4,April,5,22,6,Domingo,True,Noche (18-24),[],,OTRA / NO ESPECIFICADA,DISPAROS_PERSONAS
2026-04-05 06:51:00,10016075982,FRENCH y Venezuela,DISPAROS,PERSONAS,LLTE REF HAY UNA PELEA ENTRE VECINOS__SE DISPARAN __HAY UN AUTO____,GENERAL PUEYRREDON,MAR DEL PLATA,-379520639985.0,-576090029992.0,V ACC-MC,0,-37.9520639985,-57.6090029992,2026,4,April,5,6,6,Domingo,True,Mañana (06-12),[],,OTRA / NO ESPECIFICADA,DISPAROS_PERSONAS
2026-04-05 06:28:00,10016075935,AYOLAS y Jose Hernandez,DISPAROS,PERSONAS,LLAMANTE  MASCULINO REFIERE QUE  LE ESTAN DISPARANDO __ MASCULINO NO RESPONDE PREGUNTAS __,GENERAL PUEYRREDON,MAR DEL PLATA,-380363799984.0,-575585149992.0,V ACC-MC,0,-38.0363799984,-57.5585149992,2026,4,April,5,6,6,Domingo,True,Mañana (06-12),[],,OTRA / NO ESPECIFICADA,DISPAROS_PERSONAS
2026-04-05 04:20:00,10016075674,Calle 153 y 171,DISPAROS,PERSONAS,LLAMANTE REFIERE QUE FUERA DE UAN FIESTA ESTAN CONFRONTANDO Y SE EFECTUAND DISPAROS,GENERAL PUEYRREDON,BATAN,,,V ACC-MC,0,,,2026,4,April,5,4,6,Domingo,True,Madrugada (00-06),[],,OTRA / NO ESPECIFICADA,DISPAROS_PERSONAS
2026-04-05 03:01:00,10016075489,JUANA AZURDUY y Azopardo,DISPAROS,PERSONAS,"REFIERE QUE HAY UNA MOTO DE ESQUINA A ESQUINA, ANDA POR 3 ESQUINA, ES UN MASCULINO, ES UN MT 650 COLOR AZUL, QUIERE CHOCAR A LA GENTE, ESTA ARMADO, EFECTUA DISPAROS AL AIRE, HAY UN HERIDO CON UN DISPARO EN EL PIERNA, EL HERIDO ESTA EN VERTIZ Y JUANA AZURDUY, AHORA EL DE LA MOTO SE FUE AL CAMPO A UN BUNQUER",GENERAL PUEYRREDON,,-379959959985.0,-576240359992.0,NEGATIVO,"INF MOV 30350 EN AMPLIA RECORRIDA EN ZONA REFIERE NEGATIVO EL MOTOVEHICULO APORTADO EN CARTA DE LLAMADO, PANORAMA NORMAL NEGATIVO HERIDOS EN EL LUGAR",-37.9959959985,-57.6240359992,2026,4,April,5,3,6,Domingo,True,Madrugada (00-06),[],,OTRA / NO ESPECIFICADA,DISPAROS_PERSONAS
2026-04-04 22:33:00,10016074672,LEGUIZAMON y Necochea,DISPAROS,PERSONAS,LLAMANTE REFIERE QUE EN EL LUGAR  HAY VARIAS PERSONAS CONFRONTANDO CON ARMAS DE FUEGO__NO SE ESCUCHA BIEN AL LLAMANTE,GENERAL PUEYRREDON,MAR DEL PLATA,-379571499985.0,-576032959992.0,V ACC-MC,0,-37.9571499985,-57.6032959992,2026,4,April,4,22,5,Sábado,True,Noche (18-24),[],,OTRA / NO ESPECIFICADA,DISPAROS_PERSONAS
2026-04-04 02:17:00,10016071571,SAN SALVADOR y Via Fc Gral Roca,DISPAROS,PERSONAS,"REFIERE QUE ESTAN EFECTUANDO DISPAROS, DISPARAN ENTRE ELLOS, SON 4 CONTRA OTROS, NO SABE SI HAY HERIDOS",GENERAL PUEYRREDON,MAR DEL PLATA,-380196054648.0,-57589341783.0,V ACC-MC,0,-38.0196054648,-57.589341783,2026,4,April,4,2,5,Sábado,True,Madrugada (00-06),[],,OTRA / NO ESPECIFICADA,DISPAROS_PERSONAS
2026-04-03 17:34:00,10016069548,NAPOLES y Eduardo Peralta Ramos,DISPAROS,PERSONAS,LLAMANTE REFIERE QUE SE ENFRENTAN CON ARMAS DE FUEGO.- TIENEN ESCOPETAS.- SON VARIAS PERSONAS.- NO SABE SI HAY HERIDOS.- ,GENERAL PUEYRREDON,MAR DEL PLATA,-380180184627.0,-576122613186.0,JTv,0,-38.0180184627,-57.6122613186,2026,4,April,3,17,4,Viernes,False,Tarde (12-18),[],,OTRA / NO ESPECIFICADA,DISPAROS_PERSONAS
2026-04-03 12:26:00,10016068487,DIAGONAL SUR y 16,DISPAROS,PERSONAS,"REFIERE QUE ESTAN DISPARANDOSE , DICE QUE ESCUCHA A LOS VECINOS GRITAR .  __LLTE COMIENZA A INSULTAR NO . APORTA DATOS ",GENERAL PUEYRREDON,,,,V ACC-MC,0,,,2026,4,April,3,12,4,Viernes,False,Tarde (12-18),[],,OTRA / NO ESPECIFICADA,DISPAROS_PERSONAS
2026-04-03 12:23:00,10016068474,ISLA CANDELARIA al 1132,DISPAROS,PERSONAS,LLAMANTE ESCUCHA DETONACIONES Y GRITOS. EN EL GRUPO DEL BARRIO COMENTAN HAY UNA CONFRONTACIÓN ARMADA. NO SABE ENTRE CUANTOS.-,GENERAL PUEYRREDON,MAR DEL PLATA,-37896.0,-575379.0,V ACC-MC,0,-37.896,-57.5379,2026,4,April,3,12,4,Viernes,False,Tarde (12-18),[],,OTRA / NO ESPECIFICADA,DISPAROS_PERSONAS
2026-04-03 12:22:00,10016068470,ISLA CANDELARIA y Cerro Fitz Roy,DISPAROS,PERSONAS,LLAMANTE REFIERE QUE ESTÁN EFECTUÁNDOSE DISPAROS EN EL BARRIO. SE ESCUCHAN GRITOS PERO NO SABEN SI HAY HERIDOS. DESCONOCE CANTIDAD DE PERSONAS QUE SE ENFRENTAN. __,GENERAL PUEYRREDON,MAR DEL PLATA,-378982619984.0,-575345959992.0,V ACC-MC,0,-37.8982619984,-57.5345959992,2026,4,April,3,12,4,Viernes,False,Tarde (12-18),[],,OTRA / NO ESPECIFICADA,DISPAROS_PERSONAS
2026-04-03 12:17:00,10016068455,ISLA CORONACION al 930,DISPAROS,PERSONAS,CASA BLANCA CON CARTEL DE VENTA. 4 O 5 MASCULINOS CONFRONTANDO A LOS DISPAROS Y CON MACHETES.-,GENERAL PUEYRREDON,MAR DEL PLATA,-378987.0,-575359.0,V ACC-MC,0,-37.8987,-57.5359,2026,4,April,3,12,4,Viernes,False,Tarde (12-18),[],,OTRA / NO ESPECIFICADA,DISPAROS_PERSONAS
2026-04-03 12:17:00,10016068454,MONTE OLIVIA al 7008,DISPAROS,PERSONAS,"__LLAMANTE REFIERE QUE PASARON DOS PERSONAS, UNO CON MACHETE Y UN CUCHILLO, UNO TIENE  PELO RUBIO CON CONTEXTURA ROBUSTA Y PASARON DOS PERSONAS MAS CON ARMAS Y AHORA SE ESTAN TIRANDO TIROS. NO SABE SI HAY HERIDOS- ESCUCHA LAS DETONACIONES. ",GENERAL PUEYRREDON,MAR DEL PLATA,-37897704335644.0,-57536635453815.0,V ACC-MC,0,-37.897704335644,-57.536635453815,2026,4,April,3,12,4,Viernes,False,Tarde (12-18),[],,OTRA / NO ESPECIFICADA,DISPAROS_PERSONAS
2026-04-02 23:39:00,10016066114,RICARDO GUIRALDES al 5553,DISPAROS,PERSONAS,"__LLAMANTE MENCIONA QUE HAY 20 PERSONAS QUE ESTAN AGREDIENDOSE, POSEEN ARMA DE FUEGO Y HAY HERIDOS PRODUCTO DE LAS ARMAS.. ",GENERAL PUEYRREDON,MAR DEL PLATA,-38045002397575.0,-5758684055217.0,V ACC-MC,0,-38.045002397575,-57.58684055217,2026,4,April,2,23,3,Jueves,False,Noche (18-24),[],,OTRA / NO ESPECIFICADA,DISPAROS_PERSONAS
2026-04-02 16:44:00,10016064474,AV JOSE COELHO DE MEYRELLES al 6315,DISPAROS,PERSONAS,"HAY UN MASCULINO LLAMADO CARMONA RANGER COLOR GRIS ROBADA PASO A LOS DISPARO HACIA EL LLAMANTE Y AL HERMANO DE ESTE , NO HAY HERIDOS , YA TIENE  VARIAS DENUNCIAS ",GENERAL PUEYRREDON,MAR DEL PLATA,-379449.0,-575558.0,V ACC-MC,0,-37.9449,-57.5558,2026,4,April,2,16,3,Jueves,False,Tarde (12-18),[],,OTRA / NO ESPECIFICADA,DISPAROS_PERSONAS
2026-04-02 15:12:00,10016064183,AV FELIX U CAMET y Tomas Falkner,DISPAROS,PERSONAS,SOBRE LA AVENIDA. RENAULT KANGOO BLANCA Y UNA TOYOTA GRIS. CONFRONTANDO A LOS DISPAROS DESDE LOS MISMOS VEHICULOS. SERIAN 7 PERSONAS.-,GENERAL PUEYRREDON,MAR DEL PLATA,-379814369574.0,-575443701081.0,V ACC-MC,0,-37.9814369574,-57.5443701081,2026,4,April,2,15,3,Jueves,False,Tarde (12-18),[],,RENAULT,DISPAROS_PERSONAS
2026-04-01 23:27:00,10016061594,ESTEBAN GASCON y Dorrego,DISPAROS,PERSONAS,"LLAMANTE REFIERE QUE SE ESTAN ENFRENTANDO A TIROS EN LA ESQUINA, NO SABE SI HAY HERIDOS, NO SABE CUANTOS SON. ",GENERAL PUEYRREDON,MAR DEL PLATA,-379997529984.0,-575642619992.0,V ACC-MC,0,-37.9997529984,-57.5642619992,2026,4,April,1,23,2,Miércoles,False,Noche (18-24),[],,OTRA / NO ESPECIFICADA,DISPAROS_PERSONAS
2026-04-01 17:42:00,10016060400,AV DR ALIO y Alberti,DISPAROS,PERSONAS,"PASDO UNA FEMENINA QUE VISTE  BUZO NEGRO EN  UNA MOTO ROJO QUE DISPARO HACIA DONDE HABIA UN MASCULINO__EN LA MOTO IBA LA MUJER Y UN MASCULINO  CON PELO RAPADO A LOS COSTADO DE CHALECO  VAN POR ALBERTI  HACIA LA 182 BUSCANDO AL CHICO QUE LE DISPARARON, NO VE HERIDOS ",GENERAL PUEYRREDON,MAR DEL PLATA,-379822779985.0,-576010189992.0,NEGATIVO,30504 RECORRIDA NORMAL,-37.9822779985,-57.6010189992,2026,4,April,1,17,2,Miércoles,False,Tarde (12-18),[],,OTRA / NO ESPECIFICADA,DISPAROS_PERSONAS
2026-04-01 17:07:00,10016060267,GENOVA al 5233,DISPAROS,PERSONAS,HABRIA UNA CONFRONTACIÓN ENTRE VARIAS PERSONAS. CUENTAN CON MACHETES. ESTARIAN EFECTUANDO DISPAROS.-,GENERAL PUEYRREDON,MAR DEL PLATA,-380439.0,-575797.0,V ACC-MC,0,-38.0439,-57.5797,2026,4,April,1,17,2,Miércoles,False,Tarde (12-18),[],,OTRA / NO ESPECIFICADA,DISPAROS_PERSONAS
2026-03-31 15:53:00,10016055627,ISLA TRAVERSE y Volcan Copahue,DISPAROS,PERSONAS,__LLAMANTE REFIERE QUE LE ROBARON LA BICICLETA A UN CHICO Y ESTAN TIRANDO TIROS. __SE ESCUCHA QUE DISCUTEN Y GRITAN Y NO BRINDA MAS DATOS. ,GENERAL PUEYRREDON,MAR DEL PLATA,-378929379984.0,-575360529992.0,POSITIVO,"PERSONA INFORMA SE ENTREVISTA UN MENOR ANDABA CON BICICLETA QUE FUE SUSTARIDA RECIENTEMENTE EL MENOR SE LA COMPRO A UN UN MASCULIO DE MAL VIVIR RECIENTEMENTE LUEGO EL DUEÑO DE LA BICI LO VIO SE TRENZO A LUCHA Y RECUPERO SU BICICLETA ,SE ENTREVISTO CON EL SR MACHADO AL ARRIBO DEL MOVIL NEGATIVO APREHENDIDO LA DETONACION LA HBARIA EFECTUADO ALGUIEN DE LA ZONA PARA QUE SE SEPAREN SIN HERIDOS SE INVITA A RADICAR DENUNCIA ",-37.8929379984,-57.5360529992,2026,3,March,31,15,1,Martes,False,Tarde (12-18),[],,OTRA / NO ESPECIFICADA,DISPAROS_PERSONAS
2026-03-31 00:21:00,10016053581,AV DE LOS TRABAJADORES al 562,DISPAROS,PERSONAS,"REFIERE QUE UN MASCULINO DE 38 AÑOS RECIBIO UN DISPARO DE ARMA DE FUEGO A LA ALTURA DEL TOBILLO. ESTA CONSCIENTE, PERO DESORIENTADO. DESCONOCE QUIEN FUE EL AUTOR. HABRIAN SIDO DOS MASCULINOS EN MOTO PERO NO SABE CON PRESICION.__LLTE PERSONAL PREFECTURA, CABO 1ERO SUAREZ",GENERAL PUEYRREDON,MAR DEL PLATA,-380464.0,-575444.0,Analizado por ACC-MC,0,-38.0464,-57.5444,2026,3,March,31,0,1,Martes,False,Madrugada (00-06),[],,OTRA / NO ESPECIFICADA,DISPAROS_PERSONAS
2026-03-30 20:11:00,10016052762,CALLE 46 y Luis Federico Leloir,DISPAROS,PERSONAS,"LLAMANTE REFIERE QUE LE DISPARARON A UNA MENOR DE EDAD EN LA VÍA PÚBLICA, NO ESTA HERIDA PERO ESTÁ MUY ASUSTADA - FUE UN MASCULINO EN BICICLETA QUE LA AMENAZA CON UN ARMA - SE VA POR 457 PARA EL LADO DE CAMPING EL GRIEGO, APORTA QUE SU VIVIENDA ESTÁ EN ESA DIRECCIÓN - LA MADRE DE LA MENOR TIENE EL PIE ESGUINSADO Y NO SE PUEDE MOVER -",GENERAL PUEYRREDON,,-380892939985.0,-576107169992.0,V ACC-MC,0,-38.0892939985,-57.6107169992,2026,3,March,30,20,0,Lunes,False,Noche (18-24),[],,OTRA / NO ESPECIFICADA,DISPAROS_PERSONAS
2026-03-30 19:19:00,10016052551,PACHECO DE MELO al 3866,DISPAROS,PERSONAS,"LLAMANTE INFORMA QUE   EN EL LUBRICENTRO ENTRO UN CHICO, NO CON INTENCIONES DE ROBO, Y DEL LUBRICENTRO LE ESTA EFECTUANDO DETONACIONES DE ARMA DE FUEGO. HAY UN HERIDO. SE ENTIENDE EN EL LLAMADO QUE EL LLAMANTE TIENE UNA PERSONA A RESGUARDO EN SU CASA  ",GENERAL PUEYRREDON,MAR DEL PLATA,-38085043974776.0,-57554470006133.0,V ACC-MC,0,-38.085043974776,-57.554470006133,2026,3,March,30,19,0,Lunes,False,Noche (18-24),[],,OTRA / NO ESPECIFICADA,DISPAROS_PERSONAS
2026-03-30 05:51:00,10016050092,GUANAHANI al 5645,DISPAROS,PERSONAS,"LLAMANTE REFIERE QUE  INGRESO UN MASCULINO, LE ABRIO LA VENTANA  Y LES DISPARO__ NO HAY HERIDOS __NO SABE SI SI GUE AHI AFUERA __",GENERAL PUEYRREDON,MAR DEL PLATA,-38031542963495.0,-57571636212514.0,V ACC-MC,0,-38.031542963495,-57.571636212514,2026,3,March,30,5,0,Lunes,False,Madrugada (00-06),[],,OTRA / NO ESPECIFICADA,DISPAROS_PERSONAS
2026-03-30 01:19:00,10016049679,CALLE 83 y Cerrito,DISPAROS,PERSONAS,LLTE REF QUE ESTAN DISPARANDO__PARECE QUE MATARON A UN CHICO __SE ESCUCHARON 12 DETONACIONES __,GENERAL PUEYRREDON,MAR DEL PLATA,-380611139985.0,-575927299992.0,V ACC-MC,0,-38.0611139985,-57.5927299992,2026,3,March,30,1,0,Lunes,False,Madrugada (00-06),[],,OTRA / NO ESPECIFICADA,DISPAROS_PERSONAS
2026-03-30 01:10:00,10016049652,GIANELLI y Calle 81,DISPAROS,PERSONAS,"REFIERE QUE ESTAN AGARRANDO A UN MASCULINO, LE EFECTUANDO DISPAROS, SON 2 PERSONAS, 1 CONTRA 1",GENERAL PUEYRREDON,MAR DEL PLATA,-380602549985.0,-575938749992.0,V ACC-MC,0,-38.0602549985,-57.5938749992,2026,3,March,30,1,0,Lunes,False,Madrugada (00-06),[],,OTRA / NO ESPECIFICADA,DISPAROS_PERSONAS
2026-03-30 00:38:00,10016049569,GIANELLI al 4180,DISPAROS,PERSONAS,LLAMANTE REFIERE QUE  LE DISPARAN  A ALGUIEN DENTRO DE UNA CASA __ NO APORTA MAS DATOS PORQUE REFIERE QUE ES DENTRO DE LA CASA Y NO VE MAS ,GENERAL PUEYRREDON,MAR DEL PLATA,-38060140268172.0,-57593719798808.0,JTv,0,-38.060140268172,-57.593719798808,2026,3,March,30,0,0,Lunes,False,Madrugada (00-06),[],,OTRA / NO ESPECIFICADA,DISPAROS_PERSONAS
2026-03-29 21:50:00,10016049011,LLIFEN y Inca Huen,DISPAROS,PERSONAS,"LLAMANTE INFORMA QUE   ESCUCHO GRITOS Y UN DISPARO, REFIERE QUE ESCUCHO ARRIBA LAS MANOS TE QUEMO Y UN DISPARO. DESCONOCE SI HAY HERIDOS   ",GENERAL PUEYRREDON,CHAPADMALAL,-381600930788.0,-57633040417.0,V ACC-MC,0,-38.1600930788,-57.633040417,2026,3,March,29,21,6,Domingo,True,Noche (18-24),[],,OTRA / NO ESPECIFICADA,DISPAROS_PERSONAS
2026-03-29 21:14:00,10016048902,DR RAMON CARRILLO y  ,DISPAROS,PERSONAS,LLAMANTE INFORMA QUE   LE COMENTARON  HAY UN CHICO DROGADO EN LA ESQUINA GRITANDO EFECTUANDO DETONACIONES DE ARMA DE FUEGO DESCONOCE SI HACIA PERSONAS PERO ESTA DISCUTIENDO CON PERSONAS DESCONOCE HERIDOS.  ,GENERAL PUEYRREDON,MAR DEL PLATA,-379660244663.0,-576331729992.0,JTv,0,-37.9660244663,-57.6331729992,2026,3,March,29,21,6,Domingo,True,Noche (18-24),[],,OTRA / NO ESPECIFICADA,DISPAROS_PERSONAS
2026-03-29 16:58:00,10016047982,BORDABEHERE al 2020,DISPAROS,PERSONAS,LLAMANTE REFIERE QUE ESTAN CONFRONTANDO CON ARMA DE FUEGO UNO DISPARO DESDE UNA MOTO ,GENERAL PUEYRREDON,MAR DEL PLATA,-37982125529394.0,-57588145988152.0,V ACC-MC,0,-37.982125529394,-57.588145988152,2026,3,March,29,16,6,Domingo,True,Tarde (12-18),[],,OTRA / NO ESPECIFICADA,DISPAROS_PERSONAS
2026-03-29 01:59:00,10016045648,BENITO LYNCH y Florencio Sanchez,DISPAROS,DISPAROS,"LLAMANTE REFIERE QUE HAY VARIAS PERSONAS HACIENDO CONFRONTANDO,  SON 10 O 18 , SE DISPARARON ENTRE ELLOS, TIENEN CUCHILLOS, NO RESPONDE SI HAY HERIDOS. CUANDO VA EL MOVIL POR JUANA MANSO SE DISPERSAN.-    ",GENERAL PUEYRREDON,MAR DEL PLATA,-380415249985.0,-575948459992.0,NEGATIVO,30584 INFORMA QUE ENTREVISAT CON SR SIERRA. REFIERE QUE EN EL LUGAR HUBO UNA CONFRONTACION. AL ARRIBO NEGATIVO,-38.0415249985,-57.5948459992,2026,3,March,29,1,6,Domingo,True,Madrugada (00-06),[],,OTRA / NO ESPECIFICADA,DISPAROS_PERSONAS
2026-03-29 00:42:00,10016045301,POSADAS y Sicilia,DISPAROS,PERSONAS,LLAMANTE REFIERE QUE EN LA ESQUINA HAY UAN CONFRONTACION Y SE ESTAN EFECTUANDO DISPAROS UNOS DE LOS QUE ESTA ARMADO VISTE TODO DE NEGRO,GENERAL PUEYRREDON,MAR DEL PLATA,-380551834106.0,-575664520264.0,V ACC-MC,0,-38.0551834106,-57.5664520264,2026,3,March,29,0,6,Domingo,True,Madrugada (00-06),[],,OTRA / NO ESPECIFICADA,DISPAROS_PERSONAS
2026-03-28 20:42:00,10016044487,AV COLON y Termas De Rio Hondo,ROBO,COMERCIO,LLAMANTE REFIERE QUE DOS MASCULINOS ENCAPUCHADOS Y ARMADOS  ENTRARON A ROBAR EN UN COMERCIO. HIRIERON A UNA FEMENINA Y A UN MACULINO EN LA PIERNA Y EN EL BRAZO__SE FUERON POR CALLE 186 HACIA LA VILLA GASCON [Id.Remoto: 10016044487],GENERAL PUEYRREDON,MAR DEL PLATA,-379784865503.0,-575994673282.0,POSITIVO,"PERSONAL DEL HIGA INFORMA QUE LAS PERSONAS HERIDAS QUE INGRESAN POR LA GUARDIA, DE AV COLON Y CALLE 172, SON IDENTIFICADAS COMO LA SRA COSTACCI CAROLINA, DE 34 AÑOS DE EDAD, LA MISMA PRESENTA HERIDA DE ARMA DE FUEGO EN ROSTRO , Y EN MIENBRO SUPERIOR IZQUIERDO, LUCIDA Y CONCIENTE, Y LA OTRA PERSONA ES EL SR BIBBO EDUARDO , DE 68 AÑOS DE EDAD, LUCIDO Y CONSCIENTE , EL MISMO PRESENTA HERIDA DE ARMA DE FUEGO EN GLUTEO DERECHO, Y EN ABDOMEN, COMUNICA SGTO SANCHEZ.-",-37.9784865503,-57.5994673282,2026,3,March,28,20,5,Sábado,True,Noche (18-24),[],,OTRA / NO ESPECIFICADA,DISPAROS_PERSONAS
2026-03-28 19:26:00,10016044196,LAS MARAVILLAS al 3183,DISPAROS,PERSONAS,"LLAMA POR UN MASCULINO DE UNOS 35 AÑOS, QUE ESTA HERIDO DE BALA EN EL PECHO DENTRO DE SU CASA.  LOS AGRESORES SE VAN EN UN AUTO. ",GENERAL PUEYRREDON,MAR DEL PLATA,-37933852246321.0,-57560969654405.0,V ACC-MC,0,-37.933852246321,-57.560969654405,2026,3,March,28,19,5,Sábado,True,Noche (18-24),[],,OTRA / NO ESPECIFICADA,DISPAROS_PERSONAS
2026-03-28 19:22:00,10016044181,LAS MARAVILLAS al 3283,DISPAROS,PERSONAS,"REFIERE QUE INGRESO UN MASCULINO A SU DDO PIDENDO AYUDA, LE DISPARORON EN LA VIA PUBLICA, TIENE UNA HERIDA DE BALA EN EL PECHO.- ",GENERAL PUEYRREDON,MAR DEL PLATA,-37932921613726.0,-57559863805157.0,V ACC-MC,0,-37.932921613726,-57.559863805157,2026,3,March,28,19,5,Sábado,True,Noche (18-24),[],,OTRA / NO ESPECIFICADA,DISPAROS_PERSONAS
2026-03-28 19:21:00,10016044173,GODOY CRUZ BIS y Las Maravillas,DISPAROS,PERSONAS,LLAMANTE REFIERE QUE HAY VARIAS PERSONAS DISPARANDOSE ENTRE ELLOS. DESCONCOE SI HAY HERIDOS __HAY CUATRO O CINCO PERSONAS INVOLUCRADAS ,GENERAL PUEYRREDON,MAR DEL PLATA,-379340289984.0,-575612159992.0,V ACC-MC,0,-37.9340289984,-57.5612159992,2026,3,March,28,19,5,Sábado,True,Noche (18-24),[],,OTRA / NO ESPECIFICADA,DISPAROS_PERSONAS
2026-03-28 19:20:00,10016044168,LAS MARAVILLAS al 3183,DISPAROS,PERSONAS,"LLAMANTE INFORMA QUE   HUBO UN TIROTEO EN EL LUGAR, Y HAY UNA PERSONA HERIDA. NO RESPONDE EN QUE LUGAR ESTA HERIDO, SOLO APORTA QUE ELLA SE ENCERRO EN LA CASA PERO EL HERIDO ESTA EN EL COMERCIO.   ",GENERAL PUEYRREDON,MAR DEL PLATA,-37933852246321.0,-57560969654405.0,V ACC-MC,0,-37.933852246321,-57.560969654405,2026,3,March,28,19,5,Sábado,True,Noche (18-24),[],,OTRA / NO ESPECIFICADA,DISPAROS_PERSONAS
2026-03-28 05:24:00,10016042061,INT JOSE CAMUSSO al 279,DISPAROS,PERSONAS,LLTE REF QUE UN MASCULINO LE DISPARARON EN LA PIERNA __LE DIERON DOS DISPAROS ,GENERAL PUEYRREDON,MAR DEL PLATA,-38011814064685.0,-57585630647425.0,Analizado por ACC-MC,0,-38.011814064685,-57.585630647425,2026,3,March,28,5,5,Sábado,True,Madrugada (00-06),[],,OTRA / NO ESPECIFICADA,DISPAROS_PERSONAS
2026-03-28 05:20:00,10016042057,GARCIA LORCA y Santa Cecilia,DISPAROS,PERSONAS,REFIERE QUE HAY PERSONAS DISPARANDOSE  .NO SABE CUANTOS SON. NO SABE SI HAY HERIDOS .- ESCUCHA GRITOS ,GENERAL PUEYRREDON,,-380488979985.0,-575833869992.0,JTv,0,-38.0488979985,-57.5833869992,2026,3,March,28,5,5,Sábado,True,Madrugada (00-06),[],,OTRA / NO ESPECIFICADA,DISPAROS_PERSONAS
2026-03-28 02:00:00,10016041612,RIO NEGRO y Tres Arroyos,DISPAROS,PERSONAS,LLAMANTE REFIERE QUE UN NN LE DISPARO A OTRO Y LO GOLPEO EN LA CABEZA,GENERAL PUEYRREDON,MAR DEL PLATA,-379654197693.0,-575760421753.0,POSITIVO,"33822 POSTIVO, HAF MUSLO IZQUIERDO CASI EN EL GLUTEO, SE VE ENTRADA NO SALIDA, MAYOR LUCIDO CONSCIENTE. CORTE EN CABEZA APARENTE BOTELLAZO. HERIDO FLORES ENZO 45 AÑOS DNI 29116851. PRESENTE SAME 6 DR MARAMBIO ASISTE Y TRASLADA, LUCIDO Y CONSCIENTE",-37.9654197693,-57.5760421753,2026,3,March,28,2,5,Sábado,True,Madrugada (00-06),[],,OTRA / NO ESPECIFICADA,DISPAROS_PERSONAS
2026-03-28 00:25:00,10016041227,SAN SALVADOR y Rateriy,DISPAROS,PERSONAS,"LLTE REF QUE HAY UNAS PERSONAS QUE ESTAN DISPARANDO, NO HAY HERIDOS.__LLTE AMENAZA CON MATARLOS UNO POR UNO SI LA POLICIA NO HACE NADA .-",GENERAL PUEYRREDON,MAR DEL PLATA,-380191700071.0,-575896699909.0,NEGATIVO,"MOVIL 30889 INF AMPLIA RECORRIDA POR LA OZNA NORMAL, NEGATIVO DETONACIONES NADIE ENTREVISTA ",-38.0191700071,-57.5896699909,2026,3,March,28,0,5,Sábado,True,Madrugada (00-06),[],,OTRA / NO ESPECIFICADA,DISPAROS_PERSONAS
2026-03-27 22:43:00,10016040884,RIVADAVIA al 11008,DISPAROS,PERSONAS,"__LLAMANTE MENCIONA QUE HAY UNA FEMENINA CON UN PEUGETO COLOR AZUL EFECTUANDO DISPAROS AL AIRE, EN EL LUGAR HAY DOS FALLECIDOS Y UN HERIDO.- ",GENERAL PUEYRREDON,MAR DEL PLATA,-37957465465193.0,-57631998286028.0,V ACC-MC,0,-37.957465465193,-57.631998286028,2026,3,March,27,22,4,Viernes,False,Noche (18-24),[],,OTRA / NO ESPECIFICADA,DISPAROS_PERSONAS
2026-03-27 22:38:00,10016040864,RIVADAVIA al 11008,DISPAROS,PERSONAS,"__LLAMANTE MENCIONA QUE HAY UNA FEMENINA LA CUAL TIENE UN VEHICULO PEUGEOT AZUL, LE EFECTUA DISPAROS A LA GENTE EN LA VIA PUBLICA, HAY UN HERIDO PERO YA ESTA EN EL NOSOCOMIO .- ",GENERAL PUEYRREDON,MAR DEL PLATA,-37957465465193.0,-57631998286028.0,V ACC-MC,0,-37.957465465193,-57.631998286028,2026,3,March,27,22,4,Viernes,False,Noche (18-24),[],,PEUGEOT,DISPAROS_PERSONAS
2026-03-27 21:22:00,10016040559,GALICIA al 1207,DISPAROS,PERSONAS,"LLAMANTE REFIERE QUE HAY VECINOS DISPARANDO A SU HIJO, SON DE LA ESQUINA__LE TIENE 19 AÑOS, ESTÁ LASTIMADO, ESTÁ CONSICNETE, NO SABE SI LE DISPARARON EN LA CABEZA O LO GOLPEARON CON UN CAÑO ",GENERAL PUEYRREDON,MAR DEL PLATA,-38035699810856.0,-57571338953986.0,V ACC-MC,0,-38.035699810856,-57.571338953986,2026,3,March,27,21,4,Viernes,False,Noche (18-24),[],,OTRA / NO ESPECIFICADA,DISPAROS_PERSONAS
2026-03-27 21:22:00,10016040554,AV VERTIZ al 5324,DISPAROS,PERSONAS,"__LLAMANTE MENCIONA QUE ENTRE 3 Y 4 MASCULINOS EFECTUARON UN DISPARO A UN MASCULINO, ESTA HERIDO Y LOS AGRESORES ESTAN ALLI EN EL LUGAR.",GENERAL PUEYRREDON,MAR DEL PLATA,-380352.0,-575711.0,V AGENCIA,0,-38.0352,-57.5711,2026,3,March,27,21,4,Viernes,False,Noche (18-24),[],,OTRA / NO ESPECIFICADA,DISPAROS_PERSONAS
2026-03-27 19:08:00,10016040032,AV COLON al 11900,DISPAROS,PERSONAS,LLAMANTE REFIRE QUE EN EL LUGAR EN MENCION ESTAN A LOS TIROS DOS PERSONAS____,GENERAL PUEYRREDON,MAR DEL PLATA,-379560353934.0,-57642762306.0,V ACC-MC,0,-37.9560353934,-57.642762306,2026,3,March,27,19,4,Viernes,False,Noche (18-24),[],,OTRA / NO ESPECIFICADA,DISPAROS_PERSONAS
2026-03-27 00:51:00,10016037408,AV PEDRO LURO y Guillermo Bayley,DISPAROS,PERSONAS,LLAMNATE REF QUE HAY DOS GRUPOS DE MOTOS CON MASCULINOS ARMADOS QUE EFECTUAN DETONAICONES ENTRE ELLOS ,GENERAL PUEYRREDON,,-379660824001.0,-576105281791.0,V ACC-MC,0,-37.9660824001,-57.6105281791,2026,3,March,27,0,4,Viernes,False,Madrugada (00-06),[],,OTRA / NO ESPECIFICADA,DISPAROS_PERSONAS
2026-03-26 15:47:00,10016035565,YAPEYU al 1300,DISPAROS,PERSONAS,LLAMANTE REFIERE QUE HAY UN HOMBRE CON UN DISPARO EN LA PIERNA.- NO SABE QUE LE PASO.- ,GENERAL PUEYRREDON,MAR DEL PLATA,-37996656390067.0,-57623183688238.0,V ACC-MC,0,-37.996656390067,-57.623183688238,2026,3,March,26,15,3,Jueves,False,Tarde (12-18),[],,OTRA / NO ESPECIFICADA,DISPAROS_PERSONAS
2026-03-26 14:27:00,10016035349,JUAN F CZETZ al 1780,DISPAROS,PERSONAS,"LLAMANTE REFIERE QUE PASO UN NN EN UN AUTO GRIS Y DISPARO A SU CASA, HAY UN HERIDO, ES SU HIJO, EN LAS COSTILLAS, TIENE 33 AÑOS, NO SABEN QUIEN ERA.",GENERAL PUEYRREDON,MAR DEL PLATA,-37971591851574.0,-57603725866053.0,V ACC-MC,0,-37.971591851574,-57.603725866053,2026,3,March,26,14,3,Jueves,False,Tarde (12-18),[],,OTRA / NO ESPECIFICADA,DISPAROS_PERSONAS
2026-03-26 12:36:00,10016035013,PAULA ALBARRACIN al 2661,DISPAROS,PERSONAS,"LLAMANTE REFIERE QUE HAY UN HOMBRE ARMADO CON UN RIFLE, ARMA DE FUEGO LARGA, QUE ENTRÓ A UNA VIVIENDA Y ESTÁ EFECTUANDO DISPAROS. DICE QUE ES UN CONFLICTO ENTRE DICHAS PERSONAS. NO SABE CUÁNTA GENTE HAY DENTRO NI SI HAY ALGUIEN HERIDO.__",GENERAL PUEYRREDON,MAR DEL PLATA,-379838176437.0,-575993520618.0,V ACC-MC,0,-37.9838176437,-57.5993520618,2026,3,March,26,12,3,Jueves,False,Tarde (12-18),[],,OTRA / NO ESPECIFICADA,DISPAROS_PERSONAS
2026-03-25 22:55:00,10016033414,SAN SALVADOR y Envar El Kadri,DISPAROS,PERSONAS,"LLAMANTE REFIERE QUE HAY DISPAROS ENTRE VARIAS PERSONAS, ESTARIAN ESCONDIDOS EN EL CAMPO, NO SABE CANTIDAD, NO SABE SI HAY HERIDOS",GENERAL PUEYRREDON,MAR DEL PLATA,-379933539985.0,-576241239992.0,V ACC-MC,0,-37.9933539985,-57.6241239992,2026,3,March,25,22,2,Miércoles,False,Noche (18-24),[],,OTRA / NO ESPECIFICADA,DISPAROS_PERSONAS
2026-03-25 17:09:00,10016032221,CNEL SUAREZ al 36,DISPAROS,PERSONAS,"LLAMANTE REFIERE QUE ESTABAN DISPARANDO A LA CAS AD EUN HOMBE QUE SALE A JUNTAR CON EL CARRO. SON TRES PERSONAS, CON METRALLADORAS. ANDABAN CON ROPA OSCURA. DICE QUE HIRIERON A LAGUIEN EN LA PANZA Y EN LA PIERNA. NO FUE TODAVIA LA AYUDA. UNA MUJER IBVA CORRIENDO POR LA CALLE A AL COMISARIA.____",GENERAL PUEYRREDON,MAR DEL PLATA,-379597.0,-575882.0,NEGATIVO,22029 INFORMA RECORRIDA SIN NOVEDADESS,-37.9597,-57.5882,2026,3,March,25,17,2,Miércoles,False,Tarde (12-18),[],,OTRA / NO ESPECIFICADA,DISPAROS_PERSONAS
2026-03-25 15:39:00,10016031941,JUANA AZURDUY y Ortiz De Zarate,DISPAROS,PERSONAS,HAY UN GRUPO NUMEROSO DE MASCULINOS Y UNA FEMENINA DISPARANDO HACIA UNA VIVIENDA.-,GENERAL PUEYRREDON,MAR DEL PLATA,-379925949985.0,-576199579992.0,V ACC-MC,0,-37.9925949985,-57.6199579992,2026,3,March,25,15,2,Miércoles,False,Tarde (12-18),[],,OTRA / NO ESPECIFICADA,DISPAROS_PERSONAS
2026-03-25 15:20:00,10016031891,JUANA AZURDUY y Ortiz De Zarate,DISPAROS,PERSONAS,"HAY UN ENFRENTAMIENTO ARMADOS, SERIA ENTRE UN GRUPO NUMEROSO DE PERSONAS. NO APORTA OTROS DATOS.-",GENERAL PUEYRREDON,MAR DEL PLATA,-379925949985.0,-576199579992.0,V ACC-MC,0,-37.9925949985,-57.6199579992,2026,3,March,25,15,2,Miércoles,False,Tarde (12-18),[],,OTRA / NO ESPECIFICADA,DISPAROS_PERSONAS
2026-03-25 15:03:00,10016031836,JUANA AZURDUY y SAN SALVADOR ,DISPAROS,PERSONAS,"CCA QUE HAY GENTE DISPARANDOSE ENTRE ELLOS , UNOS ESTAN EN MOTO , CONTRA UNA CASA QUE ES UNA CASILLA , NO APORTA MAS DATOS ",GENERAL PUEYRREDON,MAR DEL PLATA,-379925949985.0,-576199579992.0,V ACC-MC,0,-37.9925949985,-57.6199579992,2026,3,March,25,15,2,Miércoles,False,Tarde (12-18),[],,OTRA / NO ESPECIFICADA,DISPAROS_PERSONAS
2026-03-25 10:44:00,10016031106,CERRITO y Tripulantes Del Fournier,DISPAROS,PERSONAS,"____LLTE REFIERE QUE 4 NN SE ENFRENTAN  A TIROS__UNO VISTE REMERA BLANCA  Y VISERA BLANCA, EL OTRO DE REMREA  ROJA , OTRO DE ROPA OSCURA Y EL 4TO  DE CAMPERA MARRON __NO VE NN HERIDOS ",GENERAL PUEYRREDON,MAR DEL PLATA,-380418739985.0,-575684009992.0,V ACC-MC,0,-38.0418739985,-57.5684009992,2026,3,March,25,10,2,Miércoles,False,Mañana (06-12),[],,OTRA / NO ESPECIFICADA,DISPAROS_PERSONAS
2026-03-25 10:44:00,10016031102,AV POLONIA y Soler,DISPAROS,PERSONAS,"REFIERE QUE HAY 6 O 8 PERSONAS ARMADOS. SE EFECTUAN DISPAROS. SE CORREN. NO SABE SI HAY HERIDOS,-",GENERAL PUEYRREDON,,-380178179985.0,-576002489992.0,V ACC-MC,0,-38.0178179985,-57.6002489992,2026,3,March,25,10,2,Miércoles,False,Mañana (06-12),[],,OTRA / NO ESPECIFICADA,DISPAROS_PERSONAS
2026-03-24 23:40:00,10016029686,INT JOSE CAMUSSO y Gutemberg,DISPAROS,PERSONAS,"LLAMANTE REFIERE QUE VE CORRIDAS Y QUE SE DISPARAN ENTRE PERSONAS, NO SABE CUANTAS PERSONAS  SON, NO SABE SI HAY HERIDOS   SE VAN POR GUTEMBERG HACIA LA  CALLE 47  ",GENERAL PUEYRREDON,MAR DEL PLATA,-38028316228.0,-576055447486.0,V ACC-MC,0,-38.028316228,-57.6055447486,2026,3,March,24,23,1,Martes,False,Noche (18-24),[],,OTRA / NO ESPECIFICADA,DISPAROS_PERSONAS
2026-03-23 20:49:00,10016025566,AV DR ALIO y Av Pedro Luro,DISPAROS,PERSONAS,LLAMANTE REFIERE QUE SUJETO *TRAPITO* SE PELEO CON OTRO Y HUBO DISPARO NO SABE SI HAY HERIDOS ,GENERAL PUEYRREDON,MAR DEL PLATA,-379741859436.0,-575944824219.0,V ACC-MC,0,-37.9741859436,-57.5944824219,2026,3,March,23,20,0,Lunes,False,Noche (18-24),[],,OTRA / NO ESPECIFICADA,DISPAROS_PERSONAS
2026-03-22 20:45:00,10016021778,3 y 204,DISPAROS,PERSONAS,LLAMANTE REFIERE QUE HAY VARIAS PERSONAS DISPARANDOSE ENTRE ELLOS __AGREGA QUE HAY UNA PERSONA HERIDA ,GENERAL PUEYRREDON,,,,V ACC-MC,0,,,2026,3,March,22,20,6,Domingo,True,Noche (18-24),[],,OTRA / NO ESPECIFICADA,DISPAROS_PERSONAS
2026-03-22 15:31:00,10016020720,PJE PARANA y Azopardo,DISPAROS,PERSONAS,LLAMANTE REFIERE QUE UN MASCULINO LE ESTÁ DISPARANDO A UN CHICO Y LO HIRIÓ. ,GENERAL PUEYRREDON,MAR DEL PLATA,-379889239986.0,-576323179992.0,JTv,0,-37.9889239986,-57.6323179992,2026,3,March,22,15,6,Domingo,True,Tarde (12-18),[],,OTRA / NO ESPECIFICADA,DISPAROS_PERSONAS
2026-03-22 14:00:00,10016020468,ESTEBAN GASCON al 8700,DISPAROS,PERSONAS,LLAMANTE REFIERE QUE HAY 5 NN DISPARANDO AL AIRE. ESTAN HACIENDO UN ASADO EN LA VEREDA,GENERAL PUEYRREDON,MAR DEL PLATA,-37974880444185.0,-57613443225919.0,NEGATIVO,30504  A LA RECORRIDA NO CONSTATA NOVEDAD NADIE ENTREVISTA ,-37.974880444185,-57.613443225919,2026,3,March,22,14,6,Domingo,True,Tarde (12-18),[],,OTRA / NO ESPECIFICADA,DISPAROS_PERSONAS
2026-03-20 23:44:00,10016014394,FELIPE DE ARANA,DISPAROS,PERSONAS,REFIERE QUE HAY UN MASCULINO EN EL PISO HERIDO DE ARMA DE FUEGO __,GENERAL PUEYRREDON,,,,V ACC-MC,0,,,2026,3,March,20,23,4,Viernes,False,Noche (18-24),[],,OTRA / NO ESPECIFICADA,DISPAROS_PERSONAS
2026-03-20 23:41:00,10016014381,FELIPE DE ARANA y La Costa,ROBO,VÍA PÚBLICA,"LLAMANTE DICE QUE HAY UN MASCULINO TIRADO EN EL ISO, LE ROBARON Y LE DISPARON , NO SABE DODNE ES LA HERIDA, NO SABE NADA DE LOS DELINCUENTES.",GENERAL PUEYRREDON,,,,Telefonía Fija/Móvil,0,,,2026,3,March,20,23,4,Viernes,False,Noche (18-24),[],,OTRA / NO ESPECIFICADA,DISPAROS_PERSONAS
2026-03-20 20:12:00,10016013686,EDUARDO WILDE al 3120,DISPAROS,PERSONAS,"LLAMANTE DICE QUE SE ESTAN PELEANDO AFUERA DE SU CASA Y SE ESTAN EFECTUANDO DISPAROS, ES ENTRE 2 HERMANOS, NO SABE SI HAY HERIDOS. ",GENERAL PUEYRREDON,MAR DEL PLATA,-37977807253565.0,-57621438829803.0,NEGATIVO,"30885 INFORMA AL ARRIBO NEG CONFRONTACION, NEG ETONACIONES. ES UN ASENTAMIENTO, NADIE SE ACERCA A ENTREVISTAR",-37.977807253565,-57.621438829803,2026,3,March,20,20,4,Viernes,False,Noche (18-24),[],,OTRA / NO ESPECIFICADA,DISPAROS_PERSONAS
2026-03-20 17:57:00,10016013223,AYOLAS al 10782,DISPAROS,PERSONAS,REFIERE EFECTUARON UN MONTON DE DISPAROS .- HIRIERON  SU MARIDO .- __,GENERAL PUEYRREDON,MAR DEL PLATA,-379947.0,-576139.0,Analizado por ACC-MC,0,-37.9947,-57.6139,2026,3,March,20,17,4,Viernes,False,Tarde (12-18),[],,OTRA / NO ESPECIFICADA,DISPAROS_PERSONAS
2026-03-20 00:30:00,10016010627,AV LOS PLATANOS y Hernandarias,EMERGENCIA DE SALUD,EMERGENCIA,"LLAMANTE REFIERE QUE LE DISPARARON A UN CHICO, ESTA A LOS GRITOS, NO SABE ADONDE ESTA HERIDO , ",GENERAL PUEYRREDON,,-380338029985.0,-575680209992.0,REDERIVADO,0,-38.0338029985,-57.5680209992,2026,3,March,20,0,4,Viernes,False,Madrugada (00-06),[],,OTRA / NO ESPECIFICADA,DISPAROS_PERSONAS
2026-03-20 00:30:00,10016010625,AV LOS PLATANOS al 779,DISPAROS,PERSONAS,"LLAMANTE REFIERE QUE ESCUCHA DISPAROS, VE POR CAMARAS 7 PERSONAS, HAY UNA FEMNINA GRITANDO, PARECE ESTAR HERIDA.",GENERAL PUEYRREDON,MAR DEL PLATA,-38033042411652.0,-57567053871984.0,V ACC-MC,0,-38.033042411652,-57.567053871984,2026,3,March,20,0,4,Viernes,False,Madrugada (00-06),[],,OTRA / NO ESPECIFICADA,DISPAROS_PERSONAS
2026-03-19 23:42:00,10016010469,AYELEP y Labarden,DISPAROS,PERSONAS,"LLAMANTE REFIERE QUE SE ESTAN DISPARANDO ENTRE PERSONAS EN LA PLAZA , NO SABE CUANTOS SON, NO SABE SI HAY HERIDOS ",GENERAL PUEYRREDON,MAR DEL PLATA,-380216409986.0,-576314579992.0,V ACC-MC,0,-38.0216409986,-57.6314579992,2026,3,March,19,23,3,Jueves,False,Noche (18-24),[],,OTRA / NO ESPECIFICADA,DISPAROS_PERSONAS
2026-03-19 20:39:00,10016009910,CHILABERT BIS al 3429,DISPAROS,PERSONAS,REFIERE QUE HAY UNA VECINA QUE SE ESTAN AGARRANDO A LOR TIROS __ NO SABE SI HAY HERIDOS __ ESTAN  ALOS GRITOS __ NO SABE SI HAY HERIDOS,GENERAL PUEYRREDON,MAR DEL PLATA,-37985007117366.0,-57613914391725.0,V ACC-MC,0,-37.985007117366,-57.613914391725,2026,3,March,19,20,3,Jueves,False,Noche (18-24),[],,OTRA / NO ESPECIFICADA,DISPAROS_PERSONAS
2026-03-19 12:38:00,10016008318,CALAZA BIS y Gral Roca,DISPAROS,PERSONAS,"CCA QUE HAY VARIOS MASCULINOS A LOS DISPAROS , HAY MENORES QUE VAN AL COLEGIO , SERIAN DOS BANDAS ",GENERAL PUEYRREDON,MAR DEL PLATA,-379849889985.0,-576110189992.0,V ACC-MC,0,-37.9849889985,-57.6110189992,2026,3,March,19,12,3,Jueves,False,Tarde (12-18),[],,OTRA / NO ESPECIFICADA,DISPAROS_PERSONAS
2026-03-19 05:29:00,10016007326,509 y 8,DISPAROS,PERSONAS,"LLAMANTE REFIERE QUE PASARON CUATRO PERSONAS EN MOTOS Y SE DISPARARON ENTRE ELLOS, NO SABE SI HAY HERIDOS, ERAN CUATRO PERSONAS. ",GENERAL PUEYRREDON,,,,V ACC-MC,0,,,2026,3,March,19,5,3,Jueves,False,Madrugada (00-06),[],,OTRA / NO ESPECIFICADA,DISPAROS_PERSONAS
2026-03-18 21:30:00,10016006273,FINOCHIETO al 285,DISPAROS,PERSONAS,"LLAMANTE  MASCULINO DE 27 AÑOS REFIERE QUE LE DISPARARON ESTA HERIDO, AL RESGUARDO EN SU DOMICILIO, LOS AGRESORES SON 3 MASCULINOS ESTAN FUERA DEL LUGAR  ",GENERAL PUEYRREDON,MAR DEL PLATA,-37996445189976.0,-57606052752782.0,V ACC-MC,0,-37.996445189976,-57.606052752782,2026,3,March,18,21,2,Miércoles,False,Noche (18-24),[],,OTRA / NO ESPECIFICADA,DISPAROS_PERSONAS
2026-03-18 10:47:00,10016003898,VIGNOLO y Benito Lynch,DISPAROS,PERSONAS,"REFIERE QUE HAY UN MASCULINO EN UNA CAMIONETA BORDO, REALIZANDO DETONACIONES DE ARMA DE FUEGO, CAMIONETA FIAT TORO BORDO, EL MASCULINO 1.70 MOROCHO GORDITO, LOS VECINOS DICEN QUE A LA VUELTA HAY UNA PERSONA TIRADA EN VIGNOLO Y HEGUILOR, CREEN QUE ESTA HERIDA LA PERSONA.-  __",GENERAL PUEYRREDON,,-380208429985.0,-576205239992.0,Telefonía Fija/Móvil,0,-38.0208429985,-57.6205239992,2026,3,March,18,10,2,Miércoles,False,Mañana (06-12),[],,FIAT,DISPAROS_PERSONAS
2026-03-18 10:41:00,10016003880,VIGNOLO y Garcia Lorca,DISPAROS,PERSONAS,"LLTE REFIERE QUE LE DISPARO A OTRO MASC , QUIEN QUEDA CAIDO EN LA CALLE__EL AGRESOR SIGUE DISPARANDO ",GENERAL PUEYRREDON,MAR DEL PLATA,-380208429985.0,-576205239992.0,V ACC-MC,0,-38.0208429985,-57.6205239992,2026,3,March,18,10,2,Miércoles,False,Mañana (06-12),[],,OTRA / NO ESPECIFICADA,DISPAROS_PERSONAS
2026-03-17 07:12:00,10015999762,BENTEVEO y MOSCONI ,DISPAROS,PERSONAS,"LLAMANTE REFIERE QUE VE A DOS HOMBRES QUE LE DISPARAN A LAS PERSONAS , NO HAY HERIDOS, SON HOMBRES , EN LA VIA PUBLICA ",GENERAL PUEYRREDON,,,,V ACC-MC,0,,,2026,3,March,17,7,1,Martes,False,Mañana (06-12),[],,OTRA / NO ESPECIFICADA,DISPAROS_PERSONAS
2026-03-16 23:19:00,10015998746,ANTONIO GALEANA y Godoy Cruz,DISPAROS,PERSONAS,"LLAMANTE REFIERE QUE ESTAN CONFRONTANDO CON DISPAROS DE ARMA DE FUEGO, SON MAS CINCO, DESCONOCE SI HAY HERIDOS, ESCUCHA CORRIDAS Y GRITOS DE UN LADO A OTRO",GENERAL PUEYRREDON,MAR DEL PLATA,-379439579984.0,-575472369992.0,V ACC-MC,0,-37.9439579984,-57.5472369992,2026,3,March,16,23,0,Lunes,False,Noche (18-24),[],,OTRA / NO ESPECIFICADA,DISPAROS_PERSONAS
2026-03-16 23:12:00,10015998725,ANTONIO GALEANA al 3100,DISPAROS,PERSONAS,LLAMANTE REFIERE QUE SE ESCUCHAN GRITOS Y DISPAROS ENTRE PERSONAS __DESCONOCE HERIDOS  ,GENERAL PUEYRREDON,MAR DEL PLATA,-37944917610964.0,-57548414315212.0,JTv,0,-37.944917610964,-57.548414315212,2026,3,March,16,23,0,Lunes,False,Noche (18-24),[],,OTRA / NO ESPECIFICADA,DISPAROS_PERSONAS
2026-03-16 23:11:00,10015998724,SERAPIO URQUIA y  ,DISPAROS,PERSONAS,"LLAMANTE INFORMA QUE   ANDAN DOS MOTOS EFECTUANDO DETONACIONES DE ARMA DE FUEGO ENTRE PERSONAS, DESCONOCE HERIDOS ",GENERAL PUEYRREDON,MAR DEL PLATA,,,V ACC-MC,0,,,2026,3,March,16,23,0,Lunes,False,Noche (18-24),[],,OTRA / NO ESPECIFICADA,DISPAROS_PERSONAS
2026-03-16 22:42:00,10015998642,JOSE PUJIA y URQUIA ,DISPAROS,PERSONAS,"LLAMANTE INFORMA QUE   SE ESCUCHAN DISPAROS EN EL LUGAR, LOS DISPAROS SON ENTRE PERSONAS.  DESCONOCE HERIDOS.  VAN PERSONAS DISCUTIENDO Y DISPARANDOSE ENTRE SI ",GENERAL PUEYRREDON,,-379434889984.0,-575478599992.0,V ACC-MC,0,-37.9434889984,-57.5478599992,2026,3,March,16,22,0,Lunes,False,Noche (18-24),[],,OTRA / NO ESPECIFICADA,DISPAROS_PERSONAS
2026-03-16 03:38:00,10015995720,AV DR ALIO y Moreno,DISPAROS,PERSONAS,LLAMANTE REFIERE QUE LE AVISAN QUE DIERON UN TIRO A UN AMIGO. NO LE APORTARON MAS DATOS. ,GENERAL PUEYRREDON,MAR DEL PLATA,-379773819985.0,-575971229992.0,POSITIVO,"INF MOV 30174 EN EL LUGAR ENTREVISTADO EL SR CLUADIO BARBUDO DE 50 AÑOS DNI 20200692, REFIERE EN EL LUGAR SE HACE MOVIL DE SAME 12 A CARGO DR GODOY KARINA, TRASLADA LUCIDO/CONCIENTE, EL MISMO CON UNA HERIDA A LA ALTURA DEL PECHO INTERCOSTAL DERECHO, REFIERE EL MISMO 4 SUJETOS ARMADOS LO ABORDAN CON FINES DE ROBO",-37.9773819985,-57.5971229992,2026,3,March,16,3,0,Lunes,False,Madrugada (00-06),[],,OTRA / NO ESPECIFICADA,DISPAROS_PERSONAS
2026-03-16 02:10:00,54520619,228 y SOLER,DISPAROS,PERSONAS,"LLAMANTE REFIERE QUE SU HIJA LE DIJO QUE LLAME A LA POLICIA, EL MARIDO SE PELEA CON DOS PERSONAS ARMADOS ESTAN DISPARANDO, NO SABE SI HAY EHRIDOS, HAY MENORES DE EDAD [Id.Remoto: 54520619]",GENERAL PUEYRREDON,INDEFINIDA,,,Telefonía Fija/Móvil,0,,,2026,3,March,16,2,0,Lunes,False,Madrugada (00-06),[],,OTRA / NO ESPECIFICADA,DISPAROS_PERSONAS
2026-03-16 00:51:00,10015995281,GODOY CRUZ al 5632,DISPAROS,PERSONAS,ESTAN TIRANDO TIROS EN LA CALLE. NO SABE CUANTOS SON.  ES ENTRE PERSONAS LOS TIROS.NO SABE CUANTOS SON LOS QUE SE AGREDEN . NO HAY HERIDOS. ,GENERAL PUEYRREDON,MAR DEL PLATA,-37943170727976.0,-57548274304164.0,V ACC-MC,0,-37.943170727976,-57.548274304164,2026,3,March,16,0,0,Lunes,False,Madrugada (00-06),[],,OTRA / NO ESPECIFICADA,DISPAROS_PERSONAS
2026-03-15 23:43:00,10015994998,BELGRANO al 11225,DISPAROS,PERSONAS," LLAMANTE REFIERE QUE  EL PRIMO, AL QUE LE FUE A PEDIR UN VASO DE AGUA, LE EFECTUO UN DISPARO QUE ROZO LA CABEZA ESTA HERIDO EN EL BRAZO TAMBIEN.  ",GENERAL PUEYRREDON,MAR DEL PLATA,-37957169961186.0,-57634767302924.0,V ACC-MC,0,-37.957169961186,-57.634767302924,2026,3,March,15,23,6,Domingo,True,Noche (18-24),[],,OTRA / NO ESPECIFICADA,DISPAROS_PERSONAS
2026-03-15 22:59:00,10015994832,AV PEDRO LURO y Chile,DISPAROS,PERSONAS,"LLAMANTE REFIERE QUE LE DISPARARON DESDE UN VEHICULO, INTENTARON ABORDARLO EN LA VIA PUBLICA. EL LLAMANTE ESTA EN UNA VERDULERIA A RESGUARDO. LOS AGRESORES SON DOS MASCULINOS A BORDO DE UN VOYAGE GRIS CON PATENTE FINALIZANDO EN 911. NO HAY HERIDOS. ",GENERAL PUEYRREDON,MAR DEL PLATA,-379843327647.0,-57574458955.0,V ACC-MC,0,-37.9843327647,-57.574458955,2026,3,March,15,22,6,Domingo,True,Noche (18-24),[],,OTRA / NO ESPECIFICADA,DISPAROS_PERSONAS
2026-03-15 22:06:00,10015994609,AV PEDRO LURO y Chile,DISPAROS,PERSONAS,LLAMANTE REFIERE QUE EN CAMIONETA GRIS Y AUTO GRIS FIAT LE REALIZARON DISPARO. NO REQUIERE AMBULANCIA. NO RESPONDE MAS PROTOCLO Y CORTA LA LLAMADA. LLAMO ANTERIORMENTE,GENERAL PUEYRREDON,MAR DEL PLATA,-379843330383.0,-575744590759.0,V ACC-MC,0,-37.9843330383,-57.5744590759,2026,3,March,15,22,6,Domingo,True,Noche (18-24),[],,FIAT,DISPAROS_PERSONAS
2026-03-15 18:52:00,10015993863,MAHATMA GHANDI al 3056,DISPAROS,PERSONAS,"LLAMANTE REFIERE QUE HAY APROX. 3 O 4 HOMBRES Y MUJERES DISPARANDOSE EN LA VIA PUBLICA. UNO DE ELLOS TIENE VISERA NEGRA, ESTA ARMADO. NO HAY HERIDOS. ",GENERAL PUEYRREDON,MAR DEL PLATA,-37940950177206.0,-57554564594446.0,JTv,0,-37.940950177206,-57.554564594446,2026,3,March,15,18,6,Domingo,True,Noche (18-24),[],,OTRA / NO ESPECIFICADA,DISPAROS_PERSONAS
2026-03-15 13:34:00,10015992779,AV JOSE COELHO DE MEYRELLES al 7255,DISPAROS,PERSONAS,"REFIERE QUE ESTAN A LOS TIROS __LLAMANTE NO RESPONDE CONSULTAS __GRITA AHI VA CORRIENDO, INSULTOS ",GENERAL PUEYRREDON,,,,POSITIVO,"PERSONAL INFORMA PROBLEMA DE VIEJA DATA , CARRARA - CARMONA VECINOS",,,2026,3,March,15,13,6,Domingo,True,Tarde (12-18),[],,OTRA / NO ESPECIFICADA,DISPAROS_PERSONAS
2026-03-15 06:20:00,10015991654,PAULA ALBARRACIN y Rawson,DISPAROS,PERSONAS,LLTE REF QUE SE ESTAN DISPARANDO __SON COMO 10__NO SABE SI HAY HERIDOS,GENERAL PUEYRREDON,MAR DEL PLATA,-379833299985.0,-575989579992.0,NEGATIVO,23211 INF A LA RECORRIDA NEGATIVO ,-37.9833299985,-57.5989579992,2026,3,March,15,6,6,Domingo,True,Mañana (06-12),[],,OTRA / NO ESPECIFICADA,DISPAROS_PERSONAS
2026-03-15 00:29:00,10015990418,AV JARA y San Lorenzo,DISPAROS,PERSONAS,"REFIERE QUE LLAMO HACE MEDIA HORA, ESTAN EFECTUANDO DISPAROS, SON VARIAS PERSONAS, DISPARAN ENTRE ELLOS, ALGUNOS ESTAN HERIDOS",GENERAL PUEYRREDON,MAR DEL PLATA,-379999933086.0,-575814274857.0,JTv,0,-37.9999933086,-57.5814274857,2026,3,March,15,0,6,Domingo,True,Madrugada (00-06),[],,OTRA / NO ESPECIFICADA,DISPAROS_PERSONAS
2026-03-15 00:23:00,10015990394,AV JARA y San Lorenzo,DISPAROS,PERSONAS,"REFIERE QUE ESTAN EFECTUANDO DISPAROS, NO SABE CUANTOS SON, NO SABE HACIA DONDE DISPARAN, DISPARAN ENTRE ELLOS, CREE QUE HAY HERIDOS",GENERAL PUEYRREDON,MAR DEL PLATA,-379999933086.0,-575814274857.0,V ACC-MC,0,-37.9999933086,-57.5814274857,2026,3,March,15,0,6,Domingo,True,Madrugada (00-06),[],,OTRA / NO ESPECIFICADA,DISPAROS_PERSONAS
2026-03-15 00:20:00,10015990383,AV JARA y San Lorenzo,DISPAROS,PERSONAS,"REFIERE QUE SE DISPARAN ENTRE PERSONAS, NO VE SI HAY HERIDOS. NO SABE CUANTOS HAY EN EL LUGAR",GENERAL PUEYRREDON,MAR DEL PLATA,-379999933086.0,-575814274857.0,V ACC-MC,0,-37.9999933086,-57.5814274857,2026,3,March,15,0,6,Domingo,True,Madrugada (00-06),[],,OTRA / NO ESPECIFICADA,DISPAROS_PERSONAS
2026-03-14 20:53:00,10015989518,JOSE MARIA CALAZA y Belgrano,DISPAROS,PERSONAS,"LLTE SOLICITA PATRULLERO YA QUE HAY DOS CHICAS Y UN CHICO PELEANDO ENTRE ELLOS, HABRIAN EFECTUADO DISPAROS, NO HABRIA HERIDOS PERO SE HABRIAN METIDO EN UNA CASA- ",GENERAL PUEYRREDON,MAR DEL PLATA,-379740229985.0,-576015319992.0,NEGATIVO,MOVIL 31211 INFORMA EN EL ARECOORIDA NEGATIVO ,-37.9740229985,-57.6015319992,2026,3,March,14,20,5,Sábado,True,Noche (18-24),[],,OTRA / NO ESPECIFICADA,DISPAROS_PERSONAS
2026-03-14 17:12:00,10015988618,CALLE 835 y Calle 34,DISPAROS,PERSONAS,LLAMANTE REFIERE QUE EL VECINO DE LA  ESQUINA LE EFECTUO UN DISPARO DE ARMA DE FUEGO AL PASAR CON LA CAMIONETA__NO ESTA HERIDO,GENERAL PUEYRREDON,CHAPADMALAL,-381982999987.0,-577116299993.0,V ACC-MC,0,-38.1982999987,-57.7116299993,2026,3,March,14,17,5,Sábado,True,Tarde (12-18),[],,OTRA / NO ESPECIFICADA,DISPAROS_PERSONAS
2026-03-13 21:42:00,10015985393,GUANAHANI al 7858,DISPAROS,PERSONAS,"LLAMANTE REFIERE QUE LE DISPARARON 3 TIROS A UNA PERSONA, CREE QUE LE DIERON EN LA PIERNA, ESTARIA CONSCIENTE. APARENTEMENTE SERIA POR UN CONFLICTO POR UN ROBO Y VENTA DE UNA MOTO",GENERAL PUEYRREDON,MAR DEL PLATA,-38017.0,-575912.0,V ACC-MC,0,-38.017,-57.5912,2026,3,March,13,21,4,Viernes,False,Noche (18-24),[],,OTRA / NO ESPECIFICADA,DISPAROS_PERSONAS
2026-03-13 21:41:00,10015985392,GUANAHANI al 7858,DISPAROS,PERSONAS,LLAMANTE REFIERE QUE LE AVISO EL HERMANO QUE EN LA CALLE  HAY UN MASCULINO HERIDO CON TRES DISPAROS. NO SABE QUE OCURRIÓ.- ,GENERAL PUEYRREDON,MAR DEL PLATA,-38016944069699.0,-57591167179756.0,V ACC-MC,0,-38.016944069699,-57.591167179756,2026,3,March,13,21,4,Viernes,False,Noche (18-24),[],,OTRA / NO ESPECIFICADA,DISPAROS_PERSONAS
2026-03-13 21:39:00,10015985384,GUANAHANI al 7858,DISPAROS,PERSONAS,"LLAMANTE REFIERE QUE HUBO UN INTENTO DE ROBO Y LE DISPARARON 3 TIROS AL DELINCUENTE, ESTA TIRADO EN LA VIA PUBLICA, PASO UN CHICO EN MOTO, EL MASCULINO SALIO DEL CAMPITO DE ENFRENTE PARA ROBARLE, Y LE DISPARO. NO TIEN MAS INFORMACION",GENERAL PUEYRREDON,MAR DEL PLATA,-38016944069699.0,-57591167179756.0,JTv,0,-38.016944069699,-57.591167179756,2026,3,March,13,21,4,Viernes,False,Noche (18-24),[],,OTRA / NO ESPECIFICADA,DISPAROS_PERSONAS
2026-03-13 17:13:00,10015984323,SICILIA al 4558,DISPAROS,PERSONAS,"LLAMANTE REFIERE QUE LE DISPARARON A SU NIETO EN LA RODILLA Y MUSLO. ERA UN CHICO CON 9 MILIMETROS, ES SU VECINO GUIDO ZARATE. EL VIVE EN SICILIA 4632",GENERAL PUEYRREDON,MAR DEL PLATA,-38048992031673.0,-5757468809438.0,V ACC-MC,0,-38.048992031673,-57.57468809438,2026,3,March,13,17,4,Viernes,False,Tarde (12-18),[],,OTRA / NO ESPECIFICADA,DISPAROS_PERSONAS
2026-03-13 17:02:00,10015984282,SICILIA al 4558,DISPAROS,PERSONAS,"CCA QUE LE PEGARON A SU NIETO UN DISPARO EN LA PIERNA, TIENE 22 AÑOS ESTA CONSCIENTE QUIEN LE DISPARO VIVE A UNAS CUADRAS , SE LLAMA GUIDO LO CONOCE SU NIETO CREE QUE VENDE DROGA ",GENERAL PUEYRREDON,MAR DEL PLATA,-38048992031673.0,-5757468809438.0,V ACC-MC,0,-38.048992031673,-57.57468809438,2026,3,March,13,17,4,Viernes,False,Tarde (12-18),[],,OTRA / NO ESPECIFICADA,DISPAROS_PERSONAS
2026-03-13 17:00:00,10015984275,SICILIA al 4558,DISPAROS,PERSONAS,"LLAMANTE PIDE MOVIL PORQUE UN MASC TIENE UN DISPARO EN EL PIE.  OCURRIO AHORA CUANDO ALGUIEN PASO, DISPARO, Y CONTINUO CAMINO.- ",GENERAL PUEYRREDON,MAR DEL PLATA,-38048992031673.0,-5757468809438.0,V ACC-MC,0,-38.048992031673,-57.57468809438,2026,3,March,13,17,4,Viernes,False,Tarde (12-18),[],,OTRA / NO ESPECIFICADA,DISPAROS_PERSONAS
2026-03-13 16:54:00,54465415,SICILIA al 4632,DISPAROS,PERSONAS,REFIERE QUE ESTAN EFECTUANDOSE DISPAROS . DICE QUE NO SALIO NO SABE CUANTOS SON __UN MASCULINO HERIDO . NO APORTA MAS DATOS [Id.Remoto: 10015984240] [Id.Remoto: 2605051] [Id.Remoto: 3705077] [Id.Remoto: 2605154],GENERAL PUEYRREDON,MAR DEL PLATA,-380487299985.0,-575750379992.0,VSup,0,-38.0487299985,-57.5750379992,2026,3,March,13,16,4,Viernes,False,Tarde (12-18),[],,OTRA / NO ESPECIFICADA,DISPAROS_PERSONAS
2026-03-13 16:52:00,10015984240,SICILIA al 4632,DISPAROS,PERSONAS,REFIERE QUE ESTAN EFECTUANDOSE DISPAROS . DICE QUE NO SALIO NO SABE CUANTOS SON __UN MASCULINO HERIDO . NO APORTA MAS DATOS ,GENERAL PUEYRREDON,,-380487299985.0,-575750379992.0,REDERIVADO,0,-38.0487299985,-57.5750379992,2026,3,March,13,16,4,Viernes,False,Tarde (12-18),[],,OTRA / NO ESPECIFICADA,DISPAROS_PERSONAS
2026-03-13 09:43:00,10015982830,MALABIA al 3675,DISPAROS,PERSONAS,REFIERE QUE HAY UN TIROTEO. ESCUCHO TRES DISPAROS. AHORA HAY UN MASCULINO TIRADO EN EL PISO. ESTA HERIDO DE ARMA DE FUEGO. PIDE AMBULANCIA.-,GENERAL PUEYRREDON,MAR DEL PLATA,-3808105659474.0,-57555016361114.0,V ACC-MC,0,-38.08105659474,-57.555016361114,2026,3,March,13,9,4,Viernes,False,Mañana (06-12),[],,OTRA / NO ESPECIFICADA,DISPAROS_PERSONAS
2026-03-12 01:36:00,10015977836,BAUTISTA BALERDI y Pedro Goyena,DISPAROS,PERSONAS,"LLAMANTE REFIERE QUE EFECTUARON DISPAROS Y PASO UN CHICO CORRIENDO LASTIMADO POR ELLOS, ESTABA SIN REMERA CON PANTALON GRIS SE FUE PARA EL LADO GOYENA COMO PARA EL LADO DE COLON   ",GENERAL PUEYRREDON,,-379555559986.0,-576398119992.0,V ACC-MC,0,-37.9555559986,-57.6398119992,2026,3,March,12,1,3,Jueves,False,Madrugada (00-06),[],,OTRA / NO ESPECIFICADA,DISPAROS_PERSONAS
2026-03-11 20:54:00,10015976936,CNEL SUAREZ al 2450,DISPAROS,PERSONAS,"__LLAMANTE MENCIONA QUE EFECTUAN DISPAROS ENTRE PERSONAS, NO APORTA MAS DATOS.- ",GENERAL PUEYRREDON,MAR DEL PLATA,-379791.0,-57604.0,V ACC-MC,0,-37.9791,-57.604,2026,3,March,11,20,2,Miércoles,False,Noche (18-24),[],,OTRA / NO ESPECIFICADA,DISPAROS_PERSONAS
2026-03-11 01:02:00,10015974063,BENITO LYNCH y Florencio Sanchez,DISPAROS,PERSONAS,"LLAMANTE REFIERE QUE HYA UN TIROTEO EN LA CUADRA, VE 20 PERSONAS, CREE QUE HAY UN HERIDO, VIO UNA PERSONA PASAR CORRIENDO",GENERAL PUEYRREDON,MAR DEL PLATA,-380415249985.0,-575948459992.0,JTv,0,-38.0415249985,-57.5948459992,2026,3,March,11,1,2,Miércoles,False,Madrugada (00-06),[],,OTRA / NO ESPECIFICADA,DISPAROS_PERSONAS
2026-03-10 21:52:00,10015973440,POSADAS al 2537,DISPAROS,PERSONAS,LLAMANTE REFIERE QUE SE ESTAN DISPARANDO ENTRE PERSONAS EN EL PASILLO DE SU CASA__NO SABE SI HAY HERODOS ,GENERAL PUEYRREDON,MAR DEL PLATA,-38055432940905.0,-57566750237713.0,V ACC-MC,0,-38.055432940905,-57.566750237713,2026,3,March,10,21,1,Martes,False,Noche (18-24),[],,OTRA / NO ESPECIFICADA,DISPAROS_PERSONAS
2026-03-10 21:51:00,10015973436,SICILIA al 3641,DISPAROS,PERSONAS,"__LLAMANTE MENCIONA QUE VIO UN MASCULINO ROBUSTO QUE SE MOVILIZA EN UNA MOTO CC150 KUBA COLOR ROSA Y BLANCA SE FUE PARA EL LADO DE CALABRIA Y JUNTO CON EL UNA  CAMIONETA KANGOO COLOR BEIGE DOMINIO NO TIENE. SE EFECTUAN DISPAROS CON UN MASCULINO QUE VISTE REMERA DE ARGENTINA Y OTRO QUE VISTE REMERA NEGRA QUE ESTAN DENTRO DE LA CALLE  QUE APORTA, DESCONOCE SI HAY HERIDOS ",GENERAL PUEYRREDON,MAR DEL PLATA,-380549.0,-575668.0,JTv,0,-38.0549,-57.5668,2026,3,March,10,21,1,Martes,False,Noche (18-24),[],,OTRA / NO ESPECIFICADA,DISPAROS_PERSONAS
2026-03-10 21:38:00,10015973402,25 DE MAYO al 7732,DISPAROS,PERSONAS,"__LLAMANTE MENCIONA QUE HAY TRES MASCULINOS QUE SE MOVILIZAN EN BICICLETA, UNA PLAYERA Y LA OTRO SON RODADO 29, EFECTUAN DISPAROS HACIA UNA CASA, NO HAY HERIDOS.- ",GENERAL PUEYRREDON,MAR DEL PLATA,-379718.0,-575973.0,NEGATIVO,22029 INF RECORRIDA SIN NOVEDAD  NADIE  ENTREVISTA ,-37.9718,-57.5973,2026,3,March,10,21,1,Martes,False,Noche (18-24),[],,OTRA / NO ESPECIFICADA,DISPAROS_PERSONAS
2026-03-10 10:18:00,10015971395,HEGUILOR al 2829,DISPAROS,PERSONAS,"LLAMANTE REFIERE QUE VE UN AUTO PEUGEOT PLATEADO , NO TIENE PATENTE , ES UN 308 ,  HAY UN HOMBRE QUE TIENE DOS ARMAS DE FUEGO ARRIBA DEL MISMO Y POR UNA DISCUCION LE DISPARO A DOS PERSONAS EN UNA MOTO , NO HAY HERIDOS, LA MOTO NO ESTA EN EL LUGAR PERO EL AUTO SI .- ",GENERAL PUEYRREDON,,-38020980895692.0,-57617403742475.0,NEGATIVO,30498 INFORMA MASCULINO TOLABA JOSE LUIS__NEGATIVO ARMAS DE FUEGO.__FUE A VER A SU EX PAREJA E HIJOS__NO TIENE PATENTE COLOCADA YA QUE ESTA EN TRAMITE Y TIENE UNA PROVISORIA. ES UN PEUGEOT 308 AE788GC__CURSADO POR INFORMATICA DOMINIO Y PERSONA NORMAL.,-38.020980895692,-57.617403742475,2026,3,March,10,10,1,Martes,False,Mañana (06-12),[],,PEUGEOT,DISPAROS_PERSONAS
2026-03-10 00:35:00,10015970369,DON ORIONE y Guanahani,DISPAROS,PERSONAS,"LLAMANTE REF QUE ESTAN EFECTUANDO DETONACIONES EN LA CALLE, NO SABE SI HAY HERIDOS SON DOS PERSONAS LAS QUE CONFRONTAN .______",GENERAL PUEYRREDON,MAR DEL PLATA,-380417095978.0,-575583472768.0,JTv,0,-38.0417095978,-57.5583472768,2026,3,March,10,0,1,Martes,False,Madrugada (00-06),[],,OTRA / NO ESPECIFICADA,DISPAROS_PERSONAS
2026-03-09 19:34:00,10015969435,LUIS PASTEUR y Jose Lijo Lopez,DISPAROS,PERSONAS,LLAMANTE REFIERE QUE PASARON UNA MOTO EFECTUANDO DISPAROS HACIA UNA PERSONA. NO SABE SI QUISIERON ROBAR.ERAN DOS UNO CASCO BLANCO VESTIDOS DE NEGRO Y MOTO 150 XR NEGRA SE FUERON POR PASTEUR HACUA CINSTITUCION. NO SABE SU HAY HERIDOS. ,GENERAL PUEYRREDON,MAR DEL PLATA,-379651609984.0,-575475829992.0,V ACC-MC,0,-37.9651609984,-57.5475829992,2026,3,March,9,19,0,Lunes,False,Noche (18-24),[],,OTRA / NO ESPECIFICADA,DISPAROS_PERSONAS
2026-03-09 15:08:00,10015968580,TRIPULANTES DEL FOURNIER y Av Carlos Gardel,DISPAROS,PERSONAS,LLAMANTE REFIERE QUE HAY UN MASCULINO DISPARANDOLE A LA GENTE. ESTA EN UNA MOTO WAVE DE COLOR VERDE. VISTE ROPA NEGRA Y TIENE VISERA. NO SABE SI HAY HERIDOS,GENERAL PUEYRREDON,MAR DEL PLATA,-380019779985.0,-576212789992.0,V ACC-MC,0,-38.0019779985,-57.6212789992,2026,3,March,9,15,0,Lunes,False,Tarde (12-18),[],,OTRA / NO ESPECIFICADA,DISPAROS_PERSONAS
2026-03-09 12:15:00,10015968078,CALLE 24 y Dr Guillermo Bosch Mayol  Cabo Corrientes,DISPAROS,PERSONAS,"REFIERE MASC ARMADO CON ARMA DE FUEGO DENTRO DE LA VIVIENDA DE UNA PAREJA  AMIGA DE LA LLTE LES QUIERE DISPARAR __NO SABE QUE SUCEDE .- __ANOCHE EL MISMO MASC   LE DISPARO AL DUEÑO DE LA CASA, LO HIRIO,  LE SALIO  EL DISPARO POR LA ESPALDA E IMPACTO EN EL DEDO , EL MASC YA FUE ATENDIDO __AHORA EL MASC REGRESO AL DOMICILIO ARAMDO .- ",GENERAL PUEYRREDON,MAR DEL PLATA,-380940289985.0,-575901909992.0,REDERIVADO,0,-38.0940289985,-57.5901909992,2026,3,March,9,12,0,Lunes,False,Tarde (12-18),[],,OTRA / NO ESPECIFICADA,DISPAROS_PERSONAS
2026-03-08 20:44:00,10015965507,DR GUILLERMO BOSCH MAYOL y Calle 24,DISPAROS,PERSONAS,"LLAMANTE REFIERE QUE LE DISPARARON A UN MASCULINO EN LA VIA PUBLICA. LA VICTIMA SE FUE CAMINANDO POR CALLE 24 HACIA CALLE 431, CREE QUE ESTA HERIDO.  LOS AGRESORES SE FUERON DEL LUGAR. ",GENERAL PUEYRREDON,MAR DEL PLATA,-380940284729.0,-575901908875.0,JTv,0,-38.0940284729,-57.5901908875,2026,3,March,8,20,6,Domingo,True,Noche (18-24),[],,OTRA / NO ESPECIFICADA,DISPAROS_PERSONAS
2026-03-08 11:20:00,10015963608,BENITO LYNCH y Talcahuano,DISPAROS,PERSONAS,"HAY UN CHICO QUE LE DIERON 3 DISPAROS, ESTA AGONIZANDO, DICE QUE PASO UN AUTO Y LE DISPARO, NO SABE EN QUE CONTEXTO FUE LO OCURRIDO.- [Id.Remoto: 10015963608]",GENERAL PUEYRREDON,MAR DEL PLATA,-380441129985.0,-575914269992.0,Telefonía Fija/Móvil,0,-38.0441129985,-57.5914269992,2026,3,March,8,11,6,Domingo,True,Mañana (06-12),[],,OTRA / NO ESPECIFICADA,DISPAROS_PERSONAS
2026-03-08 10:23:00,10015963490,AV FORTUNATO DE LA PLAZA y Cnel Vidal,DISPAROS,PERSONAS,"LLAMANTE COMUNCIA QUE HAY UNA CONFRONTACION, ENTRE VARIAS PERSOANS ESTAN CON BOTELLAS Y A LOS TIROS, NO SABE SI HAY HERIDOS",GENERAL PUEYRREDON,MAR DEL PLATA,-380279409985.0,-575938759992.0,V ACC-MC,0,-38.0279409985,-57.5938759992,2026,3,March,8,10,6,Domingo,True,Mañana (06-12),[],,OTRA / NO ESPECIFICADA,DISPAROS_PERSONAS
2026-03-08 07:48:00,10015963197,AV FORTUNATO DE LA PLAZA y Cnel Vidal,DISPAROS,PERSONAS,"LLAMANTE REFIERE QUE VE A VARIAS PERSONAS EFECTUANDOSE DISPAROS, NO SABE SI HAY HERIDOS ",GENERAL PUEYRREDON,MAR DEL PLATA,-380279409985.0,-575938759992.0,V ACC-MC,0,-38.0279409985,-57.5938759992,2026,3,March,8,7,6,Domingo,True,Mañana (06-12),[],,OTRA / NO ESPECIFICADA,DISPAROS_PERSONAS
2026-03-08 04:06:00,10015962616,SAN ANTONIO al 8575,DISPAROS,PERSONAS,LLAMANTE REFIERE QUE 3 NN CONFRONTANDO Y SE EFECTUANDO DISPAROS,GENERAL PUEYRREDON,MAR DEL PLATA,-38011.0,-575968.0,V ACC-MC,0,-38.011,-57.5968,2026,3,March,8,4,6,Domingo,True,Madrugada (00-06),[],,OTRA / NO ESPECIFICADA,DISPAROS_PERSONAS
2026-03-07 23:01:00,10015961372,ANGEL ROFFO al 360,DISPAROS,PERSONAS,LLAMANTE REFIERE QUE ESCUCHA CONFRONTAR 10 A 12 PERSONAS CON PIEDRAS Y BOTELLAS Y ESCUCHO DISPARO ,GENERAL PUEYRREDON,MAR DEL PLATA,-37967094998656.0,-57564774741625.0,V ACC-MC,0,-37.967094998656,-57.564774741625,2026,3,March,7,23,5,Sábado,True,Noche (18-24),[],,OTRA / NO ESPECIFICADA,DISPAROS_PERSONAS
2026-03-07 21:29:00,10015960998,COLOMBIA al 374,DISPAROS,PERSONAS,LLAMANTE REFIERE QUE AL 228 AL FONDO LÑE EFECTUARON UN DISPARO A SU HIJO PERO NO LO PUEDEN ENCONTRAR. CORTA LLAMADA,GENERAL PUEYRREDON,MAR DEL PLATA,-379532.0,-576084.0,V ACC-MC,0,-37.9532,-57.6084,2026,3,March,7,21,5,Sábado,True,Noche (18-24),[],,OTRA / NO ESPECIFICADA,DISPAROS_PERSONAS
2026-03-07 21:25:00,10015960984,BERUTI y Av Fermin Errea,DISPAROS,PERSONAS,"LLMA POR QUE A UN JOVEN LE EFECTUARON UN DISPARO EN EL CAMPO.  LE PIDE UNA FMENEINA QUE LLAME AL 911. APORTA QUE NO LOGRAN ENCONTRAR AL JOVEN DE 18 AÑOS EN EL PREDIO. SABEN QUE ESTA HERIDO DE UN DISPARO, MAS NO EN QUE PARTE DEL CUERPO.  DESCONCOE SI LOS AGRESORES ESTAN EN EL LUGAR AUN.  ",GENERAL PUEYRREDON,,-379507239985.0,-576094069992.0,V ACC-MC,0,-37.9507239985,-57.6094069992,2026,3,March,7,21,5,Sábado,True,Noche (18-24),[],,OTRA / NO ESPECIFICADA,DISPAROS_PERSONAS
2026-03-07 21:18:00,10015960943,BERUTI y Trinidad Y Tobago,DISPAROS,PERSONAS,LLAMANTE REFIERE QUE LE DISPARARON A UN MASCULINO __DESCONOCE MAS DATOS DE LO SUCEDIDO ,GENERAL PUEYRREDON,MAR DEL PLATA,-379496649985.0,-576115469992.0,V ACC-MC,0,-37.9496649985,-57.6115469992,2026,3,March,7,21,5,Sábado,True,Noche (18-24),[],,OTRA / NO ESPECIFICADA,DISPAROS_PERSONAS
2026-03-07 21:13:00,10015960917,CALLE 226 y FRENCH,DISPAROS,PERSONAS,"LLAMANTE REFIERE QUE LE DISPARARON A UN MASCULINO, CREE QUE ESTA FALLECIDO.",GENERAL PUEYRREDON,,-379520639985.0,-576090029992.0,NEGATIVO,"30559 RECORRIDA HASTA FINAL DE CALLE BERUTI, NEGATIVO",-37.9520639985,-57.6090029992,2026,3,March,7,21,5,Sábado,True,Noche (18-24),[],,OTRA / NO ESPECIFICADA,DISPAROS_PERSONAS
2026-03-06 23:12:00,10015957232,RIO NEGRO y Ricardo Rojas,DISPAROS,PERSONAS,LA LLAMANTE REFIERE QUE  LE DISPARON A UN MASCULINO. ESTA TIRADO EN LA ESQUINA. NO RESPONDE. ESTA MORIBUNDO. LOS AGRESORES SE FUERON DEL LUGAR. ,GENERAL PUEYRREDON,MAR DEL PLATA,-379679439985.0,-575710619992.0,V ACC-MC,0,-37.9679439985,-57.5710619992,2026,3,March,6,23,4,Viernes,False,Noche (18-24),[],,OTRA / NO ESPECIFICADA,DISPAROS_PERSONAS
2026-03-06 23:08:00,10015957223,RIO NEGRO al 6133,DISPAROS,PERSONAS,LA LLAMANTE REFIERE QUE HUBO UN TIROTEO. LE TIRARON A UN CHICO QUE ESTA TIRADO EN LA ESQUINA. ESTA HERIDO. NO SE PUEDE MOVER. NO SABE CUANTOS SON LOS AGRESORES. ,GENERAL PUEYRREDON,MAR DEL PLATA,-379676.0,-575713.0,REDERIVADO,0,-37.9676,-57.5713,2026,3,March,6,23,4,Viernes,False,Noche (18-24),[],,OTRA / NO ESPECIFICADA,DISPAROS_PERSONAS
2026-03-06 16:36:00,10015955939,MERCEDES y Gral Pueyrredon,DISPAROS,PERSONAS,"__LLAMANTE REFIERE QUE SE PRESENTO UN  HOMBRE Y UNA MUJER LE FUERON A ROBAR    Y  EL MASCULINO TIENE  UN ARMA  VISTE CAMPERA BLANCA Y PANTALON CLARO Y ZAPATILLAS NEGRAS __ LA MUJER TIENE UN DESTORNILLADOR, VISTE  PANTALON AZUL CON  BLANCO ,  ZAPATILLAS NEGRAS, Y CAMPERA  ROSA  . HABRIA UN  HERIDO DE ARMA DE FUEGO . EL SUEGRO DE LA LLAMANTE Y EL MARIDO ESTAN HERIDOS. ",GENERAL PUEYRREDON,CAMET,-378393.0,-576277.0,Telefonía Fija/Móvil,0,-37.8393,-57.6277,2026,3,March,6,16,4,Viernes,False,Tarde (12-18),[],,OTRA / NO ESPECIFICADA,DISPAROS_PERSONAS
2026-03-05 18:11:00,10015952415,MARIA CRESCENCIA PEREZ al 871,DISPAROS,PERSONAS,"__LLAMANTE MENCIONA QUE LLAMO ANTES ESTAN EFECTUANDO DISPAROS HACIA LA CASA, NO SABE CANTIDAD O SI HAY HERIDOS, ADENTRO HAY UNA SEÑORA JUNTO A UNA BEBE.- ",GENERAL PUEYRREDON,MAR DEL PLATA,-38095311599574.0,-57580667983461.0,V ACC-MC,0,-38.095311599574,-57.580667983461,2026,3,March,5,18,3,Jueves,False,Noche (18-24),[],,OTRA / NO ESPECIFICADA,DISPAROS_PERSONAS
2026-03-05 18:10:00,10015952407,MARIA CRESCENCIA PEREZ al 871,DISPAROS,PERSONAS,"LLAMANTE REFIERE QUE HAY GENTE A LOS TIROS, LE ESAN TIRANDO A UNA FEMENINA CON SU HIJITA QUE ESTAN FRENTE AL DLIO. NO BRINDA MAS DATOS",GENERAL PUEYRREDON,MAR DEL PLATA,-380953115996.0,-575806679835.0,V ACC-MC,0,-38.0953115996,-57.5806679835,2026,3,March,5,18,3,Jueves,False,Noche (18-24),[],,OTRA / NO ESPECIFICADA,DISPAROS_PERSONAS
2026-03-05 18:07:00,10015952396,MARIA CRESCENCIA PEREZ al 871,DISPAROS,PERSONAS,"PIDE MOVIL__REFIERE QUE TIRAN TIROS HACIA DENTRO DE LA CASA, CREE QUE HAY HERIDOS, NO SABE CUANTOS. ",GENERAL PUEYRREDON,MAR DEL PLATA,-380953115996.0,-575806679835.0,V ACC-MC,0,-38.0953115996,-57.5806679835,2026,3,March,5,18,3,Jueves,False,Noche (18-24),[],,OTRA / NO ESPECIFICADA,DISPAROS_PERSONAS
2026-03-05 15:52:00,10015951952,RODRIGUEZ PEÑA al 7209,DISPAROS,PERSONAS,"REFIERE QUE A VECINO LE DIPARON CON ARMA DE FUEGO, NO MENCIONA HERIDOS, LO SIGUIERON EN LA CALLE, UNOS CHICOS, NO DIO CARACTERICAS, DISPARARON CONTRA EL, LA VICTIMA ESTA CON LA HIJA JUNTO A LA LLAMANTE. ",GENERAL PUEYRREDON,MAR DEL PLATA,-37989605374967.0,-57604145418226.0,V ACC-MC,0,-37.989605374967,-57.604145418226,2026,3,March,5,15,3,Jueves,False,Tarde (12-18),[],,OTRA / NO ESPECIFICADA,DISPAROS_PERSONAS
2026-03-05 09:10:00,10015950913,GUTEMBERG al 9823,DISPAROS,PERSONAS,LLTE REFIERE QUE VARIOS NN ESTAN CON ARMA DE FUEGO DISPARANDO CONTRA UN VECINO__AL MOMENTO NO HAY HERIDOS,GENERAL PUEYRREDON,MAR DEL PLATA,-380207689985.0,-576155009992.0,V ACC-MC,0,-38.0207689985,-57.6155009992,2026,3,March,5,9,3,Jueves,False,Mañana (06-12),[],,OTRA / NO ESPECIFICADA,DISPAROS_PERSONAS
2026-03-03 21:05:00,10015945119,AV COLON al 11910,DISPAROS,PERSONAS,"LLAMANTE DICE QUE ESTAN EFECTUANDO DISPAROS Y HAY UN HERIDO. SON APROX. 10 PERSONAS, LOS INVOLUCRADOS.-",GENERAL PUEYRREDON,MAR DEL PLATA,-379559843149.0,-576428280307.0,NEGATIVO,"INF MOV 30559 REFIERE NEGATIVO LOS SUJETOS APORTADOS EN CARTA DE LLAMADO, NADIE ENTREVISTA CON EL MOVIL POLICIAL. PANORAMA NORMAL, NEGATIVO DISTURBIOS O CONFRONTACION EN EL LUGAR, NEGATIVO LAS DETONACIONES",-37.9559843149,-57.6428280307,2026,3,March,3,21,1,Martes,False,Noche (18-24),[],,OTRA / NO ESPECIFICADA,DISPAROS_PERSONAS
2026-03-03 19:05:00,10015944612,MIGUEL URRUTIA y Francisco Sartora,DISPAROS,PERSONAS,"LLAMANTE REFIERE QUE HAY VARIOS MASCULINOS CON ARMAS DE FUEGO, SE ESTAN TIROTEANDO ENTRE ELLOS DE ESQUINA A ESQUINA, SE ESCUCHAN DISPAROS Y CORRIDAS, SON 6/8 MASCULINOS. NO CREE QUE HAYA HERIDOS",GENERAL PUEYRREDON,MAR DEL PLATA,-379533302978.0,-576461657823.0,V ACC-MC,0,-37.9533302978,-57.6461657823,2026,3,March,3,19,1,Martes,False,Noche (18-24),[],,OTRA / NO ESPECIFICADA,DISPAROS_PERSONAS
2026-03-03 09:50:00,10015942963,GRAL JOSE ARTIGAS y Padre Cardiel,DISPAROS,PERSONAS,REFIERE QUE CORTA POR QUE LE DISPARARON.- ,GENERAL PUEYRREDON,MAR DEL PLATA,-379688189984.0,-575605619992.0,V ACC-MC,0,-37.9688189984,-57.5605619992,2026,3,March,3,9,1,Martes,False,Mañana (06-12),[],,OTRA / NO ESPECIFICADA,DISPAROS_PERSONAS
2026-03-03 02:27:00,10015942184,HERNANDARIAS al 6023,DISPAROS,PERSONAS,"__LLAMANTE REFIERE QUE NECESITA  AMBULANCIA PARA UN MASCULINO QUE LE DIERON UN BALAZO, SE CORTA PARA DAR NO RESPONDE ",GENERAL PUEYRREDON,MAR DEL PLATA,-380283.0,-575744.0,REDERIVADO,0,-38.0283,-57.5744,2026,3,March,3,2,1,Martes,False,Madrugada (00-06),[],,OTRA / NO ESPECIFICADA,DISPAROS_PERSONAS
2026-03-02 21:17:00,10015941242,PJE VENEZUELA y Rio Negro,DISPAROS,PERSONAS,LLTE REF QUE SE ESTAN PEGANDO Y SE AGARRAN A LOS TIROS__SON 8 APROX__NO HAY HERIDOS.-__,GENERAL PUEYRREDON,MAR DEL PLATA,-379495769985.0,-576072219992.0,V ACC-MC,0,-37.9495769985,-57.6072219992,2026,3,March,2,21,0,Lunes,False,Noche (18-24),[],,OTRA / NO ESPECIFICADA,DISPAROS_PERSONAS
2026-03-02 14:18:00,10015939410,BOUCHARD al 10300,DISPAROS,PERSONAS,"HAY UN TIROTEO, UNOS VECINOS, __SE DISPARAN ENTRE ELLOS__NO HAY HERIDOS AL MOMENTO  ",GENERAL PUEYRREDON,MAR DEL PLATA,-38003376398065.0,-57615977299846.0,V ACC-MC,0,-38.003376398065,-57.615977299846,2026,3,March,2,14,0,Lunes,False,Tarde (12-18),[],,OTRA / NO ESPECIFICADA,DISPAROS_PERSONAS
2026-03-02 04:10:00,10015937962,ESTEBAN GASCON al 8498,DISPAROS,PERSONAS,LLAMANTE REFIERE QUE SE ESTAN PELEANDOSE A LOS TIROS. CREE QUE HAY HERIDOS. ,GENERAL PUEYRREDON,MAR DEL PLATA,-37975875441541.0,-57611429231036.0,V ACC-MC,0,-37.975875441541,-57.611429231036,2026,3,March,2,4,0,Lunes,False,Madrugada (00-06),[],,OTRA / NO ESPECIFICADA,DISPAROS_PERSONAS
2026-03-02 03:54:00,10015937940,PIGUE y  ,DISPAROS,PERSONAS,"LLAMANTE REFIERE QUE  ESTAN DISPARANDO ENTRE PERSONAS, HAY HERIDOS. ROMPIERON UNA PUERTA Y HABRIAN ROBADO UNA MOTO TAMBIEN. LLAMANTE REFIERE QUE EL COMPAÑERO ESTA RADICANDO LA DENUNCIA.  ",GENERAL PUEYRREDON,MAR DEL PLATA,-379758749985.0,-576114289992.0,POSITIVO,"INF MOV 30506 ENTREVISTADO EL SR ALFREDO REFIERE QUE LOS SUJETOS LAVAISE MATIAS Y MARIANO MEDINA AMENAZAN AL MISMO CON PRENDEERLE FUEGO LA FINCA, REFIERE QUE UNO ELLOS LE EFECTUO DETONACIONES EN A LA MISMA, PERO QUE NO FUE EN EL DIA DE HOY, INDICADOS LOS PASOS A SEGUIR",-37.9758749985,-57.6114289992,2026,3,March,2,3,0,Lunes,False,Madrugada (00-06),[],,OTRA / NO ESPECIFICADA,DISPAROS_PERSONAS
2026-03-01 22:49:00,10015936941,MAHATMA GHANDI al 2878,DISPAROS,PERSONAS,LLAMANTE REFIERE QUE TIENE UNA CASA DEONDE VIVIA SU HIJA  Y UN TAL PEDRO CARMONA QUE VIVE EN ELPUENTE Y AHORA SE HIZO CARGO DE LA CASA-. Y ESTE ESTA METIDO DENTRO YNO LA DEJO ENTRAR Y LA ECHO Y EFECTUO DISPAROS. ES UN FAMILIAR. NO ESTA HERIDA.-,GENERAL PUEYRREDON,MAR DEL PLATA,-37942550812548.0,-57556520314062.0,NEGATIVO,"29019 EN EL LUGAR, NADIE EN VIA PUBLCA. SE CONSTATA LLAMANTE DA APAGADO. MOVIL CONTNUA RECORRIDA",-37.942550812548,-57.556520314062,2026,3,March,1,22,6,Domingo,True,Noche (18-24),[],,OTRA / NO ESPECIFICADA,DISPAROS_PERSONAS
2026-03-01 21:00:00,10015936357,CERRETI y MOISES LEBENSOHN,DISPAROS,PERSONAS,LLAMANTE REFIERE QUE HAY SEIS PERSONAS DISPARANDOSE ENTRE ELLOS. ESTAN AL COSTADO DE UN ESTACIONAMIENTO QUE HAY UN DESCAMPADO __DESCONOCE SI HAY HERIDOS ,GENERAL PUEYRREDON,,-380205499985.0,-576055039992.0,V ACC-MC,0,-38.0205499985,-57.6055039992,2026,3,March,1,21,6,Domingo,True,Noche (18-24),[],,OTRA / NO ESPECIFICADA,DISPAROS_PERSONAS
2026-03-01 17:58:00,10015935553,CALABRIA al 9053,DISPAROS,PERSONAS,"LLAMANTE MENOR REFIERE QUE EN EL LUGAR CONFRONTAN SIETE PERSONAS, UNO ESTA ARMADO CON UN REOLVER CALIBRE 38, __UN HERIDO DE ARMA DE FUEGO ",GENERAL PUEYRREDON,MAR DEL PLATA,-38019739065531.0,-57615128682024.0,V ACC-MC,0,-38.019739065531,-57.615128682024,2026,3,March,1,17,6,Domingo,True,Tarde (12-18),[],,OTRA / NO ESPECIFICADA,DISPAROS_PERSONAS
2026-02-28 19:45:00,10015930507,LOS MANZANOS y Cura Brochero,DISPAROS,PERSONAS,LLAMANTE REFIERE QUE SE PELEAN Y SE TIRAN TIROS ENTRE ELLOS. NO INDICA CUANTAS PERSONAS SON. REFIERE MUCHOS. NO SABE SI HAY HERIDOS. ,GENERAL PUEYRREDON,MAR DEL PLATA,-379348299984.0,-575501619992.0,JTv,0,-37.9348299984,-57.5501619992,2026,2,February,28,19,5,Sábado,True,Noche (18-24),[],,OTRA / NO ESPECIFICADA,DISPAROS_PERSONAS
2026-02-28 07:58:00,54194621,JUANA AZURDUY y San Salvador,DISPAROS,PERSONAS,LLAMANTE REFIERE QUE HAY UNA PERSONA BALEADA EN LA ESQUINA. ES UN MASCULINO. EL AGRESOR NO ESTÁ. DICE QUE LE DIERON UN TIRO Y LO DEJARON TIRADO______ [Id.Remoto: 10015928049] [Id.Remoto: 2553424] [Id.Remoto: 3636188] [Id.Remoto: 2553431],GENERAL PUEYRREDON,MAR DEL PLATA,-379946109985.0,-576223599992.0,V ACC-MC,0,-37.9946109985,-57.6223599992,2026,2,February,28,7,5,Sábado,True,Mañana (06-12),[],,OTRA / NO ESPECIFICADA,DISPAROS_PERSONAS
2026-02-28 07:57:00,10015928049,JUANA AZURDUY y San Salvador,DISPAROS,PERSONAS,LLAMANTE REFIERE QUE HAY UNA PERSONA BALEADA EN LA ESQUINA. ES UN MASCULINO. EL AGRESOR NO ESTÁ. DICE QUE LE DIERON UN TIRO Y LO DEJARON TIRADO______,GENERAL PUEYRREDON,MAR DEL PLATA,-379946109985.0,-576223599992.0,REDERIVADO,0,-37.9946109985,-57.6223599992,2026,2,February,28,7,5,Sábado,True,Mañana (06-12),[],,OTRA / NO ESPECIFICADA,DISPAROS_PERSONAS
2026-02-28 04:16:00,10015927634,ECHEVERRIA y Moises Lebensohn,DISPAROS,PERSONAS,"LLAMANTE REFIERE HAY UNAS 8 PERSONAS CONFRONTANDO, ESTAN ARMADOS, EFECTUARON DISPAROS ENTRE ELLOS, NO SABE SI HAY HERIDOS ",GENERAL PUEYRREDON,,-380398579985.0,-575780679992.0,JTv,0,-38.0398579985,-57.5780679992,2026,2,February,28,4,5,Sábado,True,Madrugada (00-06),[],,OTRA / NO ESPECIFICADA,DISPAROS_PERSONAS
2026-02-27 23:06:00,10015926455,CALLE 461 y Calle 10,DISPAROS,PERSONAS,"LLAMANTE REFIERE QUE HAY GENTE DISPARANDOSE ENTRE ELLOS, SON PERSONAS EN MOTOS, NO SABE SI HAY HERIDOS",GENERAL PUEYRREDON,MAR DEL PLATA,-381089159985.0,-575873639992.0,NEGATIVO,"INF MOV 30677 REFIERE EN AMPLIA RECORRIDA REFIERE NEGATIVO LOS SUJETOS APORTADOS EN CARTA DE LLAMADO, NEGATIVO LAS DETONACIONES EN CARTA DE LLAMADO, PANORMAMA NORMAL",-38.1089159985,-57.5873639992,2026,2,February,27,23,4,Viernes,False,Noche (18-24),[],,OTRA / NO ESPECIFICADA,DISPAROS_PERSONAS
2026-02-27 16:40:00,10015924690,ROQUE SAENZ PEÑA al 2676,DISPAROS,PERSONAS,"HAY UN AUTO  COLOR GRIS OSCURO CON 3 FEMENINAS Y 1 MASCULINOS QUE PASARON Y DISPARARON HACIA LA PLAZA DONDE HAY COMO 5 O 6 MASCULINOS , NO HABRIA HERIDOS ",GENERAL PUEYRREDON,MAR DEL PLATA,-380439.0,-575845.0,JTv,0,-38.0439,-57.5845,2026,2,February,27,16,4,Viernes,False,Tarde (12-18),[],,OTRA / NO ESPECIFICADA,DISPAROS_PERSONAS
2026-02-27 16:39:00,10015924684,RODRIGUEZ PEÑA y CALABRIA,DISPAROS,PERSONAS,"CCA QUE HAY GENTE EN MOTO  FRENTE A LA PLAZA , SE ACERCAN DOS AUTOS Y LE DISPARAN A UNA CASA , DONDE SE METEN LOS MOTOCICLISTAS , SE DISPARABAN ENTRE AMBAS BANDAS , NO HAY HERIDOS  ",GENERAL PUEYRREDON,,,,V ACC-MC,0,,,2026,2,February,27,16,4,Viernes,False,Tarde (12-18),[],,OTRA / NO ESPECIFICADA,DISPAROS_PERSONAS
2026-02-27 07:52:00,10015923084,MATEOTTI al 2939,DISPAROS,PERSONAS,"LLAMANTE REFIERE QUE LA VECINA LE MANDO UN MENSAJE QUE DICE QUE LE DISPARARON EN LA CABEZA A SU MARIDO , NO LE DIJO NADA MAS .-",GENERAL PUEYRREDON,MAR DEL PLATA,-38043676023089.0,-57589268524048.0,REDERIVADO,0,-38.043676023089,-57.589268524048,2026,2,February,27,7,4,Viernes,False,Mañana (06-12),[],,OTRA / NO ESPECIFICADA,DISPAROS_PERSONAS
2026-02-27 02:18:00,10015922568,ORTIZ DE ZARATE al 7480,DISPAROS,PERSONAS,"LLAMANTE REFIERE QUE SE PELEAN LOS VECINOS DESDE HACE MEDIA HOA, AHORA SE ESCUCHAN  DISPARANDO, SON MINIMO 5 PERSONAS, NO SABE SI HERIDOS, NO PUEDE VER  ",GENERAL PUEYRREDON,MAR DEL PLATA,-38018406723257.0,-57585841786032.0,REDERIVADO,0,-38.018406723257,-57.585841786032,2026,2,February,27,2,4,Viernes,False,Madrugada (00-06),[],,OTRA / NO ESPECIFICADA,DISPAROS_PERSONAS
2026-02-27 01:12:00,10015922303,MORENO al 11006,DISPAROS,PERSONAS,"REFIERE QUE LE DISPARARON A SU ESPOSO, HAY MENORES EN EL LUGAR. SU ESPOSO Y SU AMIGA ESTAN HERIDOS DE ARMA DE FUEGO. NO RESPONDE PREGUNTAS DE PROTOCOLO",GENERAL PUEYRREDON,,,,V ACC-MC,0,,,2026,2,February,27,1,4,Viernes,False,Madrugada (00-06),[],,OTRA / NO ESPECIFICADA,DISPAROS_PERSONAS
2026-02-27 01:07:00,10015922281,MORENO al 11006,DISPAROS,PERSONAS,"LLAMANTE REFIERE QUE FUARON UNOS MASCULINOS Y DISPARARON EN LA CASA, LE PEGARON UN TIRO AL MARIDO EN LA CINTURA Y A LA AMIGA EN EL PIE, ",GENERAL PUEYRREDON,MAR DEL PLATA,-379590678508.0,-576332422699.0,V ACC-MC,0,-37.9590678508,-57.6332422699,2026,2,February,27,1,4,Viernes,False,Madrugada (00-06),[],,OTRA / NO ESPECIFICADA,DISPAROS_PERSONAS
2026-02-27 01:04:00,10015922268,LABORANTE al 2033,PEDIDO GENERICO DE AUXILIO,PGA,POSIBLE EMERGENCIA. SE ESCUCHAN GRITOS. [Id.Remoto: 10015922268],GENERAL PUEYRREDON,MAR DEL PLATA,-379592.0,-576336.0,POSITIVO,"SUBTE VARGAS INFORMA QUE INGRESA EL MASCULINO MORALES ADRIAN ALBERTO, DNI 37236498, F/N 29/9/92 DE 33 AÑOS, REFIERE DE CALLES MORENO ENTRE 252 Y 254 POR UNA TENTATIVA DE ROBO INGRESA POR MEDIOS PROPIOS LUCIDO CONCIENTE , CON HERIDA DE ARMA DE FUEGO EN ABDOMEN LADO IZQUIEDO CON ORIFICIO DE ENTRADA SIN SALIDA. Y HERIDA DE ARMA DE FUEGO EN MANO IZQUIERDA CON ORIFICIO DE ENTRADA Y SALIDA.",-37.9592,-57.6336,2026,2,February,27,1,4,Viernes,False,Madrugada (00-06),[],,OTRA / NO ESPECIFICADA,DISPAROS_PERSONAS
2026-02-26 23:42:00,10015921912,CALABRIA y Cerrito,DISPAROS,PERSONAS,"LLAMANTE REFIERE QUE LE ROBARON  A UN MASCULINO AL BAJAR DEL MICRO. LE DISPARARON DOS VECES, NO ESTA HERIDO, ERAN DOS MASCULINOS QUE ESTABAN EN UN AUTO GRIS. __SE ESCUCHARON VARIOS DISPAROS, NO SABE SI HAY HERIDOS.- __",GENERAL PUEYRREDON,MAR DEL PLATA,-380487709985.0,-575767099992.0,JTv,0,-38.0487709985,-57.5767099992,2026,2,February,26,23,3,Jueves,False,Noche (18-24),[],,OTRA / NO ESPECIFICADA,DISPAROS_PERSONAS
2026-02-25 23:40:00,10015917994,SAN LORENZO al 7066,DISPAROS,PERSONAS,HAY UNA PELEA CALLEJERA ARMADOS SON VARIOS__ EN DISTINTAS ESQUINAS SE ESCUCHAN DETONACIONES __,GENERAL PUEYRREDON,MAR DEL PLATA,-37989.0,-576016.0,V ACC-MC,0,-37.989,-57.6016,2026,2,February,25,23,2,Miércoles,False,Noche (18-24),[],,OTRA / NO ESPECIFICADA,DISPAROS_PERSONAS
2026-02-25 15:14:00,10015916314,AV CARLOS GARDEL al 224,DISPAROS,PERSONAS,"LLAMANTE REFIERE QUE HAY UNA PERSONA HERIDA DE ARMA DE FUEGO, OBSERVA QUE TIENE MUCHA SANGRE, DESCONOCE QUIEN LO AGREDIO. [Id.Remoto: 10015916314]",GENERAL PUEYRREDON,MAR DEL PLATA,-379927.0,-57.61,REDERIVADO,0,-37.9927,,2026,2,February,25,15,2,Miércoles,False,Tarde (12-18),[],,OTRA / NO ESPECIFICADA,DISPAROS_PERSONAS
2026-02-25 12:50:00,10015915864,PEDRO GOYENA y Av De La Herradura Sur,DISPAROS,PERSONAS,REFIERE QUE LE AVISARON QUE HAY DOS GRUPOS DE PERSONAS SE ESTAN EFECTUANDO DISPAROS . NO SABE SI HAY HERIDOS ,GENERAL PUEYRREDON,MAR DEL PLATA,-379541499986.0,-576404399992.0,JTv,0,-37.9541499986,-57.6404399992,2026,2,February,25,12,2,Miércoles,False,Tarde (12-18),[],,OTRA / NO ESPECIFICADA,DISPAROS_PERSONAS
2026-02-25 00:52:00,10015914402,ALVARADO al 7972,DISPAROS,PERSONAS,LLAMANTE SOLICITA MOVIL URGENTE. SE ESCUCHAN GRITOS DE FONDO Y ALGUIEN QUE DICE QUE LE DIERON UN TIRO AL PAPA,GENERAL PUEYRREDON,MAR DEL PLATA,-379825181121.0,-576093889735.0,Telefonía Fija/Móvil,0,-37.9825181121,-57.6093889735,2026,2,February,25,0,2,Miércoles,False,Madrugada (00-06),[],,OTRA / NO ESPECIFICADA,DISPAROS_PERSONAS
2026-02-24 23:14:00,10015914054,FRAGATA HALCON y Fragata Sarmiento,DISPAROS,PERSONAS,"LLAMANTE REFIERE QUE HAY UN SUJETO BALEADO, SE ESTA MURIENDO.__",GENERAL PUEYRREDON,MAR DEL PLATA,-380688959985.0,-575757309992.0,V ACC-MC,0,-38.0688959985,-57.5757309992,2026,2,February,24,23,1,Martes,False,Noche (18-24),[],,OTRA / NO ESPECIFICADA,DISPAROS_PERSONAS
2026-02-24 23:08:00,10015914032,FRAGATA HALCON y FRAGATA SARMIENTO,DISPAROS,PERSONAS,REFIERE QUE LE PEGARON VARIOS TIROS A UNA MASCULINO ESTA EN LA MISMA ESQUINA ,GENERAL PUEYRREDON,MAR DEL PLATA,-380688959985.0,-575757309992.0,V ACC-MC,0,-38.0688959985,-57.5757309992,2026,2,February,24,23,1,Martes,False,Noche (18-24),[],,OTRA / NO ESPECIFICADA,DISPAROS_PERSONAS
2026-02-24 23:04:00,10015914007,FRAGATA HALCON y Fragata Sarmiento,DISPAROS,PERSONAS,"LLAMANTE REFIERE QUE HAY UN MASCULINO BALEADO, LOS AGRESORES ESTAN EN LA ESQUINA. SE ESTA MUERIENDO.-  ",GENERAL PUEYRREDON,MAR DEL PLATA,-380688959985.0,-575757309992.0,V ACC-MC,0,-38.0688959985,-57.5757309992,2026,2,February,24,23,1,Martes,False,Noche (18-24),[],,OTRA / NO ESPECIFICADA,DISPAROS_PERSONAS
2026-02-24 23:02:00,10015913998,FRAGATA SARMIENTO y Fragata Halcon,DISPAROS,PERSONAS,"__LLAMANTE MENCIONA QUE HAY UN MASCULINO QUE TIENE DOS DISPAROS EN EL ABDOMEN, ESTA SOBRE LA VIA PUBLICA.- ",GENERAL PUEYRREDON,MAR DEL PLATA,-380688959985.0,-575757309992.0,Telefonía Fija/Móvil,0,-38.0688959985,-57.5757309992,2026,2,February,24,23,1,Martes,False,Noche (18-24),[],,OTRA / NO ESPECIFICADA,DISPAROS_PERSONAS
2026-02-24 23:02:00,10015913997,FRAGATA HALCON y Fragata Sarmiento,DISPAROS,PERSONAS,LLAMANTE REFIERE QUE HAY UN SUJETO BALEADO LE DIERON DOS DISPARON EN EL ESTOMAGO.-__,GENERAL PUEYRREDON,MAR DEL PLATA,-380688959985.0,-575757309992.0,V ACC-MC,0,-38.0688959985,-57.5757309992,2026,2,February,24,23,1,Martes,False,Noche (18-24),[],,OTRA / NO ESPECIFICADA,DISPAROS_PERSONAS
2026-02-24 22:57:00,10015913982,FRAGATA MALDONADO y Fragata Sarmiento,DISPAROS,PERSONAS,LLAMANTE REFIERE QUE HAY UN HOMBRE BALEADO EN EL ABDOMEN ,GENERAL PUEYRREDON,MAR DEL PLATA,-380688819985.0,-575750269992.0,V ACC-MC,0,-38.0688819985,-57.5750269992,2026,2,February,24,22,1,Martes,False,Noche (18-24),[],,OTRA / NO ESPECIFICADA,DISPAROS_PERSONAS
2026-02-24 22:57:00,10015913978,FRAGATA HALCON y FRAGATA SARMIENTO,DISPAROS,PERSONAS,REFIERE QUE HAY UN BALEADO .__ LE DIERON 3 TIROS EN EL ABDOMEN CON UN CALIBRE  38 __ EL MASCULINO SE ESTA MURIENDO __,GENERAL PUEYRREDON,MAR DEL PLATA,-380688959985.0,-575757309992.0,V ACC-MC,0,-38.0688959985,-57.5757309992,2026,2,February,24,22,1,Martes,False,Noche (18-24),[],,OTRA / NO ESPECIFICADA,DISPAROS_PERSONAS
2026-02-24 22:53:00,10015913965,FRAGATA HALCON y Fragata Sarmiento,DISPAROS,PERSONAS,"CCA QUE HAY UN MASC 2 HERIDAS DE BALA EN EL ABDOMEN , FUE POR UN CONFLICTO CON LA VENTA DE DROGAS.____",GENERAL PUEYRREDON,MAR DEL PLATA,-380688959985.0,-575757309992.0,V ACC-MC,0,-38.0688959985,-57.5757309992,2026,2,February,24,22,1,Martes,False,Noche (18-24),[],,OTRA / NO ESPECIFICADA,DISPAROS_PERSONAS
2026-02-24 22:39:00,10015913911,FRAGATA SARMIENTO al 3900,DISPAROS,PERSONAS,EL QUE LE PEGO 3 DISPAROS A UN MACULINO EN LA PANZA __ELLA SE LLAMA  ELIANA LE DISPARON CON UN CALIBRE 38,GENERAL PUEYRREDON,MAR DEL PLATA,-380688619985.0,-575743239992.0,V ACC-MC,0,-38.0688619985,-57.5743239992,2026,2,February,24,22,1,Martes,False,Noche (18-24),[],,OTRA / NO ESPECIFICADA,DISPAROS_PERSONAS
2026-02-24 22:37:00,10015913903,FRAGATA SARMIENTO al 3900,DISPAROS,PERSONAS,"__LLAMANTE MENCIONA QUE HAY UN MASCULINO DE 20/30 AÑOS QUE TIENE UN DISPARO EN EL ABDOMEN, ESTA SOBRE LA VIA PUBLICA.- ",GENERAL PUEYRREDON,MAR DEL PLATA,-380688819985.0,-575750269992.0,V ACC-MC,0,-38.0688819985,-57.5750269992,2026,2,February,24,22,1,Martes,False,Noche (18-24),[],,OTRA / NO ESPECIFICADA,DISPAROS_PERSONAS
2026-02-24 22:37:00,10015913899,FRAGATA MALDONADO al 3900,DISPAROS,PERSONAS,LLAMANTE REFIERE QUE HAY UN BALEADO EN EL LUGAR. LE DIERON UNO O DOS DISPAROS EN EL ABDOMEN. SE EFECTUARON 4 DISPAROS. NO HAY MAS HERIDOS. LO HIRIO ELIANA QUE VIVE EN EL LUGAR CON UN 38 LARGO.- __,GENERAL PUEYRREDON,,-380718299985.0,-575770719992.0,V ACC-MC,0,-38.0718299985,-57.5770719992,2026,2,February,24,22,1,Martes,False,Noche (18-24),[],,OTRA / NO ESPECIFICADA,DISPAROS_PERSONAS
2026-02-24 22:34:00,10015913887,FRAGATA SARMIENTO al 3900,DISPAROS,PERSONAS,LLAMANTE REFIERE QUE HAY UN MASCULINO CON DOS DISPAROS DE BALA EN EL ABDOMEN. LE DISPARO LA MUJER NOMBRE ELIANA QUE VIVE EN EL LUGAR. MASCULINO. ESTA TIRADO EN LA CALLE ____,GENERAL PUEYRREDON,,-380688819985.0,-575750269992.0,V ACC-MC,0,-38.0688819985,-57.5750269992,2026,2,February,24,22,1,Martes,False,Noche (18-24),[],,OTRA / NO ESPECIFICADA,DISPAROS_PERSONAS
2026-02-24 22:31:00,10015913870,FRAGATA SARMIENTO al 3970,DISPAROS,PERSONAS,REFIERE QUE A UN MACULINO LO BALEARON DENTRO DE LA CASA __,GENERAL PUEYRREDON,,-380688819985.0,-575750269992.0,V ACC-MC,0,-38.0688819985,-57.5750269992,2026,2,February,24,22,1,Martes,False,Noche (18-24),[],,OTRA / NO ESPECIFICADA,DISPAROS_PERSONAS
2026-02-24 22:30:00,10015913861,FRAGATA MALDONADO al 3970,DISPAROS,PERSONAS,"REFIERE QUE , UN MASCULINO  ESTA LE EFECTUO 3 DISPAROS A UN MASCULINO EN EL ESTOMAGO ",GENERAL PUEYRREDON,MAR DEL PLATA,-380714919622.0,-575766539414.0,V ACC-MC,0,-38.0714919622,-57.5766539414,2026,2,February,24,22,1,Martes,False,Noche (18-24),[],,OTRA / NO ESPECIFICADA,DISPAROS_PERSONAS
2026-02-24 22:28:00,10015913848,FRAGATA MALDONADO y Bahia Thetis,DISPAROS,PERSONAS,"LLAMANTE REFIERE QUE HAY UNA PERSONA A LA CUAL LE DISPARARON EN EL ABDOMEN, CONSCIENTE, 42 AÑOS. NO BRINDA MAS DATOS",GENERAL PUEYRREDON,MAR DEL PLATA,-380688819985.0,-575750269992.0,V ACC-MC,0,-38.0688819985,-57.5750269992,2026,2,February,24,22,1,Martes,False,Noche (18-24),[],,OTRA / NO ESPECIFICADA,DISPAROS_PERSONAS
2026-02-24 22:27:00,10015913841,FRAGATA LIBERTAD al 3882,DISPAROS,PERSONAS,"__LLAMANTE MENCIONA QUE RECIEN LE EFECTUARON UN DISPARO A UN MASCULINO CON UN CALIBRE 38 EN LA VIA PUBLICA, TIENE LA HERIDA EN EL ABDOMEN, ESTA TENDIDO SOBRE EL SUELO.- ____",GENERAL PUEYRREDON,MAR DEL PLATA,-380706.0,-575746.0,V ACC-MC,0,-38.0706,-57.5746,2026,2,February,24,22,1,Martes,False,Noche (18-24),[],,OTRA / NO ESPECIFICADA,DISPAROS_PERSONAS
2026-02-24 22:25:00,10015913828,FRAGATA SARMIENTO al 3900,DISPAROS,PERSONAS,LLAMANTE REFIERE QUE LE DIERON UN TIRO EN LA PANZA A UN MUCHACHO.- ____,GENERAL PUEYRREDON,MAR DEL PLATA,-380688819985.0,-575750269992.0,V ACC-MC,0,-38.0688819985,-57.5750269992,2026,2,February,24,22,1,Martes,False,Noche (18-24),[],,OTRA / NO ESPECIFICADA,DISPAROS_PERSONAS
2026-02-24 22:24:00,10015913820,FRAGATA MALDONADO al 3900,DISPAROS,PERSONAS,LLAMANTE REFIERE QUE HAY UN HOMBRE BALEADO EN LA PANZA.- ESTA  TIRADO  EN LA CALLE.- ,GENERAL PUEYRREDON,MAR DEL PLATA,-380706252508.0,-575756273143.0,V ACC-MC,0,-38.0706252508,-57.5756273143,2026,2,February,24,22,1,Martes,False,Noche (18-24),[],,OTRA / NO ESPECIFICADA,DISPAROS_PERSONAS
2026-02-24 19:57:00,10015913244,GUANAHANI al 3318,DISPAROS,PERSONAS,"__LLAMANTE MENCIONA QUE LE EFECUTARON UN DISPARO A UN MASCULINO EN LA PIERNA, ESTA CONCIENTE, EL AGRESOR NO ESTA EN EL LUGAR, SE RETIRO EN UN VEHICULO, NO APORTA DATOS Y SOLICITA AMBULANCIA.- ",GENERAL PUEYRREDON,MAR DEL PLATA,-38046851825315.0,-57551490893261.0,V ACC-MC,0,-38.046851825315,-57.551490893261,2026,2,February,24,19,1,Martes,False,Noche (18-24),[],,OTRA / NO ESPECIFICADA,DISPAROS_PERSONAS
2026-02-24 19:50:00,10015913216,BERMEJO al 1055,DISPAROS,DISPAROS,LLAMANTE REFIERE QUE PASARON POR EL LUGAR EFECTUARON DETONACIONES NO VIO CUANTAS PERSONAS ESTAN ARRIBA DE UN AUTO .- NO HAY HERIDOS.- __DOS PERSONAS SUBIERON AL TECHO DE UNA CASA Y UNA FEMENINA ESTA GRITANDO TEME QUE HAYAN INGRESADO AL TERRENO DE LA CASA .- ____,GENERAL PUEYRREDON,MAR DEL PLATA,-380473464095.0,-575517862572.0,JTv,0,-38.0473464095,-57.5517862572,2026,2,February,24,19,1,Martes,False,Noche (18-24),[],,OTRA / NO ESPECIFICADA,DISPAROS_PERSONAS
2026-02-24 19:49:00,10015913212,GUANAHANI al 3318,DISPAROS,PERSONAS,"LLAMANTE REFIERE QUE ESTAN CON UN HERIDO DE BALA, CONSCIENTE, LA HERIDA ES EN EL PIE IZQUIERDO. NO BRINDA MAS DATOS",GENERAL PUEYRREDON,MAR DEL PLATA,-38046851825315.0,-57551490893261.0,V ACC-MC,0,-38.046851825315,-57.551490893261,2026,2,February,24,19,1,Martes,False,Noche (18-24),[],,OTRA / NO ESPECIFICADA,DISPAROS_PERSONAS
2026-02-24 19:33:00,10015913163,WILLIAMS MORRIS y Mosconi,DISPAROS,PERSONAS,REFIERE QUE HAY UNA CASA ROJAS DE LADRILLOS HAY  3 ARMADOS Y LLEGARON OTROS __Y 3 MAS ESTAN TIROTEANDOSE __HAY DISPAROS NO HAY HERIDOS ,GENERAL PUEYRREDON,MAR DEL PLATA,-380631469984.0,-575610729992.0,V ACC-MC,0,-38.0631469984,-57.5610729992,2026,2,February,24,19,1,Martes,False,Noche (18-24),[],,OTRA / NO ESPECIFICADA,DISPAROS_PERSONAS
2026-02-24 19:33:00,10015913161,WILLIAMS MORRIS y Mosconi,DISPAROS,PERSONAS,LLAMANTE REFIERE QUE HAY PERSONAS A LOS TIROS EN LA CALLE__SON APROX 7 PERSONAS__LOS DISPAROS SON ENTRE ELLOS__NO SABE SI HAY HERIDOS __DOS DE ELLOS HACE POCO SALIERON DE ESTAR PRESOS ____,GENERAL PUEYRREDON,MAR DEL PLATA,-380631469984.0,-575610729992.0,V ACC-MC,0,-38.0631469984,-57.5610729992,2026,2,February,24,19,1,Martes,False,Noche (18-24),[],,OTRA / NO ESPECIFICADA,DISPAROS_PERSONAS
2026-02-24 19:27:00,10015913137,WILLIAMS MORRIS al 2735,DISPAROS,PERSONAS,"LLAMANTE REFIERE QUE HAY PERSONAS A LOS TIROS EN LA CALLE ENTRE ELLOS __CUANDO PASA EL MOVIL, SE METEN DENTRO DE LA CASA__SON APRTOX 4 / 5 PERSONAS__NO SABE SI HAY HERODOS ",GENERAL PUEYRREDON,MAR DEL PLATA,-38062919705776.0,-57561364467779.0,V ACC-MC,0,-38.062919705776,-57.561364467779,2026,2,February,24,19,1,Martes,False,Noche (18-24),[],,OTRA / NO ESPECIFICADA,DISPAROS_PERSONAS
2026-02-24 19:26:00,10015913132,WILLIAMS MORRIS y Mosconi,DISPAROS,PERSONAS,"LLAMANTE REFIERE QUE ESTAN DISPARANDO EN LA CALLE, ESCUCHARON 3 DISPAROS, SE DISPARAN ENTRE ELLOS, HAY UNA DISPUTA. NO HAY HERIDOS__",GENERAL PUEYRREDON,MAR DEL PLATA,-380631469984.0,-575610729992.0,V ACC-MC,0,-38.0631469984,-57.5610729992,2026,2,February,24,19,1,Martes,False,Noche (18-24),[],,OTRA / NO ESPECIFICADA,DISPAROS_PERSONAS
2026-02-24 19:17:00,10015913096,WILLIAMS MORRIS y Mosconi,DISPAROS,PERSONAS,REFIERE QUE HAY UN MACULINO ARMADO CONFRONTANDO CON OTROS HAY 5 NN DISPARANDOSE __,GENERAL PUEYRREDON,MAR DEL PLATA,-380631469984.0,-575610729992.0,V ACC-MC,0,-38.0631469984,-57.5610729992,2026,2,February,24,19,1,Martes,False,Noche (18-24),[],,OTRA / NO ESPECIFICADA,DISPAROS_PERSONAS
2026-02-24 17:02:00,10015912603,FRAGATA SARMIENTO al 3900,DISPAROS,PERSONAS,CCA  QUE RECIEN EFECTUARON DISPAROS CON UN 38 HACIA UNA MOTO QUE SUPUESTAMENTE IBA A ROBAR __,GENERAL PUEYRREDON,MAR DEL PLATA,-380688619985.0,-575743239992.0,JTv,0,-38.0688619985,-57.5743239992,2026,2,February,24,17,1,Martes,False,Tarde (12-18),[],,OTRA / NO ESPECIFICADA,DISPAROS_PERSONAS
2026-02-24 03:00:00,10015910351,FRAGATA SARMIENTO y Fragata Maldonado,DISPAROS,PERSONAS,"   LLAMANTE INFORMA  HAY UNA FEMENINA CON 3  DISPAROS EN LA PANZA , REFIERE QUE SE ESTA DESANGRANDO__ LA PERSONA AGRESORA SIGUE EN EL LUGAR__",GENERAL PUEYRREDON,MAR DEL PLATA,-380688819985.0,-575750269992.0,REDERIVADO,0,-38.0688819985,-57.5750269992,2026,2,February,24,3,1,Martes,False,Madrugada (00-06),[],,OTRA / NO ESPECIFICADA,DISPAROS_PERSONAS
2026-02-24 02:54:00,10015910335,FRAGATA SARMIENTO y  BAHIA TETIS,DISPAROS,PERSONAS,"   LLAMANTE INFORMA HAY UN MASCULINO CON DO DISPARON EN LA PANZA, REFIERE QUE LA PERSONA AGRESORA ESTA EN EL LUGAR__ NO APORTA MAS DATOS",GENERAL PUEYRREDON,MAR DEL PLATA,-380688819985.0,-575750269992.0,Telefonía Fija/Móvil,0,-38.0688819985,-57.5750269992,2026,2,February,24,2,1,Martes,False,Madrugada (00-06),[],,OTRA / NO ESPECIFICADA,DISPAROS_PERSONAS
2026-02-24 02:45:00,10015910306,FRAGATA SARMIENTO al 3800,DISPAROS,PERSONAS," LLAMANTE REFIERE QUE HAY UN MASCULINO HERIDO DE DOS DISPAROS EN EL ESTOMAGO,  LE QUISIERON ROBAR  LA MOTO ",GENERAL PUEYRREDON,MAR DEL PLATA,-38067615509.0,-575795478821.0,REDERIVADO,0,-38.067615509,-57.5795478821,2026,2,February,24,2,1,Martes,False,Madrugada (00-06),[],,OTRA / NO ESPECIFICADA,DISPAROS_PERSONAS
2026-02-24 02:42:00,10015910294,FRAGATA SARMIENTO y Fragata Maldonado,DISPAROS,PERSONAS,"LLAMANTE REFIERE QUE  HAY UN MASCULINO CON 02 DISPAROS EN EL ESTOMAGO REFIERE QUE SE ESTA DESANGRANDO, SOLICTA AMBULANCIA   ",GENERAL PUEYRREDON,MAR DEL PLATA,-380688819885.0,-575750274658.0,REDERIVADO,0,-38.0688819885,-57.5750274658,2026,2,February,24,2,1,Martes,False,Madrugada (00-06),[],,OTRA / NO ESPECIFICADA,DISPAROS_PERSONAS
2026-02-24 02:36:00,10015910275,FRAGATA SARMIENTO al 3900,DISPAROS,PERSONAS,"LLAMANTE REFIERE QUE HAY UN BALEDADO EN EL ESTOMAGO, LLAMANTE SOLICITA MOVIL SE CORTA PARA DAR AVISO ",GENERAL PUEYRREDON,,-380688819885.0,-575750274658.0,V ACC-MC,0,-38.0688819885,-57.5750274658,2026,2,February,24,2,1,Martes,False,Madrugada (00-06),[],,OTRA / NO ESPECIFICADA,DISPAROS_PERSONAS
2026-02-24 02:31:00,10015910261,FRAGATA SARMIENTO y Fragata Maldonado,DISPAROS,PERSONAS,"LLAMANTE REFIERE QUE  BALEADORON A UN MASCULINO TIEEN  02 DISPAROS EN LA PANZA CON UN REVOLVER 38, REFIERE QUE SE ESTA MURIENDO  __",GENERAL PUEYRREDON,MAR DEL PLATA,-380688819885.0,-575750274658.0,V ACC-MC,0,-38.0688819885,-57.5750274658,2026,2,February,24,2,1,Martes,False,Madrugada (00-06),[],,OTRA / NO ESPECIFICADA,DISPAROS_PERSONAS
2026-02-24 02:19:00,10015910226,FRAGATA SARMIENTO al 3900,DISPAROS,PERSONAS,"  LLAMANTE INFORMA ESTAN EFECTUANDO DETONACIONES DE ARMA DE FUEGO HACIA LA GENTE,__REFIERE QUE HAY DOS HERIDOS, UNO EN LA PÍERNA Y OTRO EN LA PANZA,   REFIERE QUE ESTAN EN LA ESQUINA____",GENERAL PUEYRREDON,MAR DEL PLATA,-380688819985.0,-575750269992.0,NEGATIVO,"DIRIGE MOVIL EN REITERADAS VECES, NEGATIVO PERSONA CON HERIDA DE ARMA DE FUEGO, SE CONSTATA CON EL UNICO NUMERAL QUE NO ES CONFIDENCIAL, LLAMANTE NO RESPONDE, MOVIL LIBERA",-38.0688819985,-57.5750269992,2026,2,February,24,2,1,Martes,False,Madrugada (00-06),[],,OTRA / NO ESPECIFICADA,DISPAROS_PERSONAS
2026-02-24 01:33:00,10015910104,RUTA 11 (P) al 509,DISPAROS,PERSONAS,"LLAMANTE REIFERE QUE LE  ROBARON  EL AUTOY LE DSIPARAROIN  EN LA RODILLA A SU NOVIO ERAN  02 MASCULINOS, SE LLEVARON UN FORD FIESTA BORDO, PATENTE AA519NZ, NO ESTA SEGURA, SE FUERON POR LA RUTA, NO LOS PUEDE DESCRIBIR  ",GENERAL PUEYRREDON,,,,Telefonía Fija/Móvil,0,,,2026,2,February,24,1,1,Martes,False,Madrugada (00-06),['AA519NZ'],AA519NZ,FORD,DISPAROS_PERSONAS
2026-02-24 00:30:00,10015909807,REP DE CUBA al 3148,DISPAROS,PERSONAS,"REFIERE QUE UN CONOCIDO DE SU HERMANA EN UNA DISCION CON SU MARIDO LE DISPARO, NO ESTA HERIDO ",GENERAL PUEYRREDON,MAR DEL PLATA,-3803260001616.0,-57607439496512.0,JTv,0,-38.03260001616,-57.607439496512,2026,2,February,24,0,1,Martes,False,Madrugada (00-06),[],,OTRA / NO ESPECIFICADA,DISPAROS_PERSONAS
2026-02-23 23:09:00,10015909462,TRIPULANTES DEL FOURNIER y Av Polonia,DISPAROS,PERSONAS,"LLAMANTE REFIERE QUE LE DIERON DOS DISPAROS A UN MASCULINO EN LA  VIA PUBLICA, INDIOCA QUE ESTA MURIENDO EN EL LUGAR. NO PUEDE APORTAR DATOS RESPECTO DE LOS AGRESORES.",GENERAL PUEYRREDON,MAR DEL PLATA,-380178184509.0,-576002502441.0,V ACC-MC,0,-38.0178184509,-57.6002502441,2026,2,February,23,23,0,Lunes,False,Noche (18-24),[],,OTRA / NO ESPECIFICADA,DISPAROS_PERSONAS
2026-02-23 23:08:00,10015909459,TRIPULANTES DEL FOURNIER al 8266,DISPAROS,PERSONAS,LLAMANTE REFIERE QUE EN EL LUGAR UN CHICO JOVEN CON IMPACTOS DE ARMA DE FUEGO ,GENERAL PUEYRREDON,MAR DEL PLATA,-38018243828088.0,-57599724367898.0,V ACC-MC,0,-38.018243828088,-57.599724367898,2026,2,February,23,23,0,Lunes,False,Noche (18-24),[],,OTRA / NO ESPECIFICADA,DISPAROS_PERSONAS
2026-02-23 23:08:00,10015909453,TRIPULANTES DEL FOURNIER al 8500,DISPAROS,PERSONAS,LLAMANTE REFIERE QUE HAY UN MASCULINO TIRADO EN LA CALLE. REFIERE QUE LE DIERON UN TIRO. EDAD APROX.  ENTRE 15 Y 20AÑOS.,GENERAL PUEYRREDON,MAR DEL PLATA,-380165.0,-576021.0,V ACC-MC,0,-38.0165,-57.6021,2026,2,February,23,23,0,Lunes,False,Noche (18-24),[],,OTRA / NO ESPECIFICADA,DISPAROS_PERSONAS
2026-02-23 23:06:00,10015909444,TRIPULANTES DEL FOURNIER al 8467,DISPAROS,PERSONAS,"LLAMANTE REFIERE QUE UN MASCULINO GRITA QUE NECESITA UNA AMBULANCIA, RECIÉN INDICA QUE ESTABAN A LOS TIROS. [Id.Remoto: 10015909444]",GENERAL PUEYRREDON,MAR DEL PLATA,-380166.0,-576017.0,0,0,-38.0166,-57.6017,2026,2,February,23,23,0,Lunes,False,Noche (18-24),[],,OTRA / NO ESPECIFICADA,DISPAROS_PERSONAS
2026-02-23 05:04:00,10015906074,16 y 7,DISPAROS,PERSONAS,LLAMANTE REFIERE QUE UN MASCULINO LE DISPARO. SE FUE HACIA LA CALLE 14 Y 3.  NO HAY HERIDOS.,GENERAL PUEYRREDON,,,,V ACC-MC,0,,,2026,2,February,23,5,0,Lunes,False,Madrugada (00-06),[],,OTRA / NO ESPECIFICADA,DISPAROS_PERSONAS
2026-02-23 04:36:00,10015906019,CALLE 16 y CALLE 7,DISPAROS,PERSONAS,"LLAMANTE REFIERE QUE  HAY UN MASCULINO CON UN ARMA DE FUEGO EFECTUANDO DISPAROS ,  LE EFECTUO UN DISPARO AL LLAMANTE , NO ESTA HERIDO, EL AGRESOR ESTA ENCAPUCHADO ANDA CON MULETAS ",GENERAL PUEYRREDON,,,,V ACC-MC,0,,,2026,2,February,23,4,0,Lunes,False,Madrugada (00-06),[],,OTRA / NO ESPECIFICADA,DISPAROS_PERSONAS
2026-02-23 04:22:00,10015906001,EL TORDILLO y Haras Abolengo,DISPAROS,PERSONAS,"LLAMANTE REFIERE QUE HAY UN PERSONA DISPARANDO. NO HAY HERIDOS, ESTA CON MULETAS",GENERAL PUEYRREDON,,-379612399986.0,-576531139992.0,V ACC-MC,0,-37.9612399986,-57.6531139992,2026,2,February,23,4,0,Lunes,False,Madrugada (00-06),[],,OTRA / NO ESPECIFICADA,DISPAROS_PERSONAS
2026-02-22 03:34:00,10015900629,CHE GUEVARA al 1012,DISPAROS,PERSONAS,LLAMANTE REFIERE QUE ESTAN EFECTUANDO DISPAROS EN UNA CASILLA. HAY MUCHA GENTE AFUERA. NO SABE CUANTOS SON. ESCUCHA NENES QUE GRITAN EN LA CALLE. SE DISPARAN ENTRE ELLOS. NO SABE SI HAY HERIDOS,GENERAL PUEYRREDON,MAR DEL PLATA,-37992792866814.0,-57623387679122.0,REDERIVADO,0,-37.992792866814,-57.623387679122,2026,2,February,22,3,6,Domingo,True,Madrugada (00-06),[],,OTRA / NO ESPECIFICADA,DISPAROS_PERSONAS
2026-02-21 23:18:00,10015899178,JAURETCHE y 12 De Octubre,DISPAROS,PERSONAS,LLAMANTE REFIERE QUE VARIAS PERSONAS EN MOTOS SE REALIZAN DISPAROS TIENEN PALOS ,GENERAL PUEYRREDON,,-379938539985.0,-576097059992.0,V ACC-MC,0,-37.9938539985,-57.6097059992,2026,2,February,21,23,5,Sábado,True,Noche (18-24),[],,OTRA / NO ESPECIFICADA,DISPAROS_PERSONAS
2026-02-21 19:47:00,10015898197,PIGUE y Esteban Gascon,DISPAROS,PERSONAS,LLAMANTE REFIERE QUE UN MASCULINO LE DISPARO A OTRO MASCULINO A LOS PIES. CREE QUE NO HAY HERIDOS.,GENERAL PUEYRREDON,MAR DEL PLATA,-379766845703.0,-57612071991.0,JTv,0,-37.9766845703,-57.612071991,2026,2,February,21,19,5,Sábado,True,Noche (18-24),[],,OTRA / NO ESPECIFICADA,DISPAROS_PERSONAS
2026-02-21 19:43:00,10015898182,PIGUE al 234,DISPAROS,PERSONAS,LLAMANTE REFIERE QUE HAY APROX. 15 PERSONAS DISPARANDOSE ENTRE SI EN LA VIA PUBLICA. NO SABE SI HAY HERIDOS.,GENERAL PUEYRREDON,MAR DEL PLATA,-379576.0,-575966.0,JTv,0,-37.9576,-57.5966,2026,2,February,21,19,5,Sábado,True,Noche (18-24),[],,OTRA / NO ESPECIFICADA,DISPAROS_PERSONAS
2026-02-21 11:11:00,10015896156,FLEMING y Vertiz,DISPAROS,PERSONAS,"REFIERE QUE SE ESTAN DISPARANDO, SON VARIAS PERSONAS, __NO HAY HERIDOS, ES UN ENFRENTAMIENTO ",GENERAL PUEYRREDON,,,,V ACC-MC,0,,,2026,2,February,21,11,5,Sábado,True,Mañana (06-12),[],,OTRA / NO ESPECIFICADA,DISPAROS_PERSONAS
2026-02-21 03:24:00,10015895248,BERUTI y Colombia,DISPAROS,PERSONAS,LLAMANTE REFIERE QUE LE DISPARARON A UN MASCULINO ESTA TIRADO EN EL PISO. ,GENERAL PUEYRREDON,MAR DEL PLATA,-379517759985.0,-576073669992.0,V ACC-MC,0,-37.9517759985,-57.6073669992,2026,2,February,21,3,5,Sábado,True,Madrugada (00-06),[],,OTRA / NO ESPECIFICADA,DISPAROS_PERSONAS
2026-02-21 03:22:00,10015895237,BERUTI y Av Fermin Errea,DISPAROS,PERSONAS,LLAMANTE REFIERE QUE LE DISPARARON A UN MASC . SALIERON DE UNA CASA Y LE DISPARARON ,GENERAL PUEYRREDON,,-379517759985.0,-576073669992.0,JTv,0,-37.9517759985,-57.6073669992,2026,2,February,21,3,5,Sábado,True,Madrugada (00-06),[],,OTRA / NO ESPECIFICADA,DISPAROS_PERSONAS
2026-02-21 03:20:00,10015895228,COLOMBIA y Beruti,DISPAROS,PERSONAS,LLAMANTE REFIERE QUE ESCUCHA DISPAROS Y GRITOS QUE DICEN QUE MATARON A ALGUIEN NO VE NADA TODO LO ESCUCHA,GENERAL PUEYRREDON,MAR DEL PLATA,-379517759985.0,-576073669992.0,Analizado por ACC-MC,0,-37.9517759985,-57.6073669992,2026,2,February,21,3,5,Sábado,True,Madrugada (00-06),[],,OTRA / NO ESPECIFICADA,DISPAROS_PERSONAS
2026-02-20 23:42:00,10015894384,RODRIGUEZ PEÑA al 3552,DISPAROS,PERSONAS,LA LLAMANTE REFIERE QUE LE TIRARON TIROS A UN MASCULINO. PASO UN MASCULINO Y LE TIRO. ESTA HERIDO DE ARMA DE FUEGO.  NO SABE DONDE ESTA HERIDO. ,GENERAL PUEYRREDON,MAR DEL PLATA,-38008135236165.0,-57567534865987.0,V ACC-MC,0,-38.008135236165,-57.567534865987,2026,2,February,20,23,4,Viernes,False,Noche (18-24),[],,OTRA / NO ESPECIFICADA,DISPAROS_PERSONAS
2026-02-20 23:40:00,10015894373,RODRIGUEZ PEÑA al 3554,DISPAROS,PERSONAS,"LLAMANET REFIERE QUE ESUCCHO TRES DSPAROS, CREE QUE LE DISPARARON A UN JOVEN__ESTÁ GRITANDO__NO SABE SI ESTÁ HERIDO ",GENERAL PUEYRREDON,MAR DEL PLATA,-38008124766777.0,-57567554621089.0,V ACC-MC,0,-38.008124766777,-57.567554621089,2026,2,February,20,23,4,Viernes,False,Noche (18-24),[],,OTRA / NO ESPECIFICADA,DISPAROS_PERSONAS
2026-02-20 23:38:00,10015894366,RODRIGUEZ PEÑA al 3550,DISPAROS,DISPAROS,LLAMANTE REFIERE QUE HAY PERSONAS A LOS TIROS EN LA VÍA PÚBLICA__NO SABE SI HAY ARMADOS O HERIDOS ____ESTUVO LA POLICÍA HASTA HACE MEDIA HORA,GENERAL PUEYRREDON,MAR DEL PLATA,-380081457056.0,-575675151109.0,POSITIVO,"SI SE REQUIERE AMPLIACION DE DATOS , POR FAVOR ESPECIFICAR.-",-38.0081457056,-57.5675151109,2026,2,February,20,23,4,Viernes,False,Noche (18-24),[],,OTRA / NO ESPECIFICADA,DISPAROS_PERSONAS
2026-02-20 22:41:00,10015894134,ZEBALLOS al 5509,DISPAROS,PERSONAS,"LLAMANTE REFIERE QUE VARIOS ESTAN EFECTAUNDO DISPAROS ENTRE PERSONAS, IGNORA HERIDOS.- ",GENERAL PUEYRREDON,MAR DEL PLATA,-379452.0,-575478.0,V ACC-MC,0,-37.9452,-57.5478,2026,2,February,20,22,4,Viernes,False,Noche (18-24),[],,OTRA / NO ESPECIFICADA,DISPAROS_PERSONAS
2026-02-20 22:39:00,10015894128,ZEBALLOS y Nestor Romano,DISPAROS,PERSONAS,"LLAMANTE REFIERE QUE SE ESCUCHAN DISPAROS, GRITAN MENORES, SE ESCUCHARON 4 O 5  DISPAROS. SE SIGUEN DISPARANDO ENTRE ELLOS. NO SABE SI HAY HERIDOS.- ",GENERAL PUEYRREDON,MAR DEL PLATA,-379453979984.0,-575477879992.0,JTv,0,-37.9453979984,-57.5477879992,2026,2,February,20,22,4,Viernes,False,Noche (18-24),[],,OTRA / NO ESPECIFICADA,DISPAROS_PERSONAS
2026-02-20 22:17:00,10015894043,ANCHORENA al 5487,DISPAROS,PERSONAS,"LLAMANTE APARENTEMENTE MENOR DE EDAD POR LA VOZ REFIERE QUE ALEJANDOR ESTA EFECTUANDO DISPAROS, SERIA SU TIO, NO INDICA HERIDOS, LE EFECTUA DISPAROS A LOS QUE ESTA DENTRO DE LA CASA, LLAMANTE DE 13 AÑOS. LLAMANTE ESTA CON EL RESTO DE LA FAMILIA, EL TIO ESTA FUERA DE LA CASA. NO LO DESCRIBE.- ",GENERAL PUEYRREDON,MAR DEL PLATA,-379463.0,-575486.0,V ACC-MC,0,-37.9463,-57.5486,2026,2,February,20,22,4,Viernes,False,Noche (18-24),[],,OTRA / NO ESPECIFICADA,DISPAROS_PERSONAS
2026-02-20 15:29:00,10015892266,INT RUFINO INDA BIS al 1686,DISPAROS,PERSONAS,"LLAMANTE REFIERE QUE LE DISPARARON A UN FAMILIAR EN LA CASA, NO SABE COMO SE ENCUENTRA. LA LLAMANTE NO ESTA EN EL LUGAR, ES PERSONAL POLICIAL, LE DIO AVISO LA PRIMA. APARENTEMENTE QUISIERON ENTRAR A LA CASA.",GENERAL PUEYRREDON,MAR DEL PLATA,-38016282768613.0,-57604385670198.0,V ACC-MC,0,-38.016282768613,-57.604385670198,2026,2,February,20,15,4,Viernes,False,Tarde (12-18),[],,OTRA / NO ESPECIFICADA,DISPAROS_PERSONAS
2026-02-20 15:22:00,10015892238,INT RUFINO INDA BIS al 1686,DISPAROS,PERSONAS,LLAMANTE COMUNICA QUE SU SUEGRA LA LLAMO PORQUE ESTAN  DISPARANDOLE A ELLA EN LA DIRECCION APORTADA. AYER REALIZO DENUNCIA POR AMENAZAS. HAY TRES MENORES.- ,GENERAL PUEYRREDON,MAR DEL PLATA,-38016282768613.0,-57604385670198.0,POSITIVO,27788- RODRIGUEZ NICOLAS RUBEN DNI 40143732  - CONFLICTO CON LA PROPIEDAD DE AL LADO NUMERAL1694- EL HIJO DEL EX PROPIETARIO RECLAMA LA PROPIEDAD- QUIEN NO ESTABA EN EL LUGAR A LA LLEGADA DEL MOVIL - A SIMPLE VISTA NEGATIVO VAINAS SERVIDAS- PERO EL ENTREVISTADO APORTA QUE EFECTUARON DISPAROS AL LUGAR - INDICADOS PASOS A SEGUIR - NEGATIVO HERIDOS DEL LUGAR - CEL 2236003928,-38.016282768613,-57.604385670198,2026,2,February,20,15,4,Viernes,False,Tarde (12-18),[],,OTRA / NO ESPECIFICADA,DISPAROS_PERSONAS
2026-02-20 14:24:00,10015892002,RATERY y San Salvador,DISPAROS,PERSONAS,REFIERE QUE SE ESTAN EFECTUANDO DISPAROS DE UNA CASA A OTRA . VARIAS PERSONAS . __SE HABLAN A TRAVES DE HANDY . __NO HAY HERIDOS ,GENERAL PUEYRREDON,,,,V ACC-MC,0,,,2026,2,February,20,14,4,Viernes,False,Tarde (12-18),[],,OTRA / NO ESPECIFICADA,DISPAROS_PERSONAS
2026-02-20 14:17:00,10015891977,VIA FC GRAL ROCA y Av Vertiz,DISPAROS,PERSONAS,"CCA QUE ESTAN A LOS DISPAROS ENTRE DOS BANDAS , LAS BALAS PEGAN EN LAS CASAS DE LA CUADRA, EL MOVIL FUE PERO SIGUEN PELENADOS E",GENERAL PUEYRREDON,MAR DEL PLATA,-380194.0,-575899.0,Telefonía Fija/Móvil,0,-38.0194,-57.5899,2026,2,February,20,14,4,Viernes,False,Tarde (12-18),[],,OTRA / NO ESPECIFICADA,DISPAROS_PERSONAS
2026-02-20 14:16:00,10015891975,SAN SALVADOR al 7648,DISPAROS,PERSONAS,REFIERE QUE ESTAN EFECTUANDO DISPAROS ENTRE PERSONAS . NO VE HERIDOS . VARIAS PERSONAS ,GENERAL PUEYRREDON,MAR DEL PLATA,-380192.0,-575903.0,POSITIVO,27788 ENTREVISTA SRA NATALI REFIERE Q HAY EN UNA  CASILLA 4 5 PERSONAS CON HANDY ARMADOS Y CON CHALECOS ANTIBALAS. ENTREVISTA LA SRA LUCILA REFIERE QUE UN VENTO COLOR ROJO EFECTUO DETONACIONES Y SE RETIRO,-38.0192,-57.5903,2026,2,February,20,14,4,Viernes,False,Tarde (12-18),[],,OTRA / NO ESPECIFICADA,DISPAROS_PERSONAS
2026-02-20 13:20:00,10015891809,RATERIY y San Salvador,DISPAROS,PERSONAS,REFIERE QUE HAY VARIAS PERSONAS EFECTUANDOSE DISPAROS . ESCUCHO APROX 7 DETONACIONES __NO SABE SI HAY HERIDO ,GENERAL PUEYRREDON,MAR DEL PLATA,-380191700071.0,-575896699909.0,V ACC-MC,0,-38.0191700071,-57.5896699909,2026,2,February,20,13,4,Viernes,False,Tarde (12-18),[],,OTRA / NO ESPECIFICADA,DISPAROS_PERSONAS
2026-02-20 00:53:00,10015890062,LUCAS KRAGLIEVICH y Los Duraznos,DISPAROS,PERSONAS,"LLAMANTE REFIERE QUE HAY PERSONAS QUE SE ESTAN DISPARANDO, APROXIMADAMENTE 5 NN.  NO SABE SI HAY HERIDOS ",GENERAL PUEYRREDON,MAR DEL PLATA,-379280819984.0,-575428449992.0,V ACC-MC,0,-37.9280819984,-57.5428449992,2026,2,February,20,0,4,Viernes,False,Madrugada (00-06),[],,OTRA / NO ESPECIFICADA,DISPAROS_PERSONAS
2026-02-19 16:44:00,10015888237,LUCIANO ARRUE y Esteban Gascon,DISPAROS,PERSONAS,"__LLAMANTE REFIERE QUE MAS DE 10 PERSONAS CONFROTAN  CON OTRAS , Y ESTAN ARMADOS __ UNO DE LOS ARMADOS VISTE CON CHOMBA GRIS Y PANTALON CLARITO SE DISPARAN ENTRE ELLOS ",GENERAL PUEYRREDON,,-379791269985.0,-576028229992.0,JTv,0,-37.9791269985,-57.6028229992,2026,2,February,19,16,3,Jueves,False,Tarde (12-18),[],,OTRA / NO ESPECIFICADA,DISPAROS_PERSONAS
2026-02-18 23:38:00,10015885416,233 y 238,DISPAROS,PERSONAS,LLAMANTE REFIERE HAY PERSONAS DSPARANDOSE ENLA VÍA PÚBLICA __CREE QUE SON 6 CONTRA 6__CREE QUE HAY UNA MUEJR HERIDA__,GENERAL PUEYRREDON,,,,V ACC-MC,0,,,2026,2,February,18,23,2,Miércoles,False,Noche (18-24),[],,OTRA / NO ESPECIFICADA,DISPAROS_PERSONAS
2026-02-18 23:18:00,10015885329,CALLE 236 y Soler,DISPAROS,PERSONAS,"LLAMANTE REIFERE QUE HAY PERSONAS DISPARÁNDOSE, SON MUCHOS__HAY HERIDOS, NO SABE CUANTOS ",GENERAL PUEYRREDON,MAR DEL PLATA,-379954719986.0,-576315749992.0,V ACC-MC,0,-37.9954719986,-57.6315749992,2026,2,February,18,23,2,Miércoles,False,Noche (18-24),[],,OTRA / NO ESPECIFICADA,DISPAROS_PERSONAS
2026-02-18 23:16:00,10015885321,SOLER y Calle 234,DISPAROS,PERSONAS,"LLAMANTE REFIERE QUE HAY 10 PERSONAS EN LA VIA PUBLICA, SE DISPARAN ENTRE ELLOS, NO TIENE MAS INFORMACION",GENERAL PUEYRREDON,,-379954719986.0,-576315749992.0,V ACC-MC,0,-37.9954719986,-57.6315749992,2026,2,February,18,23,2,Miércoles,False,Noche (18-24),[],,OTRA / NO ESPECIFICADA,DISPAROS_PERSONAS
2026-02-18 23:16:00,10015885320,236 y 33,DISPAROS,PERSONAS,LLAMANTE REFIERE QUE HAY PERSONAS A LOS TIROS ENTRE ELLOS__SON DOS QUE SE TIRAN Y HAY PERSONAS EN EL MEDIO QUE SE METEN__HAY NIÑOS__NO HAY HERIDOS ,GENERAL PUEYRREDON,,,,V ACC-MC,0,,,2026,2,February,18,23,2,Miércoles,False,Noche (18-24),[],,OTRA / NO ESPECIFICADA,DISPAROS_PERSONAS
2026-02-18 22:59:00,10015885250,ENEAS CALABRESE al 3125,DISPAROS,DISPAROS,EL LLAMANTE REFIERE QUE  ESTUVIERON TIRANDO TIROS A UNA CASA. HAY UN HERIDO DE ARMA DE FUEGO. Y SE SUBIERON A UN VOLKSWAGEN BORA PLATEADO. PATENTE NO VIO. NO SABE PARA DONDE SE FUERON. ,GENERAL PUEYRREDON,MAR DEL PLATA,-37943218885494.0,-57550022682672.0,V ACC-MC,0,-37.943218885494,-57.550022682672,2026,2,February,18,22,2,Miércoles,False,Noche (18-24),[],,VOLKSWAGEN,DISPAROS_PERSONAS
2026-02-18 22:55:00,10015885229,ENEAS CALABRESE al 3125,DISPAROS,PERSONAS,"LLAMANTE REFIERE QUE HAY PERSONAS DISPARANDO ENTRE UNA CASA Y LA CALLE__HAY VARIAS PERSONAS__PASAN EN MOTO Y EN AUTO__HAY UN HERIDO, ES UN HOMBRE APARENTEMENTE, NO SABE EDAD, CREE QUE DENTRO DE LA CASA __REFIERE QUR RECIEN ESTUVO UN MOVIL ",GENERAL PUEYRREDON,MAR DEL PLATA,-37943218885494.0,-57550022682672.0,V ACC-MC,0,-37.943218885494,-57.550022682672,2026,2,February,18,22,2,Miércoles,False,Noche (18-24),[],,OTRA / NO ESPECIFICADA,DISPAROS_PERSONAS
2026-02-18 22:52:00,10015885216,ENEAS CALABRESE y Zeballos,DISPAROS,PERSONAS,"LLAMANTE REFIERE QUE SE ESTAN DISPARANDO LOS VECINOS ENTRE SI, NO SABE SI HAY HERIDOS, SON UN MONTON. ",GENERAL PUEYRREDON,MAR DEL PLATA,-379429739984.0,-575497239992.0,V ACC-MC,0,-37.9429739984,-57.5497239992,2026,2,February,18,22,2,Miércoles,False,Noche (18-24),[],,OTRA / NO ESPECIFICADA,DISPAROS_PERSONAS
2026-02-18 22:52:00,10015885214,ENEAS CALABRESE al 3018,DISPAROS,PERSONAS,"LLAMANTE REFIERE QUE HAY PERSONAS A LOS TIROS EN LAVEREDA ENTRE PERSONAS, SON MUCHOS __PASO UNA CAMIONETA NEGRA CON VIDRIOS POLAZRIZADOS Y DISPARO A TODAS LAS CASAS. __NO SABE SI HAY HERIDOS __",GENERAL PUEYRREDON,MAR DEL PLATA,-37944162211096.0,-57551136202665.0,V ACC-MC,0,-37.944162211096,-57.551136202665,2026,2,February,18,22,2,Miércoles,False,Noche (18-24),[],,OTRA / NO ESPECIFICADA,DISPAROS_PERSONAS
2026-02-18 22:08:00,10015885040,AV COLON al 12150,DISPAROS,PERSONAS,"LLAMANTE REFIERE QUE HAY GENTE DISPARANDO AL AIRE Y ENTRE SI EN LA CALLE,  HAY COMO 8 MOTOS EN EL LUGAR, HAY UNA PERSONA TIRADA EN LA CALLE , CREE QUE ESTA HERIDA.- ",GENERAL PUEYRREDON,MAR DEL PLATA,-37954746420499.0,-57644438083186.0,V ACC-MC,0,-37.954746420499,-57.644438083186,2026,2,February,18,22,2,Miércoles,False,Noche (18-24),[],,OTRA / NO ESPECIFICADA,DISPAROS_PERSONAS
2026-02-18 21:57:00,10015884988,AV COLON al 12157,DISPAROS,PERSONAS,"LLAMANTE REFIERE QUE HAY UN ENFRENTAMIENTO ENTRE BANDAS. UNO VIVE EN LA TOMA. VAN Y REGRESAN. NO SABE SI HAY HERIDOS, ESTAN DISCUTIENDO. SON APROX 10 PERSONAS. ",GENERAL PUEYRREDON,MAR DEL PLATA,-37954712302206.0,-57644482420186.0,V ACC-MC,0,-37.954712302206,-57.644482420186,2026,2,February,18,21,2,Miércoles,False,Noche (18-24),[],,OTRA / NO ESPECIFICADA,DISPAROS_PERSONAS
2026-02-18 21:32:00,10015884900,ENEAS CALABRESE al 6120,DISPAROS,PERSONAS,LLAMANTE REFIERE QUE LE DISPARARON AL SOBRINO NO ESTA HERIDO .- LO ESTAN BUSCANDO EN UN AUTO Y UNA MOTO  ,GENERAL PUEYRREDON,MAR DEL PLATA,-379434629984.0,-575503219992.0,V ACC-MC,0,-37.9434629984,-57.5503219992,2026,2,February,18,21,2,Miércoles,False,Noche (18-24),[],,OTRA / NO ESPECIFICADA,DISPAROS_PERSONAS
2026-02-18 21:29:00,10015884888,ENEAS CALABRESE al 3120,DISPAROS,PERSONAS,LLAMANTE REFIERE QUE LES DISPARARON A DOS MASCULINOS NO ESTAN HERIDOS LOS CONOCEN . ________,GENERAL PUEYRREDON,MAR DEL PLATA,-379432588614.0,-57550073149.0,V ACC-MC,0,-37.9432588614,-57.550073149,2026,2,February,18,21,2,Miércoles,False,Noche (18-24),[],,OTRA / NO ESPECIFICADA,DISPAROS_PERSONAS
2026-02-18 15:22:00,10015883441,GARAY y Tandil,DISPAROS,PERSONAS,__LLAMANTE REFIERE QUE HUBO UN TIROTEO Y HAY UNA PERSONA HERIDA. ERAN TRES O CUATRO PERSONAS. NO BRINDA MAS DATOS. ,GENERAL PUEYRREDON,MAR DEL PLATA,-379787629985.0,-576123079992.0,V ACC-MC,0,-37.9787629985,-57.6123079992,2026,2,February,18,15,2,Miércoles,False,Tarde (12-18),[],,OTRA / NO ESPECIFICADA,DISPAROS_PERSONAS
2026-02-18 15:20:00,10015883435,TANDIL y Garay,DISPAROS,PERSONAS,ESCUCHA TIROS  HABIA 2 PERSONAS  A LOS TIROS Y LA TIA QUE VIVE AHI LE DICE SOLAMENTE  QUE ESTAN A LOS TIROS ENTRE 2 MASCULINOS Y NO  SABE SI HAY HERIDOS ,GENERAL PUEYRREDON,,-379795689985.0,-576129399992.0,V ACC-MC,0,-37.9795689985,-57.6129399992,2026,2,February,18,15,2,Miércoles,False,Tarde (12-18),[],,OTRA / NO ESPECIFICADA,DISPAROS_PERSONAS
2026-02-18 15:19:00,10015883430,TANDIL al 2818,DISPAROS,PERSONAS,"__LLAMANTE REFIERE QUE  LE ROBAN SU BICICLO , FUERON  DOS PERSONAS EN DOS MOTOS , UNA ZANELLA Y OTRA 110.__ LE ROBAN SU BICICLETA    Y SE FUGAN  POR EL DESCAMPADO ENTRE ALBERTI Y AL 200 ,PARA ALBERTI AL FONDO __ LE ROBAN UNA MONTANG BIKE RODADO 29  AMARILLA FLUOR..__ REFIERE QUE EFECTUARON DISPAROS A UN MASCULINO QUE VENIAN PERSIGUIENDO LO DEJAN EN LA ESQUINA ",GENERAL PUEYRREDON,,-379787629985.0,-576123079992.0,V ACC-MC,0,-37.9787629985,-57.6123079992,2026,2,February,18,15,2,Miércoles,False,Tarde (12-18),[],,ZANELLA,DISPAROS_PERSONAS
2026-02-18 15:17:00,10015883424,TANDIL al 2818,DISPAROS,PERSONAS,__LLAMANTE REFIERE QUE HAY UN TIROTEO. SON VARIAS PERSONAS. CREE QUE MATARON A ALGUIEN ,GENERAL PUEYRREDON,MAR DEL PLATA,-37978911347869.0,-57612423687385.0,Telefonía Fija/Móvil,0,-37.978911347869,-57.612423687385,2026,2,February,18,15,2,Miércoles,False,Tarde (12-18),[],,OTRA / NO ESPECIFICADA,DISPAROS_PERSONAS
2026-02-18 15:17:00,10015883423,TANDIL al 2818,DISPAROS,PERSONAS,"REFIERE CONFRONTACION ENTRE DOS MASCULINOS , DICE QUE ESTAN EFECTUANDOSE DISPAROS Y A LAS  CASAS . DICE QUE HABRIA UNO HERIDO CON VARIOS IMPACTOS DE BALA ",GENERAL PUEYRREDON,MAR DEL PLATA,-37978911347869.0,-57612423687385.0,V ACC-MC,0,-37.978911347869,-57.612423687385,2026,2,February,18,15,2,Miércoles,False,Tarde (12-18),[],,OTRA / NO ESPECIFICADA,DISPAROS_PERSONAS
2026-02-17 23:41:00,10015880877,SEBASTIAN GARAU al 2257,DISPAROS,PERSONAS,"MENCIONA QUE ESCUCHA DETONACIONES ENTRA VARIOS , CREE QUE ES UN ENFRENTAMIENTO ",GENERAL PUEYRREDON,MAR DEL PLATA,-379515.0,-576436.0,V ACC-MC,0,-37.9515,-57.6436,2026,2,February,17,23,1,Martes,False,Noche (18-24),[],,OTRA / NO ESPECIFICADA,DISPAROS_PERSONAS
2026-02-17 22:54:00,10015880701,LOBERIA al 3021,DISPAROS,PERSONAS,LLAMANTE REFIERE QUE SE ESCUCHARON DISPAROS EN EL EXTERIOR. UNOS MASCULINOS VINIERON UNOS EN MOTO Y LES DISPARARON A UNOS JOVENES QUE ESTABAN EN LA CALLE. NO SABE SI ES UN ROBO. ESTAN LOS 2 CHICOS BALEADOS. ,GENERAL PUEYRREDON,MAR DEL PLATA,-38017062571172.0,-57625920479621.0,V ACC-MC,0,-38.017062571172,-57.625920479621,2026,2,February,17,22,1,Martes,False,Noche (18-24),[],,OTRA / NO ESPECIFICADA,DISPAROS_PERSONAS
2026-02-17 22:53:00,10015880698,GARCIA LORCA y Ciudad San Cayetano,DISPAROS,PERSONAS,"LLAMANTE REFIERE QUE HAY GENTE A LOS TIROS ENTRE ELLOS, APROX 10 PERSONAS, NO SABE SI HAY HERIDOS",GENERAL PUEYRREDON,MAR DEL PLATA,-380163379986.0,-576265419992.0,NEGATIVO,"MOVIL ENTREVISTA CON LA SRA NOGUEIRA, NEGATIVO DETONACIONES",-38.0163379986,-57.6265419992,2026,2,February,17,22,1,Martes,False,Noche (18-24),[],,OTRA / NO ESPECIFICADA,DISPAROS_PERSONAS
2026-02-17 22:29:00,10015880617,AV COLON y CHAMPAGNAT ,DISPAROS,PERSONAS,RECIEN LLAMO MENCIONA QUE ESTA EN EL CORSO Y SE ESTAN DISPARANDO TODOS CONTRA TODOS __ NO SABE SI HAY HERIDOS ,GENERAL PUEYRREDON,MAR DEL PLATA,-37979006182.0,-57598445732.0,JTv,0,-37.979006182,-57.598445732,2026,2,February,17,22,1,Martes,False,Noche (18-24),[],,OTRA / NO ESPECIFICADA,DISPAROS_PERSONAS
2026-02-17 14:09:00,10015878668,MOSCONI y Williams Morris,DISPAROS,PERSONAS,SE  INFORMA QUE  HAY GENTE  ARMADA  EN EL  LUGAR  DISPARANDOSE   __NO VE  HERIDS  ,GENERAL PUEYRREDON,MAR DEL PLATA,-380631469984.0,-575610729992.0,V ACC-MC,0,-38.0631469984,-57.5610729992,2026,2,February,17,14,1,Martes,False,Tarde (12-18),[],,OTRA / NO ESPECIFICADA,DISPAROS_PERSONAS
2026-02-17 01:24:00,10015876740,GENOVA al 8901,DISPAROS,PERSONAS,LLAMANTE REFIERE QUE SE ESTAN PELEANDO LOS VECINOS.- SON 4 O 5 PERSONAS. -SE ENFRENTAN CON ARMAS DE FUEGO.- SE ESCUCHAN TIROS.- NO HAY HERIDOS.- ,GENERAL PUEYRREDON,MAR DEL PLATA,-38019390606109.0,-57612199689369.0,REDERIVADO,0,-38.019390606109,-57.612199689369,2026,2,February,17,1,1,Martes,False,Madrugada (00-06),[],,OTRA / NO ESPECIFICADA,DISPAROS_PERSONAS
2026-02-17 00:49:00,10015876599,IRALA y San Cayetano,DISPAROS,PERSONAS,LLAMANTE REFIERE VARIOS JOVENES ARMADOS ROBAN A LA GENTE EFECTUAN DISPAROS A LAS PERSONAS. NO INDICA HERIDOS.- ,GENERAL PUEYRREDON,MAR DEL PLATA,-380005649985.0,-576077329992.0,V ACC-MC,0,-38.0005649985,-57.6077329992,2026,2,February,17,0,1,Martes,False,Madrugada (00-06),[],,OTRA / NO ESPECIFICADA,DISPAROS_PERSONAS
2026-02-17 00:27:00,10015876491,TERMAS DE RIO HONDO al 2521,EMERGENCIA DE SALUD,EMERGENCIA,"LLAMANTE REFIERE QUE UN JOVEN DE UNOS 20 AÑOS ESTA TENDIDO ALLI CON UN DISPARO DE ARMA DE FUEGO. NO SABE QUE PASO COMO LE OCURRIO, LO ENCONTRARON ALLI.- ",GENERAL PUEYRREDON,MAR DEL PLATA,-379806.0,-576026.0,V ACC-MC,0,-37.9806,-57.6026,2026,2,February,17,0,1,Martes,False,Madrugada (00-06),[],,OTRA / NO ESPECIFICADA,DISPAROS_PERSONAS
2026-02-17 00:27:00,10015876488,ESTEBAN GASCON y Termas De Rio Hondo,DISPAROS,PERSONAS,"TEL DEL LLAMANTE 4703360__HAY UNA PERSONA HERIDA DE BALA AL PARECER EN LA CABEZA, PASO UN AUTO Y LE DISPARO, NO TIENE DATOS DEL MISMO, EL CHICO RESPIRA",GENERAL PUEYRREDON,MAR DEL PLATA,-379809279985.0,-576014689992.0,V ACC-MC,0,-37.9809279985,-57.6014689992,2026,2,February,17,0,1,Martes,False,Madrugada (00-06),[],,OTRA / NO ESPECIFICADA,DISPAROS_PERSONAS
2026-02-17 00:26:00,10015876486,TERMAS DE RIO HONDO al 2474,DISPAROS,PERSONAS,"CCA QUE HAY UN MASCULINO HERDIO DE BALA EN LA CALLE , SE ESCUCHAN DISPAROS , NO SABE MAS DATOS, CORTA LA LLAMADA ",GENERAL PUEYRREDON,MAR DEL PLATA,-379803.0,-576022.0,V ACC-MC,0,-37.9803,-57.6022,2026,2,February,17,0,1,Martes,False,Madrugada (00-06),[],,OTRA / NO ESPECIFICADA,DISPAROS_PERSONAS
2026-02-17 00:23:00,10015876470,ESTEBAN GASCON al 7500,DISPAROS,PERSONAS,"CCA QUE EN EL CORDON DE LA VEREDA HAY UN MASCULINO HERIDO DE BALA , NO SABEN MAS DATOS , SOLO ESCUVHAN LOS DISPAROS ",GENERAL PUEYRREDON,MAR DEL PLATA,-37980928444725.0,-57601469224809.0,V ACC-MC,0,-37.980928444725,-57.601469224809,2026,2,February,17,0,1,Martes,False,Madrugada (00-06),[],,OTRA / NO ESPECIFICADA,DISPAROS_PERSONAS
2026-02-17 00:22:00,10015876468,ESTEBAN GASCON al 7561,EMERGENCIA DE SALUD,EMERGENCIA,"LLAMANTE REFIERE QUE LE DISPARARON A UNA PERSONA, ESTA TIRADO EN LA CALLE, TIENE VARIOS DISPAROS, UNO ES EN LA CABEZA [Id.Remoto: 10015876468]",GENERAL PUEYRREDON,MAR DEL PLATA,-37980622654342.0,-57602071834838.0,POSITIVO,"PERSONAL POLICIAL INFORMA QUE EN EL LUGAR SE ENCUENTRA PERSONAL DE INSTRUCCION, SE LABRAN ACTUACIONES CORRESPONDIENTES, SE SOLICITA PERSONAL DE POLICIA CIENTIFICA, QUE REALIZARA LAS PERICIAS DE RIGOR.-",-37.980622654342,-57.602071834838,2026,2,February,17,0,1,Martes,False,Madrugada (00-06),[],,OTRA / NO ESPECIFICADA,DISPAROS_PERSONAS
2026-02-16 22:52:00,10015876100,PEDRO GOYENA y Belgrano,DISPAROS,PERSONAS,"LLAMANTE REFIERE VARIAS PERSONAS GRITANDO EFECTUANDOSE DISPAROS ENTRE SI, NO INDICA HERIDOS.- ",GENERAL PUEYRREDON,,,,V ACC-MC,0,,,2026,2,February,16,22,0,Lunes,False,Noche (18-24),[],,OTRA / NO ESPECIFICADA,DISPAROS_PERSONAS
2026-02-16 22:50:00,10015876091,FRANCISCO SARTORA al 1881,DISPAROS,PERSONAS,LLAMANTE REFIERE QUE SE ESTAN ENFRENTANDO CON ARMAS DE FUEGO.- ESTAN A LOS GIRTOS Y LAS CORRIDAS.- NO HAY HERIDOS.-. ____,GENERAL PUEYRREDON,MAR DEL PLATA,-3795307918.0,-576406210217.0,V ACC-MC,0,-37.95307918,-57.6406210217,2026,2,February,16,22,0,Lunes,False,Noche (18-24),[],,OTRA / NO ESPECIFICADA,DISPAROS_PERSONAS
2026-02-16 22:50:00,10015876090,PEDRO GOYENA al 816,DISPAROS,PERSONAS,"LLAMANTE REFIERE QUE  LA HIJA ESTA EN LA CASA SE ESTAN TIROTEANDO ENTRE PERSONAS, HACE MEDIA HORA SUCEDIO AHORA NUEVAMENTE. DESCONOCE HERIDOS.   ",GENERAL PUEYRREDON,MAR DEL PLATA,-379539441564.0,-57641359917.0,V ACC-MC,0,-37.9539441564,-57.641359917,2026,2,February,16,22,0,Lunes,False,Noche (18-24),[],,OTRA / NO ESPECIFICADA,DISPAROS_PERSONAS
2026-02-16 22:47:00,10015876075,FRACISCO SARTORA y GOYENA ,DISPAROS,PERSONAS,"LLTE MANIFIESTA QUE ECSUCHA AL MENOS 30 DISPAROS, NO SABE SI ES UN ENFRENTAMIENTO, ESCUCHA CORRIDAS- NO SABE SI HAY HERIDOS ",GENERAL PUEYRREDON,,,,REDERIVADO,0,,,2026,2,February,16,22,0,Lunes,False,Noche (18-24),[],,OTRA / NO ESPECIFICADA,DISPAROS_PERSONAS
2026-02-16 22:46:00,10015876072,PEDRO GOYENA al 12121,DISPAROS,PERSONAS,"LLAMANTE REFEIRE QUE HACE 15 MINUTOS ESTAN EFECTUANDO DISPAROS ENTRE ELLOS ESCUCHA MOTOS CIRCULANDO A ALTA VELOCIDAD, NO INDICA HERIDOS.- ",GENERAL PUEYRREDON,MAR DEL PLATA,-379532.0,-57642.0,V ACC-MC,0,-37.9532,-57.642,2026,2,February,16,22,0,Lunes,False,Noche (18-24),[],,OTRA / NO ESPECIFICADA,DISPAROS_PERSONAS
2026-02-16 22:46:00,10015876071,PEDRO GOYENA y Av De La Herradura Norte,DISPAROS,PERSONAS,__LLAMANTE REFIERE QUE SE ESTAN TIROTEANDO. NO SABE CUANTAS PERSONAS SON. NO SABE SI HAY HERIDOS. ESCUCHA DE ADENTRO DE LA CASA. ,GENERAL PUEYRREDON,MAR DEL PLATA,-379504729986.0,-576454169992.0,V ACC-MC,0,-37.9504729986,-57.6454169992,2026,2,February,16,22,0,Lunes,False,Noche (18-24),[],,OTRA / NO ESPECIFICADA,DISPAROS_PERSONAS
2026-02-16 22:33:00,10015876001,PEDRO GOYENA y Francisco Sartora,DISPAROS,PERSONAS,REFIERE QUE  ESTAN A LOS TIROS ENTRE PERSONAS. NO SABE SI HAY HERIDOS.-,GENERAL PUEYRREDON,MAR DEL PLATA,-379541499986.0,-576404399992.0,JTv,0,-37.9541499986,-57.6404399992,2026,2,February,16,22,0,Lunes,False,Noche (18-24),[],,OTRA / NO ESPECIFICADA,DISPAROS_PERSONAS
2026-02-16 22:14:00,10015875920,WILLIAMS MORRIS al 2735,DISPAROS,PERSONAS,__LLAMANTE REFIERE QUE HUBO UN TIROTEO. AL MOMENTO NO HAY HERIDOS. PARO UN COCHE Y SE TIRARON TIROS. NO VIO QUE COCHE ERA. REFIERE QUE FUE UN PATRULLERO Y SALIO LA CHICA Y DIJO QUE ESTA TODO BIEN Y SE FUERON. REFIERE QUE LAS PERSONAS SIGUEN ADENTRO DEL DOMICILIO. ERAN 5 PERSONAS APROX. TEME QUE VUELVAN LAS PERSONAS Y SIGAN HACIENDO DISTURBIOS. ,GENERAL PUEYRREDON,MAR DEL PLATA,-38062919705776.0,-57561364467779.0,NEGATIVO,33847 INF ENTREVISTA CON LA SRA MARTINS NO VIO NI ESCUCHO NADA NEGATIVO LO APORTADO NORMAL EN VIA PUBLICA ,-38.062919705776,-57.561364467779,2026,2,February,16,22,0,Lunes,False,Noche (18-24),[],,OTRA / NO ESPECIFICADA,DISPAROS_PERSONAS
2026-02-16 22:01:00,10015875870,WILLIAMS MORRIS al 2735,DISPAROS,PERSONAS,LLAMANTE REFIERE QUE ESTAN 5 SUJETOS REALIZANDOSE DISPAROS NO HERIDOS CON AUTO QUE PARO EN EL LUGAR____,GENERAL PUEYRREDON,MAR DEL PLATA,-380629197058.0,-575613644678.0,JTv,0,-38.0629197058,-57.5613644678,2026,2,February,16,22,0,Lunes,False,Noche (18-24),[],,OTRA / NO ESPECIFICADA,DISPAROS_PERSONAS
2026-02-16 21:04:00,10015875614,3 y 206,DISPAROS,PERSONAS,LLTE MANIFIESTA QUE HAY UNA PELEA ENTRE 5 MASCULINOS- SE DISPARAN ENTRE ELLOS- HABRIA UN CHICO HERIDO- ,GENERAL PUEYRREDON,,,,NEGATIVO,"30705 INFORMA QUE REALIZA AMPLIA RECORRIDA POR LA ZONA. NEGATIVO SOSPECHOSOS, NEGATIVO DETONACIONES. NADIE ENTREVISTA. TIEMPO PRUDENCIL SIRENA BALIZA PANORAMA NORMAL ",,,2026,2,February,16,21,0,Lunes,False,Noche (18-24),[],,OTRA / NO ESPECIFICADA,DISPAROS_PERSONAS
2026-02-16 20:44:00,10015875516,3 y 206,DISPAROS,PERSONAS,LLAMANTE REFIERE QUE HAY UN VECINO QUE PELEA CON DOS MASCULINOS EN UNA MOTO NEGRA QUE EFECTUAN DISPAROS CONTRA LAS PERSONAS__AGREGA QUE HAY UN MASCULINO CON UN DISPARO EN EL PIE REQUIERE ASISTENCIA MEDICA __AMPLIA QUE HAY MENORES DE EDAD EN EL LUGAR__ ,GENERAL PUEYRREDON,,,,NEGATIVO,30705 INFORMA QUE REALIZA AMPLIA RECORRIDA POR LA ZONA. NEGATIVO SOSPECHOSOS. NADIE ENTREVISTA. PANORAMA NORMAL ,,,2026,2,February,16,20,0,Lunes,False,Noche (18-24),[],,OTRA / NO ESPECIFICADA,DISPAROS_PERSONAS
2026-02-16 20:02:00,10015875305,LORENZO CIANCHETTA al 2822,DISPAROS,PERSONAS,"LLAMANTE REFIERE QUE DOS O TRES PERSONAS LE DISPARARON CON UNA ESCOPETA EN LA VIA PUBLICA A SU SOBRINO, EN EL FONDO DE SU DOMICILIO. NO SABE SI HAY HERIDOS. LOS AGRESORES VIVEN EN SCIOCCO 2899 E/ VUELTA DE OBLIGADO Y EL ARROYO.",GENERAL PUEYRREDON,MAR DEL PLATA,-37944171676512.0,-5755486487145.0,V ACC-MC,0,-37.944171676512,-57.55486487145,2026,2,February,16,20,0,Lunes,False,Noche (18-24),[],,OTRA / NO ESPECIFICADA,DISPAROS_PERSONAS
2026-02-16 17:21:00,10015874607,FALUCHO al 7639,DISPAROS,PERSONAS,LLAMANTE REFIERE QUE HAY UN TIROTEO NO SABE CUANTO SON Y CORTA LA LLAMADA,GENERAL PUEYRREDON,MAR DEL PLATA,-379794.0,-576022.0,V ACC-MC,0,-37.9794,-57.6022,2026,2,February,16,17,0,Lunes,False,Tarde (12-18),[],,OTRA / NO ESPECIFICADA,DISPAROS_PERSONAS
2026-02-16 17:12:00,10015874573,BRASIL y Falucho,DISPAROS,PERSONAS,"LLAMANTE REFIERE QUE CIRCULA UNA MOTO CON DOS OCUPANTES MASCULINOS, PORTANDO UNA 9 MM Y EFECTUANDO DISPAROS A TRES CHICOS, PRESUME QUE HAY HERIDOS POR CALLE 206 ",GENERAL PUEYRREDON,MAR DEL PLATA,-379740919985.0,-576127849992.0,V ACC-MC,0,-37.9740919985,-57.6127849992,2026,2,February,16,17,0,Lunes,False,Tarde (12-18),[],,OTRA / NO ESPECIFICADA,DISPAROS_PERSONAS
2026-02-16 15:09:00,10015874060,DR RAMON CARRILLO y 3 De Febrero,DISPAROS,PERSONAS,LA LLAMANTE REFIERE QUE SE ESTAN TIRANDO TIROS Y SE ESTAN PELEANDO. SON ALREDEDOR DE 5 CHICOS. NO SABE SI HAY HERIDOS. ,GENERAL PUEYRREDON,MAR DEL PLATA,-379562529986.0,-576252429992.0,V ACC-MC,0,-37.9562529986,-57.6252429992,2026,2,February,16,15,0,Lunes,False,Tarde (12-18),[],,OTRA / NO ESPECIFICADA,DISPAROS_PERSONAS
2026-02-16 15:08:00,10015874054,3 DE FEBRERO al 10500,DISPAROS,PERSONAS,LLAMANTE COMUNICA QUE  EL VECINO ESTAN 4 PERSONAS  ESTAN TENFRENTANDOSE CON ARMA DE FUEGO ENTRE ELLOS NO HAY HERIDOS,GENERAL PUEYRREDON,,-379559519986.0,-576236319992.0,JTv,0,-37.9559519986,-57.6236319992,2026,2,February,16,15,0,Lunes,False,Tarde (12-18),[],,OTRA / NO ESPECIFICADA,DISPAROS_PERSONAS
2026-02-15 21:18:00,10015870578,DR JORGE RODOLFO DIETSCH al 684,DISPAROS,PERSONAS,"__LLAMANTE MENCIONA QUE ROBARON UN VEHICULO EL CUAL ES UN GOL COLOR BLANCO GOL DOMINIO NO APORTA, Y ES SEGUIDO POR UNA CAMIONETA FIAT TORO COLOR BORDO, SE EFECTUAN DISPAROS ENTRE ELLOS, DESCONOCE SI HAY HERIDOS ",GENERAL PUEYRREDON,MAR DEL PLATA,-380979.0,-575801.0,V ACC-MC,0,-38.0979,-57.5801,2026,2,February,15,21,6,Domingo,True,Noche (18-24),[],,FIAT,DISPAROS_PERSONAS
2026-02-15 20:23:00,10015870327,BENITO QUINQUELA MARTIN al 10976,DISPAROS,PERSONAS,LLTE INDICA QUE HAY UNOS VECINOS EFECTUANDO DISPAROS ETRE ELLOS AL MENOS 3- CREE QUE UNO PUEDE ESTAR HERIDO GRITAN AMBULANCIA- ,GENERAL PUEYRREDON,MAR DEL PLATA,-379951879985.0,-576165229992.0,V ACC-MC,0,-37.9951879985,-57.6165229992,2026,2,February,15,20,6,Domingo,True,Noche (18-24),[],,OTRA / NO ESPECIFICADA,DISPAROS_PERSONAS
2026-02-15 19:03:00,10015869945,SOLER al 8502,DISPAROS,PERSONAS,LLAMANTE REFIERE QUE DOS SUJETOS SE DISPARAN NO HERIDOS,GENERAL PUEYRREDON,,,,NEGATIVO,PERSONAL INFORMA SE ENTREVISTA CON EL SR AYALA INFORMA QUE EL NO LLAMA NO NORMAL NEGATIVO DETONACIONES ,,,2026,2,February,15,19,6,Domingo,True,Noche (18-24),[],,OTRA / NO ESPECIFICADA,DISPAROS_PERSONAS
2026-02-14 21:09:00,10015865590,DON BOSCO al 4180,DISPAROS,PERSONAS,LLAMANTE INFORMA QUE SE ESTAN DISPARANDO ,GENERAL PUEYRREDON,MAR DEL PLATA,-38008145865554.0,-57585145374873.0,V ACC-MC,0,-38.008145865554,-57.585145374873,2026,2,February,14,21,5,Sábado,True,Noche (18-24),[],,OTRA / NO ESPECIFICADA,DISPAROS_PERSONAS
2026-02-14 01:54:00,10015861777,JUANA MANSO y Benito Lynch,DISPAROS,PERSONAS,REFIERE QUE ESTAN CONFRONTANDO DOS MASCULINOS SE ESTAN DISPARANDO ENTRE ELLOS  NO SABE SI HAY HERIDOS ,GENERAL PUEYRREDON,,-380415267944.0,-575948448181.0,V ACC-MC,0,-38.0415267944,-57.5948448181,2026,2,February,14,1,5,Sábado,True,Madrugada (00-06),[],,OTRA / NO ESPECIFICADA,DISPAROS_PERSONAS
2026-02-13 23:43:00,10015861261,SEBASTIAN GARAU y URRUTIA,DISPAROS,PERSONAS,"LLAMANTE REFIERE QUE SE ESCUCHA QUE HAY PROBLEMAS  AFUERA, PELEAN, SE ESCUCHARON DISPAROS, PUEDE HABER UN HERIDO O UN MUERTO. NO VIO  A LOS QUE DISPARAN,  NO SE VE NADA. ESTA OSCURO.- ",GENERAL PUEYRREDON,MAR DEL PLATA,-379509923811.0,-576431252769.0,POSITIVO,"INF MOV 31616 EN EL LUGAR SE HIZO PRESNETE MOVIL DE SAME N 2 A CARGO DEL SALCEDO ASISTE Y NO TRASLADA A CESAR OSCAR SALINAS DE 41 AÑOS DNI 31185222 DOMICIIO ARRUE 1062, ROCE DE ARMA DE FUEGO EN PIERNA IZQUIERDA, REFIERE EN EL LUGAR CONFLICTO VECINAL, REFIERE EL MISMO NO DESEA SER ASISTIDO POR EL PERSONAL MEDICO, Y ES BAJADO A DEPENDENCIA A FINES DE RADICAR LA DENUNCIA ",-37.9509923811,-57.6431252769,2026,2,February,13,23,4,Viernes,False,Noche (18-24),[],,OTRA / NO ESPECIFICADA,DISPAROS_PERSONAS
2026-02-13 21:36:00,10015860743,JUANA MANSO al 3118,DISPAROS,PERSONAS,LLAMANTE REFIERE QUE SE ESTAN PELEANDO CON ARMAS DE FUEGO.- 3 PERSONAS.- NO HAY HERIDOS.- ,GENERAL PUEYRREDON,MAR DEL PLATA,-38041647531925.0,-57594998503368.0,V ACC-MC,0,-38.041647531925,-57.594998503368,2026,2,February,13,21,4,Viernes,False,Noche (18-24),[],,OTRA / NO ESPECIFICADA,DISPAROS_PERSONAS
2026-02-12 01:39:00,10015852287,ISLA DE LOS ESTADOS y Jose Marti,DISPAROS,PERSONAS,"LLAMANTE REFIERE QUE SE ESTAN PELEANDO, ESTAN EFECTUANDO DISPAROS, NO SABE HAY HERIDOS, ESTAN EN LA VEREDA, SON COMO 10 HOMBRES DE MAL VIVIR  ____",GENERAL PUEYRREDON,MAR DEL PLATA,-380547237703.0,-575839226373.0,V ACC-MC,0,-38.0547237703,-57.5839226373,2026,2,February,12,1,3,Jueves,False,Madrugada (00-06),[],,OTRA / NO ESPECIFICADA,DISPAROS_PERSONAS
2026-02-11 22:17:00,10015851538,BELGRANO y Cnel Suarez,DISPAROS,PERSONAS,LLTE REF QUE CONFRONTAN PERSONAS CON DISPAROS__NO RESPONDE SI HAY HERIDOS,GENERAL PUEYRREDON,,-379745369985.0,-576005269992.0,NEGATIVO,"INF MOV 30884 REFIERE EN AMPLIA RECORRIDA NADI ENTREVISTA CON EL PERSONAL POLICLA, REFIERE NEGATIVO LAS DETONACIONES EN EL LUGAR, PANORAMA NORMAL",-37.9745369985,-57.6005269992,2026,2,February,11,22,2,Miércoles,False,Noche (18-24),[],,OTRA / NO ESPECIFICADA,DISPAROS_PERSONAS
2026-02-11 03:17:00,10015848011,SOLER y Int Rufino Inda,DISPAROS,PERSONAS," LLAMANTE INFORMA MATARON A SU HERMANO, LE DIERON TRES DISPAROS__ REFIERE QUE SIGUEN DISPARANDOE EN L LUGAR",GENERAL PUEYRREDON,MAR DEL PLATA,-380167007446.0,-57604133606.0,Analizado por ACC-MC,0,-38.0167007446,-57.604133606,2026,2,February,11,3,2,Miércoles,False,Madrugada (00-06),[],,OTRA / NO ESPECIFICADA,DISPAROS_PERSONAS
2026-02-11 03:10:00,10015847984,INT RUFINO INDA al 1700,DISPAROS,PERSONAS,"ESTAN A LOS TIROS ENTRE 3 MASCULINOS, UNO ESTA EN CUERO, CREE QUE HAY UN HERIDO HAY MENORES ",GENERAL PUEYRREDON,,-38016699538.0,-57604132638.0,REDERIVADO,0,-38.016699538,-57.604132638,2026,2,February,11,3,2,Miércoles,False,Madrugada (00-06),[],,OTRA / NO ESPECIFICADA,DISPAROS_PERSONAS
2026-02-11 02:58:00,10015847922,JOSE DEYACOBBI y Rivadavia,DISPAROS,PERSONAS,"REF QUE HAY PERSONAS ENFRENTANDOSE A LOS TIROS EN EL LUGAR __REF QUE HAY UN MASC HERIDO, LE PEGARON UN TIRO Y TIENE UNA APUÑALADA ",GENERAL PUEYRREDON,MAR DEL PLATA,-379562679986.0,-576323039992.0,JTv,0,-37.9562679986,-57.6323039992,2026,2,February,11,2,2,Miércoles,False,Madrugada (00-06),[],,OTRA / NO ESPECIFICADA,DISPAROS_PERSONAS
2026-02-10 13:34:00,10015844431,DR RAMON CARRILLO y Maipu,DISPAROS,PERSONAS,HASTA  3 DE FEBRERO   VAN   Y  VIENEN  Y SE TIROTEAN  ENTRE  ELLOS   __SON VARIOS  AUTOS  Y  VARIAS MOTOS   ENTRAN  Y  SALEN DE LA CHATERRERIA  __NO SABE DE HERIDOS  ,GENERAL PUEYRREDON,MAR DEL PLATA,-379530479985.0,-576226389992.0,V ACC-MC,0,-37.9530479985,-57.6226389992,2026,2,February,10,13,1,Martes,False,Tarde (12-18),[],,OTRA / NO ESPECIFICADA,DISPAROS_PERSONAS
2026-02-09 23:03:00,10015842011,AV CARLOS GARDEL y Azopardo,DISPAROS,PERSONAS,LLTE MANIFIESTA QUE HAY UN TIROTEO EN LA ZONA- HAY UN AUTO EN MEDIO DE LA CALLE- NO VE HERIDOS- DICE QUE PASO RAPIDO- ,GENERAL PUEYRREDON,MAR DEL PLATA,-379999419985.0,-576188169992.0,V ACC-MC,0,-37.9999419985,-57.6188169992,2026,2,February,9,23,0,Lunes,False,Noche (18-24),[],,OTRA / NO ESPECIFICADA,DISPAROS_PERSONAS
2026-02-09 21:27:00,10015841621,GASCON y CALLE 184,DISPAROS,PERSONAS,"LLAMANTE REFIERE QUE LE DISPARARON A UN MASCULINO EN LA VIA PUBLICA, DESCONOCE CUANTOS ERAN LOS AGRESORES. INDICA QUE LOS VECINOS LO LLEVARON AL HOSPITAL.",GENERAL PUEYRREDON,,,,V ACC-MC,0,,,2026,2,February,9,21,0,Lunes,False,Noche (18-24),[],,OTRA / NO ESPECIFICADA,DISPAROS_PERSONAS
2026-02-09 21:26:00,10015841618,ESTEBAN GASCON y Luciano Arrue,DISPAROS,PERSONAS,LLAMANTE REFIERE QUE LE EFECTUARON DISPAROS A UN CHICO. NO SABE QUE SUCEDIO. NO SABE EDAD. PIDE AMBULANCIA ,GENERAL PUEYRREDON,MAR DEL PLATA,-379799149985.0,-576034559992.0,V ACC-MC,0,-37.9799149985,-57.6034559992,2026,2,February,9,21,0,Lunes,False,Noche (18-24),[],,OTRA / NO ESPECIFICADA,DISPAROS_PERSONAS
2026-02-09 21:24:00,10015841611,ESTEBAN GASCON y Termas De Rio Hondo,DISPAROS,PERSONAS,LLAMA POR UN MASCULINO AL QUE LE DISPARARON A UN JOVEN. DESCONCEO DONDE TIENE EL IMPACTO. LOS AGRESORES NO ESTAN EN EL LUGAR. VECINOS REPILCAN QUE EL MISMO ESTA MUY GRAVE,GENERAL PUEYRREDON,MAR DEL PLATA,-379804299985.0,-576024539992.0,POSITIVO,"SGTO BRITOS DEL DESTACAMENTE HIGA INFORMA QUE EL MASCULINO HERIDO ES IDENTIFICADO COMO VILLALBA MAIDANA MARCOS, DE 29 AÑOS, POSEE HERIDAS DE ARMA DE FUEGO EN AMBAS RODILLAS",-37.9804299985,-57.6024539992,2026,2,February,9,21,0,Lunes,False,Noche (18-24),[],,OTRA / NO ESPECIFICADA,DISPAROS_PERSONAS
2026-02-09 20:31:00,10015841382,SAN ANTONIO al 8575,DISPAROS,PERSONAS,LLAMANTE REFIERE QUE VARIAS PERSONAS CONFRONTAN HABRIA HERIDOS REALIZAN DISPAROS,GENERAL PUEYRREDON,MAR DEL PLATA,-38011.0,-575968.0,V ACC-MC,0,-38.011,-57.5968,2026,2,February,9,20,0,Lunes,False,Noche (18-24),[],,OTRA / NO ESPECIFICADA,DISPAROS_PERSONAS
2026-02-09 18:12:00,10015840760,AZOPARDO y Envar El Kadri,DISPAROS,PERSONAS,LLAMANTE REFIERE QUE LE PEGARON 5 DISPAROS A UN MASCULINO __,GENERAL PUEYRREDON,,-379959959985.0,-576240359992.0,NEGATIVO,"PERSONAL INFORMA  EN EL LUGAR NEGATIVO MASCULINO HERIDO HAY GENTE DE BARRIO EN EL BARRIO ,MASCULINO EN XR EFECTGUANDO DETONACION AL MOMENRTO EN RECORRIDA NEGATIVO MOTO PERSONAL RECORRE LA ZONA DE SURGIR ALGUNA NOVEDAD AMPLIARA",-37.9959959985,-57.6240359992,2026,2,February,9,18,0,Lunes,False,Noche (18-24),[],,OTRA / NO ESPECIFICADA,DISPAROS_PERSONAS
2026-02-08 23:41:00,10015837380,AV DR ALIO al 2615,DISPAROS,PERSONAS,"LLAMANTE NO ESTA EN EL LUGAR. LO LLAMA SU ESPOSA  POR TELEFONO Y LE MANIFIESTA QUE EN EL LUGAR SE APERSONA a la puerta  UNA FMENEINA  A PEDIRLE AUXILIO.    REFIRIENDOLE QUE LE HABRIAN EFECTUADO UN DISPARO. APORTA SU ESPOSA NO QUIZO SALIR POR TEMOR, POR LO QUE NO PUEDE CONSTATAR SI EL HECHO SEA CIERTO. ",GENERAL PUEYRREDON,MAR DEL PLATA,-37982391538192.0,-57601112956927.0,V ACC-MC,0,-37.982391538192,-57.601112956927,2026,2,February,8,23,6,Domingo,True,Noche (18-24),[],,OTRA / NO ESPECIFICADA,DISPAROS_PERSONAS
2026-02-08 23:32:00,10015837336,CNEL SUAREZ y Rizzutto,DISPAROS,PERSONAS,LLAMANTE REFIERE QUE  ANDA UNA MUJER A LOS TIROS A LAS PERSONAS.   DESCONOCE HERIDOS.  NO APORTA DESCRIPCION. SE VA CAMINANDO POR   SUAREZ HACIA RAWSON ,GENERAL PUEYRREDON,MAR DEL PLATA,-379592589985.0,-575881519992.0,JTv,0,-37.9592589985,-57.5881519992,2026,2,February,8,23,6,Domingo,True,Noche (18-24),[],,OTRA / NO ESPECIFICADA,DISPAROS_PERSONAS
2026-02-08 18:30:00,10015835970,AV VERTIZ al 11019,DISPAROS,PERSONAS,"LLAMANTE REFIERE ESTAR EN UN CUMPLEAÑOS INFANTIL__UN MASCULINO INGRESO AL DOMCILIO PARA RESGUARDARSE YA QEU DOS MASUCLINOS EN MOTO LE EFETUARON DISPARON DE ARMA DE FUEGO__REFIERE QUE NO ESTA HERIDO, PERO QUE LOS MASCULINOS PASAN A CADA RATO EFECTUANDO DISPAROS",GENERAL PUEYRREDON,MAR DEL PLATA,-37997143780371.0,-57620803477208.0,V ACC-MC,0,-37.997143780371,-57.620803477208,2026,2,February,8,18,6,Domingo,True,Noche (18-24),[],,OTRA / NO ESPECIFICADA,DISPAROS_PERSONAS
2026-02-08 18:30:00,10015835969,AV VERTIZ al 11019,DISPAROS,PERSONAS,LLAMA POR QUE PASO UNA MOTO Y LE EFECTUO DISPAROS A UN JOVEN QUE PASABA. EL MISMO SALTO LA REJA E INGRESSAO PARA UBICARSE A RESGUARDO EN DONOD EESTA LA LLAMANTE. APORTA QUE ALLI SE ESTA DANDO UN CUMPLEAÑO CON MUCHOS MENORES.  NO VE AL MOMENTO A LOS AGRESORES EN EL LUGAR. NO HAY HERIDOS.  ,GENERAL PUEYRREDON,MAR DEL PLATA,-379971437804.0,-576208034772.0,V ACC-MC,0,-37.9971437804,-57.6208034772,2026,2,February,8,18,6,Domingo,True,Noche (18-24),[],,OTRA / NO ESPECIFICADA,DISPAROS_PERSONAS
2026-02-08 18:28:00,10015835960,AV VERTIZ al 11019,DISPAROS,PERSONAS,"LLAMANTE REFIERE QUE CIRCULABA UNA MOTO DE LA CUAL DISPARARON A UN MASCULINO, EL CUAL RECIBIO EL IMPACTO DE BALA E INGRESO A LA CASA DE MENCION __AGREGA QUE LA MOTO SE DIO A LA FUGA, NO APORTA DESCRIPCIONES   ",GENERAL PUEYRREDON,MAR DEL PLATA,-37997143780371.0,-57620803477208.0,V ACC-MC,0,-37.997143780371,-57.620803477208,2026,2,February,8,18,6,Domingo,True,Noche (18-24),[],,OTRA / NO ESPECIFICADA,DISPAROS_PERSONAS
2026-02-08 18:26:00,10015835951,Vertiz al 11019,DISPAROS,PERSONAS,LLAMANTE INFORMA QUE PASO UNA MOTO DISPARANDO A UN MASCULINO __EL MASCULINO INGRESO A SU CASA SE METIO POR LA REJA __EN SU CASA HAY UN CUMPLEAÑOS DE UNA MENOR__LA MOTO ESTA PASANDO POR SU CASA __NO HAY HERIDOS ,GENERAL PUEYRREDON,,,,V ACC-MC,0,,,2026,2,February,8,18,6,Domingo,True,Noche (18-24),[],,OTRA / NO ESPECIFICADA,DISPAROS_PERSONAS
2026-02-08 18:24:00,10015835940,AV VERTIZ al 11019,DISPAROS,PERSONAS,"LLAMANTE REFIERE QUE  PASO UNA MOTO EFECTUANDO DETONACIONES DE ARMA DE FUEGO A UN JOVEN, EL MISMO SE METIO DENTRO DE UN CUMPLEAÑOS A RESGUARDARSE. LA MOTO SE FUE, LLTE TEME QUE VUELVA LA MOTO Y DISPARE CONTRA TODOS LOS QUE ESTAN EN EL LUGAR. NO HERIDOS  EN EL LUGAR ESTÁ LLENO DE MENORES PORQUE HAY UN CUMPLEAÑOS.",GENERAL PUEYRREDON,MAR DEL PLATA,-37997143780371.0,-57620803477208.0,V ACC-MC,0,-37.997143780371,-57.620803477208,2026,2,February,8,18,6,Domingo,True,Noche (18-24),[],,OTRA / NO ESPECIFICADA,DISPAROS_PERSONAS
2026-02-08 18:23:00,10015835937,Vertiz al 11029,DISPAROS,PERSONAS,LLAMANTE INFORMA QUE ANDAN DOS MASCULINOS EN MOTOS DISPARANDO A UN MASCULINO __EL MASCULINO AL QUE DISPARABAN INGRESO A SU DOMICILIO__EN SU DOMICILIO HAY UN CUMPLEAÑOS DE UNA NENA DE 6 AÑOS  Y  HAY MUCHOS MENORES  __ESTA HERIDO PERO NO SABE SI ESTA HERIDO DE BALA ,GENERAL PUEYRREDON,,,,V ACC-MC,0,,,2026,2,February,8,18,6,Domingo,True,Noche (18-24),[],,OTRA / NO ESPECIFICADA,DISPAROS_PERSONAS
2026-02-08 18:23:00,10015835936,AV VERTIZ al 11019,DISPAROS,PERSONAS,"LLAMA POR QUE ESTABAN EN SU DDLIO FESTEJANDO UN CUMPLEAÑOS CUANDO PASARON SUEJTOS EN UNA MOTO, TAL VEZ ERAN UNO O DOS AGRESORES, NO LLEG A VERLO, Y COMENZO A ARREMETER DISPAROS CONTRA UN 3ER SUJETO.  APORTA QUE TODOS LOS DEL CUMPLEAÑOS SE PUSIERON A RESGUARDO DENTRO DE LA PROPIEDAD. PERO AHORA VEN AL AGREDIDO QUE ESTA OCULTO ENTRE DOS AUTOS RESGUARDANDOSE Y QUE TRATA DE PONERSE A RESGUARDO EN EL INTERIOR DE SU DDLIO DONDE ESTAN LOS INVITADOS.  ",GENERAL PUEYRREDON,MAR DEL PLATA,-37997143780371.0,-57620803477208.0,V ACC-MC,0,-37.997143780371,-57.620803477208,2026,2,February,8,18,6,Domingo,True,Noche (18-24),[],,OTRA / NO ESPECIFICADA,DISPAROS_PERSONAS
2026-02-08 16:26:00,10015835471,CNEL SUAREZ al 2460,DISPAROS,PERSONAS,LLAMANTE REFIERE QUE DOS GRUPOS DE PERSONAS SE ESTAN DISPARANDO ENTRE SI. LE DISPARARON A SU CASA. SUS DOS SOBRINOS ESTAN HERIDOS DE GOLPES. LOS AGRESORES SON 5 O 6. ,GENERAL PUEYRREDON,MAR DEL PLATA,-37979107226864.0,-5760418544363.0,V ACC-MC,0,-37.979107226864,-57.60418544363,2026,2,February,8,16,6,Domingo,True,Tarde (12-18),[],,OTRA / NO ESPECIFICADA,DISPAROS_PERSONAS
2026-02-08 16:24:00,10015835465,CNEL SUAREZ al 2460,DISPAROS,PERSONAS,"LLAMANTE REFIERE QUE UN GRUPO DE PERSONAS LE DISPARARON A UN MASCULINO, ESTABA JUGANDO AL FUTBOL. LOS AGRESORES SIGUEN AHI, ESTAN EN EL MONTE EN 188 Y FALUCHO. HAY TRES HERIDOS, UNO DE ELLOS DE UN DISPARO EN LA PIERNA. ",GENERAL PUEYRREDON,MAR DEL PLATA,-37979107226864.0,-5760418544363.0,V ACC-MC,0,-37.979107226864,-57.60418544363,2026,2,February,8,16,6,Domingo,True,Tarde (12-18),[],,OTRA / NO ESPECIFICADA,DISPAROS_PERSONAS
2026-02-08 16:24:00,10015835464,CNEL SUAREZ al 2457,DISPAROS,PERSONAS,LLAMANTE REFIERE QUE REALIZARON DOS DISPAROS EN CONFRONTACION. NO SABE SI HAY HERIDOS,GENERAL PUEYRREDON,MAR DEL PLATA,-379788.0,-576045.0,V ACC-MC,0,-37.9788,-57.6045,2026,2,February,8,16,6,Domingo,True,Tarde (12-18),[],,OTRA / NO ESPECIFICADA,DISPAROS_PERSONAS
2026-02-08 11:18:00,10015834425,MOISES LEBENSOHN y Herminia Brumana,DISPAROS,PERSONAS,"REFIERE QUE UN MUCHACHO DE BUZO NEGRO CON ARMA LE QUIERE DAR UN TIRO A OTRO QUE CUIDA AUTOS, VISTE JEAN, TIEEN CORTE TASA, HIZO DETONACIONES HACIA LA PERSONA, NO SABE SI LO HIRIO, LO ESTA BUSCANDO. ",GENERAL PUEYRREDON,MAR DEL PLATA,-380223049985.0,-576032039992.0,V ACC-MC,0,-38.0223049985,-57.6032039992,2026,2,February,8,11,6,Domingo,True,Mañana (06-12),[],,OTRA / NO ESPECIFICADA,DISPAROS_PERSONAS
2026-02-08 10:28:00,10015834275,ROQUE SAENZ PEÑA y Calabria,DISPAROS,PERSONAS,LLAMANTE MENCIONA QUE SALIO UN MASCULINO CON UNA ESCOPETA A DISPARARLE A ALGUIEN __NO SABE HERIDOS __REFIERE QUE PASO UN MOVIL PERO SIGUIO__NO SABE HERIDOS ,GENERAL PUEYRREDON,MAR DEL PLATA,-380433179985.0,-575839279992.0,V ACC-MC,0,-38.0433179985,-57.5839279992,2026,2,February,8,10,6,Domingo,True,Mañana (06-12),[],,OTRA / NO ESPECIFICADA,DISPAROS_PERSONAS
2026-02-08 10:25:00,10015834265,ROQUE SAENZ PEÑA y Calabria,DISPAROS,PERSONAS,LLAMANTE REFIERE QUE HAY 15 PERSONAS A LOLS TIROS. NO SABE SI HAY HERIDOS. SE DISPARAN ENTRE ELLOS ,GENERAL PUEYRREDON,MAR DEL PLATA,-380433179985.0,-575839279992.0,V ACC-MC,0,-38.0433179985,-57.5839279992,2026,2,February,8,10,6,Domingo,True,Mañana (06-12),[],,OTRA / NO ESPECIFICADA,DISPAROS_PERSONAS
2026-02-08 04:09:00,10015833282,JOSE MARTI al 3666,DISPAROS,PERSONAS,REFIERE QUE SE PELEAN Y SE DISPARAN ENTRE PERSONAS. SON ALREDEDOR DE 20. NO SABE SI HAY HERIDOS ,GENERAL PUEYRREDON,MAR DEL PLATA,-3805651021927.0,-57588129413748.0,JTv,0,-38.05651021927,-57.588129413748,2026,2,February,8,4,6,Domingo,True,Madrugada (00-06),[],,OTRA / NO ESPECIFICADA,DISPAROS_PERSONAS
2026-02-08 00:19:00,10015832206,ECHEVERRIA al 3127,DISPAROS,PERSONAS,"REFIERE QUE EFECTUARON DISPAROS A UN MASCULINO, ESTA HERIDO",GENERAL PUEYRREDON,MAR DEL PLATA,-3804752396411.0,-57587372771615.0,V ACC-MC,0,-38.04752396411,-57.587372771615,2026,2,February,8,0,6,Domingo,True,Madrugada (00-06),[],,OTRA / NO ESPECIFICADA,DISPAROS_PERSONAS
2026-02-07 22:36:00,10015831734,.,DISPAROS,PERSONAS,"LLAMANTE REFIERE QUE CIRCULABA UN AUTO COLOR NEGRO SIN LUCES Y AL INSTANTE SE ESCUCHA QUE UNA PERSONA GRITA: *PARA, PARA* Y SE EFECTUA UN DISPARO CONTRA UNA PERSONA  __DESCONOCE HERIDOS ",GENERAL PUEYRREDON,,,,V ACC-MC,0,,,2026,2,February,7,22,5,Sábado,True,Noche (18-24),[],,OTRA / NO ESPECIFICADA,DISPAROS_PERSONAS
2026-02-07 18:49:00,10015830663,BELGRANO al 9958,DISPAROS,PERSONAS,LLAMANTE REFIERE QUE 8 VECINOS DROGADOS PELEAN ENTRE ELLOS CON ARMA DE FUEGO REALIZAN DISPAROS EN LA VIA PUBLICA CON MUSICA FUERTE,GENERAL PUEYRREDON,MAR DEL PLATA,-37963710637828.0,-57621919214192.0,JTv,0,-37.963710637828,-57.621919214192,2026,2,February,7,18,5,Sábado,True,Noche (18-24),[],,OTRA / NO ESPECIFICADA,DISPAROS_PERSONAS
2026-02-07 18:46:00,10015830651,VICENTE LOPEZ Y PLANES al 1232,DISPAROS,PERSONAS,LLAMANTE REFIERE QUE HAY UNA PERSONA AGRESIVO EN EL LUGAR REALIZA DISPAROS. NO HERIDOS. LE DISPARO A PERSONA QUE PASO EN MOTO,GENERAL PUEYRREDON,MAR DEL PLATA,-37964187594365.0,-57550996948684.0,JTv,0,-37.964187594365,-57.550996948684,2026,2,February,7,18,5,Sábado,True,Noche (18-24),[],,OTRA / NO ESPECIFICADA,DISPAROS_PERSONAS
2026-02-07 16:30:00,10015830066,449 y 46,DISPAROS,PERSONAS,"LLAMANTE REFIERE QUE LE PEGARON UN TIRO EN EL ESTOMAGO A UNA CHICA EN OCASION DE ROBO, ERA UN PAREJA EN UNA MOTO AZUL CON CASCO, SE FUERON PARA LA 455. __",GENERAL PUEYRREDON,MAR DEL PLATA,-380872.0,-576085.0,POSITIVO,"IDENTIFICADA LA VICTIMA COMO JULIETA GALARZA DE 36 AÑOS DE EDAD, LA MISMA CON UN IMPACTO DE BALA EN EL ABDOMEN, EN OCASION DE ROBO, ES ASISTIDA Y TRASLADADA A HIGA POR SAME 16 A CARGO DE LA DOCTORA SALCEDO.- __",-38.0872,-57.6085,2026,2,February,7,16,5,Sábado,True,Tarde (12-18),[],,OTRA / NO ESPECIFICADA,DISPAROS_PERSONAS
2026-02-07 13:19:00,10015829358,FLEMING al 2747,DISPAROS,PERSONAS,"REFIERE QUE HAY GENTE DE ALDOSIVI, QUE SE EFECTUAN DISPAROS DE UNA CUADRA A OTRA __HAY UNA CHICA HERIDA__SON DOS AUTOS DE UN LADO Y MOTOS DEL OTRO",GENERAL PUEYRREDON,MAR DEL PLATA,-38047195217494.0,-57581316348857.0,NEGATIVO,"EN EL LUGAR NEGATIVO DISPAROS, NADIE ENTREVISTA NEGATIVO MOTOVEHICULOS",-38.047195217494,-57.581316348857,2026,2,February,7,13,5,Sábado,True,Tarde (12-18),[],,OTRA / NO ESPECIFICADA,DISPAROS_PERSONAS
2026-02-07 04:43:00,10015828181,SANTA CRUZ al 6769,DISPAROS,PERSONAS,"LLAMANTE REFIERE QUE LE DISPARARON A UNA PERSONA, REFIERE QUE ESTA HERIDO DE BALA, NO APORTA MAS DATOS ",GENERAL PUEYRREDON,MAR DEL PLATA,-379652.0,-575783.0,V ACC-MC,0,-37.9652,-57.5783,2026,2,February,7,4,5,Sábado,True,Madrugada (00-06),[],,OTRA / NO ESPECIFICADA,DISPAROS_PERSONAS
2026-02-06 22:02:00,10015826509,LOS DURAZNOS y Felipe De Arana,DISPAROS,PERSONAS,"LLAMANTE REFIERE QUE HAY UNA PELEA DE VECINOS, NO SABE CANTIDAD, ESTAN A LOS TIROS, NO SABE SI HAY HERIDOS, INDICA QUE ESCUCHA QUE SE RECLAMAN POR QUE SE HABRIAN DISPARADO ENTRE ELLOS",GENERAL PUEYRREDON,,-379379379984.0,-575552549992.0,V ACC-MC,0,-37.9379379984,-57.5552549992,2026,2,February,6,22,4,Viernes,False,Noche (18-24),[],,OTRA / NO ESPECIFICADA,DISPAROS_PERSONAS
2026-02-06 15:24:00,10015824673,BESTOSO al 2960,DISPAROS,PERSONAS,"CCA QUE HAY UNOS MASCULINO  PELEANDOSE CON OTROS  , SE ESCUCHAN DISPAROS , SE DISPARAN ENTRE ELLOS , SE GRITAN , NO APORTA MAS DATOS ",GENERAL PUEYRREDON,MAR DEL PLATA,-380414.0,-575927.0,V ACC-MC,0,-38.0414,-57.5927,2026,2,February,6,15,4,Viernes,False,Tarde (12-18),[],,OTRA / NO ESPECIFICADA,DISPAROS_PERSONAS
2026-02-04 20:10:00,10015816747,ISLA CANDELARIA al 1367,DISPAROS,PERSONAS,"LLAMANTE REFIERE QUE UN HOMBRE AGREDIIO A SU HRMANO, LE DIO UN DISPARO.- NO HAY HERIDOS.- EL AGRESOR ESTA DANDO VUELTAS EN UN AUTO GOL TREND DE COLOR BLANCO.- ",GENERAL PUEYRREDON,MAR DEL PLATA,-37893435211677.0,-57540975371298.0,V ACC-MC,0,-37.893435211677,-57.540975371298,2026,2,February,4,20,2,Miércoles,False,Noche (18-24),[],,OTRA / NO ESPECIFICADA,DISPAROS_PERSONAS
2026-02-03 22:28:00,10015812657,AV JARA y Castelli,DISPAROS,PERSONAS,LA LLAMANTE REFIERE QUE PASARON EN UNA MOTO Y LE TIRARON DOS TIROS. NO HAY HERIDOS. ERAN DOS AGRESORES. NO VIO DESCRIPCIONES. ,GENERAL PUEYRREDON,MAR DEL PLATA,-379968431569.0,-575788715273.0,V ACC-MC,0,-37.9968431569,-57.5788715273,2026,2,February,3,22,1,Martes,False,Noche (18-24),[],,OTRA / NO ESPECIFICADA,DISPAROS_PERSONAS
2026-02-03 18:42:00,10015811631,AZOPARDO y Galicia,DISPAROS,PERSONAS,LLAMANTE REFIERE QUE HAY UN SUJETO DE NOMBRE RODRIGO QUE ESTA DISPARANDO CONTRA OTRAS PERSONAS. VISTE REMERA VERDE Y BOINA. NO HAY HERIDOS. AHORA ESTAN DISCUTIENDO,GENERAL PUEYRREDON,MAR DEL PLATA,-380357639985.0,-575713379992.0,V ACC-MC,0,-38.0357639985,-57.5713379992,2026,2,February,3,18,1,Martes,False,Noche (18-24),[],,OTRA / NO ESPECIFICADA,DISPAROS_PERSONAS
2026-02-03 08:30:00,10015809446,LANZILOTA al 2000,DISPAROS,DISPAROS,"LLTE REF QUE HAY DOS DE NEGRO A LOS TIROS CONTRA UNA PERSONA DE ALDOSIVI  , NO SE VEN HERIDOS ",GENERAL PUEYRREDON,MAR DEL PLATA,-380478713873.0,-575674366849.0,V ACC-MC,0,-38.0478713873,-57.5674366849,2026,2,February,3,8,1,Martes,False,Mañana (06-12),[],,OTRA / NO ESPECIFICADA,DISPAROS_PERSONAS
2026-02-03 05:40:00,10015809194,MARTINIANO CHILABERT al 3429,DISPAROS,PERSONAS,"REFIERE QUE LE DISPARARON A SU HERMANA, EN LA PIERNA, LA RODILLA. NECESITA ASISTENCIA MEDICA.__ LE QUISIERON ROBAR LA MOTO, NO SABE CUANTAS PERSONAS. DESCONCOE MAS DATOS, LE INFORMO UN VECINO LA SITUACION__",GENERAL PUEYRREDON,MAR DEL PLATA,-37985247262028.0,-57613440250286.0,JTv,0,-37.985247262028,-57.613440250286,2026,2,February,3,5,1,Martes,False,Madrugada (00-06),[],,OTRA / NO ESPECIFICADA,DISPAROS_PERSONAS
2026-02-02 16:05:00,10015806111,18 al 553,DISPAROS,PERSONAS,"LLAMANTE REFIERE QUE LE PEGARON UN TIRO A UN MASCULINO, EN EL PECHO",GENERAL PUEYRREDON,,,,V ACC-MC,0,,,2026,2,February,2,16,0,Lunes,False,Tarde (12-18),[],,OTRA / NO ESPECIFICADA,DISPAROS_PERSONAS
2026-02-02 16:01:00,10015806098,433 y 20,DISPAROS,PERSONAS,LLAMANTE REFIERE QUE HACE INSTANTES CIRCULABA UNA MOTO CON UN MASCULINO QUIEN DISPARO A OTRO MASCULINO QUE INTENTABA DARSE A LA FUGA CORRIENDO EN SENTIDO AL DESCAMPADO__AMPLIA QUE HAY UNA PERSONA HERIDA DE ARMA DE FUEGO __DESCONOCE MAS DATOS ,GENERAL PUEYRREDON,,,,V ACC-MC,0,,,2026,2,February,2,16,0,Lunes,False,Tarde (12-18),[],,OTRA / NO ESPECIFICADA,DISPAROS_PERSONAS
2026-02-02 15:58:00,10015806081,MARIA REMEDIOS DEL VALLE y Calle 20,DISPAROS,PERSONAS,LLAMANTE REFIERE QUE PASO UNO EN MOTO EFECTUADO DISPAROS Y CREE QUE LE PEGARON UN TIRO  A ALGUIEN,GENERAL PUEYRREDON,MAR DEL PLATA,-380960689985.0,-575849019992.0,REDERIVADO,0,-38.0960689985,-57.5849019992,2026,2,February,2,15,0,Lunes,False,Tarde (12-18),[],,OTRA / NO ESPECIFICADA,DISPAROS_PERSONAS
2026-02-02 03:54:00,10015803995,SICILIA al 4558,DISPAROS,PERSONAS,"LLAMANTE REFIERE QUE HAY VARIAS PERSONAS EN AUTOS, QUIEREN MATAR AL NIETO, EFECTUARON DISPAROS, NO ESTA HERIDO ,  ",GENERAL PUEYRREDON,MAR DEL PLATA,-38048992031673.0,-5757468809438.0,V ACC-MC,0,-38.048992031673,-57.57468809438,2026,2,February,2,3,0,Lunes,False,Madrugada (00-06),[],,OTRA / NO ESPECIFICADA,DISPAROS_PERSONAS
2026-02-02 02:04:00,10015803744,JUANA MANSO al 3000,DISPAROS,PERSONAS,"LLAMANTE REFIERE QUE HAY UN GRUPO EN LA ESQUINA UNA FEMENINA CAMPERA ROSA, CONFRONTARON UNO COMENZO A EFECTUAR DISPAROS Y ESCUCHO A OTRO GRITA QUE LE HABIA PEGADO EN LA RODILLA, ESCUCHA CORRIDAS",GENERAL PUEYRREDON,MAR DEL PLATA,-38040862838633.0,-57594055955494.0,JTv,0,-38.040862838633,-57.594055955494,2026,2,February,2,2,0,Lunes,False,Madrugada (00-06),[],,OTRA / NO ESPECIFICADA,DISPAROS_PERSONAS
2026-02-02 02:03:00,10015803742,AV FORTUNATO DE LA PLAZA y Padre Dutto,DISPAROS,PERSONAS,"LLAMANTE REFIERE QUE HAY UN MASCULINO  LE ESTA DISPARANDO,  ESTA ARROJANDO VIDRIOS Y BASURA, TIENE ARMAS, NO HAY HERIDOS. ",GENERAL PUEYRREDON,MAR DEL PLATA,-380504609984.0,-575640109992.0,V ACC-MC,0,-38.0504609984,-57.5640109992,2026,2,February,2,2,0,Lunes,False,Madrugada (00-06),[],,OTRA / NO ESPECIFICADA,DISPAROS_PERSONAS
2026-02-01 19:13:00,10015801957,VICENTE LOPEZ Y PLANES,DISPAROS,DISPAROS,LLTE MANIFIESTA QUE HAY UN MASCULINO QUE TIRA TIROS AL AIRE Y SE METE A LA CASA - VESTIDO DE RMEERA VERDE Y PANTALON NEGRO CORTO- VIVE EN ESA CASA. NO SABE SI HAY HERIDOS INDICA QUE LE EFECTUO UN DISPARO EL LLAMANTE QUE FUE A BUSCAR UNA HELADERA QUE EL MASCULINO HABIA DEJADO PARA LA BASURA EN LA VEREDA.- ,GENERAL PUEYRREDON,,-37964187594365.0,-57550996948684.0,REDERIVADO,0,-37.964187594365,-57.550996948684,2026,2,February,1,19,6,Domingo,True,Noche (18-24),[],,OTRA / NO ESPECIFICADA,DISPAROS_PERSONAS
2026-02-01 18:17:00,10015801707,NEUQUEN al 2273,DISPAROS,PERSONAS,__LLAMANTE REFIERE QUE LE COMENTARON QUE LA SEÑORA NATALIA RAMIREZ PROPIETARIA DEL KIOSCO EFECTUO UNA DETONACION DE ARMA DE FUEGO A  UNA MUJER .   ESTA PERSONA PODRIA ESTAR HERIDA POR LA ZONA . PODRIA VESTIR PANTALON NEGRO REMERA BLANCA.-__ ,GENERAL PUEYRREDON,MAR DEL PLATA,-379934269127.0,-575717976951.0,JTv,0,-37.9934269127,-57.5717976951,2026,2,February,1,18,6,Domingo,True,Noche (18-24),[],,OTRA / NO ESPECIFICADA,DISPAROS_PERSONAS
2026-02-01 16:53:00,10015801335,SEBASTIAN GARAU al 2244,DISPAROS,PERSONAS,"LLAMANTE REFIERE QUE EN EL LUGAR ESTAR CONFRONTANDO A LO STIROS, NO REIFERE CUANTOS SON",GENERAL PUEYRREDON,MAR DEL PLATA,-37951219445634.0,-57643898506382.0,V ACC-MC,0,-37.951219445634,-57.643898506382,2026,2,February,1,16,6,Domingo,True,Tarde (12-18),[],,OTRA / NO ESPECIFICADA,DISPAROS_PERSONAS
2026-02-01 14:40:00,10015800807,JOSE DE LA LLOSA al 2145,DISPAROS,PERSONAS,"REFIERE QUE ESTAN A LOS TIROS DENTRO DE UNA CASA, ENTRE LAS PERSONAS, CREE QUE NO HAY HERIDOS. ",GENERAL PUEYRREDON,MAR DEL PLATA,-37951898700593.0,-57647025753195.0,JTv,0,-37.951898700593,-57.647025753195,2026,2,February,1,14,6,Domingo,True,Tarde (12-18),[],,OTRA / NO ESPECIFICADA,DISPAROS_PERSONAS
2026-02-01 07:34:00,10015799503,AV JARA y Moreno,DISPAROS,PERSONAS,REFIERE QUE SE DISPARAN ENTRE PERSONAS TIENNE UNA ESCOPETA HAY 3 PERSONAS EN EL LUGAR NO SABE SI HAY HERIDOS ,GENERAL PUEYRREDON,MAR DEL PLATA,-379903867753.0,-575736438886.0,JTv,0,-37.9903867753,-57.5736438886,2026,2,February,1,7,6,Domingo,True,Mañana (06-12),[],,OTRA / NO ESPECIFICADA,DISPAROS_PERSONAS
2026-02-01 01:09:00,10015797866,ARMENIA y Alberti,DISPAROS,PERSONAS,"LLAMANTE REFIERE QUE ANDAN 6 MASCULINOS CON ARMAS DE FUEGO DISPARNDOLE A UN MASCULINO SE VAN POR ARMENIA   PARA EL LADO DE GASCON NO SABE SI HAY HERIDOS, LOS AGRESORES VISTEN DE NEGRO ",GENERAL PUEYRREDON,MAR DEL PLATA,-379817189985.0,-576021239992.0,NEGATIVO,31616 INF NEGATIVO NADIE ENTREVISTA ,-37.9817189985,-57.6021239992,2026,2,February,1,1,6,Domingo,True,Madrugada (00-06),[],,OTRA / NO ESPECIFICADA,DISPAROS_PERSONAS
2026-01-31 22:16:00,10015796945,ANCHORENA al 6032,DISPAROS,PERSONAS,LLAMANTE REFIERE QUE HAY VARIAS PERSONAS QUE SE DISPARAN DE ESQUINA A ESQUINA __DESCONOCE HERIDOS __AGREGA QUE SE DISPARAN ENTRE ELLOS ,GENERAL PUEYRREDON,MAR DEL PLATA,-37941242468912.0,-57555345089026.0,V ACC-MC,0,-37.941242468912,-57.555345089026,2026,1,January,31,22,5,Sábado,True,Noche (18-24),[],,OTRA / NO ESPECIFICADA,DISPAROS_PERSONAS
2026-01-31 22:15:00,10015796939,ANCHORENA al 6117,DISPAROS,PERSONAS,LLAMANTE REFIERE QUE SE ENFRENTAN VECINOS CON DISPAROS - NO SABE SI DISPARAN AL AIRE - PERO SE TIRAN DE ESQUINA A ESQUINA - DESCONOCE CUÁNTOS SON - SEGURAMNETE SON MÁS DE 3 O 4 - NO OYÓ HERIDO PARA AMBUILANCIA ,GENERAL PUEYRREDON,MAR DEL PLATA,-37940822290602.0,-57555872415774.0,NEGATIVO,29019 INFORMA QUE ENTREVISTA CON LA SRA CARMONA REFIRE LO APORTADO EN CARTA. AL ARRIBO DEL MOVIL NEGATIVO DETONACIONES. MISMA SE ENCUENTRA EN DEPENDENCIA RADICANDO DENUNCIA  ,-37.940822290602,-57.555872415774,2026,1,January,31,22,5,Sábado,True,Noche (18-24),[],,OTRA / NO ESPECIFICADA,DISPAROS_PERSONAS
2026-01-31 22:10:00,10015796915,PERU y Rodriguez Peña,DISPAROS,PERSONAS,LLAMANTE REFIERE QUE SE ESTÁN TIROTEANDO__,GENERAL PUEYRREDON,,-379977529985.0,-575880169992.0,V ACC-MC,0,-37.9977529985,-57.5880169992,2026,1,January,31,22,5,Sábado,True,Noche (18-24),[],,OTRA / NO ESPECIFICADA,DISPAROS_PERSONAS
2026-01-31 16:50:00,10015795439,LUCIANO ARRUE al 2448,DISPAROS,PERSONAS,LLAMANTE REFIERE QUE EN EL LUGAR HAY DIEZ PERSONAS CONFRONTANDO__LLEGO UNA CAMIONETA CON CUATRO O CINCO PERSONAS Y COMENZARON A DISPARARSE__,GENERAL PUEYRREDON,MAR DEL PLATA,-379795132708.0,-576031326502.0,V ACC-MC,0,-37.9795132708,-57.6031326502,2026,1,January,31,16,5,Sábado,True,Tarde (12-18),[],,OTRA / NO ESPECIFICADA,DISPAROS_PERSONAS
2026-01-31 16:39:00,10015795391,LUCIANO ARRUE al 2450,DISPAROS,PERSONAS,"LLAMANTE REFIERE QUE UNA CAMIONETA BLANCA LLEGO A LA ZONA Y COMENZO A DISPARAR, HIRIEON A UN MASCULINO__SE LO ESTAN LLEVANDO  LOS VECINOS DE LA ZONA __NO APORTA MAS DATOS __",GENERAL PUEYRREDON,MAR DEL PLATA,-37979529352463.0,-5760314556859.0,V ACC-MC,0,-37.979529352463,-57.60314556859,2026,1,January,31,16,5,Sábado,True,Tarde (12-18),[],,OTRA / NO ESPECIFICADA,DISPAROS_PERSONAS
2026-01-31 03:26:00,10015793009,AV CARLOS GARDEL y Bouchard,DISPAROS,PERSONAS,LLAMANTE REFIERE QUE DOS MUJERES SE ESTAN TIROTIANDO ENTRE ELLAS. NO SABE SI HAY HERIDOS. ,GENERAL PUEYRREDON,MAR DEL PLATA,-380006269985.0,-576196319992.0,V ACC-MC,0,-38.0006269985,-57.6196319992,2026,1,January,31,3,5,Sábado,True,Madrugada (00-06),[],,OTRA / NO ESPECIFICADA,DISPAROS_PERSONAS
2026-01-31 03:21:00,10015792999,BOUCHARD y Av Carlos Gardel,DISPAROS,PERSONAS,LLAMANTE REFIERE QUE HAY  2 FEMENINAS PELEANDO CON ARMAS DE FUEGO SE ESTAN DISPARANDO ,GENERAL PUEYRREDON,MAR DEL PLATA,-380006269985.0,-576196319992.0,V ACC-MC,0,-38.0006269985,-57.6196319992,2026,1,January,31,3,5,Sábado,True,Madrugada (00-06),[],,OTRA / NO ESPECIFICADA,DISPAROS_PERSONAS
2026-01-31 00:18:00,10015792073,BERUTI y Leguizamon,DISPAROS,PERSONAS,"LLAMANTE REFIERE QUE HUBO UN  TIROTEO  Y MATARON A SU PADRE  LUCIANO FERREYRA DE UN TIRO EN EL PECHO, LOS AGRESORES  ERAN 4  UNO VESTIDO DE NEGRO. ESTAN EN LA VIA PUBLICA. ",GENERAL PUEYRREDON,MAR DEL PLATA,-379547839985.0,-576014059992.0,V ACC-MC,0,-37.9547839985,-57.6014059992,2026,1,January,31,0,5,Sábado,True,Madrugada (00-06),[],,OTRA / NO ESPECIFICADA,DISPAROS_PERSONAS
2026-01-30 23:41:00,10015791858,LOS TALAS al 4665,DISPAROS,PERSONAS,"LLAMANTE REFIERE QUE VIO DOS AUTOS , SE BAJARON CON ARMAS DE FUEGO Y DISPARARON ENTRE 5 Y 6 VECES , LE DISPARON A LAS PERSONAS QUE ESTABAN DISCUTIENDO EN EL LUGAR , NO SABE SI HAY HERIDOS .-",GENERAL PUEYRREDON,MAR DEL PLATA,-3792553268979.0,-57543036068214.0,REDERIVADO,0,-37.92553268979,-57.543036068214,2026,1,January,30,23,4,Viernes,False,Noche (18-24),[],,OTRA / NO ESPECIFICADA,DISPAROS_PERSONAS
2026-01-30 21:14:00,10015791153,BENITO LYNCH al 5366,DISPAROS,PERSONAS,LLAMANTE INFORMA QUE SE ESTAN ENFRENTANDO A DISPAROS MAS DE 5 PERSONAS  __HAY FEMENINAS Y MASCULINOS__HAY MENORES__NO SABE SI HAY HERIDOS ,GENERAL PUEYRREDON,MAR DEL PLATA,-38047595190786.0,-57586836406014.0,V ACC-MC,0,-38.047595190786,-57.586836406014,2026,1,January,30,21,4,Viernes,False,Noche (18-24),[],,OTRA / NO ESPECIFICADA,DISPAROS_PERSONAS
2026-01-30 04:35:00,10015787784,GABOTO y Dellepiane,DISPAROS,PERSONAS,"ESTAN A LOS TIROS SON 5 O 6 HOMBRES, NO HAY HERIDOS ",GENERAL PUEYRREDON,MAR DEL PLATA,-380237339985.0,-575684899992.0,JTv,0,-38.0237339985,-57.5684899992,2026,1,January,30,4,4,Viernes,False,Madrugada (00-06),[],,OTRA / NO ESPECIFICADA,DISPAROS_PERSONAS
2026-01-29 20:39:00,10015785959,TERMAS DE RIO HONDO y Esteban Gascon,DISPAROS,PERSONAS,"LLAMANTE INFORMA QUE HAY DOS MASCULINOS CORRIENDO, ENFRENTANDOSE A DISPAROS__NO SABE SI HAY HERIDOS __VAN POR 184 Y GASCON ",GENERAL PUEYRREDON,MAR DEL PLATA,-379804299985.0,-576024539992.0,V ACC-MC,0,-37.9804299985,-57.6024539992,2026,1,January,29,20,3,Jueves,False,Noche (18-24),[],,OTRA / NO ESPECIFICADA,DISPAROS_PERSONAS
2026-01-28 13:49:00,10015779090,PAULA ALBARRACIN y Rawson,DISPAROS,PERSONAS,"LLAMANTE REFIERE QUE SE ESCUCHAN TIROS EN LA ZONA, DICE QUE SON 2 O 3 PERSONAS, TIRAN TIROS HACIA AL SUELO Y TAMBIEN  ENTRE ELLOS, NO HAY HERIDOS . REFIERE QUE SON LOS MISMO DE SIEMPRE",GENERAL PUEYRREDON,MAR DEL PLATA,-379833299985.0,-575989579992.0,V ACC-MC,0,-37.9833299985,-57.5989579992,2026,1,January,28,13,2,Miércoles,False,Tarde (12-18),[],,OTRA / NO ESPECIFICADA,DISPAROS_PERSONAS
2026-01-28 11:30:00,10015778591,GAMAL NASSER y Esteban Gascon,DISPAROS,PERSONAS,"LLTE REF QUE UN MASC DE NEGRO LE DISPARO A  OTRO  ,VENIAN DISCUTIENDO , EL NN SE FUE POR GASCON HACIA 188 , HACE DIAS ESTA EN EL BARRIO __NO HAY HERIDOS ",GENERAL PUEYRREDON,,-379845459985.0,-575943229992.0,V ACC-MC,0,-37.9845459985,-57.5943229992,2026,1,January,28,11,2,Miércoles,False,Mañana (06-12),[],,OTRA / NO ESPECIFICADA,DISPAROS_PERSONAS
2026-01-27 23:07:00,10015776586,FALUCHO y Mexico,DISPAROS,PERSONAS,"__LLAMANTE REFIERE QUE LE DISPARON AUN MASCULINO PARA ROBARLE LA MOTO , ESTA HERIDO EN EL LUGAR , LE DISPARON VARIAS VECES .- EN LA CARA , EN LA CABEZA Y EN LA PIERNA .- ",GENERAL PUEYRREDON,MAR DEL PLATA,-379903089985.0,-575807179992.0,REDERIVADO,0,-37.9903089985,-57.5807179992,2026,1,January,27,23,1,Martes,False,Noche (18-24),[],,OTRA / NO ESPECIFICADA,DISPAROS_PERSONAS
2026-01-27 22:37:00,10015776428,RATERIY y Bouchard,DISPAROS,PERSONAS,"LLAMANTE REFIERE QUE UNOS SUJETOS ESTAN DISPARANDO CONTRA OTROS QUE ESTAN EN EL CAMPO DE ENFRENTE, DISPARAN DESDE ARRIBA DE UNA TERRAZA. SE ESCUCHARON VARIOS DISPAROS. NO SABE SI HAY HERIDOS.-  ",GENERAL PUEYRREDON,MAR DEL PLATA,-380220048791.0,-575930794502.0,V ACC-MC,0,-38.0220048791,-57.5930794502,2026,1,January,27,22,1,Martes,False,Noche (18-24),[],,OTRA / NO ESPECIFICADA,DISPAROS_PERSONAS
2026-01-27 22:19:00,10015776355,AV MARIO BRAVO al 7665,DISPAROS,PERSONAS,LA LLAMANTE REFIERE QUE PASARON POR ARRIBA DE SU TECHO Y ESTAN A LOS TIROS. SE TIRAN TIROS ENTRE PERSONAS. NO SABE SI HAY HERIDOS. ,GENERAL PUEYRREDON,MAR DEL PLATA,-3803313651626.0,-5760753053679.0,V ACC-MC,0,-38.03313651626,-57.60753053679,2026,1,January,27,22,1,Martes,False,Noche (18-24),[],,OTRA / NO ESPECIFICADA,DISPAROS_PERSONAS
2026-01-27 22:06:00,10015776284,CHACABUCO al 7818,VIOLENCIA,NO FAMILIAR,MASCULINO HERIDO DE BALA EN LAS COSTILLAS. A RAIZ DE UNA DISPUTA VECINAL.PERSONAL POLICIAL YA ESTA EN EL LUGAR,GENERAL PUEYRREDON,MAR DEL PLATA,-379655084244.0,-575934764287.0,V ACC-MC,0,-37.9655084244,-57.5934764287,2026,1,January,27,22,1,Martes,False,Noche (18-24),[],,OTRA / NO ESPECIFICADA,DISPAROS_PERSONAS
2026-01-27 22:03:00,10015776262,AV VICTORIO TETAMANTI y Hernandarias,DISPAROS,PERSONAS,"LLAMANTE REFIERE QUE ES TRABAJADORA DE LA NOCHE QUE EN CALLE GUANANI Y TETAMANTI LE DISPARARON DOS HOMBRES Y UNA FEMENINA LOS DUEÑOS DE DONDE VENDEN ALIMENTOS LE EFECTUARON TRES DISPARSO A LA LLAMANTE, NO ESTA HERIDA.- __",GENERAL PUEYRREDON,MAR DEL PLATA,-380051909985.0,-576050349992.0,V ACC-MC,0,-38.0051909985,-57.6050349992,2026,1,January,27,22,1,Martes,False,Noche (18-24),[],,OTRA / NO ESPECIFICADA,DISPAROS_PERSONAS
2026-01-27 21:53:00,10015776203,CHACABUCO al 7818,VIOLENCIA,NO FAMILIAR,VERISURE ALARMAS__HAY UN HERIDO DE ARMA DE FUEGO. POR UNA SITUCION CON UN VECINO. ESTA HERIDO EN LA COSTILLA. HAY PERSONAL POLICIAL EN EL LUGAR. TELEFONO DE LA TITULAR DE LA ALARMA 223 6369896 SE LLAMA MARIANA RODRIGUEZ. __OP MANCILLA ,GENERAL PUEYRREDON,MAR DEL PLATA,-37965508424403.0,-57593476428692.0,JTv,0,-37.965508424403,-57.593476428692,2026,1,January,27,21,1,Martes,False,Noche (18-24),[],,OTRA / NO ESPECIFICADA,DISPAROS_PERSONAS
2026-01-27 15:34:00,10015774528,Ciudad de las Flores y Azopardo,DISPAROS,PERSONAS,"LLAMANTE REFIERE QUE STAN A LOS TIROS  SON 4 PERSONAS EN LAS CANCHITAS , NO HAY heridos por ahora __ENTRAR POR YAPEYU POR EL LADO IZQUIERDO Y DOBLAR A LA DERECHA HAY MUCHOS AUTOS ____",GENERAL PUEYRREDON,,,,V ACC-MC,0,,,2026,1,January,27,15,1,Martes,False,Tarde (12-18),[],,OTRA / NO ESPECIFICADA,DISPAROS_PERSONAS
2026-01-27 14:35:00,10015774328,CANADA al 3121,DISPAROS,PERSONAS,__LLAMANTE REFIERE QUE HAY CUATRO PERSONAS QUE SE ESTAN TIROTEANDO POR UNA DISCUSION. NO SABE SI HAY HERIDOS. SON DOS MOTOS. NO SABE COLOR O PATENTE. ESTAN VESTIDOS DE NEGRO. ,GENERAL PUEYRREDON,MAR DEL PLATA,-379772.0,-576225.0,REDERIVADO,0,-37.9772,-57.6225,2026,1,January,27,14,1,Martes,False,Tarde (12-18),[],,OTRA / NO ESPECIFICADA,DISPAROS_PERSONAS
2026-01-27 14:34:00,10015774327,CANADA al 3120,DISPAROS,PERSONAS,REFIERE DOS MASCULINOS MENORES A BORDO MOTO EFECTUANDO DISPAROS A UNA CASA . NO SABE SI HAY HERIDOS . NO APORTA COLOR DE LA MOTO ,GENERAL PUEYRREDON,MAR DEL PLATA,-37977261073765.0,-57622407476552.0,V ACC-MC,0,-37.977261073765,-57.622407476552,2026,1,January,27,14,1,Martes,False,Tarde (12-18),[],,OTRA / NO ESPECIFICADA,DISPAROS_PERSONAS
2026-01-27 03:45:00,10015772685,DELLEPIANE al 2667,DISPAROS,PERSONAS,"A LAS 21 HS LE ROBARON UNA MOTO Y SU HIJO LA FUE A BUSCAR DONDE LE DIJERON QUE ESTABA, CUANDO IBA CON LA MOTO RECUPERADA  LO AGARRARON A TIROS Y LA TUVO QUE TIRAR ENTRE LOS PASTOS POR LA PLAZA SANTA ROSA , ERAN UNOS 4 NN NO ESTA HERIDO EL LLAMANTE ESTA EN SU CASA",GENERAL PUEYRREDON,MAR DEL PLATA,-38040552245538.0,-57588748929755.0,POSITIVO,MOVIL 30548 INF ENTREVISTA SRA PERES DYLAN SHILERA SMASH 110 AZUL CON BLANCO SIN CACHAS SIN PTTE COLOCADA,-38.040552245538,-57.588748929755,2026,1,January,27,3,1,Martes,False,Madrugada (00-06),[],,OTRA / NO ESPECIFICADA,DISPAROS_PERSONAS
2026-01-26 22:51:00,10015771895,MAGALLANES y Talcahuano,DISPAROS,PERSONAS,LLAMANTE REFIERE QUE ATACARON A UN MUCHACHO. ESTA HERIDO. EFECTUARON DISDPAROS HACIA EL,GENERAL PUEYRREDON,MAR DEL PLATA,-380264169985.0,-575700589992.0,V ACC-MC,0,-38.0264169985,-57.5700589992,2026,1,January,26,22,0,Lunes,False,Noche (18-24),[],,OTRA / NO ESPECIFICADA,DISPAROS_PERSONAS
2026-01-26 22:50:00,10015771888,TALCAHUANO y Magallanes,DISPAROS,PERSONAS,LLAMANTE REFIERE QUE ACABAN DE DISPARARLE A UN MASCULINO EN UNA MOTO ,GENERAL PUEYRREDON,MAR DEL PLATA,-380264169985.0,-575700589992.0,V ACC-MC,0,-38.0264169985,-57.5700589992,2026,1,January,26,22,0,Lunes,False,Noche (18-24),[],,OTRA / NO ESPECIFICADA,DISPAROS_PERSONAS
2026-01-26 18:07:00,10015770752,LA PRIMAVERA al 2976,DISPAROS,PERSONAS,LLAMANTE INFORMA QUE  HAY UN GOL AZUL CON ARMAS EFECTUANDO DETONACIONES A LAS PERSONAS -NO  HERIDOS   ,GENERAL PUEYRREDON,MAR DEL PLATA,-37941.0,-575561.0,V ACC-MC,0,-37.941,-57.5561,2026,1,January,26,18,0,Lunes,False,Noche (18-24),[],,OTRA / NO ESPECIFICADA,DISPAROS_PERSONAS
2026-01-26 14:15:00,10015769799,CHE GUEVARA y Azopardo,DISPAROS,PERSONAS,LLAMANTE DICE QUE  UN MASCULINO DISPARO A OTRO MASCULINO EN LA PIERNA INTENTA ESCAPARSE EN MOTO YBR BLANCO CON NEGRO ,GENERAL PUEYRREDON,MAR DEL PLATA,-379940179985.0,-576249199992.0,V ACC-MC,0,-37.9940179985,-57.6249199992,2026,1,January,26,14,0,Lunes,False,Tarde (12-18),[],,OTRA / NO ESPECIFICADA,DISPAROS_PERSONAS
2026-01-25 19:23:00,10015765907,CALLE 0 y Calle 771 BIS,DISPAROS,PERSONAS,"LLAMANTE REFIERE QUE UN MASCULINO ESTA DISPARANDO DESDE UN DOMICILIO Y DISPARO CON UN ARMA DE FUEGO HACIA EL LLAMANTE. LUEGO VOLVIO A APUNTARLE AL LLAMANTE, DISPARO HACIA EL SUELO. EL SUJETO ES MOROCHO, VISTE REMERA NEGRA. NO SABE SI HAY HERIDOS. EL LLAMANTE SE RETIRA DEL LUGAR.",GENERAL PUEYRREDON,CHAPADMALAL,-381929462409.0,-576690546415.0,V ACC-MC,0,-38.1929462409,-57.6690546415,2026,1,January,25,19,6,Domingo,True,Noche (18-24),[],,OTRA / NO ESPECIFICADA,DISPAROS_PERSONAS
2026-01-25 18:24:00,10015765652,GERONIMO REJON y Padre Cardiel,DISPAROS,PERSONAS,LLAMANTE REFIERE QUE PASARON MOTOS Y  EFECTUARON DISPAROS. RFIERE QUE HYA UN MENOR DE 8 AÑOS HERIDO POR EL DISPARO. ,GENERAL PUEYRREDON,MAR DEL PLATA,-379545719985.0,-575885689992.0,V ACC-MC,0,-37.9545719985,-57.5885689992,2026,1,January,25,18,6,Domingo,True,Noche (18-24),[],,OTRA / NO ESPECIFICADA,DISPAROS_PERSONAS
2026-01-25 04:43:00,10015762418,BRANDSEN al 9500,DISPAROS,PERSONAS,"LLAMANTE REFIERE QUE ESTAN A LOS TIROS EN LA CALLE, SE ESTAN TIROTEANDO, ESTAN CONFRONTANDO CON ARMAS DE FUEGO- ",GENERAL PUEYRREDON,MAR DEL PLATA,-379538414441.0,-57607655226065.0,V ACC-MC,0,-37.9538414441,-57.607655226065,2026,1,January,25,4,6,Domingo,True,Madrugada (00-06),[],,OTRA / NO ESPECIFICADA,DISPAROS_PERSONAS
2026-01-24 18:19:00,10015759058,JOSE MARTI al 3887,DISPAROS,PERSONAS,LLAMANTE REFIERE QUE EFECTUARON 4 DISPAROS A SU CASA E HIERON A SU HERMANA,GENERAL PUEYRREDON,MAR DEL PLATA,-38058528220892.0,-57590538128633.0,Telefonía Fija/Móvil,0,-38.058528220892,-57.590538128633,2026,1,January,24,18,5,Sábado,True,Noche (18-24),[],,OTRA / NO ESPECIFICADA,DISPAROS_PERSONAS
2026-01-22 23:32:00,10015749287,JUANA AZURDUY y Soler,DISPAROS,PERSONAS,"LLTE CUENTA QUE LE EFECTUARON UN DISPARO A SU VECINO, ESTA HERIDO DENTRO DE LA CASÁ, INGRESO UN NN Y LE EFECTUO EL DISPARO. SIN DATOS DEL AGRESOR. ELLA ESCUCHO EL DISPARÓ.",GENERAL PUEYRREDON,MAR DEL PLATA,-379987119986.0,-576273079992.0,Analizado por ACC-MC,0,-37.9987119986,-57.6273079992,2026,1,January,22,23,3,Jueves,False,Noche (18-24),[],,OTRA / NO ESPECIFICADA,DISPAROS_PERSONAS
2026-01-22 22:07:00,10015748934,TIERRA DEL FUEGO y San Lorenzo,DISPAROS,PERSONAS,EL LLAMANTE REFIERE QUE  HAY UNA PELEA ENTRE 4 O 5 CHICAS Y HAY4 O 5 MASCULINOS DE LA VILLA. ESTAN ARMADOS. NO HAY HERIDOS. PASAN Y LES TIRAN TIROS A LOS CHICOS. VAN HACIA PEÑA Y SE METEN DENTRO DEL BARIRO. ,GENERAL PUEYRREDON,,,,V ACC-MC,0,,,2026,1,January,22,22,3,Jueves,False,Noche (18-24),[],,OTRA / NO ESPECIFICADA,DISPAROS_PERSONAS
2026-01-22 15:24:00,10015747122,LA PRIMAVERA y Anchorena,DISPAROS,PERSONAS,"LLAMANTE REFIERE QUE ESTAN DISPARANDO HACIA UNA CASA, SON 2 PERSONAS,  DE LAS DALIAS QUE QUIEREN SACARLE LA CASA  A OTRA PERSONA.__",GENERAL PUEYRREDON,MAR DEL PLATA,-379409039984.0,-575557629992.0,V ACC-MC,0,-37.9409039984,-57.5557629992,2026,1,January,22,15,3,Jueves,False,Tarde (12-18),[],,OTRA / NO ESPECIFICADA,DISPAROS_PERSONAS
2026-01-22 01:37:00,10015744746,ANCHORENA al 6032,DISPAROS,PERSONAS,"LLAMANTE REF QUE LE EFCETUAANDO  DETONACIONES A SU CASA, SON DEL  BARRIO NO HAY HERIDOS.____________",GENERAL PUEYRREDON,MAR DEL PLATA,-379412424689.0,-57555345089.0,V ACC-MC,0,-37.9412424689,-57.555345089,2026,1,January,22,1,3,Jueves,False,Madrugada (00-06),[],,OTRA / NO ESPECIFICADA,DISPAROS_PERSONAS
2026-01-22 01:17:00,10015744656,ANCHORENA al 6032,DISPAROS,PERSONAS,"LLAMANTE REFIER QUE EFECTUARON DISPAROS A SU CASA, ALUDE QUE NO ESTA HERIDA, AHORA ESTARIA EN LA CASA DE SU HERMANA EN LA DIRECCION APORTADA, ERAN CINCO O SESI MASCULINOS ",GENERAL PUEYRREDON,,,,V ACC-MC,0,,,2026,1,January,22,1,3,Jueves,False,Madrugada (00-06),[],,OTRA / NO ESPECIFICADA,DISPAROS_PERSONAS
2026-01-22 01:14:00,10015744644,ANCHORENA al 6032,DISPAROS,PERSONAS," LLAMANTE INFORMA  HAY MUCHAS PERSONAS QUE DISPARAN  HACIA UNA CASA, REFEIRE QUE UNA BALA LE ROZO LA CABEZA  AUNA FEMENINA , NO ESTA HERIDA, UNO DE LOS AGRESORES ES RUBIO, SE LLAMAN DYLAN RAMOS Y VIVE A LA VUELTA  DE LA DIRECCION MENCIONADA. EL MARIDO DE LA FEMENINA  ESTARIA DENTRO DE LA CASA____",GENERAL PUEYRREDON,MAR DEL PLATA,-379412424689.0,-57555345089.0,V ACC-MC,0,-37.9412424689,-57.555345089,2026,1,January,22,1,3,Jueves,False,Madrugada (00-06),[],,OTRA / NO ESPECIFICADA,DISPAROS_PERSONAS
2026-01-22 01:00:00,10015744589,LA PRIMAVERA al 2985,DISPAROS,PERSONAS,"LLAMANTE REFIERE QUE LE TIRARP TIROS A LA CASA, NO HAY HERUIDOS, ESTAN CON UNA MOTO, ESTAN TODO DE NEGRO UNA PISTOLA GRANDE, LE TIRARON A ELLA TAMBIEN ",GENERAL PUEYRREDON,MAR DEL PLATA,-37941026100396.0,-57555912111988.0,V ACC-MC,0,-37.941026100396,-57.555912111988,2026,1,January,22,1,3,Jueves,False,Madrugada (00-06),[],,OTRA / NO ESPECIFICADA,DISPAROS_PERSONAS
2026-01-22 00:58:00,10015744578,ANCHORENA y La Primavera,DISPAROS,DISPAROS," LLAMANTE INFORMA HAY APROX 4/5  PERSONAS  QUE ESTAN EFECTUANDO DETONACIONES DE ESQUINA A ESQUINA, REFIERE QUE SE DISARAN ENTRE ELLOS__ NO HAY HERIDOS , HAY MENORES EN EL LUGAR",GENERAL PUEYRREDON,MAR DEL PLATA,-379409039984.0,-575557629992.0,POSITIVO,"30577 KARINA VILLAR ENTREVISTADA, CONFLICTO ENTRE PERSONAS DE MAL VIVIR. INDICADA PASOS A SEGUIR.",-37.9409039984,-57.5557629992,2026,1,January,22,0,3,Jueves,False,Madrugada (00-06),[],,OTRA / NO ESPECIFICADA,DISPAROS_PERSONAS
2026-01-21 23:20:00,10015744113,PAULA ALBARRACIN al 2681,DISPAROS,PERSONAS,"__LLAMANTE MENCIONA QUE ESCUCHO DISPAROS SON 7 U 8 PERSONAS ENTRE MASCULINOS Y FEMENINAS, DESCONOCE SI ESTAN ARMADOS, NO APORTA SI HAY HERIDOS, ESTAN EN LA VIA PUBLICA.- ",GENERAL PUEYRREDON,MAR DEL PLATA,-37983980296801.0,-57599483286315.0,V ACC-MC,0,-37.983980296801,-57.599483286315,2026,1,January,21,23,2,Miércoles,False,Noche (18-24),[],,OTRA / NO ESPECIFICADA,DISPAROS_PERSONAS
2026-01-21 18:41:00,10015742773,IGNACIO OLAN al 6300,DISPAROS,PERSONAS,LLAMANTE REFIERE QUE SE ESTAN DISPARANDO ENTRE LOS VECINOS ESTAN CONFRONTANDO NO SABE SI HAY HERIDOS,GENERAL PUEYRREDON,,-380475784546.0,-576051452769.0,V ACC-MC,0,-38.0475784546,-57.6051452769,2026,1,January,21,18,2,Miércoles,False,Noche (18-24),[],,OTRA / NO ESPECIFICADA,DISPAROS_PERSONAS
2026-01-20 18:07:00,10015737233,MAHATMA GHANDI al 2808,DISPAROS,PERSONAS,"LLAMANTE REFIERE QUE HAY UNA PERSONA QUE EFECTUAN DISPAROS DE ARMAS DE FUEGO HACE COMO UNA HORA, SE APELLIDA CARRAROS Y OTRO CASAS. LE DISPARAN AL LLAMANTE. NO HAY HERIDOS",GENERAL PUEYRREDON,MAR DEL PLATA,-3794350156228.0,-57557807924707.0,JTv,SE SIGUE EN EL PPAL.-,-37.94350156228,-57.557807924707,2026,1,January,20,18,1,Martes,False,Noche (18-24),[],,OTRA / NO ESPECIFICADA,DISPAROS_PERSONAS
2026-01-20 17:39:00,10015737102,ANTONIO MARTINEZ al 2850,DISPAROS,PERSONAS,__LLAMANTE REFIERE QUE LE FUERON A EFECTUAR DISPAROS A UN VECINO EN LA CASA. AL MOMENTO NO HAY HERIDOS. ERAN DOS PERSONAS. ,GENERAL PUEYRREDON,MAR DEL PLATA,-37943280560406.0,-57556149572742.0,V ACC-MC,0,-37.943280560406,-57.556149572742,2026,1,January,20,17,1,Martes,False,Tarde (12-18),[],,OTRA / NO ESPECIFICADA,DISPAROS_PERSONAS
2026-01-20 17:34:00,10015737073,AV JOSE COELHO DE MEYRELLES al 6255,DISPAROS,PERSONAS,__LLAMANTE REFIERE QUE PEDRO CARMONA LA ESTA AMENAZANDO Y TIRO DOS TIROS. REFIERE QUE TIENE UN CHALECO ANTIBALAS DE GENDARMERIA. NO HAY HERIDOS AL MOMENTO. ESTA CON LA HIJA DE 15 AÑOS DE EDAD EL MASCULINO- ,GENERAL PUEYRREDON,MAR DEL PLATA,-37945503042132.0,-57555227126947.0,JTv,SE VERIFICA CIERRE EN EL PPAL.-,-37.945503042132,-57.555227126947,2026,1,January,20,17,1,Martes,False,Tarde (12-18),[],,OTRA / NO ESPECIFICADA,DISPAROS_PERSONAS
2026-01-20 17:22:00,10015737006,AV JOSE COELHO DE MEYRELLES al 6255,DISPAROS,PERSONAS,REFIERE QUE UN MASCULINO ESTA EFECTUANDO DISPAROS HACIA SU HIJO Y A UNOS ANIMALES DE SU PROPIEDAD . DICE QUE ES SU VECINO DE APELLIDO  CARMONA__NO HAY HERIDOS . ,GENERAL PUEYRREDON,MAR DEL PLATA,-37945503042132.0,-57555227126947.0,V ACC-MC,0,-37.945503042132,-57.555227126947,2026,1,January,20,17,1,Martes,False,Tarde (12-18),[],,OTRA / NO ESPECIFICADA,DISPAROS_PERSONAS
2026-01-20 17:21:00,10015737000,MAHATMA GHANDI al 2808,DISPAROS,PERSONAS,"LLAMANTE REFIERE SER MENOR, Y DICE QUE LE ESTAN TIRANDO TIROS  A SU PAPA, SON 2 O 3 PERSONAS, ESTAN ENFRENTE DEL ARROYO , SU PAPA ESTA ESCONDIDO ATRAS DE UN ARBOL  Y NO PUEDE SALIR POR LOS DISPAROS",GENERAL PUEYRREDON,MAR DEL PLATA,-37943653344987.0,-57558278555026.0,NEGATIVO,MOVIL EN EL LGUAR SRA CARRARO INFORMA QUE DEBERIA ESTAR PRESO INSULTAN AL PERSONAL____ES PIROTECNIA ,-37.943653344987,-57.558278555026,2026,1,January,20,17,1,Martes,False,Tarde (12-18),[],,OTRA / NO ESPECIFICADA,DISPAROS_PERSONAS
2026-01-20 04:01:00,10015734677,CALLE 479 al 880,DISPAROS,PERSONAS,LLAMANTE INFORMA QUE SE OYEN DISPAROS DENTRO DE LA CASA__NOS ABE SI HAY ALGUIEN HERIDO,GENERAL PUEYRREDON,MAR DEL PLATA,-381101.0,-575986.0,V ACC-MC,0,-38.1101,-57.5986,2026,1,January,20,4,1,Martes,False,Madrugada (00-06),[],,OTRA / NO ESPECIFICADA,DISPAROS_PERSONAS
2026-01-19 23:20:00,10015733950,ANCHORENA al 6032,DISPAROS,PERSONAS,"LLAMANTE REFIERE QUE EN EL LUGAR FUERON A EFECTUAR DISPAROS HACIA SU DOCMILIO, POR UNPROBLEMNA ENTRE MENORES",GENERAL PUEYRREDON,MAR DEL PLATA,-37941242468912.0,-57555345089026.0,V ACC-MC,0,-37.941242468912,-57.555345089026,2026,1,January,19,23,0,Lunes,False,Noche (18-24),[],,OTRA / NO ESPECIFICADA,DISPAROS_PERSONAS
2026-01-19 23:19:00,10015733942,LA PRIMAVERA y Anchorena,DISPAROS,PERSONAS,REFIERE QUE  EFECTUA DISPAROS ENTRE PERSONAS. HAY UNA CHICA HERIDA EN LA ESQUINA. SON MUCHOS,GENERAL PUEYRREDON,MAR DEL PLATA,-379409039984.0,-575557629992.0,V ACC-MC,0,-37.9409039984,-57.5557629992,2026,1,January,19,23,0,Lunes,False,Noche (18-24),[],,OTRA / NO ESPECIFICADA,DISPAROS_PERSONAS
2026-01-19 23:18:00,10015733941,LA PRIMAVERA al 2981,DISPAROS,PERSONAS,LLAMANTE REFIERE QUE  SE TIROTEAN ENTRE 10 PERSONAS EN LA ESQUINA. TAMBIEN CASCOTEAN UNA CASA EN LA ESQUINA.,GENERAL PUEYRREDON,MAR DEL PLATA,-37941060875907.0,-57555954805866.0,V ACC-MC,0,-37.941060875907,-57.555954805866,2026,1,January,19,23,0,Lunes,False,Noche (18-24),[],,OTRA / NO ESPECIFICADA,DISPAROS_PERSONAS
2026-01-19 23:16:00,10015733932,LA PRIMAVERA al 3200,DISPAROS,PERSONAS,"LLAMANTE REFIERE ENFRENTAMIENTO ARMADO. NO SABE CUANTOS SON.__HAY GRITOS,__NO SABE SI HAY HERIDOS",GENERAL PUEYRREDON,MAR DEL PLATA,-37939236609219.0,-5755354131305.0,V ACC-MC,0,-37.939236609219,-57.55354131305,2026,1,January,19,23,0,Lunes,False,Noche (18-24),[],,OTRA / NO ESPECIFICADA,DISPAROS_PERSONAS
2026-01-19 23:16:00,10015733930,LA PRIMAVERA al 2982,DISPAROS,PERSONAS,COMUNICA QUE DOS PERSONAS SE DISPARAN ENTRE SI. HAY MENORES. DESCONCOE SI HAY HERIDOS,GENERAL PUEYRREDON,MAR DEL PLATA,-37941042712809.0,-57555934090468.0,V ACC-MC,0,-37.941042712809,-57.555934090468,2026,1,January,19,23,0,Lunes,False,Noche (18-24),[],,OTRA / NO ESPECIFICADA,DISPAROS_PERSONAS
2026-01-19 22:51:00,10015733833,LA PRIMAVERA al 2982,DISPAROS,PERSONAS,"SE LOS VECINOS ESTAN PELEANDO,EFECTUAN DISPAROS ENTRE ELLOS. SON ENTRE 6 O 7. NO SABE SI HAY HERIDOS",GENERAL PUEYRREDON,MAR DEL PLATA,-379410427128.0,-575559340905.0,V ACC-MC,0,-37.9410427128,-57.5559340905,2026,1,January,19,22,0,Lunes,False,Noche (18-24),[],,OTRA / NO ESPECIFICADA,DISPAROS_PERSONAS
2026-01-19 22:48:00,10015733823,ANCHORENA y La Primavera,DISPAROS,PERSONAS,LLAMANTE REFIERE QUE  ESTA VIENDO QUE LOS VECINOS SE ESTAN DISPARANDO ENTRE ELLOS. NO HAY HERIDOS ,GENERAL PUEYRREDON,MAR DEL PLATA,-379409039984.0,-575557629992.0,V ACC-MC,0,-37.9409039984,-57.5557629992,2026,1,January,19,22,0,Lunes,False,Noche (18-24),[],,OTRA / NO ESPECIFICADA,DISPAROS_PERSONAS
2026-01-19 22:40:00,10015733791,LA PRIMAVERA al 2985,DISPAROS,PERSONAS,LLAMANTE REFIERE QUE PELEA DE VARIAS PERSONAS. DISPAROS.__UNA FEMENINA EN AUTO BLANCO.__NO HAY HERIDOS.__,GENERAL PUEYRREDON,MAR DEL PLATA,-379410261004.0,-57555912112.0,V ACC-MC,0,-37.9410261004,-57.555912112,2026,1,January,19,22,0,Lunes,False,Noche (18-24),[],,OTRA / NO ESPECIFICADA,DISPAROS_PERSONAS
2026-01-19 22:38:00,10015733774,ANCHORENA y La Primavera,DISPAROS,PERSONAS,LLAMANTE REFIERE QUE HAY APROX. 20 PERSONAS DISPARANDOSE ENTRE SI EN LA VIA PUBLICA. NO HAY HERIDOS. ,GENERAL PUEYRREDON,MAR DEL PLATA,-379409039984.0,-575557629992.0,V ACC-MC,0,-37.9409039984,-57.5557629992,2026,1,January,19,22,0,Lunes,False,Noche (18-24),[],,OTRA / NO ESPECIFICADA,DISPAROS_PERSONAS
2026-01-19 22:35:00,10015733757,LA PRIMAVERA al 2970,DISPAROS,PERSONAS,LLAMANTE REFIERE QUE CIRCULA UN PEUGEOT BLANCO CON VIDRIOS NEGROS - CREE 208 - CON VIDRIOS POLARIZADOS __EFECTUAN DISPAROS - SON JOVENES QUE CONFRONTABAN CON MENORES DE UNA FAMILIA __RECIÉN LOS AMENAZARON QUE LOS IBAN A MATAR____ ,GENERAL PUEYRREDON,MAR DEL PLATA,-37941.0,-575562.0,POSITIVO,27752 SRA VILLA DANIELA REFIERE QEU PASO UN  AUTO Y UNA MORO CON VARIOS NN Y LE EFECTUARON DISPAROS AL DLIO NEGATVI HERIDOS INV A RADCIAR ,-37.941,-57.5562,2026,1,January,19,22,0,Lunes,False,Noche (18-24),[],,PEUGEOT,DISPAROS_PERSONAS
2026-01-19 20:02:00,10015733095,CACIQUE CHAÑAL al 4757,DISPAROS,PERSONAS,LLAMANTE REFIERE QUE EN EL LUGAR ESTAN CONFRONTANDO A DISPAROS DE ARMA DE FUEGO____,GENERAL PUEYRREDON,,,,V ACC-MC,0,,,2026,1,January,19,20,0,Lunes,False,Noche (18-24),[],,OTRA / NO ESPECIFICADA,DISPAROS_PERSONAS
2026-01-19 00:22:00,10015729323,AV LIBERTAD y Colombia,DISPAROS,PERSONAS,"LLAMANTE REFIERE QUE HAY  UN MASCULINO EN UNA  MOTO ALTA  CON DOS ARMAS ESTA  DISPARANDO A LAS PERSONAS , LLAMANTE NO RESPONDE MAS PREGUNTAS ",GENERAL PUEYRREDON,MAR DEL PLATA,-379581399985.0,-576125359992.0,NEGATIVO,"INF MOV 30916 NEGATIVO ENTREVISTA CON EL PERSONAL, A LA LLEGADA DEL MOVIL POLICIAL REFIERE PANORMA NORMAL, NEGATIVO SOSPECHOSOS APORTADOS EN CARTA DE LLAMADO NEGATIVO LAS DETONACIONES",-37.9581399985,-57.6125359992,2026,1,January,19,0,0,Lunes,False,Madrugada (00-06),[],,OTRA / NO ESPECIFICADA,DISPAROS_PERSONAS
2026-01-18 22:59:00,10015729018,ETCHEGARAY y Tripulantes Del Fournier,DISPAROS,PERSONAS,LLAMANTE REFIERE QUE HAY UN TIROTEO EN LA VIA PUBLICA. NO SABE CUANTOS SON. NO SABE SI HAY HERIDOS. ,GENERAL PUEYRREDON,MAR DEL PLATA,-380040079985.0,-576202919992.0,V ACC-MC,0,-38.0040079985,-57.6202919992,2026,1,January,18,22,6,Domingo,True,Noche (18-24),[],,OTRA / NO ESPECIFICADA,DISPAROS_PERSONAS
2026-01-18 22:59:00,10015729015,SOLER y Etchegaray,DISPAROS,PERSONAS,"REFIERE QUE EFECTUAN DISPAROS ENTRE SI, GRITAN PELEAN, NO SABE SI HAY HERIDOS",GENERAL PUEYRREDON,MAR DEL PLATA,-380033449985.0,-576211739992.0,V ACC-MC,0,-38.0033449985,-57.6211739992,2026,1,January,18,22,6,Domingo,True,Noche (18-24),[],,OTRA / NO ESPECIFICADA,DISPAROS_PERSONAS
2026-01-18 22:58:00,10015729012,SOLER al 3500,DISPAROS,PERSONAS,LLAMANTE REFIERE QUE  HAY PERSONAS EFECTUANDO DETONACIONES CINCO MASCULINOS ENTRE ELLOS Y AL AIRE __DESCONOCE HERIDOS ,GENERAL PUEYRREDON,MAR DEL PLATA,-38050351399363.0,-57558860297961.0,V ACC-MC,0,-38.050351399363,-57.558860297961,2026,1,January,18,22,6,Domingo,True,Noche (18-24),[],,OTRA / NO ESPECIFICADA,DISPAROS_PERSONAS
2026-01-18 22:58:00,10015729007,SOLER y Jauretche,DISPAROS,PERSONAS,"REFIERE QUE EFECTUAN DISAPAROS CONTRA PERSONAS, ESTAN PELEANDO ENTRE SI. NO SABE SI HAY HERIDOS",GENERAL PUEYRREDON,MAR DEL PLATA,-380040079985.0,-576202919992.0,V ACC-MC,0,-38.0040079985,-57.6202919992,2026,1,January,18,22,6,Domingo,True,Noche (18-24),[],,OTRA / NO ESPECIFICADA,DISPAROS_PERSONAS
2026-01-18 13:16:00,10015726599,ROSALES y Rio De La Plata,DISPAROS,PERSONAS,LLAMANTE INDICA QUE CUATRO MUJERES Y UN HOMBRE ROMPIERON BOTELLAS. AMENAZARON CON QUE IBAN A VOLVER A PRENDERLE FUEGO LA CASA. EFECTUARON DISPAROS HACIA LA VIVIENDA Y HACIA LAS PERSONAS DEL LUGAR. SE FUERON NO SABE HACIA DONDE EN UN AUTO ROJO DE CUATRO PUERTAS. NO HAY HERIDOS. HAY DOS MENORES MUY AUSTADOS.,GENERAL PUEYRREDON,,-379900239986.0,-576346139992.0,REDERIVADO,0,-37.9900239986,-57.6346139992,2026,1,January,18,13,6,Domingo,True,Tarde (12-18),[],,OTRA / NO ESPECIFICADA,DISPAROS_PERSONAS
2026-01-18 13:05:00,10015726567,JUAN DE DIOS FILIBERTO al 854,DISPAROS,PERSONAS,LLAMANTE REFIERE QUE UNOS VECINOS QUIEREN QUEDARSE CON UNOS TERRENOS. Y LES ESTAN EFECTUANDO DISPAROS A ELLOS. HAY MENORES EN EL LUGAR. NO HAY HERIDOS.,GENERAL PUEYRREDON,,,,JTv,0,,,2026,1,January,18,13,6,Domingo,True,Tarde (12-18),[],,OTRA / NO ESPECIFICADA,DISPAROS_PERSONAS
2026-01-18 01:39:00,10015724413,JUAN DE DIOS FILIBERTO al 850,DISPAROS,PERSONAS,REFIERE QUE SE DISPARAN ENTRE PERSONAS NO SABE CUANTOS SON NO SABE SI HAY HERIDOS,GENERAL PUEYRREDON,,,,JTv,0,,,2026,1,January,18,1,6,Domingo,True,Madrugada (00-06),[],,OTRA / NO ESPECIFICADA,DISPAROS_PERSONAS
2026-01-18 01:16:00,10015724260,JUAN DE DIOS FILIBERTO al 830,DISPAROS,PERSONAS,"LLAMANTE REFIERE QUE HAY UNA PELEA ENTRE VECINOS, SE ESTAN DISPARANDO ENTRE ELLOS, NO SABE CUANTOS SON  , NO SABE SI HAY HERDIOS  ",GENERAL PUEYRREDON,MAR DEL PLATA,-379958399985.0,-576156599992.0,V ACC-MC,0,-37.9958399985,-57.6156599992,2026,1,January,18,1,6,Domingo,True,Madrugada (00-06),[],,OTRA / NO ESPECIFICADA,DISPAROS_PERSONAS
2026-01-17 11:49:00,10015720236,CALLE 22 y Calle 467,DISPAROS,PERSONAS,LLAMANTE REFIERE CONFLICTO CON SU VECINO PORQUE SUS PERROS LASTIMARON A SU PERRA. LE EFECTUO DOS DISPAROS. REFEIRE TENER LOS BRAZOS LASTIMADOS. ,GENERAL PUEYRREDON,MAR DEL PLATA,-381027399985.0,-575981849992.0,V ACC-MC,0,-38.1027399985,-57.5981849992,2026,1,January,17,11,5,Sábado,True,Mañana (06-12),[],,OTRA / NO ESPECIFICADA,DISPAROS_PERSONAS
2026-01-17 11:41:00,10015720207,CALLE 22 y Calle 467,DISPAROS,PERSONAS,LLAMANTE MENCIONA QUE UN VECINO DISPARO A SUS PIES DOS VECES POR UN PROBLMA DE UNOS PERROS SUELTOS__NO HAY HEIDOS __SE ESCUCHA QUE CONFRONTAN __,GENERAL PUEYRREDON,,-381027399985.0,-575981849992.0,V ACC-MC,0,-38.1027399985,-57.5981849992,2026,1,January,17,11,5,Sábado,True,Mañana (06-12),[],,OTRA / NO ESPECIFICADA,DISPAROS_PERSONAS
2026-01-17 00:34:00,10015718133,TRIPULANTES DEL FOURNIER y 216,DISPAROS,PERSONAS,LLAMANTE REFIERE QUE HAY UN MASCULINO TIRADO EN LA PARADA DEL COLECTIVO. ESTA ENSANGRENTADO Y CON DISPAROS EN LAS PIERNAS Y CUERPO. ESTABA AGONIZANDO ,GENERAL PUEYRREDON,,-380019798279.0,-576212806702.0,V ACC-MC,0,-38.0019798279,-57.6212806702,2026,1,January,17,0,5,Sábado,True,Madrugada (00-06),[],,OTRA / NO ESPECIFICADA,DISPAROS_PERSONAS
2026-01-16 21:55:00,10015717336,SOLER al 10635,DISPAROS,PERSONAS,"HAY UN GRUPO DE CHICOS QUE SE ESTAN EFECTUANDO DISPAROS. SE DISPARAN ENTRE ELLOS, NO SABE CUANTOS SON PERO SON VARIOS, NO HAY HERIDOS. ",GENERAL PUEYRREDON,MAR DEL PLATA,-38003098277313.0,-57621490447384.0,NEGATIVO,"MOVIL INFORMA QUE EN LA AMPLIA RECORRIDA EL PANORAMA ES NORMAL, NADIE ENTREVISTA CON EL PERSONAL, MISMO SIGUE EN RECORRIDA ",-38.003098277313,-57.621490447384,2026,1,January,16,21,4,Viernes,False,Noche (18-24),[],,OTRA / NO ESPECIFICADA,DISPAROS_PERSONAS
2026-01-16 20:15:00,10015716825,ORTIZ DE ZARATE al 10790,DISPAROS,PERSONAS,LLAMANTE INFORMA QUE ESTAN CONFRONTANDO. HAY DISPAROS. SON ENTRE 10 Y 12 PERSONAS. NO HAY HERIDOS. ,GENERAL PUEYRREDON,MAR DEL PLATA,-379962.0,-576158.0,V ACC-MC,0,-37.9962,-57.6158,2026,1,January,16,20,4,Viernes,False,Noche (18-24),[],,OTRA / NO ESPECIFICADA,DISPAROS_PERSONAS
2026-01-16 15:49:00,10015715560,ECUADOR y Alvarado,DISPAROS,PERSONAS,LLAMANTE REFIERE QUE ESTÁN HACIENDO RIÑA DE GALLOS EN ESA VIVIENDA Y SE ESTÁN PELEANDO ENTRE LAS PERSONAS Y EFECTUÁNDOSE DISPAROS. NO SABE SI HAY HERIDOS PERO DICE QUE HAY MENORES EN LA PUERTA. SOLICITA ANONIMATO. ,GENERAL PUEYRREDON,MAR DEL PLATA,-379748059986.0,-576246029992.0,JTv,0,-37.9748059986,-57.6246029992,2026,1,January,16,15,4,Viernes,False,Tarde (12-18),[],,OTRA / NO ESPECIFICADA,DISPAROS_PERSONAS
2026-01-16 12:52:00,10015714812,LOS MANZANOS y Pablo Groeber,DISPAROS,PERSONAS,REFIERE QUE SE ESTAN EFECTUANDO DISPAROS ENTRE DOS MASCULINOS __NO SABE SI HAY HERIDOS ,GENERAL PUEYRREDON,MAR DEL PLATA,-379264969984.0,-575392949992.0,V ACC-MC,0,-37.9264969984,-57.5392949992,2026,1,January,16,12,4,Viernes,False,Tarde (12-18),[],,OTRA / NO ESPECIFICADA,DISPAROS_PERSONAS
2026-01-16 04:45:00,10015713538,AV FORTUNATO DE LA PLAZA,DISPAROS,DISPAROS,"LLAMANTE REFIERE QUE ESCUCHA DISPAROS SE PELEARON ADENTRO DE UN BOLICHE ESTAN ARMADOS EESTAN EN UN FIAT UNO COLOR NEGRO, INDICA QUE LE EFECTUARON UN DISPARO A UN JOVEN EN EL LUGAR. ESTA HERIDO.- ",GENERAL PUEYRREDON,,,,Telefonía Fija/Móvil,0,,,2026,1,January,16,4,4,Viernes,False,Madrugada (00-06),[],,FIAT,DISPAROS_PERSONAS
2026-01-16 00:45:00,10015712951,LOS TALAS y Lorenzo Scaglia,DISPAROS,PERSONAS,"LLAMANTE REFIERE QUE HAY 15 CHICOS , PELEANDO, SE ESTABAN TIROTEANDO, NO SABE SI HAY HERIDOS, ",GENERAL PUEYRREDON,MAR DEL PLATA,-379245339984.0,-575418649992.0,NEGATIVO,"PERSONAL POLICIAL INFORMA QUE NADIE ENTREVISTA EN EL LUGAR, AL ARRIBO DEL MOVIL PANORAMA NORMAL.-",-37.9245339984,-57.5418649992,2026,1,January,16,0,4,Viernes,False,Madrugada (00-06),[],,OTRA / NO ESPECIFICADA,DISPAROS_PERSONAS
2026-01-15 22:55:00,10015712556,ISLA DE LOS ESTADOS y Alejandro Korn,DISPAROS,PERSONAS,EL LLAMANTE REFIERE QUE LE PEGARON UN TIRO A UNA PERSONA. ESTA HERIDO. NO BRINDA DATOS DE LOS AGRESORES. ,GENERAL PUEYRREDON,MAR DEL PLATA,-380559379985.0,-575798719992.0,V ACC-MC,0,-38.0559379985,-57.5798719992,2026,1,January,15,22,3,Jueves,False,Noche (18-24),[],,OTRA / NO ESPECIFICADA,DISPAROS_PERSONAS
2026-01-15 14:49:00,10015710367,SICILIA al 4159,DISPAROS,PERSONAS,LTE REFIERE QUE HAY DISPAROS ENTRE PERSONAS__CONTRA SU CASA__20 PERSONAS__HAY HERIDOS NO SABE CUANTOS ,GENERAL PUEYRREDON,MAR DEL PLATA,-38051590903861.0,-57571260189962.0,V ACC-MC,0,-38.051590903861,-57.571260189962,2026,1,January,15,14,3,Jueves,False,Tarde (12-18),[],,OTRA / NO ESPECIFICADA,DISPAROS_PERSONAS
2026-01-15 09:40:00,10015709176,PAULA ALBARRACIN al 2681,DISPAROS,PERSONAS,LLAMANTE REFIERE QUE HAY UNA CASA QUE ES UN AGUANTADERO. ESCUCHA DISPAROS Y QUE HAY UNA PELEA. SE VE QUE ENTRA Y SALE GENTE.- ESTARIAN CON FACAS.-  NO HAY HERIDOS.- LOS DISPAROS SON ENTRE ELLOS Y AL AIRE.______,GENERAL PUEYRREDON,MAR DEL PLATA,-379839802968.0,-575994832863.0,V ACC-MC,0,-37.9839802968,-57.5994832863,2026,1,January,15,9,3,Jueves,False,Mañana (06-12),[],,OTRA / NO ESPECIFICADA,DISPAROS_PERSONAS
2026-01-15 08:44:00,10015709005,SAN SALVADOR al 11038,DISPAROS,PERSONAS,"LLAMANTE REFIERE QUE LE DISPARARON A UN CHICO, ESTAE HERIDO DE ARMA DE FUEGO, FUE EN EL PECHO, NO SABE MAS ",GENERAL PUEYRREDON,,,,JTv,0,,,2026,1,January,15,8,3,Jueves,False,Mañana (06-12),[],,OTRA / NO ESPECIFICADA,DISPAROS_PERSONAS
2026-01-14 22:47:00,10015707303,SICILIA al 4558,DISPAROS,PERSONAS,"LLAMANTE REFIERE,__ENTRO UN HOMBRE ARMADO, CON 9 MM Y LE TIRO , DISPARO, AL NIETO. NO LE DIO, NO LO LASTIMO, DICE QUE ETAN LAS VAINAS, CASQUILLOS, TIRADOS DENTRO DE LA PROPIEDAD DE LA LLAMANTE. __NO NECESITA AMBULANCIA____",GENERAL PUEYRREDON,MAR DEL PLATA,-38048992031673.0,-5757468809438.0,V ACC-MC,0,-38.048992031673,-57.57468809438,2026,1,January,14,22,2,Miércoles,False,Noche (18-24),[],,OTRA / NO ESPECIFICADA,DISPAROS_PERSONAS
2026-01-14 22:15:00,10015707134,GUANAHANI al 3342,DISPAROS,PERSONAS,"LLTE REF QUE ESTAN EFECTUANDO DISPAROS ENTRE PERSONAS__SON ENTRE 7-8 PERSONAS, TAMBIEN HAY MAS GENTE EN AUTOS Y MOTOS__NO SABE SI HAY HERIDOS__",GENERAL PUEYRREDON,MAR DEL PLATA,-380467.0,-575517.0,V ACC-MC,0,-38.0467,-57.5517,2026,1,January,14,22,2,Miércoles,False,Noche (18-24),[],,OTRA / NO ESPECIFICADA,DISPAROS_PERSONAS
2026-01-13 06:49:00,10015698847,CNEL SUAREZ al 2344,DISPAROS,PERSONAS,"LLAMANTE REFIERE QUE HAY UN HOMBRE QUE ESTA HERIDO DE BALA EN EL LUGAR, LLAMANTE INDICA QUE ESCUCHO TRES DISPAROS Y AL HOMBRE GIRITAR EN LA VIA PUBLICA, NO SABE MAS ",GENERAL PUEYRREDON,,,,V ACC-MC,0,,,2026,1,January,13,6,1,Martes,False,Mañana (06-12),[],,OTRA / NO ESPECIFICADA,DISPAROS_PERSONAS
2026-01-12 22:10:00,10015697383,SABINO ARANA Y GOIRI al 11411,DISPAROS,PERSONAS,LLAMANTE REFIERE QUE HAY UNA CONFRONTACION ENTRE LOS VECINOS SE ESTAN DISPRANDO ENTRE ELLOS __HAY UN MASCULINO HERIDO ,GENERAL PUEYRREDON,MAR DEL PLATA,-379986.0,-57629.0,V ACC-MC,0,-37.9986,-57.629,2026,1,January,12,22,0,Lunes,False,Noche (18-24),[],,OTRA / NO ESPECIFICADA,DISPAROS_PERSONAS
2026-01-12 22:06:00,10015697369,SABINO ARANA Y GOIRI al 11524,DISPAROS,PERSONAS,"LLAMANTE INFORMA QUE HAY PERSONAS DISPARANDOSE ENTRE SI EN LA VIA PUBLICA.  DESCONOCE HERIDOS,  ",GENERAL PUEYRREDON,MAR DEL PLATA,-37998.0,-576301.0,NEGATIVO,"MOVIL 30559 INF AMPLIA RECORRIDA POR LA ZONA NORMAL, NEGATIVO CONFRONTACION ",-37.998,-57.6301,2026,1,January,12,22,0,Lunes,False,Noche (18-24),[],,OTRA / NO ESPECIFICADA,DISPAROS_PERSONAS
2026-01-12 19:42:00,10015696688,MARIA CRESCENCIA PEREZ y 18 De Febrero,DISPAROS,PERSONAS,__ LLAMANTE REFIERE QUE  UN VECINO DE 19 AÑOS  ESTABA LIMPIANDO UNA ESCOPETA Y SE DISPARO EN LA PIERNA ,GENERAL PUEYRREDON,MAR DEL PLATA,-380669539985.0,-576182519992.0,Analizado por ACC-MC,0,-38.0669539985,-57.6182519992,2026,1,January,12,19,0,Lunes,False,Noche (18-24),[],,OTRA / NO ESPECIFICADA,DISPAROS_PERSONAS
2026-01-12 18:58:00,10015696433,PIGUE al 235,DISPAROS,PERSONAS,LLAMANTE REFIERE QUE CONFRONTAN ENTRE 10 PERSONAS - INTERCAMBIAN DISPAROS Y GOLPES DE PUÑO __HAY DOS NIÑAS DE 12 Y 7 AÑOS EN UNA CASA QUE NO TIENE TECHO - ESTÁN COMO ABANDONADAS POR LA MADRE__CREE VARIAS PERSONAS PUEDEN ESTAR DROGÁNDOSE EN EL LUGAR - NO TIENE DESCRIPCIONES PARA APORTAR __SE LE APORTA LÍNEA 102 ,GENERAL PUEYRREDON,MAR DEL PLATA,-379575812036.0,-575966474157.0,V ACC-MC,0,-37.9575812036,-57.5966474157,2026,1,January,12,18,0,Lunes,False,Noche (18-24),[],,OTRA / NO ESPECIFICADA,DISPAROS_PERSONAS
2026-01-12 16:30:00,10015695709,CALLE 487 y COLECTORA,DISPAROS,PERSONAS,LLAMANTE CUIDACOCHES REFIERE QUE DENUNCIO A UN MASCULINO QUE PREVIAMENTE INCENDIO SU DOMICILIO. EN ESTE MOMENTO EL SUJETO LE DISPARO A LA LLAMANTE. NO HAY HERIDOS. ,GENERAL PUEYRREDON,,,,JTv,0,,,2026,1,January,12,16,0,Lunes,False,Tarde (12-18),[],,OTRA / NO ESPECIFICADA,DISPAROS_PERSONAS
2026-01-12 15:44:00,10015695496,DIAGONAL CANATA y Calabria,DISPAROS,PERSONAS,"LLAMANTE MENCIONA QUE ESTAN DISPARANDOLE AL VECINO __REFIERE QUE PASARON DOS VECES__NO SABE HERIDOS, NO SABE CANTIDAD DE PERSONAS __",GENERAL PUEYRREDON,MAR DEL PLATA,-380522799985.0,-575720629992.0,JTv,SE SIGUE EN EL PPAL.-,-38.0522799985,-57.5720629992,2026,1,January,12,15,0,Lunes,False,Tarde (12-18),[],,OTRA / NO ESPECIFICADA,DISPAROS_PERSONAS
2026-01-12 15:41:00,10015695490,DIAGONAL CESAR GASCON y Calabria,DISPAROS,PERSONAS,"LLAMANTE REFIERE REIFERE QUE HAY PERSONAS A LOS TIROS. SE DISPARAN ENTRE ELLOS. NO SABE CUANTOS. REFIERE QUE HAY UNOS EN UN AUTO, PERO NO SABE EN QUE AUTO NI CARACTERISTICAS. CREE QUE NO HAY HERIDOS. ",GENERAL PUEYRREDON,MAR DEL PLATA,-380505569985.0,-575726319992.0,V ACC-MC,0,-38.0505569985,-57.5726319992,2026,1,January,12,15,0,Lunes,False,Tarde (12-18),[],,OTRA / NO ESPECIFICADA,DISPAROS_PERSONAS
2026-01-12 00:14:00,10015692766,EDUARDO CARASA al 5265,DISPAROS,PERSONAS,REFIERE QUE EL MARIDO ESTA AFUERA ESCUCHO DISPAROS LE DISPARAN AL MARIDO NO TIENE MAS INFORMACION ,GENERAL PUEYRREDON,MAR DEL PLATA,-38040138557086.0,-5757585125098.0,NEGATIVO,"30506 ENTREVISTA CON EL SR  DANIEL REFIERE QUE HUBO UNA CONFRONTACION EN LA VIA PUBLICA . AL ARRIBO DEL MOVIL NEGATIVO VAINAS, NEGATIVO HERIDOS. PANORAMA NORMAL",-38.040138557086,-57.57585125098,2026,1,January,12,0,0,Lunes,False,Madrugada (00-06),[],,OTRA / NO ESPECIFICADA,DISPAROS_PERSONAS
2026-01-11 20:58:00,10015691724,AZOPARDO y VERTIZ,DISPAROS,PERSONAS,"LLAMANTE INFORMA QUE    LE PEGARON UN DISPARO A UN HOMBRE EN LA PIERNA, TAMBIEN A UNA MUJER. AMBOS HERIDOS. QUIENES EFECTUARON LAS DETONACIONES ESTAN AUN EN EL LUGAR ",GENERAL PUEYRREDON,MAR DEL PLATA,-379959959985.0,-576240359992.0,V ACC-MC,0,-37.9959959985,-57.6240359992,2026,1,January,11,20,6,Domingo,True,Noche (18-24),[],,OTRA / NO ESPECIFICADA,DISPAROS_PERSONAS
2026-01-11 13:13:00,10015689458,AV ANTARTIDA ARGENTINA al 7284,DISPAROS,PERSONAS,"REFIERE QUE AGARRARON A UN CHICO EN MOTO, SE ESTABAN TIROTEANDO, CREE QUE ALGUIEN HERIDO",GENERAL PUEYRREDON,MAR DEL PLATA,-380679.0,-576247.0,JTv,0,-38.0679,-57.6247,2026,1,January,11,13,6,Domingo,True,Tarde (12-18),[],,OTRA / NO ESPECIFICADA,DISPAROS_PERSONAS
2026-01-11 04:26:00,10015687833,MARCELO T DE ALVEAR al 2458,DISPAROS,PERSONAS,LLAMANTE REFIERE QUE  ESTAN EFECTUANDO DISPAROS A LAS CASAS. DISPARAN DESDE ADENTRO DE LA CASA. NO HAY HERIDOS. __,GENERAL PUEYRREDON,MAR DEL PLATA,-380484622287.0,-575746956499.0,V ACC-MC,0,-38.0484622287,-57.5746956499,2026,1,January,11,4,6,Domingo,True,Madrugada (00-06),[],,OTRA / NO ESPECIFICADA,DISPAROS_PERSONAS
2026-01-11 01:30:00,10015687073,NECOCHEA y Leguizamon,DISPAROS,PERSONAS,"REFIERE QUE SE DISPARAN ENTRE PERSONAS , ESTAN EN LA ESQUINA  ESCUCHA UNA MOTO, NO SABE DAR DESCRIPCIONES .   NO SABE SI HAY HERIDOS .- ",GENERAL PUEYRREDON,MAR DEL PLATA,-379571499985.0,-576032959992.0,V ACC-MC,0,-37.9571499985,-57.6032959992,2026,1,January,11,1,6,Domingo,True,Madrugada (00-06),[],,OTRA / NO ESPECIFICADA,DISPAROS_PERSONAS
2026-01-10 17:00:00,10015684745,CERRITO al 4255,DISPAROS,PERSONAS,LLAMANTE REFIERE QUE HAY DISAPROS EN EL LUGAR.__UN MASCULINO MUERTO.__,GENERAL PUEYRREDON,MAR DEL PLATA,-380613698246.0,-575930680769.0,V ACC-MC,0,-38.0613698246,-57.5930680769,2026,1,January,10,17,5,Sábado,True,Tarde (12-18),[],,OTRA / NO ESPECIFICADA,DISPAROS_PERSONAS
2026-01-10 16:54:00,10015684716,CERRITO y Calle 81,DISPAROS,PERSONAS,REFIERE QUE UN MONTON DE PERSONAS SE DISPARAN. __REFIERE QUE HAY HERIDOS NO SABE CUANTOS,GENERAL PUEYRREDON,MAR DEL PLATA,-380604969985.0,-575918889992.0,V ACC-MC,0,-38.0604969985,-57.5918889992,2026,1,January,10,16,5,Sábado,True,Tarde (12-18),[],,OTRA / NO ESPECIFICADA,DISPAROS_PERSONAS
2026-01-10 16:53:00,10015684713,CERRITO y Calle 83,DISPAROS,PERSONAS,LLAMANTE REFIERE QUE HAY UNA CAMIONETA VOLCADA EN EL LUGAR - VARIOS EFECTUARON DISPAROIS - LOS QUE ESTAN EN MOTOS ARMADOS SE NETIRAN EN NUMERAL DESCENDENTE - UNO NECESITA AAMBULANCIA ,GENERAL PUEYRREDON,MAR DEL PLATA,-380611139985.0,-575927299992.0,V ACC-MC,0,-38.0611139985,-57.5927299992,2026,1,January,10,16,5,Sábado,True,Tarde (12-18),[],,OTRA / NO ESPECIFICADA,DISPAROS_PERSONAS
2026-01-10 16:52:00,10015684706,CERRITO y Calle 81,DISPAROS,PERSONAS,"LLAMANTE REFIERE QUE LE DISPARARON A UN MASCULINO EN LA VIA PUBLICA. HAY UN MASCULINO HERIDO, INDICA QUE ESTA MUY MAL Y SE LO LLEVARON PARA ASISTIRLO. HAY UN VEHICULO DADO VUELTA EN EL LUGAR. LOS AGRESORES SE VAN POR CERRITO HACIA 89. ",GENERAL PUEYRREDON,MAR DEL PLATA,-380604969985.0,-575918889992.0,V ACC-MC,0,-38.0604969985,-57.5918889992,2026,1,January,10,16,5,Sábado,True,Tarde (12-18),[],,OTRA / NO ESPECIFICADA,DISPAROS_PERSONAS
2026-01-10 16:51:00,10015684703,CERRITO y Calle 83,DISPAROS,PERSONAS,LLAMANTE REFIERE QUE SE DISPARAN ENTRE VARIAS PERSONAS __AMPLIA QUE HAY DOS PERSONAS HERIDAS ,GENERAL PUEYRREDON,MAR DEL PLATA,-380611139985.0,-575927299992.0,V ACC-MC,0,-38.0611139985,-57.5927299992,2026,1,January,10,16,5,Sábado,True,Tarde (12-18),[],,OTRA / NO ESPECIFICADA,DISPAROS_PERSONAS
2026-01-10 16:51:00,10015684702,CALLE 81 al 4814,DISPAROS,PERSONAS,LLAMANTE REFIERE ENFRENTAMIENTO ARMADO ENTRE VARIAS PERSONAS. NO SABE SI HAY HERDOS,GENERAL PUEYRREDON,MAR DEL PLATA,-380602.0,-575927.0,V ACC-MC,0,-38.0602,-57.5927,2026,1,January,10,16,5,Sábado,True,Tarde (12-18),[],,OTRA / NO ESPECIFICADA,DISPAROS_PERSONAS
2026-01-10 16:51:00,10015684701,CALLE 81 y Cerrito,DISPAROS,PERSONAS,REFIERE QUE SE DISPARAN MAS 10 PERSONAS. HAY UN  HERIDO,GENERAL PUEYRREDON,MAR DEL PLATA,-380604969985.0,-575918889992.0,V ACC-MC,0,-38.0604969985,-57.5918889992,2026,1,January,10,16,5,Sábado,True,Tarde (12-18),[],,OTRA / NO ESPECIFICADA,DISPAROS_PERSONAS
2026-01-10 16:51:00,10015684699,CALLE 81 al 4719,DISPAROS,PERSONAS,LLAMANTE REFIERE QUE HAY UN TIROTEO EN EL LUGAR - HAY NIÑOS POR TODOS LADOS - UN AUTO CHOCÓ EN EL LUGAR - __CREE PUEDE HABER UN HERIDO - SE DISPARAN A MATAR - HAY VARIOS AUTOS Y MOTOS ,GENERAL PUEYRREDON,MAR DEL PLATA,-380603.0,-575919.0,V ACC-MC,0,-38.0603,-57.5919,2026,1,January,10,16,5,Sábado,True,Tarde (12-18),[],,OTRA / NO ESPECIFICADA,DISPAROS_PERSONAS
2026-01-10 16:51:00,10015684697,CALLE 81 y  ,DISPAROS,PERSONAS,"LLAMANTE REFIERE QUE VOLCO UNA CAMIONETA LE DISPARAN AL CHICO DE LA CAMIONETA, DESCONOCE SI HAY HERIDOS.   ",GENERAL PUEYRREDON,MAR DEL PLATA,-380604969985.0,-575918889992.0,V ACC-MC,0,-38.0604969985,-57.5918889992,2026,1,January,10,16,5,Sábado,True,Tarde (12-18),[],,OTRA / NO ESPECIFICADA,DISPAROS_PERSONAS
2026-01-10 16:50:00,10015684693,CALLE 81 y Cerrito,DISPAROS,PERSONAS,LLAMANTE REFIERE QUE MATARON A UNA FEMENINA __AGREGA QUE SE DISPARAN ENTRE PERSONAS __AMPLIA QUE INTENTAN INCENDIAR CASAS __,GENERAL PUEYRREDON,,-380604969985.0,-575918889992.0,V ACC-MC,0,-38.0604969985,-57.5918889992,2026,1,January,10,16,5,Sábado,True,Tarde (12-18),[],,OTRA / NO ESPECIFICADA,DISPAROS_PERSONAS
2026-01-10 16:50:00,10015684691,CERRITO al 4084,DISPAROS,PERSONAS,"LLAMANTE REFIERE ENFRENTAMIENTO ARMADO ENTRE 20 PERSONAS, __UN MASCULINO HERIDO.__HUBO UN ACCIDENTE ENTRE AUTO Y MOTO",GENERAL PUEYRREDON,MAR DEL PLATA,-38060418127948.0,-57591770577737.0,V ACC-MC,0,-38.060418127948,-57.591770577737,2026,1,January,10,16,5,Sábado,True,Tarde (12-18),[],,OTRA / NO ESPECIFICADA,DISPAROS_PERSONAS
2026-01-10 16:49:00,10015684689,CALLE 81 y Cerrito,DISPAROS,PERSONAS,"LLAMANTE REFIERE QUE LE DISPARAN A UNA CAMIONETA SURAN, SON VARIAS PERSONAS __DESCONOCE HERIDOS __AMPLIA QUE LA CAMIONETA ESTA VOLCADA  ",GENERAL PUEYRREDON,,-380604969985.0,-575918889992.0,Telefonía Fija/Móvil,0,-38.0604969985,-57.5918889992,2026,1,January,10,16,5,Sábado,True,Tarde (12-18),[],,OTRA / NO ESPECIFICADA,DISPAROS_PERSONAS
2026-01-10 16:49:00,10015684687,CERRITO y Calle 83,DISPAROS,PERSONAS,SE DISPARAN MUCHAS PERSONAS. CREE QUE HAY HERIDOS,GENERAL PUEYRREDON,MAR DEL PLATA,-380604969985.0,-575918889992.0,Telefonía Fija/Móvil,0,-38.0604969985,-57.5918889992,2026,1,January,10,16,5,Sábado,True,Tarde (12-18),[],,OTRA / NO ESPECIFICADA,DISPAROS_PERSONAS
2026-01-10 16:49:00,10015684685,CERRITO y Calle 81,DISPAROS,PERSONAS,LLAMANTE REFIERE QUE HAY VARIAS PERSOANS DISPARANDOSE EN LA VIA PUBLICA. LE DISPARARON A UN MASCULINO QUE ESTA EN UN AUTO. ESTA PERSONA ESTARIA FALLECIDO ,GENERAL PUEYRREDON,,-380604969985.0,-575918889992.0,V ACC-MC,0,-38.0604969985,-57.5918889992,2026,1,January,10,16,5,Sábado,True,Tarde (12-18),[],,OTRA / NO ESPECIFICADA,DISPAROS_PERSONAS
2026-01-10 16:48:00,10015684679,CALLE 81 y  ,DISPAROS,PERSONAS,"LLAMANTE REFIERE QUE HAY DISPAROS EN EL LUGAR, ES UN ENFRENTAMIENTO. REFIERE QUE HAY DOS HERIDOS EN EL PISO,.  ",GENERAL PUEYRREDON,,-380604969985.0,-575918889992.0,V ACC-MC,0,-38.0604969985,-57.5918889992,2026,1,January,10,16,5,Sábado,True,Tarde (12-18),[],,OTRA / NO ESPECIFICADA,DISPAROS_PERSONAS
2026-01-10 16:48:00,10015684677,CALLE 81 y Cerrito,DISPAROS,PERSONAS,LLAMANTE REFIERE QUE SE DISPARAN ENTRE PERSONAS  __AGREGA QUE HAY UNA PERSONA FALLECIDA ,GENERAL PUEYRREDON,,-380604969985.0,-575918889992.0,V ACC-MC,0,-38.0604969985,-57.5918889992,2026,1,January,10,16,5,Sábado,True,Tarde (12-18),[],,OTRA / NO ESPECIFICADA,DISPAROS_PERSONAS
2026-01-10 16:48:00,10015684675,CALLE 81 al 4799,DISPAROS,PERSONAS,LLAMANTE REFIERE ENFRENTAMIENTO ARMADOS ENTRE MAS DE 20 PERSONAS.__UNA FEMENINA HERIDA. LA ESTAN MATANDO,GENERAL PUEYRREDON,MAR DEL PLATA,-38060066574654.0,-57592454247591.0,V ACC-MC,0,-38.060066574654,-57.592454247591,2026,1,January,10,16,5,Sábado,True,Tarde (12-18),[],,OTRA / NO ESPECIFICADA,DISPAROS_PERSONAS
2026-01-10 16:47:00,10015684674,CERRITO y Calle 81,DISPAROS,PERSONAS,"LLAMANTE REFIERE QUE ESTAN DISPARANDO A BORDO DE UNA MOTO, NO SABE CUANTOS SON. NO SABE SI HAY HERIDOS. SE DISPARAN ENTRE SI. ",GENERAL PUEYRREDON,MAR DEL PLATA,-380604969985.0,-575918889992.0,V ACC-MC,0,-38.0604969985,-57.5918889992,2026,1,January,10,16,5,Sábado,True,Tarde (12-18),[],,OTRA / NO ESPECIFICADA,DISPAROS_PERSONAS
2026-01-10 16:47:00,10015684672,CERRITO y Calle 81,DISPAROS,PERSONAS,LLAMANTE REFIERE QUE SE AGARRARON A LOS TIROS Y HAY MUERTOS __NO APORTA MAS DATOS ,GENERAL PUEYRREDON,MAR DEL PLATA,-380604969985.0,-575918889992.0,V ACC-MC,0,-38.0604969985,-57.5918889992,2026,1,January,10,16,5,Sábado,True,Tarde (12-18),[],,OTRA / NO ESPECIFICADA,DISPAROS_PERSONAS
2026-01-10 16:47:00,10015684671,CALLE 81 al 4671,DISPAROS,PERSONAS,LLAMANTE REFIERE ENFRENTAMIENTO ARMADO ENTRE 20 PERSONAS. CREE QUE HAY HERIDOS,GENERAL PUEYRREDON,MAR DEL PLATA,-38060723147921.0,-57591599203816.0,V ACC-MC,0,-38.060723147921,-57.591599203816,2026,1,January,10,16,5,Sábado,True,Tarde (12-18),[],,OTRA / NO ESPECIFICADA,DISPAROS_PERSONAS
2026-01-10 16:18:00,10015684556,GANDHI y VUELTA DE OBLIGADO,DISPAROS,PERSONAS,"ESTAN EFECTUANDO DISPAROS HACIA LA HIJA MENOR DEL LLAMANTE. NO HAY HERIDOS.__LOS AGRSORES SON DOS, DE APELLIDO CARRARO",GENERAL PUEYRREDON,,,,V ACC-MC,0,,,2026,1,January,10,16,5,Sábado,True,Tarde (12-18),[],,OTRA / NO ESPECIFICADA,DISPAROS_PERSONAS
2026-01-10 16:16:00,10015684544,AV JOSE COELHO DE MEYRELLES y Joaquin V Gonzalez,DISPAROS,PERSONAS,"LLAMANTE REFIERE QUE ESCUHA DISPAROS Y GRITOS EN EL LUGAR, NO HAY MAS DATOS",GENERAL PUEYRREDON,MAR DEL PLATA,-379456859984.0,-575546049992.0,V ACC-MC,0,-37.9456859984,-57.5546049992,2026,1,January,10,16,5,Sábado,True,Tarde (12-18),[],,OTRA / NO ESPECIFICADA,DISPAROS_PERSONAS
2026-01-10 16:11:00,10015684524,GANDHI al 2808,DISPAROS,PERSONAS,"HAY GENTE LIMPIANDO EL ARROYO, ES PERSONAL DE VIALIDAD. EFECTUARON DISPAROS HACIA ELLOS CON UNA ESCOPETA Y CARABINA. NO HAY HERIDOS AL MOMENTOS__LOS AGRESORES SON DE APELLIDO CARRARA",GENERAL PUEYRREDON,,,,JTv,0,,,2026,1,January,10,16,5,Sábado,True,Tarde (12-18),[],,OTRA / NO ESPECIFICADA,DISPAROS_PERSONAS
2026-01-09 19:51:00,10015680566,TOMAS FALKNER al 9600,DISPAROS,PERSONAS,LLAMANTE REFIERE QUE HAY UN HERIDO DE BALA.- FUE EN CIRCUNSTANCIAS DE UNA PELEA.- LOS AGRESORES YA NO ESTAN EN EL LUGAR.- ,GENERAL PUEYRREDON,MAR DEL PLATA,-37949389441359.0,-57605454231363.0,V ACC-MC,0,-37.949389441359,-57.605454231363,2026,1,January,9,19,4,Viernes,False,Noche (18-24),[],,OTRA / NO ESPECIFICADA,DISPAROS_PERSONAS
2026-01-09 19:46:00,10015680545,TOMAS FALKNER al 9600,DISPAROS,PERSONAS,UN TIROTEO 2 HERIDOS DE BALA SOLIC AMBULANCIA URGENTE ,GENERAL PUEYRREDON,MAR DEL PLATA,-37949389441359.0,-57605454231363.0,V ACC-MC,0,-37.949389441359,-57.605454231363,2026,1,January,9,19,4,Viernes,False,Noche (18-24),[],,OTRA / NO ESPECIFICADA,DISPAROS_PERSONAS
2026-01-09 19:44:00,10015680533,TOMAS FALKNER al 9600,DISPAROS,PERSONAS,LLAMANTE REFIERE QUE HAY DOS HERIDOS DE BALAS.- FUE EN CIRCUNSTANCIAS DE UNA PELEA.- ,GENERAL PUEYRREDON,MAR DEL PLATA,-37949389441359.0,-57605454231363.0,V ACC-MC,0,-37.949389441359,-57.605454231363,2026,1,January,9,19,4,Viernes,False,Noche (18-24),[],,OTRA / NO ESPECIFICADA,DISPAROS_PERSONAS
2026-01-09 19:43:00,10015680530,TOMAS FALKNER al 9620,PEDIDO GENERICO DE AUXILIO,PGA,SOLIC MOVIL CONFLICTO VECINAL A UN MASC LE DISPARARON __,GENERAL PUEYRREDON,MAR DEL PLATA,-379494.0,-576057.0,V ACC-MC,0,-37.9494,-57.6057,2026,1,January,9,19,4,Viernes,False,Noche (18-24),[],,OTRA / NO ESPECIFICADA,DISPAROS_PERSONAS
2026-01-09 19:43:00,10015680525,TOMAS FALKNER al 9600,DISPAROS,PERSONAS,LLAMANTE REFIERE QUE HAY DOS HERIDOS DE BALA DOS MASCULINOS QUE VIVEN A LA VUELTA LES DISPARARON ,GENERAL PUEYRREDON,MAR DEL PLATA,-379493894414.0,-576054542314.0,V ACC-MC,0,-37.9493894414,-57.6054542314,2026,1,January,9,19,4,Viernes,False,Noche (18-24),[],,OTRA / NO ESPECIFICADA,DISPAROS_PERSONAS
2026-01-09 19:43:00,10015680524,DR CASTELLANO al 141,DISPAROS,PERSONAS,"LLAMANTE REFIERE QUE HUBO ENFRENTAMIENTO ARMADO,__HAY DOS HERIDOS.__LOS AGRSAORES SE VAN PARA RIO NEGRO Y CASTELLANO",GENERAL PUEYRREDON,MAR DEL PLATA,-37948552766327.0,-57606180756903.0,V ACC-MC,0,-37.948552766327,-57.606180756903,2026,1,January,9,19,4,Viernes,False,Noche (18-24),[],,OTRA / NO ESPECIFICADA,DISPAROS_PERSONAS
2026-01-09 19:42:00,10015680522,TOMAS FALKNER al 9615,VIOLENCIA,NO FAMILIAR,"LLAMANTE REFIERE QUE HAY UNA PELEA VECINAL ENTRE 3 PERSONAS__ESTAN ARMADOS __HAY DOS HERIDOS DE BALA, NO SABE SI ESTÁN COSNCIENTES",GENERAL PUEYRREDON,MAR DEL PLATA,-37949314412828.0,-57605595195627.0,V ACC-MC,0,-37.949314412828,-57.605595195627,2026,1,January,9,19,4,Viernes,False,Noche (18-24),[],,OTRA / NO ESPECIFICADA,DISPAROS_PERSONAS
2026-01-09 19:42:00,10015680519,TOMAS FALKNER y Balet,DISPAROS,PERSONAS,LLAMANTE REFIERE QUE BALEARON A SU VECINO.,GENERAL PUEYRREDON,MAR DEL PLATA,-379488699985.0,-576064439992.0,V ACC-MC,0,-37.9488699985,-57.6064439992,2026,1,January,9,19,4,Viernes,False,Noche (18-24),[],,OTRA / NO ESPECIFICADA,DISPAROS_PERSONAS
2026-01-09 19:41:00,10015680516,TOMAS FALKNER al 9600,DISPAROS,PERSONAS,LLAMANTE REFIERE QUE SDE ENFRNATAN CON ARMAS DE FUEGO.- NO SABE CUANTAS PERSONAS SON.- HAY UN HOMBRE HERIDO TIRADO.- ,GENERAL PUEYRREDON,MAR DEL PLATA,-37949389441359.0,-57605454231363.0,V ACC-MC,0,-37.949389441359,-57.605454231363,2026,1,January,9,19,4,Viernes,False,Noche (18-24),[],,OTRA / NO ESPECIFICADA,DISPAROS_PERSONAS
2026-01-09 19:41:00,10015680513,TOMAS FALKNER al 9640,DISPAROS,PERSONAS,LLAMANTE REFIERE QUE LE EFECTUAN DISAPARO A MASCULINO EN EL PECHO.__HAY ENFRENTAMIENTO ARMADO DE VARIAS PERSONAS,GENERAL PUEYRREDON,MAR DEL PLATA,-379493.0,-576059.0,V ACC-MC,0,-37.9493,-57.6059,2026,1,January,9,19,4,Viernes,False,Noche (18-24),[],,OTRA / NO ESPECIFICADA,DISPAROS_PERSONAS
2026-01-09 19:41:00,10015680509,TOMAS FALKNER al 9650,DISPAROS,PERSONAS,"LLTE CUENTA QUE LE EFECTUARON UN DISPARO A UN MASCULINO EN LA CALLE,SE LO ESTAN LLEVANDO AL HOSPITAL AL HERIDO. HAY VARIOS AUTOS. __LOS AGRESORES SON CARINA RETAMAR, MARIA, ENTRE OTROS. ",GENERAL PUEYRREDON,MAR DEL PLATA,-37949124645441.0,-57605959333404.0,V ACC-MC,0,-37.949124645441,-57.605959333404,2026,1,January,9,19,4,Viernes,False,Noche (18-24),[],,OTRA / NO ESPECIFICADA,DISPAROS_PERSONAS
2026-01-09 19:40:00,10015680508,TOMAS FALKNER al 9651,DISPAROS,PERSONAS,LLAMANTE REFIERE QUE  HAY DOS PERSONAS HERIDAS POR ARMAS DE FUEGO,GENERAL PUEYRREDON,,,,V ACC-MC,0,,,2026,1,January,9,19,4,Viernes,False,Noche (18-24),[],,OTRA / NO ESPECIFICADA,DISPAROS_PERSONAS
2026-01-09 19:39:00,10015680505,COLOMBIA y Rio Negro,DISPAROS,PERSONAS,LLAMANTE REFIERE QUE SE ENFRENTAN CON ARMAS DE FUEGO-- SON 4 PERSONAS- NO SABE SI HAY HERIDOS.- ,GENERAL PUEYRREDON,MAR DEL PLATA,-379501789985.0,-576060689992.0,V ACC-MC,0,-37.9501789985,-57.6060689992,2026,1,January,9,19,4,Viernes,False,Noche (18-24),[],,OTRA / NO ESPECIFICADA,DISPAROS_PERSONAS
2026-01-09 19:35:00,10015680478,TOMAS FALKNER al 9651,DISPAROS,PERSONAS,"LLTE REF QUE , LOS TIROTEARON ,2 MASC CUANDO LOS INCREPARON POR UNA DISCUCION __AHORA ESTAN EN LA CALLE 224 ENTRE FALKNER __ LA LLTE ESTA EN EL QTH APORTADO NO HAY HERIDOS ",GENERAL PUEYRREDON,MAR DEL PLATA,-37949123759767.0,-57605958869096.0,V ACC-MC,0,-37.949123759767,-57.605958869096,2026,1,January,9,19,4,Viernes,False,Noche (18-24),[],,OTRA / NO ESPECIFICADA,DISPAROS_PERSONAS
2026-01-09 19:35:00,10015680477,TOMAS FALKNER al 9666,DISPAROS,PERSONAS,"EN EL LUGAR HAY ENFRENTAMIENTO ARMADO, HAY UNA FEMENINA  CON PELO CORTADO CON 3 MASCULINOS.__PUEDE HABER UN HERIDO ",GENERAL PUEYRREDON,MAR DEL PLATA,-37949039910748.0,-57606120966057.0,V ACC-MC,0,-37.949039910748,-57.606120966057,2026,1,January,9,19,4,Viernes,False,Noche (18-24),[],,OTRA / NO ESPECIFICADA,DISPAROS_PERSONAS
2026-01-09 18:18:00,10015680163,WILLIAMS MORRIS y Valentini,DISPAROS,PERSONAS,"LLAMANTE REFIERE QUE SE ESTAN TIRANDO TIROS, SON  DOS BANDAS ,. VIO A UNA MOTO CON UN MASCULINO QUE PASO Y LE DISPARO OTRA PERSONA, NO SABE SI HAY HERIDOS, ",GENERAL PUEYRREDON,MAR DEL PLATA,-380408019985.0,-575906969992.0,V ACC-MC,0,-38.0408019985,-57.5906969992,2026,1,January,9,18,4,Viernes,False,Noche (18-24),[],,OTRA / NO ESPECIFICADA,DISPAROS_PERSONAS
2026-01-09 16:01:00,10015679626,67 al 4789,DISPAROS,PERSONAS,"HAY UNA TRAFIC ROBADA HAY UNOS  CHICOS COMO 10  MASCULINOS A LOS TIROS , NO SABE SI HAY HERIDOS __",GENERAL PUEYRREDON,,,,JTv,0,,,2026,1,January,9,16,4,Viernes,False,Tarde (12-18),[],,OTRA / NO ESPECIFICADA,DISPAROS_PERSONAS
2026-01-08 22:14:00,10015676570,AV FORTUNATO DE LA PLAZA y Av Polonia,DISPAROS,PERSONAS,"__LLAMANTE MENCIONA QUE 6 O 7 MASCULINOS SE EFECTUAN DISPAROS EN UN DESCAMPADO, ESTABAN ATRAS DE LAS TORRES, DESCONOCE SI HAY HERIDOS.- ",GENERAL PUEYRREDON,MAR DEL PLATA,-380205999985.0,-576035759992.0,V ACC-MC,0,-38.0205999985,-57.6035759992,2026,1,January,8,22,3,Jueves,False,Noche (18-24),[],,OTRA / NO ESPECIFICADA,DISPAROS_PERSONAS
2026-01-08 09:35:00,10015673769,CNEL SUAREZ al 2558,DISPAROS,PERSONAS,REFIERE QUE HAY UN INCENDIO DE UNA CASA. HAY GENTE ATRAPADA. REFIERE QUE ESTAN A LOS TIROS. HAY PERSONAS ARMADAS.SON DOS MASCULINOS.SON VECINOS. PIDE BOMBEROS Y AMBULANCIA.-,GENERAL PUEYRREDON,MAR DEL PLATA,-37979897742077.0,-57604820080293.0,REDERIVADO,0,-37.979897742077,-57.604820080293,2026,1,January,8,9,3,Jueves,False,Mañana (06-12),[],,OTRA / NO ESPECIFICADA,DISPAROS_PERSONAS
2026-01-08 09:31:00,10015673760,ESTEBAN GASCON al 7788,DISPAROS,PERSONAS,"LLAMANTE REFIERE QUE UN HOMBRE QUE ESTA ADENTRO DE SU CASA HERIDO , MENCIONA QUE ESCUCHO UN TIROTEO, SE LEVANTO Y VIO EL HOMBRE QUE ESTA TIRADO EN SU CASA , NO LO CONOCE, LLAMANTE NO RESPONDE Y LLORA , SE CORTA PARA TRANSMITIR .- ",GENERAL PUEYRREDON,MAR DEL PLATA,-37979471852978.0,-57604334428724.0,JTv,0,-37.979471852978,-57.604334428724,2026,1,January,8,9,3,Jueves,False,Mañana (06-12),[],,OTRA / NO ESPECIFICADA,DISPAROS_PERSONAS
2026-01-08 04:15:00,10015673288,CNEL SUAREZ y Esteban Gascon,DISPAROS,PERSONAS,LLAMANTE REFIERE QUE HAY DISPAROS ENTRE PERSONAS DE ESQUINA A ESQUINA. SE LE PREGUNTA SI HAY HERIDOS Y DEJA DE RESPONDER.,GENERAL PUEYRREDON,MAR DEL PLATA,-379802259985.0,-576050869992.0,V ACC-MC,0,-37.9802259985,-57.6050869992,2026,1,January,8,4,3,Jueves,False,Madrugada (00-06),[],,OTRA / NO ESPECIFICADA,DISPAROS_PERSONAS
2026-01-08 04:08:00,10015673270,CNEL SUAREZ y Esteban Gascon,DISPAROS,PERSONAS,LLAMANTE REFIERE QUE HAY DISPAROS ENTRE VECINOS. TIENEN REVOLVERES Y ESCOPETAS. ESTAN ROMPIENDO LOS VIDRIOS CON LOS DISPAROS. NO SABE SI HAY HERIDOS.,GENERAL PUEYRREDON,,-379802259985.0,-576050869992.0,V ACC-MC,0,-37.9802259985,-57.6050869992,2026,1,January,8,4,3,Jueves,False,Madrugada (00-06),[],,OTRA / NO ESPECIFICADA,DISPAROS_PERSONAS
2026-01-08 04:06:00,10015673265,CNEL SUAREZ y Esteban Gascon,DISPAROS,PERSONAS,LLAMANTE REFIERE QUE HAY DISPAROS ENTRE PERSONAS DE ESQUINA A ESQUINA. NO SABE SI HAY HERIDOS.,GENERAL PUEYRREDON,MAR DEL PLATA,-379802259985.0,-576050869992.0,V ACC-MC,0,-37.9802259985,-57.6050869992,2026,1,January,8,4,3,Jueves,False,Madrugada (00-06),[],,OTRA / NO ESPECIFICADA,DISPAROS_PERSONAS
2026-01-07 07:03:00,10015669014,MANUEL SAVIO y Ricardo Guiraldes,DISPAROS,PERSONAS,REFIERE QUE SE ESTAN EFECTUANDO DISPAROS ENTRE PERSONAS NO VE CUANTAS NO VE SI HAY HERIDOS ESCUCHA GRITOS ,GENERAL PUEYRREDON,MAR DEL PLATA,-380446929985.0,-575872449992.0,V ACC-MC,0,-38.0446929985,-57.5872449992,2026,1,January,7,7,2,Miércoles,False,Mañana (06-12),[],,OTRA / NO ESPECIFICADA,DISPAROS_PERSONAS
2026-01-07 02:55:00,10015668555,SAN SALVADOR al 11043,DISPAROS,PERSONAS,"LLAMANTE REFIERE QUE UN HOMBRE RECIBIO CINCO DISPAROS, Y OTRO UN DISPARO EN LA CABEZA, TIENEN UNOS VEINTE AÑOS LOS DOS, NO SABE PORQUE LES DISPARARON . ESCUCHA GRITOS Y PIDEN ENTRAR.",GENERAL PUEYRREDON,MAR DEL PLATA,-379963.0,-576202.0,V ACC-MC,0,-37.9963,-57.6202,2026,1,January,7,2,2,Miércoles,False,Madrugada (00-06),[],,OTRA / NO ESPECIFICADA,DISPAROS_PERSONAS
2026-01-07 02:52:00,10015668547,SAN SALVADOR y Carmen De Las Flores,DISPAROS,PERSONAS,"LLAMANTE REFIERE QUE LE DISPARARON A UN CHICO  , CREE QUE EN LA CABEZA. GRITA PIDIENDO AYUDA, ESTA LLENO DE SANGRE",GENERAL PUEYRREDON,MAR DEL PLATA,-379965879985.0,-576198349992.0,V ACC-MC,0,-37.9965879985,-57.6198349992,2026,1,January,7,2,2,Miércoles,False,Madrugada (00-06),[],,OTRA / NO ESPECIFICADA,DISPAROS_PERSONAS
2026-01-07 02:51:00,10015668544,SAN SALVADOR al 11026,DISPAROS,PERSONAS,"LLAMANTE REFIERE QUE HAY DOS MASCULINOS PIDIENDO AUXILIO , LE TIRARON 5 TIROS, UNO TIENE DISPARO EN LA CABEZA Y LE ESTA SANGRANDO MUCHO EL OTRO EN EL HOMBRO Y EN LA PIERNA, NO SABE QUE PASA, ",GENERAL PUEYRREDON,MAR DEL PLATA,-37996411433237.0,-57620061613336.0,JTv,0,-37.996411433237,-57.620061613336,2026,1,January,7,2,2,Miércoles,False,Madrugada (00-06),[],,OTRA / NO ESPECIFICADA,DISPAROS_PERSONAS
2026-01-07 02:07:00,10015668416,PIGUE al 2516,DISPAROS,PERSONAS,"LLAMANTE INFORMA QUE SE ESTAN ENFRENTANDO CON ARMAS DE FUEGO__NO SABE CANTIDAD DE INVOLUCRADOS__NO SABE SI HAY HERIDOS, CREE QUE SI",GENERAL PUEYRREDON,MAR DEL PLATA,-379761.0,-576114.0,V ACC-MC,0,-37.9761,-57.6114,2026,1,January,7,2,2,Miércoles,False,Madrugada (00-06),[],,OTRA / NO ESPECIFICADA,DISPAROS_PERSONAS
2026-01-07 01:23:00,10015668253,ESTEBAN GASCON y 202,DISPAROS,PERSONAS,"LLAMANTE INFORMA  HAY 4  PERSONAS QUE SE  EFECTUAN DETONACIONES DE ARMA DE FUEGO ENTRE ELLOS, HAY DOS EN CASA ESQUINA] HAY UN MASCULINO EN E L PISO, CREE QUE CON UNA HERIDA EN LA PIERNA__ NO APORTA MAS DATOS____",GENERAL PUEYRREDON,,,,V ACC-MC,0,,,2026,1,January,7,1,2,Miércoles,False,Madrugada (00-06),[],,OTRA / NO ESPECIFICADA,DISPAROS_PERSONAS
2026-01-07 01:20:00,10015668244,ESTEBAN GASCON y Pigue,DISPAROS,PERSONAS,LLAMANTE REFIERE QUE HAY 4 PERSONAS EFECTUANDOSE DETONACIONES ENTRE SI,GENERAL PUEYRREDON,MAR DEL PLATA,-379758749985.0,-576114289992.0,JTv,0,-37.9758749985,-57.6114289992,2026,1,January,7,1,2,Miércoles,False,Madrugada (00-06),[],,OTRA / NO ESPECIFICADA,DISPAROS_PERSONAS
2026-01-07 00:48:00,10015668124,ESTEBAN GASCON y Pigue,DISPAROS,PERSONAS,"LLAMANTE REFIERE QUE SE ESTAN TIROTEANDO, HYA UNO QUE GRITA NO SABE SI HAY HERIDOS, ",GENERAL PUEYRREDON,MAR DEL PLATA,-379758749985.0,-576114289992.0,V ACC-MC,0,-37.9758749985,-57.6114289992,2026,1,January,7,0,2,Miércoles,False,Madrugada (00-06),[],,OTRA / NO ESPECIFICADA,DISPAROS_PERSONAS
2026-01-07 00:36:00,10015668089,ALBERTI y Pigue,DISPAROS,PERSONAS,"LLAMANTE REFIERE QUE ESCUCHA DISPAROS, ES ENTRE 3 PERSONAS, NO SABE SI HAY HERIDOS",GENERAL PUEYRREDON,MAR DEL PLATA,-379766859985.0,-576120719992.0,Telefonía Fija/Móvil,"30885 INFORMA AL ARRIBO NEGATIVO DETONACIONES, VECINOS NO ENTREVISTAN",-37.9766859985,-57.6120719992,2026,1,January,7,0,2,Miércoles,False,Madrugada (00-06),[],,OTRA / NO ESPECIFICADA,DISPAROS_PERSONAS
2026-01-06 11:59:00,10015664828,SABINO ARANA Y GOIRI al 2100,DISPAROS,PERSONAS,"LLAMANTE REFIERE QUE LE ACABAN DE DISPARAR A UN MASCULINO QUE LE QUERIAN ROBAR LA MOTO, LE ACABAN DE AVISAR, NO SABE COMO FUE EL ROBO.",GENERAL PUEYRREDON,MAR DEL PLATA,-38060263394432.0,-57547473304436.0,Telefonía Fija/Móvil,0,-38.060263394432,-57.547473304436,2026,1,January,6,11,1,Martes,False,Mañana (06-12),[],,OTRA / NO ESPECIFICADA,DISPAROS_PERSONAS
2026-01-05 23:17:00,10015662672,JOSE MARTI al 3666,DISPAROS,PERSONAS,"LLAMANTE REFIERE QUE HAY ENFRENTAMIENTO  ARMADO. __NO SABE CUANTOS SON,__NO SABE SI HAY HERIDOS",GENERAL PUEYRREDON,MAR DEL PLATA,-3805651021927.0,-57588129413748.0,NEGATIVO,INF MOV QUE AL ARRIBO PANORAMA NORMAL -NADIE ENTREVISTA -,-38.05651021927,-57.588129413748,2026,1,January,5,23,0,Lunes,False,Noche (18-24),[],,OTRA / NO ESPECIFICADA,DISPAROS_PERSONAS
2026-01-05 02:26:00,10015658196,AV JARA y Necochea,DISPAROS,PERSONAS,LLAMANTE REFIERE QUE HAY  DOS MASCULINOS PELEANDO  EN LA VIA PUBLICA   UNO DE ELLOS ESTA ARMADO DISPARANDO.____,GENERAL PUEYRREDON,MAR DEL PLATA,-379774818057.0,-575632188941.0,V ACC-MC,0,-37.9774818057,-57.5632188941,2026,1,January,5,2,0,Lunes,False,Madrugada (00-06),[],,OTRA / NO ESPECIFICADA,DISPAROS_PERSONAS
2026-01-05 02:13:00,10015658156,AV JARA y Necochea,DISPAROS,PERSONAS,"LLAMANTE REFIERE QUE SE ESTAN DISPARANDO EN LA VIA PUBLICA ENTRE PERSONAS, ESCUCHA 3 PERSONAS, NO SABE SI HAY HERIDOS. __",GENERAL PUEYRREDON,MAR DEL PLATA,-37976691515.0,-575625754823.0,V ACC-MC,0,-37.976691515,-57.5625754823,2026,1,January,5,2,0,Lunes,False,Madrugada (00-06),[],,OTRA / NO ESPECIFICADA,DISPAROS_PERSONAS
2026-01-05 00:10:00,10015657582,AV JARA y Rodriguez Peña,DISPAROS,PERSONAS,"REFIERE QUE CAMIONETA TOYOTA  COLOR GRIS OSCURO, ESTA PASANDO POR SU CASA  LES DISPARA A SU FAMILIA , SOLICTA MOVIL URGENTE",GENERAL PUEYRREDON,MAR DEL PLATA,-379999933086.0,-575814274857.0,JTv,0,-37.9999933086,-57.5814274857,2026,1,January,5,0,0,Lunes,False,Madrugada (00-06),[],,TOYOTA,DISPAROS_PERSONAS
2026-01-04 23:55:00,10015657465,AV JARA y Rodriguez Peña,DISPAROS,PERSONAS,REFIERE QUE  HUBO UN TIROTEO DESDE UNA TOYOTA SRV LLANTAS NEGRAS COLOR GRIS NO HAY HERIDOS HABIA DOS MASCULINOS DISPARABAN A PERSONAS DESDE LA CAMIONETA NO HAY HERIDOS NO SABE SI ESTAN EN EL LUGAR ,GENERAL PUEYRREDON,,-379999923706.0,-575814285278.0,JTv,0,-37.9999923706,-57.5814285278,2026,1,January,4,23,6,Domingo,True,Noche (18-24),[],,TOYOTA,DISPAROS_PERSONAS
2026-01-04 23:50:00,10015657433,AV JARA al 3347,DISPAROS,PERSONAS,LLAMANTE REFIERE QUE HAY PERSONAS DISPARANDO EN LA VIA PUBLICA. NO SABE CUANTOS SON. SE DISPARAN ENTRE SI. NO  HAY HERIDOS. ,GENERAL PUEYRREDON,MAR DEL PLATA,-38000365616099.0,-57581729390859.0,V ACC-MC,0,-38.000365616099,-57.581729390859,2026,1,January,4,23,6,Domingo,True,Noche (18-24),[],,OTRA / NO ESPECIFICADA,DISPAROS_PERSONAS
2026-01-04 23:50:00,10015657430,AV JARA al 3224,DISPAROS,PERSONAS,LLAMANTE REFIERE QUE SE DISPARAN ENTRE PERSONAS __NO HAY HERIDOS ,GENERAL PUEYRREDON,MAR DEL PLATA,-37999396748327.0,-57580935174529.0,V ACC-MC,0,-37.999396748327,-57.580935174529,2026,1,January,4,23,6,Domingo,True,Noche (18-24),[],,OTRA / NO ESPECIFICADA,DISPAROS_PERSONAS
2026-01-04 23:49:00,10015657425,AV JARA y San Lorenzo,DISPAROS,PERSONAS,LLAMANTE REFIERE QUE HAY UN GRUPO DE APROX. 10 PERSONAS DE ETNIA GITANA CONFROTANDO Y DISPARANDOSE EN LA VIA PUBLICA. APARENTEMENTE NO HAY HERIDOS. ,GENERAL PUEYRREDON,MAR DEL PLATA,-379999933086.0,-575814274857.0,POSITIVO,"34844 INFORMA AL ARRIBO ENTREVISTA CON SR DEMETRIO, NO QUIERE APORTAR MAS DATOS, REFIERE QUE SON PROBLEMAS ENTRE ZINGAROS Y QUE SOLUCIONAN ENTRE ELLOS. ENTREVISTAAD SRA DEMETRIO YAMILA, REFIERE QUE SON PROBLEMAS ENTRE ELLOS, QUE NO QUIEREN POLCIIA. ",-37.9999933086,-57.5814274857,2026,1,January,4,23,6,Domingo,True,Noche (18-24),[],,OTRA / NO ESPECIFICADA,DISPAROS_PERSONAS
2026-01-04 21:41:00,10015656845,PEHUAJO al 744,DISPAROS,PERSONAS,LLAMANTE REFIERE QUE  HUBO UN OELEA VECINAL Y HAY PERSONAS CON ARMAS __NIÑOS CORREN PARA TODOS LADOS - DESCONOCE SI HAY HERIDOS __EFECTUARON DETONACIONES PERO NO LLEGÓ A VERLOS  - MANIFIESTA QUE LE DISPARABAN A ALGUIEN,GENERAL PUEYRREDON,MAR DEL PLATA,-38017394982118.0,-57586456570855.0,JTv,0,-38.017394982118,-57.586456570855,2026,1,January,4,21,6,Domingo,True,Noche (18-24),[],,OTRA / NO ESPECIFICADA,DISPAROS_PERSONAS
2026-01-04 20:27:00,10015656491,ECUADOR al 1965,DISPAROS,PERSONAS,LLAMANTE REFIERE QUE ENFRENTAMIENTO ARMADO.__HAY MENORES EN EL LUGAR.__NO SABE SI HAY HERIDOS.__,GENERAL PUEYRREDON,MAR DEL PLATA,-37966474808642.0,-5761788228761.0,V ACC-MC,0,-37.966474808642,-57.61788228761,2026,1,January,4,20,6,Domingo,True,Noche (18-24),[],,OTRA / NO ESPECIFICADA,DISPAROS_PERSONAS
2026-01-04 20:25:00,10015656485,ECUADOR y Moreno,DISPAROS,PERSONAS,"LLAMANTE REFIERE QUE EN EL LUGAR ESTAN CONFRONTANDO  CON DISPAROS DE ARAA DE FUEGO__SON DIEZ PERSONAS APROX, NO VE SI HAY HERIDOS",GENERAL PUEYRREDON,MAR DEL PLATA,-379659689985.0,-576174769992.0,V ACC-MC,0,-37.9659689985,-57.6174769992,2026,1,January,4,20,6,Domingo,True,Noche (18-24),[],,OTRA / NO ESPECIFICADA,DISPAROS_PERSONAS
2026-01-04 16:23:00,10015655369,JUANA AZURDUY y SAN SALVADOR ,DISPAROS,PERSONAS,LLAMANTE REFIERE QUE LOS VECINOS SE ESTAN DISAPRANDO ENTR ELLOS. UNO ESTA EN MOTO Y EL OTRO A PIE CON UN CASCO PUESTO Y U ARMA LARGA EN LA MANO. NO HAY HERIDOS __,GENERAL PUEYRREDON,,-379925949985.0,-576199579992.0,V ACC-MC,0,-37.9925949985,-57.6199579992,2026,1,January,4,16,6,Domingo,True,Tarde (12-18),[],,OTRA / NO ESPECIFICADA,DISPAROS_PERSONAS
2026-01-03 11:39:00,10015649412,GAMAL NASSER y Ituzaingo,DISPAROS,PERSONAS,LLAMANTE REFIERE QUE HAY UNA PAREJA PELEANDOSE. SE METIERON OTROS FAMILIARES SE ESTAN GOLPEANDO. TIENEN ARMAS Y EFECTUARON DOS  DISPAROS. NO SABE SI HAY HERIDOS,GENERAL PUEYRREDON,MAR DEL PLATA,-379691309985.0,-575818639992.0,V ACC-MC,0,-37.9691309985,-57.5818639992,2026,1,January,3,11,5,Sábado,True,Mañana (06-12),[],,OTRA / NO ESPECIFICADA,DISPAROS_PERSONAS
2026-01-02 23:44:00,10015647393,BELGRANO al 11478,DISPAROS,PERSONAS,LLAMANTE REFIERE QUE HAY TRES MASCULINOS EFECTUANDO DETONACIONES AL AIRE HAY DOS HERIDOS,GENERAL PUEYRREDON,MAR DEL PLATA,-37955813931891.0,-57637433046393.0,V ACC-MC,0,-37.955813931891,-57.637433046393,2026,1,January,2,23,4,Viernes,False,Noche (18-24),[],,OTRA / NO ESPECIFICADA,DISPAROS_PERSONAS
2026-01-02 23:32:00,10015647329,DR MARCELO JULIO FITTE al 3338,DISPAROS,PERSONAS,LLAMANTE REFIERE QUE SE SE ESTAN DISPARANDO ENTRE PERSONAS NO REFIERE SI HAY HERIDOS,GENERAL PUEYRREDON,MAR DEL PLATA,-380212.0,-576259.0,JTv,0,-38.0212,-57.6259,2026,1,January,2,23,4,Viernes,False,Noche (18-24),[],,OTRA / NO ESPECIFICADA,DISPAROS_PERSONAS
2026-01-02 22:21:00,10015646941,GUTEMBERG y Lanzilota,DISPAROS,PERSONAS,SE ENFRNETAN CON ARMAS DE FUEGO.- NO SABE SI HAY HERIDOS.- ,GENERAL PUEYRREDON,MAR DEL PLATA,-380520179985.0,-575740989992.0,V ACC-MC,0,-38.0520179985,-57.5740989992,2026,1,January,2,22,4,Viernes,False,Noche (18-24),[],,OTRA / NO ESPECIFICADA,DISPAROS_PERSONAS
2026-01-02 20:07:00,10015646126,ALTE BROWN al 8817,DISPAROS,PERSONAS,LLAMANTE REFIERE QUE UN MASCULINO INGRESO Y LE DISPARO A 2 PERSONAS. HAY 2 HERIDOS (UNA FEMENINA Y UN MASCULINO). ES EL EX MARIDO DE LA DUEÑA DE LA VIVIENDA. ,GENERAL PUEYRREDON,MAR DEL PLATA,-37972716939251.0,-57613308673214.0,V ACC-MC,0,-37.972716939251,-57.613308673214,2026,1,January,2,20,4,Viernes,False,Noche (18-24),[],,OTRA / NO ESPECIFICADA,DISPAROS_PERSONAS
2026-01-02 20:06:00,10015646121,ALTE BROWN al 8824,DISPAROS,PERSONAS,"__LLAMANTE MENCIONA QUE UN MASCULINO LE EFECTUO DOS DISPAROS, A UNA FEMENINA HERIDA  DE 40 AÑOS Y UNA MENOR DE 17 AÑOS, AGREGA QUE EL MASCULINO QUE DISPARO SE LLAMA GABRIEL MANSILLA  Y ES LA EX PAREJA.- ",GENERAL PUEYRREDON,MAR DEL PLATA,-379727.0,-576134.0,V ACC-MC,0,-37.9727,-57.6134,2026,1,January,2,20,4,Viernes,False,Noche (18-24),[],,OTRA / NO ESPECIFICADA,DISPAROS_PERSONAS
2026-01-02 20:01:00,10015646098,PARAGUAY y Falucho,DISPAROS,PERSONAS,REF QUE HAY UN MASC QUE LE DISPARO A UNA FEM __ EL MASC DE SE VA POR CALLE  210 TODO DE NEGRA __ JEAN CLARO  Y MOCHILA __ LLEGO EL MOVIL __ LA FEM CORRIO PARA ADENTRO,GENERAL PUEYRREDON,MAR DEL PLATA,-379735879985.0,-576137789992.0,Telefonía Fija/Móvil,0,-37.9735879985,-57.6137789992,2026,1,January,2,20,4,Viernes,False,Noche (18-24),[],,OTRA / NO ESPECIFICADA,DISPAROS_PERSONAS
2026-01-02 20:01:00,10015646092,PARAGUAY y BAYLEY,DISPAROS,PERSONAS,"LLAMANTE REFIERE QUE HAY UN SUJETO ARMADO, QUE LE DISPARO A UNA MUJER, ELLA ESTA HERIDA.  ES LA EX PAREJA.-",GENERAL PUEYRREDON,MAR DEL PLATA,-379727999985.0,-576131439992.0,Telefonía Fija/Móvil,0,-37.9727999985,-57.6131439992,2026,1,January,2,20,4,Viernes,False,Noche (18-24),[],,OTRA / NO ESPECIFICADA,DISPAROS_PERSONAS
2026-01-02 19:35:00,10015645956,TANDIL al 417,DISPAROS,PERSONAS,LLAMANTE REFIERE QUE SE ESTAN TIRANDO TIROS ENTRE PERSONAS. UNAS 15 PERSONAS APROXIMADO. NO VIO HERIDOS. ,GENERAL PUEYRREDON,MAR DEL PLATA,-37959536887917.0,-57596822591852.0,V ACC-MC,0,-37.959536887917,-57.596822591852,2026,1,January,2,19,4,Viernes,False,Noche (18-24),[],,OTRA / NO ESPECIFICADA,DISPAROS_PERSONAS
2026-01-02 17:07:00,10015645216,MAHATMA GHANDI al 2808,DISPAROS,PERSONAS,"LLAMANTE INFORMA QUE  RECIEN LO AMENAZARON, LE DISPARARON A EL. NO ESTA HERIDO. ERAN DOS PERSONAS.__INDICA QUE  EL FUE A RADICAR Y ESTUVO  CON SERVICIO DE CALLE Y LLEVO TESTIGOS.",GENERAL PUEYRREDON,MAR DEL PLATA,-3794350156228.0,-57557807924707.0,V ACC-MC,0,-37.94350156228,-57.557807924707,2026,1,January,2,17,4,Viernes,False,Tarde (12-18),[],,OTRA / NO ESPECIFICADA,DISPAROS_PERSONAS
2026-01-02 16:20:00,10015645006,RICARDO GUIRALDES al 9407,DISPAROS,PERSONAS,"REFIERE QUE SE PRESENTARON EN LA CASA UNAS PERSONAS Y EFECTUARON DISPAROS A LA CASA . __FEMENINA HERIDA EN ANTEBRAZO . LLTE NO RESPONDE PREGUNTAS INSULTA , CORTA LA LLAMADA ",GENERAL PUEYRREDON,MAR DEL PLATA,-38019490126415.0,-57620602784542.0,V ACC-MC,0,-38.019490126415,-57.620602784542,2026,1,January,2,16,4,Viernes,False,Tarde (12-18),[],,OTRA / NO ESPECIFICADA,DISPAROS_PERSONAS
2026-01-02 16:13:00,10015644969,RICARDO GUIRALDES al 9407,DISPAROS,PERSONAS,"LLAMANTE FEMENINA MUY ALTERADA DICE QUE LLAMÓ EN REITERADAS OPORTUNIDADES Y QUE EL MASCULINO REGRESÓ Y ESTÁ EFECTUANDO DISPAROS. NO INDICA VÍNCULO. DICE QUE LA VA A MATAR Y QUE HAY HERIDOS. NO RESPONDE A LAS PREGUNTAS Y GRITA QUE SE LE ENVIE LA AYUDA URGENTE, QUE NO QUIERE QUE SE LE PREGUNTE MÁS NADA.",GENERAL PUEYRREDON,MAR DEL PLATA,-38019490126415.0,-57620602784542.0,V ACC-MC,0,-38.019490126415,-57.620602784542,2026,1,January,2,16,4,Viernes,False,Tarde (12-18),[],,OTRA / NO ESPECIFICADA,DISPAROS_PERSONAS
2026-01-01 13:16:00,53002926,FEDERICO RAUCH al 2956,EMERGENCIA DE SALUD,EMERGENCIA,"CCA SU SOBRINO LLEGO A SU CASA CON UNA HERIDA DE BALA  A LA ALTURA DE LA CADERA, TIENE 16 AÑOS  ESTE HECHO NO SABE DONDE SUCEDIO SU SOBRINO NO LE HABLA NO LE CUENTA NADA [Id.Remoto: 10015638950] [Id.Remoto: 2337584] [Id.Remoto: 3347394] [Id.Remoto: 2337591]",GENERAL PUEYRREDON,MAR DEL PLATA,,,POSITIVO,"30504 POSITIVA HERIDA PIERNA IZQUIERDA CERCA DEL MUSLO BRUNO AGUSTIN TAPIIA (16) DNI 50972381, MISMO REFIERE QUE AYER Y FUE AL HIGA Y LE NEGARON LA ASISTENCIA. NO REFIERE EN OCASION DE QUE DICE Q PASABA EN BICICLETA Y LE DISPARARON EL DIA DE AYER ALREDEDOR DE LAS 15 HS EN EL BARRIO AUTODROMO",,,2026,1,January,1,13,3,Jueves,False,Tarde (12-18),[],,OTRA / NO ESPECIFICADA,DISPAROS_PERSONAS
2026-01-01 12:44:00,10015638821,AV JOSE COELHO DE MEYRELLES al 6255,DISPAROS,PERSONAS,__LLAMANTE REFIERE QUE HAY 20 PERSONAS ARMADAS Y LE TIRARON TIROS AL HIJO. NO HAY HERIDOS AL MOMENTO. HAY UNA MOTO NEGRA. UNO TIENE UNA CAMISA BLANCA Y TIENE UNA ESCOPETA. ,GENERAL PUEYRREDON,,-379446789984.0,-575580389992.0,JTv,0,-37.9446789984,-57.5580389992,2026,1,January,1,12,3,Jueves,False,Tarde (12-18),[],,OTRA / NO ESPECIFICADA,DISPAROS_PERSONAS
2026-01-01 12:38:00,10015638791,BELGRANO al 4337,DISPAROS,PERSONAS,__LLAMANTE REFIERE QUE ESTAN TIRANDO TIROS EN LA VEREDA  Y HAY HERIDOS. ESTAN TIRANDO TIROS PARA ADENTRO DE LA CLINICA TAMBEIN. SON VARIAS PERSONAS. ,GENERAL PUEYRREDON,MAR DEL PLATA,-379918.0,-575655.0,V ACC-MC,0,-37.9918,-57.5655,2026,1,January,1,12,3,Jueves,False,Tarde (12-18),[],,OTRA / NO ESPECIFICADA,DISPAROS_PERSONAS
2026-01-01 11:05:00,10015638389,BERUTI y Av Dr Alio,PEDIDO GENERICO DE AUXILIO,PGA,"CORSA GRIS TRASLADA HERIDO DE ARMA DE FUEGO, MORENO Y 180, TRASLADA TOBILLO DERECHO LUCIDO Y CONSCIENTE , VICTIMA DE ROBO ",GENERAL PUEYRREDON,MAR DEL PLATA,-379629180899.0,-575853692661.0,POSITIVO,"DTO HIGA SGTO CERAÑO 30884 A CARGO OSA PINTOS CASANDRA, ACOMPAÑAMIENTO DE ALIO Y BERUTI EL HECHO OCURRIO EN BERUTI  Y ERREA. REFIERE TENTAIVA DE ROBO EL MASCULINO SR MARTINEZ CATRIEL EMILIANO (27) LUCIDO CONCIENTE INGRESA",-37.9629180899,-57.5853692661,2026,1,January,1,11,3,Jueves,False,Mañana (06-12),[],,OTRA / NO ESPECIFICADA,DISPAROS_PERSONAS
2026-01-01 02:04:00,10015634099,RIO NEGRO al 9743,DISPAROS,PERSONAS,"LLAMANTE REFIERE QUE ESTAN LOS VECINOS DISPARANDO DE CASA  A CASA, DE ESQUINA A ESQUINA , NO SABE SI HAY HERIDOS, SON MAS DE 10 PERSONAS [Id.Remoto: 10015634099]",GENERAL PUEYRREDON,MAR DEL PLATA,-379494.0,-576075.0,REDERIVADO,0,-37.9494,-57.6075,2026,1,January,1,2,3,Jueves,False,Madrugada (00-06),[],,OTRA / NO ESPECIFICADA,DISPAROS_PERSONAS
2026-01-01 00:25:00,10015632854,PEDRO GOYENA al 11600,DISPAROS,PERSONAS,"LLAMANTE REFIERE QUE HAY CINCO HERIDOS DE BALA, ESTABAN CONFRONTANDO DESDE ANOCHE, ETAN EN MOTOS DOS SE DIEERRON A OLA FUGA, HAY TRS PERSONAS FALLECIDAS Y DOS HERIDOSS",GENERAL PUEYRREDON,MAR DEL PLATA,-37955544334213.0,-57638615879926.0,V ACC-MC,0,-37.955544334213,-57.638615879926,2026,1,January,1,0,3,Jueves,False,Madrugada (00-06),[],,OTRA / NO ESPECIFICADA,DISPAROS_PERSONAS
